season,race_name,round,circuit_type,team,avg_race_pace,clean_air_avg_race_pace,top_speed,cornering_speed,top_speed_rank,corner_speed_rank,drag_index,avg_stint_length,stints_soft,stints_medium,stints_hard,deg_soft_slope,deg_medium_slope,deg_hard_slope,dropoff_soft,dropoff_medium,dropoff_hard,avg_throttle_pct,avg_speed,traffic_lap_pct,avg_interval_to_car_ahead,clean_air_pace_advantage
2024,Sakhir,1,Permanent,Alpine,98.7223090909091,100.8595112770563,326.0,16.428571428571427,9.0,8.0,1.0,15.714285714285714,3,0,4,-0.0878031357531373,,-0.360144365663575,-5.149999999999996,,-21.08075,65.27041086556974,195.86234175592458,0.5,4.019115220744167,2.137202186147192
2024,Sakhir,1,Permanent,Aston Martin,97.90798214285715,97.4661038508615,332.0,18.166666666666668,2.0,5.0,-3.0,18.666666666666668,2,0,4,0.24649340659340865,,-0.23832115193171768,3.6030000000000015,,-19.146500000000003,62.548875231872316,197.230053982714,0.45535714285714285,6.88737816951567,-0.4418782919956499
2024,Sakhir,1,Permanent,Ferrari,97.1015357142857,96.95445220588235,332.0,18.166666666666668,2.0,5.0,-3.0,18.666666666666668,2,0,4,0.17768702963703664,,-0.198014398644834,3.695999999999998,,-18.98575,67.5945221416104,199.36212861026124,0.6785714285714286,3.206849843152017,-0.14708350840335527
2024,Sakhir,1,Permanent,Haas,98.34116363636363,98.55131646428572,335.0,9.333333333333334,1.0,9.0,-8.0,18.333333333333332,2,0,4,-0.15931807359307093,,-0.2528184289775806,-9.164500000000004,,-21.85775,64.02587522241858,196.82002682730962,0.46363636363636357,6.495400539391959,0.21015282792208723
2024,Sakhir,1,Permanent,McLaren,97.40475892857141,98.0417354078265,326.0,18.5,9.0,4.0,5.0,18.666666666666668,2,0,4,0.12721398601398748,,-0.20479007934856994,2.4909999999999997,,-20.430249999999997,62.95450224336751,198.30822898275872,0.5267857142857143,2.9267474143610013,0.6369764792550825
2024,Sakhir,1,Permanent,Mercedes,97.35933928571428,96.60650991599161,330.0,20.166666666666668,6.0,1.0,5.0,18.666666666666668,2,0,4,0.19116060606060942,,-0.2077100290683116,3.2479999999999976,,-19.416749999999997,64.1754847656435,198.55050158600974,0.36607142857142855,4.11544471916972,-0.7528293697226758
2024,Sakhir,1,Permanent,RB,98.35246363636364,102.55752448453609,330.0,19.666666666666668,6.0,2.0,4.0,18.333333333333332,3,0,3,0.02657542457542601,,-0.21581495438200252,-4.739999999999995,,-19.17,62.56613515244742,196.06355442421528,0.8272727272727273,2.131418634143634,4.205060848172451
2024,Sakhir,1,Permanent,Red Bull,96.73753571428573,97.00218993506495,331.0,19.5,4.0,3.0,1.0,18.666666666666668,4,0,2,-0.056366993938721896,,-0.19485404870872755,-8.562000000000001,,-18.439500000000002,64.98165916381184,199.5178026101716,0.6071428571428571,5.632588113275614,0.26465422077922085
2024,Sakhir,1,Permanent,Sauber,98.96487272727273,98.66480065359477,331.0,18.0,4.0,7.0,-3.0,18.333333333333332,2,0,4,0.28801406926406653,,-0.3128304134543174,3.907499999999999,,-32.63375,64.17205408336027,195.3159231305107,0.41818181818181815,9.900779548229549,-0.30007207367796696
2024,Sakhir,1,Permanent,Williams,99.3794128440367,103.96867994757535,330.0,8.285714285714286,6.0,10.0,-4.0,15.571428571428571,3,0,4,1.3134594017094023,,-0.48326070998145165,13.883666666666679,,-23.34625,61.26092298567842,194.17517197725428,0.3944954128440367,22.52118888888889,4.58926710353866
2024,Jeddah,2,Street,Alpine,98.81012499999999,105.72242857142858,340.0,32.0,4.0,6.0,-2.0,24.0,0,1,1,,4.87074285714285,-0.4893671501499054,,34.22,-82.55499999999999,70.17523417806676,222.49236183178127,0.8541666666666666,1.136309523809524,6.912303571428595
2024,Jeddah,2,Street,Aston Martin,97.42837735849056,93.2681875,327.0,49.333333333333336,10.0,1.0,9.0,17.666666666666668,0,2,1,,2.1412071428571338,-0.543354122621566,,15.3125,-92.513,71.25728266390915,224.9032820054568,0.39622641509433965,2.15281746031746,-4.160189858490568
2024,Jeddah,2,Street,Ferrari,97.43430612244896,93.02600434782607,339.0,37.0,6.0,3.0,3.0,24.5,1,1,2,4.872399999999992,4.328971428571422,-0.5321556931440656,33.753,30.652,-91.088,74.34038594095097,225.7853681020448,0.4387755102040816,3.166735271317829,-4.408301774622885
2024,Jeddah,2,Street,Haas,98.39155102040816,94.51944585034015,336.0,31.5,8.0,7.0,1.0,24.5,0,2,2,,2.1259764034352724,-0.4617404895890707,,16.403499999999994,-52.102999999999994,70.98295315851462,223.80066110799098,0.40816326530612246,6.869959013282731,-3.8721051700680107
2024,Jeddah,2,Street,McLaren,97.6084693877551,94.20886947463768,334.0,27.75,9.0,9.0,0.0,24.5,1,2,1,-0.5733956043956033,1.9850978764478755,-0.535569314406524,-18.00800000000001,16.533500000000004,-91.60399999999998,70.8585883859867,225.03892450802218,0.6020408163265306,3.2177976190476185,-3.399599913117413
2024,Jeddah,2,Street,Mercedes,97.67871428571429,124.2302713085234,340.0,31.5,4.0,7.0,-3.0,24.5,1,2,1,-0.4347340659340717,2.1086739495798295,-0.5210341286620365,-16.171000000000006,17.058000000000007,-88.431,69.85679389392027,224.68011722872072,0.7959183673469388,1.963580315614618,26.551557022809106
2024,Jeddah,2,Street,RB,99.02014583333334,105.34774999999998,341.0,37.69196411428571,3.0,2.0,1.0,24.0,0,2,2,,4.871399999999988,-0.4955681873430005,,34.23999999999999,-92.089,67.63552477143013,221.5489316163852,0.8854166666666666,1.8354940476190476,6.327604166666632
2024,Jeddah,2,Street,Red Bull,96.96389795918367,96.66450960384154,337.0,35.5,7.0,5.0,2.0,24.5,0,2,2,,4.179571428571416,-0.5364173210510425,,29.406999999999996,-95.924,72.67018847498608,226.5054589207325,0.6428571428571429,2.1225080287929123,-0.29938835534213126
2024,Jeddah,2,Street,Sauber,99.25558333333333,95.57379999999999,342.0,23.8,2.0,10.0,-8.0,19.2,3,1,1,0.18969877899877874,-0.4773770168855535,-0.9524857690202476,-10.540333333333328,-2.1599999999999966,-79.46799999999999,70.6010443250451,221.64494393140694,0.46875,6.84389119047619,-3.6817833333333425
2024,Jeddah,2,Street,Williams,98.68658762886598,93.81776617647058,344.0,35.75,1.0,4.0,-3.0,24.25,0,2,2,,4.966085714285704,-0.5030882019285308,,34.995999999999995,-85.96900000000001,66.98733531960839,222.41160653416583,0.9072164948453608,1.0494921771601438,-4.8688214523953945
2024,Catalunya,3,Permanent,Alpine,81.23326153846155,81.14395636363635,337.0,13.833333333333334,3.0,10.0,-7.0,21.666666666666668,2,2,2,0.22047802197802496,-0.09878456521739115,-0.1208197865353024,4.5020000000000024,-15.195500000000003,-16.351999999999997,71.78042326574682,220.75437137782083,0.3769230769230769,5.175313492063492,-0.08930517482519917
2024,Melbourne,3,Street,Alpine,85.26813392857143,90.55538089887641,337.0,5.714285714285714,3.0,10.0,-7.0,16.0,0,2,5,,0.9175397408963574,0.8524375506059714,,23.20349999999999,19.130599999999998,71.80344018669796,220.95242200272313,0.7589285714285714,4.371367196493982,5.287246970304977
2024,Catalunya,3,Permanent,Aston Martin,81.6906796875,82.20566917249417,332.0,21.333333333333332,5.0,5.0,0.0,21.333333333333332,2,2,2,0.057599045407636704,-0.15035429021271096,-0.18088926338835604,3.5529999999999973,-14.309000000000005,-17.809500000000007,71.04597610670595,222.18196071375286,0.578125,4.452950336712508,0.5149894849941745
2024,Melbourne,3,Street,Aston Martin,84.56633333333333,84.20970545171339,332.0,21.333333333333332,5.0,3.0,2.0,19.0,0,2,4,,0.7749472670807424,0.5431043069970932,,11.037999999999997,26.735000000000003,71.23651703821987,222.28064725605986,0.37719298245614036,6.689706308960367,-0.35662788161994285
2024,Catalunya,3,Permanent,Ferrari,80.63602307692308,80.58692677763413,332.0,23.833333333333332,5.0,4.0,1.0,21.666666666666668,3,2,1,0.006160503582356767,-0.15771497741389,-0.1100538375973314,-2.949999999999998,-14.515999999999998,-18.949,76.47873782059565,226.73784512219964,0.5307692307692308,3.0597658554133385,-0.049096299288947876
2024,Melbourne,3,Street,Ferrari,83.13295614035087,81.95229015084294,332.0,13.333333333333334,5.0,7.0,-2.0,19.0,0,2,4,,0.7116791666666673,0.13189750278706847,,13.366000000000007,11.509500000000003,76.5724254647239,226.71549045210546,0.6666666666666666,2.1301022222222223,-1.1806659895079292
2024,Catalunya,3,Permanent,Haas,81.78956589147286,82.5881005351682,338.0,26.333333333333332,2.0,2.0,0.0,21.5,2,2,2,0.2268848484848453,-0.159808317588843,-0.10881929836239895,4.202000000000005,-15.521499999999996,-22.162499999999994,71.02130938379851,222.62231195247358,0.6434108527131783,2.3982980911226526,0.7985346436953336
2024,Melbourne,3,Street,Haas,84.68967256637168,87.04322979325971,338.0,9.166666666666666,2.0,8.0,-6.0,18.833333333333332,0,2,4,,1.1054120743034026,0.37891844584692047,,11.528499999999994,20.737750000000005,71.04526118242158,222.58983379701675,0.6548672566371682,2.7379501850303485,2.3535572268880287
2024,Catalunya,3,Permanent,McLaren,80.50313076923076,80.05691702786378,330.0,14.0,10.0,9.0,1.0,21.666666666666668,4,2,0,-0.08093965100498202,-0.14907396321070038,,-6.385500000000005,-14.849499999999999,,71.51381043363794,225.24700115054327,0.46153846153846156,4.462902142857144,-0.4462137413669893
2024,Melbourne,3,Street,McLaren,83.46087719298245,85.15986826211616,330.0,14.0,10.0,6.0,4.0,19.0,0,2,4,,0.8268040293040324,0.23671417786732823,,14.092500000000001,19.578,71.66824906417912,225.32523364615753,0.5350877192982456,4.124555253786175,1.6989910691337116
2024,Catalunya,3,Permanent,Mercedes,80.56580769230769,80.0034579710145,331.0,17.25,9.0,6.0,3.0,21.666666666666668,3,2,1,0.06848058246101567,-0.13603618603618794,-0.1168551724137939,-2.0913333333333335,-15.025499999999994,-19.59999999999999,73.81446432936909,223.8271484412434,0.5692307692307692,3.438678586764818,-0.562349721293188
2024,Melbourne,3,Street,Mercedes,83.73278260869566,85.67654251700681,331.0,31.6,9.0,1.0,8.0,13.8,1,1,3,1.840571428571421,1.418607142857135,-0.21627501657501635,12.802999999999995,13.573000000000008,-0.596666666666664,74.38359704567482,224.80841402324137,0.5362318840579711,2.4408676582426585,1.9437599083111508
2024,Catalunya,3,Permanent,RB,82.23697656249999,82.45753953781512,334.0,25.142857142857142,4.0,3.0,1.0,18.285714285714285,3,2,2,0.037903607503609237,-0.16614905982905925,-0.22442707122374625,-4.654666666666661,-14.208499999999994,-17.5985,71.62750900065862,222.35697151921073,0.46875,4.124384987299267,0.2205629753151328
2024,Melbourne,3,Street,RB,84.68889380530975,84.49391419141915,334.0,16.0,4.0,4.0,0.0,18.833333333333332,1,1,4,4.219499999999996,1.1920952380952357,0.18327064283459413,13.980000000000004,14.402999999999992,15.57725,71.65801277103616,222.42630881470762,0.5132743362831859,2.650921287046287,-0.19497961389059526
2024,Catalunya,3,Permanent,Red Bull,80.67828461538463,82.3723138053467,339.0,30.16124992,1.0,1.0,0.0,18.571428571428573,5,2,0,-0.07243803734426708,-0.15363882462566636,,-8.101799999999997,-13.758999999999993,,69.94158054207438,220.1116082841874,0.7,2.861101559796413,1.6940291899620803
2024,Melbourne,3,Street,Red Bull,84.03284745762711,83.57551578947368,339.0,25.25,1.0,2.0,-1.0,14.75,0,2,2,,-0.23447252747253572,0.19111705251270522,,7.163999999999994,22.8005,71.99074661994975,223.94730252634716,0.3898305084745763,4.809718822843822,-0.4573316681534294
2024,Catalunya,3,Permanent,Sauber,81.93898437499999,81.93325992505702,332.0,16.166666666666668,5.0,7.0,-2.0,21.333333333333332,3,1,2,0.09213045157456896,-0.0559840542521995,-0.12118502597563235,-2.711333333333338,-12.679999999999993,-19.5565,72.79761295689505,221.38253691969015,0.4140625,4.339298032407407,-0.0057244499429742746
2024,Melbourne,3,Street,Sauber,85.23974107142858,84.81720038974359,332.0,6.5,5.0,9.0,-4.0,18.666666666666668,1,1,4,2.9373000000000027,4.544714285714273,0.23964761823633707,14.561999999999998,42.301,23.673250000000003,72.80830868136414,221.2527711260694,0.38392857142857145,4.807742119470569,-0.4225406816849926
2024,Catalunya,3,Permanent,Williams,82.50426771653542,82.71888649593332,332.0,14.333333333333334,5.0,8.0,-3.0,21.166666666666668,3,2,1,-0.056526577770053966,-0.002088843432110195,-0.0545833147942171,-9.546333333333331,-4.5865,-15.391999999999996,68.51160665608336,222.4441424490746,0.4251968503937008,4.877241699611019,0.2146187793978953
2024,Melbourne,3,Street,Williams,84.57321428571427,83.5441850140056,332.0,14.333333333333334,5.0,5.0,0.0,18.666666666666668,0,1,2,,2.6960000000000077,0.1192360992733631,,13.325000000000005,15.095999999999998,68.57667232829307,222.36454750886537,0.26785714285714285,3.363805555555556,-1.0290292717086658
2024,Suzuka,4,Permanent,Alpine,132.1564705882353,147.46539215686275,327.0,0.0,7.0,1.0,6.0,17.0,0,2,4,,-0.3556864164086643,-17.619823270988554,,-19.301500000000004,-813.87875,62.95330217325005,203.63866492663303,0.3137254901960784,8.663113695697577,15.308921568627454
2024,Suzuka,4,Permanent,Aston Martin,130.70403883495146,166.02956163280845,333.0,0.0,3.0,1.0,2.0,14.714285714285714,3,2,2,-46.196424189261045,-0.43046024151286955,-0.4050742704663757,-1078.2203333333334,-15.3215,-18.755000000000003,62.006686494248434,206.42822006569136,0.3786407766990291,4.607703463203463,35.32552279785699
2024,Suzuka,4,Permanent,Ferrari,129.6381153846154,152.69896640859142,327.0,0.0,7.0,1.0,6.0,20.8,0,3,2,,-21.0752783916084,-0.2769330873374995,,-1079.0196666666668,-20.209000000000003,66.66573661330538,208.2894565286129,0.4423076923076923,3.955720685963274,23.060851023976028
2024,Suzuka,4,Permanent,Haas,131.41366666666667,101.45832767273575,336.0,0.0,1.0,1.0,0.0,20.4,1,1,3,-487.39670000000024,-21.230185714285692,-0.1695646791555562,-1607.11,-1603.397,-19.730999999999998,61.74765267755339,205.21213692050944,0.5294117647058824,4.493817268170426,-29.955338993930923
2024,Suzuka,4,Permanent,McLaren,130.05048076923077,323.95153751803747,326.0,0.0,9.0,1.0,8.0,17.333333333333332,0,2,4,,-83.17423787878789,-0.23392204535230915,,-1611.4944999999998,-18.395999999999997,61.9328519664903,207.96739533848378,0.8365384615384616,2.0265314373897705,193.9010567488067
2024,Suzuka,4,Permanent,Mercedes,129.8981346153846,438.9583716117217,334.0,0.0,2.0,1.0,1.0,17.333333333333332,0,2,4,,-0.3950607466063356,-10.450358845326658,,-18.829500000000003,-812.3125000000001,64.3922300056218,207.2081451903588,0.5673076923076923,3.6756421446608947,309.0602369963371
2024,Suzuka,4,Permanent,RB,100.95209999999999,98.5205476190476,330.0,0.0,4.0,1.0,3.0,16.666666666666668,1,0,2,-20.4597,,-0.2247585352772916,-102.188,,-17.592000000000006,62.06055104054436,206.55213432659505,0.41999999999999993,9.119531746031745,-2.4315523809523825
2024,Suzuka,4,Permanent,Red Bull,129.5785096153846,103.17151935081148,326.0,0.0,9.0,1.0,8.0,17.333333333333332,0,4,2,,-22.518254721929257,-0.29034598997493505,,-813.5010000000001,-20.229,63.2651871690557,209.17544961823555,0.6538461538461539,3.1832686647173483,-26.406990264573125
2024,Suzuka,4,Permanent,Sauber,153.09075806451614,653.707125,329.0,0.0,5.0,1.0,4.0,10.333333333333334,2,0,4,-278.57774285714294,,-1.380357752077474,-1601.9845,,-14.085749999999997,63.10978255642212,200.78800104783926,0.8225806451612904,7.301519444444445,500.6163669354839
2024,Suzuka,4,Permanent,Williams,132.31127450980392,429.8609333333333,329.0,0.0,5.0,1.0,4.0,12.75,1,1,2,-0.7649272727272721,3.0185714285714216,-11.034509790209777,-17.456000000000003,27.601000000000013,-811.9955,59.666967989782705,202.16291396738305,0.5098039215686274,9.442057251082252,297.5496588235294
2024,Shanghai,5,Permanent,Alpine,109.25762727272728,118.6387189885278,339.0,15.714285714285714,6.0,9.0,-3.0,15.714285714285714,0,3,4,,0.21544601745004735,-0.2496025546145021,,-2.203000000000003,-18.191750000000003,56.388603805814256,178.6715358107946,0.7,3.4998843962585027,9.381091715800522
2024,Shanghai,5,Permanent,Aston Martin,109.2764090909091,110.6515378030303,348.0,11.0,1.0,10.0,-9.0,12.222222222222221,2,4,3,-1.150082769423554,-2.384002002164502,0.6526510822510891,-18.600499999999997,-31.673750000000002,-2.4749999999999956,53.254951616825636,178.5176153318465,0.43636363636363634,7.311955999864334,1.375128712121196
2024,Shanghai,5,Permanent,Ferrari,108.62799090909093,103.90371275252525,336.0,25.5,8.0,1.0,7.0,27.5,0,2,2,,0.14830134343211082,-1.1693805058460627,,7.952500000000001,-34.03950000000001,57.010475948496605,178.78903289500428,0.5636363636363636,3.298678754578755,-4.724278156565674
2024,Shanghai,5,Permanent,Haas,109.31809090909091,110.80714344660193,346.0,16.666666666666668,2.0,8.0,-6.0,18.333333333333332,0,2,4,,-0.01943780788177779,1.2404814497389893,,-14.409500000000001,3.825000000000001,53.427953494513766,178.4693208145866,0.7090909090909091,2.816125995263697,1.4890525375110144
2024,Shanghai,5,Permanent,McLaren,108.77667272727273,105.5457245887446,332.0,21.0,10.0,3.0,7.0,22.0,0,3,2,,1.8584932178932212,-1.3795427738177386,,20.56933333333333,-45.927499999999995,51.937176916895424,178.49648158366216,0.5454545454545454,3.446983004201681,-3.2309481385281202
2024,Shanghai,5,Permanent,Mercedes,108.95063636363636,110.26886363636363,341.0,18.0,4.0,5.0,-1.0,18.333333333333332,1,3,2,0.4054880952380967,0.9270245532245583,-1.2772097911892013,3.806999999999988,10.087000000000003,-47.696,53.45994160395353,178.2157065953149,0.9181818181818182,1.557930549189373,1.3182272727272704
2024,Shanghai,5,Permanent,RB,113.39305263157895,121.03753546099291,340.0,22.4,5.0,2.0,3.0,11.4,1,3,1,0.5882857142857059,1.0782614549193539,-2.861499999999978,4.756,5.782333333333336,-5.722999999999985,52.63115110440688,171.8644985397064,0.8596491228070176,1.9759942702911126,7.64448282941396
2024,Shanghai,5,Permanent,Red Bull,108.35245454545455,102.3529315018315,335.0,19.0,9.0,4.0,5.0,18.333333333333332,0,2,4,,0.29118881118881534,0.5483196524064192,,6.204000000000001,-19.94325,53.89262135416881,179.59789806058504,0.6727272727272727,2.803379861111111,-5.999523043623043
2024,Shanghai,5,Permanent,Sauber,107.9992191780822,112.26961788194444,342.0,17.5,3.0,6.0,-3.0,12.166666666666666,1,2,3,-0.2804852941176439,0.5190357142857088,-0.7715815529242005,-17.63600000000001,5.008000000000003,-16.188000000000002,55.530665723127385,180.65062720539743,0.7808219178082192,1.8337935982726423,4.2703987038622415
2024,Shanghai,5,Permanent,Williams,109.4020909090909,109.68041858141858,338.0,17.5,7.0,6.0,1.0,18.333333333333332,1,3,2,0.2084545454545431,1.6061241647241662,-1.1176355819820576,4.981000000000009,11.811000000000002,-35.940000000000005,50.028202499124305,177.19393242930525,0.8363636363636363,1.8566274766899769,0.2783276723276771
2024,Miami,6,Street,Alpine,96.22648214285714,95.84285267857142,351.0,29.0,4.0,1.0,3.0,28.0,0,2,2,,0.16698181818181715,-0.3311021838775037,,5.818499999999993,-17.527499999999996,62.55199427214631,200.182245225139,0.8303571428571429,1.5112646825396827,-0.3836294642857183
2024,Miami,6,Street,Aston Martin,96.22325000000001,95.92996677559913,356.0,21.2,1.0,7.0,-6.0,22.4,0,3,2,,-0.29807595836662865,0.15881987203972636,,-18.930333333333326,6.641500000000001,58.87757653385211,199.62291005261343,0.8482142857142857,1.5771981894576013,-0.2932832244008807
2024,Miami,6,Street,Ferrari,95.78703571428571,97.5133282674772,347.0,23.25,9.0,4.0,5.0,28.0,0,2,2,,0.0753467868010906,-0.7176152007172394,,4.607000000000006,-20.282000000000004,63.896395635216386,200.68856746497795,0.8214285714285714,1.7840588413347034,1.7262925531914988
2024,Miami,6,Street,Haas,96.34054464285714,98.78792694805195,349.0,14.714285714285714,7.0,10.0,-3.0,16.0,0,5,2,,-3.514139091743504,0.1858469155844168,,-13.763800000000007,7.2165000000000035,60.50579993282048,200.2265569038778,0.6339285714285714,6.952895790272945,2.4473823051948074
2024,Miami,6,Street,McLaren,96.01554464285712,95.14860764587524,352.0,18.4,3.0,9.0,-6.0,22.4,0,3,2,,0.0235328822480953,-2.1897344743379197,,7.455666666666673,-30.56199999999999,58.78107284109925,200.32031142880626,0.8392857142857143,1.4177561756326464,-0.8669369969818774
2024,Miami,6,Street,Mercedes,95.9783482142857,98.40700085034011,350.0,23.75,6.0,3.0,3.0,28.0,0,2,2,,-0.3102880092120359,-0.2371881206293699,,-5.332999999999998,-5.307999999999993,59.89180183442187,200.4737013329815,0.6875,2.762197832262846,2.4286526360544087
2024,Miami,6,Street,RB,96.15332142857145,101.70567545180722,348.0,28.25,8.0,2.0,6.0,28.0,0,2,2,,-0.30935593448696924,-0.35315463769946687,,-16.054499999999997,-14.205000000000005,61.46774061211942,199.892975420373,0.8214285714285714,1.9720676883780333,5.552354023235779
2024,Miami,6,Street,Red Bull,95.79816071428569,96.45106622222221,345.0,22.8,10.0,5.0,5.0,22.4,0,3,2,,-0.18723785313225771,-0.3240033613445358,,-7.399333333333331,-7.450500000000004,60.58439418516034,200.6677631729568,0.6071428571428571,3.112140406162465,0.6529055079365236
2024,Miami,6,Street,Sauber,96.35050892857144,100.88068520761247,351.0,18.8,4.0,8.0,-4.0,22.4,2,2,1,-0.27014979101357983,-0.14348262178434396,0.7882920536635737,-21.2545,-4.9765000000000015,21.176999999999992,60.90760609741006,199.90021571279613,0.75,2.346037830687831,4.530176279041029
2024,Miami,6,Street,Williams,96.3564512195122,106.12448015873017,355.0,22.4,2.0,6.0,-4.0,16.4,1,2,2,-4.566400000000017,0.27275984848484464,-0.14455719882033055,-15.62599999999999,4.350499999999997,-8.254499999999993,56.90701155143953,199.5506095364618,0.8902439024390244,5.846771598915988,9.76802893921797
2024,Imola,7,Permanent,Alpine,83.3017049180328,84.91805810741688,338.0,31.4,9.0,6.0,3.0,24.4,1,2,2,0.366428571428563,-0.0021916726698954503,-0.11158718088351795,3.7309999999999945,-8.9495,-20.426000000000002,70.60466140746456,210.74048675309825,0.6721311475409836,3.2065961382648887,1.6163531893840855
2024,Imola,7,Permanent,Aston Martin,83.0980569105691,83.16562457264958,350.0,25.666666666666668,1.0,9.0,-8.0,20.5,2,2,2,-6.469164285714281,-0.06673662873399569,-0.11716548431143875,-11.741500000000002,-6.806499999999993,-19.149,68.52413514501048,211.11517017275912,0.4715447154471545,8.225088433891889,0.06756766208047793
2024,Imola,7,Permanent,Ferrari,81.54045161290323,81.17754954211698,337.0,39.5,10.0,1.0,9.0,31.0,0,2,2,,0.07691721293199615,-0.09497561862035564,,5.172499999999992,-23.880499999999998,71.81976987731707,215.18855663909562,0.41935483870967744,3.342597503373819,-0.36290207078624803
2024,Imola,7,Permanent,Haas,82.97193442622951,82.69548045147019,347.0,36.0,2.0,5.0,-3.0,30.5,0,2,2,,0.13244851004851105,-0.14413306907378354,,4.619999999999997,-23.161,68.10680344000917,211.55003086053162,0.5901639344262295,3.8649636734693877,-0.27645397475932043
2024,Imola,7,Permanent,McLaren,81.41831451612903,81.17176168701906,340.0,38.75,7.0,2.0,5.0,31.0,0,2,2,,0.10452015810276574,-0.08854382873224335,,5.171499999999995,-23.207,67.08738441951948,215.4995244738555,0.46774193548387094,3.341881932346109,-0.246552829109973
2024,Imola,7,Permanent,Mercedes,81.92865322580646,82.38887576135969,340.0,31.2,7.0,7.0,0.0,24.8,0,3,2,,-0.2274073247999552,-0.10983559985676886,,-4.353666666666665,-20.7265,70.20373573039325,214.29718890515556,0.3951612903225806,6.592455345765346,0.46022253555322834
2024,Imola,7,Permanent,RB,82.93781967213116,84.31225407218139,341.0,38.75,6.0,2.0,4.0,30.5,0,2,2,,0.2490545454545448,-0.04160936282205155,,4.340999999999994,-21.481,66.87826812546147,211.26084761073568,0.680327868852459,3.080607557932264,1.3744344000502338
2024,Imola,7,Permanent,Red Bull,81.72277419354839,85.62689662894861,343.0,29.75,5.0,8.0,-3.0,31.0,0,2,2,,-0.046454357791967556,-0.02507692880850645,,-8.376999999999995,-8.555000000000007,68.85304468036965,214.51480535186562,0.6854838709677419,4.952976987179488,3.9041224354002253
2024,Imola,7,Permanent,Sauber,83.33381967213114,83.28668591786285,346.0,37.5,3.0,4.0,-1.0,30.5,0,2,2,,0.1224738916256108,0.02320635286215785,,-10.019999999999996,-7.180999999999997,68.51883545942775,210.95225559190365,0.5327868852459017,3.408157065316548,-0.047133754268287475
2024,Imola,7,Permanent,Williams,84.50399999999999,84.90766826923075,345.0,22.0,4.0,10.0,-6.0,15.857142857142858,0,5,2,,-1.2425061958553385,0.02598186874304685,,-18.6242,1.9864999999999995,63.27773720630327,208.23329053675556,0.3963963963963964,56.0546027430327,0.4036682692307636
2024,Monte Carlo,9,Street,Alpine,81.02763157894736,80.73774,333.0,0.0,6.0,4.0,2.0,76.0,0,1,0,,-0.1183406425153788,,,-63.992999999999995,,53.07071425205036,171.6424457631005,0.3421052631578947,5.332513157894738,-0.28989157894736195
2024,Montreal,9,Street,Alpine,90.70000724637681,88.30040650406505,333.0,18.0,8.0,1.0,7.0,27.6,0,1,1,,-0.4498516239316266,-0.3063181312569528,,-16.247,-23.536,53.37156724015433,171.71538410334492,0.927536231884058,1.371981460951099,-2.399600742311762
2024,Monte Carlo,9,Street,Aston Martin,81.23398000000002,95.2323418181818,333.0,10.0,6.0,3.0,3.0,37.5,1,2,1,0.0129419813902604,-0.15888109414108764,3.708799999999995,-0.465999999999994,-41.65,26.357,51.63541229318313,171.33522727443145,0.54,7.616044189660044,13.998361818181777
2024,Montreal,9,Street,Aston Martin,90.68563768115943,88.13804587071544,333.0,13.833333333333334,8.0,5.0,3.0,23.0,0,0,2,,,-0.502021196581198,,,-16.583,51.52735817588867,171.17679603001457,0.4782608695652174,5.599442420152947,-2.54759181044399
2024,Monte Carlo,9,Street,Ferrari,79.73793506493507,77.62192857142858,337.0,0.0,3.0,4.0,-1.0,77.0,0,0,2,,,-0.16123786739576118,,,-97.4065,52.65942341662206,166.53531571218255,0.9090909090909091,0.9092272727272726,-2.1160064935064895
2024,Montreal,9,Street,Ferrari,93.33005555555556,91.50864102564103,337.0,14.571428571428571,4.0,3.0,1.0,12.857142857142858,0,1,1,,-1.21556666666667,16.874000000000024,,-12.229,33.748000000000005,53.15975734976423,168.05663761595576,0.8,14.688746031746033,-1.8214145299145343
2024,Montreal,9,Street,Haas,90.79687681159422,91.74859848484849,349.0,10.444444444444445,1.0,9.0,-8.0,15.333333333333334,0,3,0,,-0.4956443241399103,,,-3.1843333333333366,,51.57841701718302,172.0084772604895,0.7681159420289855,2.664666751012146,0.9517216732542693
2024,Monte Carlo,9,Street,McLaren,79.74106493506494,81.70156818181817,330.0,0.0,8.0,4.0,4.0,77.0,0,0,2,,,-0.15645445344129394,,,-94.6855,52.20137172901435,171.97302934167007,0.9155844155844156,1.619314458874459,1.960503246753234
2024,Montreal,9,Street,McLaren,90.54168115942029,85.20720599876313,330.0,11.0,10.0,7.0,3.0,23.0,0,2,0,,-0.6594747158879755,,,-13.951,,52.27379048621617,172.16154437869022,0.6884057971014492,2.6217576172314847,-5.334475160657163
2024,Monte Carlo,9,Street,Mercedes,79.62101948051948,79.50219958165539,337.0,0.0,3.0,4.0,-1.0,51.333333333333336,0,2,1,,-0.19927128882174805,-0.0530231990232001,,-71.733,-3.346999999999994,53.287568818201485,172.13631462537742,0.2597402597402597,6.456430165143498,-0.11881989886408917
2024,Montreal,9,Street,Mercedes,90.51596376811595,100.9367361111111,337.0,10.5,4.0,8.0,-4.0,17.25,0,2,2,,-1.172664639037434,-0.6186186274509845,,-2.315500000000007,-0.41200000000000436,53.219691866184924,172.15972821337272,0.8333333333333334,2.095263573232323,10.42077234299515
2024,Monte Carlo,9,Street,RB,81.05061589403975,105.20843309155892,343.0,0.0,1.0,4.0,-3.0,75.5,0,0,2,,,-0.12259892538471484,,,-62.36749999999999,51.54483454230829,171.338209922016,0.576158940397351,11.482913551912567,24.157817197519165
2024,Montreal,9,Street,RB,90.95079710144927,95.6072867965368,343.0,8.4,2.0,10.0,-8.0,27.6,0,2,0,,-0.3762516239316249,,,-15.6475,,51.63643737375628,171.54158799330665,0.6884057971014492,4.7704035605598225,4.656489695087529
2024,Monte Carlo,9,Street,Red Bull,79.6164025974026,75.84299999999999,311.0,16.5,9.0,1.0,8.0,38.5,0,1,1,,-0.228061176470588,-0.0190201709401716,,-63.53800000000001,-2.475999999999999,53.3220658406631,172.81325767765142,0.9090909090909091,2.525966440422323,-3.773402597402608
2024,Montreal,9,Street,Red Bull,91.03900840336134,95.73121008403362,337.0,14.333333333333334,4.0,4.0,0.0,19.833333333333332,0,2,0,,-1.182483369963366,,,-15.257499999999993,,51.652251306535526,171.49247532350395,0.8823529411764706,1.5983468518518518,4.692201680672284
2024,Monte Carlo,9,Street,Sauber,81.35236666666668,84.57572586894587,338.0,15.333333333333334,2.0,2.0,0.0,37.5,1,1,2,-1.5134571428571484,-0.8269736263736257,-0.04162049473043675,-8.122,-18.459000000000003,-6.235500000000002,51.30935045161437,170.52966477071217,0.8066666666666666,12.198914299290637,3.223359202279184
2024,Montreal,9,Street,Sauber,91.56568613138687,91.95010505050504,338.0,16.333333333333332,3.0,2.0,1.0,22.833333333333332,0,3,0,,-0.8052858497805201,,,-16.149999999999995,,51.34493255781124,170.62819853830732,0.4233576642335766,34.165401464642656,0.3844189191181755
2024,Monte Carlo,9,Street,Williams,81.07623178807948,82.42647759381899,337.0,0.0,3.0,4.0,-1.0,50.333333333333336,0,1,2,,-0.0093754385964871,-0.0957227238550916,,-2.6119999999999948,-44.342,45.3759193819775,168.3183780539021,0.7284768211920529,4.612528378522062,1.3502458057395046
2024,Montreal,9,Street,Williams,92.05598630136986,100.1526,337.0,13.0,4.0,6.0,-2.0,18.25,0,1,0,,-1.2173214285714269,,,-9.652,,45.67945237533594,169.04654741507468,0.7945205479452054,2.2653807316586922,8.09661369863015
2024,Spielberg,11,Permanent,Alpine,72.13482142857143,73.73981943877551,329.0,19.166666666666668,4.0,3.0,1.0,23.333333333333332,0,4,2,,0.06917370412169911,-0.1016395228684352,,-5.690999999999995,-13.116500000000002,69.00136171577127,214.49278765852935,0.8,2.3700689698274773,1.6049980102040848
2024,Spielberg,11,Permanent,Aston Martin,72.62644927536232,74.17990486567983,330.0,15.285714285714286,1.0,8.0,-7.0,19.714285714285715,1,4,2,-22.667000000000005,0.035937422335484775,-0.005816076284827,-22.667,-3.8215000000000043,-21.028000000000006,65.10993023520696,212.67807311157745,0.6521739130434783,2.814749639956993,1.5534555903175118
2024,Spielberg,11,Permanent,Ferrari,71.71174285714285,71.65233022774326,327.0,8.285714285714286,6.0,10.0,-4.0,20.0,0,5,2,,-0.10947738909002294,-0.2864771428571428,,-11.343399999999997,-17.788000000000004,69.56467908878582,215.5999962913067,0.45,5.642282231849262,-0.05941262939958847
2024,Spielberg,11,Permanent,Haas,72.01995,72.40393889494729,330.0,19.666666666666668,1.0,1.0,0.0,23.333333333333332,0,2,4,,0.33892878787878933,-0.04804553879203935,,4.464000000000006,-14.632249999999996,66.03017165315312,215.06771532408797,0.4142857142857143,5.180845679012345,0.3839888949472936
2024,Spielberg,11,Permanent,McLaren,71.46945112781957,71.56656217864925,323.0,19.5,8.0,2.0,6.0,22.166666666666668,0,4,2,,0.3372466800990778,-0.0727137787882603,,6.959000000000003,-13.4285,66.8637701235205,216.22993092477756,0.46616541353383456,3.837681292539988,0.09711105082968174
2024,Spielberg,11,Permanent,Mercedes,71.42497857142858,71.71848600737955,323.0,19.166666666666668,8.0,3.0,5.0,23.333333333333332,0,4,2,,-0.0250961169984939,-0.037015065136476503,,-5.955750000000001,-13.763000000000005,68.13247190778216,216.31194688497277,0.4357142857142857,6.690818401575275,0.2935074359509713
2024,Spielberg,11,Permanent,RB,72.23243165467626,74.28587939590075,330.0,19.166666666666668,1.0,3.0,-2.0,23.166666666666668,0,2,4,,0.18556754385964766,-0.07128201044125047,,3.9465000000000003,-15.584999999999997,66.77263417805645,213.94544454922124,0.7194244604316546,2.360400569679129,2.0534477412244883
2024,Spielberg,11,Permanent,Red Bull,71.85175714285714,75.76929068322981,326.0,16.428571428571427,7.0,7.0,0.0,20.0,1,4,2,-3.935750000000008,0.09309266540096164,-0.05054618535586165,-25.179,-1.2654999999999994,-12.597500000000004,67.49650518592675,214.9778860088369,0.7285714285714285,3.019609497645212,3.9175335403726734
2024,Spielberg,11,Permanent,Sauber,72.64403623188404,73.03131229778994,323.0,17.833333333333332,8.0,6.0,2.0,23.0,0,2,4,,-0.022763827873565748,-0.05605370181406717,,-5.871999999999993,-11.108749999999999,67.30568169007408,213.13696050892526,0.4927536231884058,7.895988616367812,0.38727606590589403
2024,Spielberg,11,Permanent,Williams,72.82962773722628,72.65019228524743,329.0,8.666666666666666,4.0,9.0,-5.0,22.833333333333332,0,3,3,,-0.073311581985264,-0.055966950474750636,,-12.849333333333334,-14.412,63.6517003983381,212.24047730205237,0.38686131386861317,11.919031189517485,-0.17943545197884703
2024,Silverstone,12,Permanent,Alpine,99.07528571428573,99.63482653061224,333.0,14.2,3.0,10.0,-7.0,9.8,1,2,0,0.3430371517027872,0.4499034965034978,,7.884999999999991,-12.509999999999998,,69.31851823942934,211.8583737826871,0.20408163265306123,17.65856,0.5595408163265176
2024,Silverstone,12,Permanent,Aston Martin,96.2223725490196,99.23298879551821,332.0,20.833333333333332,5.0,6.0,-1.0,17.0,0,4,0,,-0.2824808394383403,,,-7.592749999999995,,66.83234732917954,218.0936944941077,0.5,4.13233696919023,3.010616246498614
2024,Silverstone,12,Permanent,Ferrari,96.866801980198,96.98802247331876,329.0,16.75,8.0,9.0,-1.0,12.625,2,2,1,-12.506598901098902,0.25381542827657355,-1.2990818181818171,-25.195,11.565999999999995,-27.319000000000003,70.32686978443093,216.87265379972368,0.3564356435643564,17.650091955960704,0.12122049312075944
2024,Silverstone,12,Permanent,Haas,96.43280392156862,98.74149533146593,337.0,22.333333333333332,1.0,4.0,-3.0,17.0,2,2,0,-0.8319159340659312,0.25621444444444286,,-28.380500000000005,13.059000000000005,,66.91535671829118,218.0694836372043,0.5,9.10648606837607,2.308691409897307
2024,Silverstone,12,Permanent,McLaren,95.28175490196078,100.04314666666667,329.0,23.0,8.0,2.0,6.0,17.0,1,3,0,-0.7179120879120864,-0.02864362230362442,,-23.927000000000007,2.8343333333333285,,67.0786185432409,220.23649323515522,0.803921568627451,2.9084243793243787,4.761391764705891
2024,Silverstone,12,Permanent,Mercedes,95.51193975903615,107.22878151260505,320.0,27.2,10.0,1.0,9.0,16.6,1,2,0,-0.8030813186813197,0.30329282051281836,,-27.242999999999995,15.021499999999996,,69.98714894288851,219.59264139246258,0.891566265060241,1.5445509157509159,11.7168417535689
2024,Silverstone,12,Permanent,RB,96.82706930693071,97.31362343234325,333.0,22.333333333333332,3.0,4.0,-1.0,16.833333333333332,2,2,0,-0.7632065934066004,0.2871549999999985,,-27.530500000000004,13.008000000000003,,67.15595081732582,216.80277616799435,0.6039603960396039,3.5385373459873457,0.48655412541253895
2024,Silverstone,12,Permanent,Red Bull,97.07419000000002,97.89142854545454,336.0,17.625,2.0,8.0,-6.0,12.5,1,2,2,-17.89999999999999,-0.7835371794871787,-0.3016382506038857,-35.80000000000001,-9.829,-10.148000000000003,67.18501764150037,216.32819447953693,0.42,10.604405853174603,0.8172385454545292
2024,Silverstone,12,Permanent,Sauber,98.82721212121213,99.07729353979353,330.0,18.5,7.0,7.0,0.0,12.375,3,2,0,-0.7074179154179131,0.03411571428570634,,-22.906333333333336,2.714500000000001,,67.4528516590818,212.63862159307268,0.21212121212121213,26.581475364635363,0.2500814185814022
2024,Silverstone,12,Permanent,Williams,96.55004901960784,98.54370666666668,332.0,22.833333333333332,5.0,3.0,2.0,17.0,1,3,0,-0.6370307692307717,-0.07081658933659067,,-24.168000000000006,1.8156666666666677,,64.84798947859262,217.27628510569585,0.6764705882352942,3.421054112554112,1.9936576470588392
2024,Hungaroring,13,Permanent,Alpine,86.07164,86.29024178403756,324.0,25.833333333333332,6.0,2.0,4.0,16.666666666666668,1,2,3,-3.3556999999999935,-1.2731499999999951,-0.0372521658212956,-18.040000000000006,-6.339000000000006,-7.135000000000001,57.675331739671634,181.414392896064,0.58,3.3795945261437907,0.2186017840375598
2024,Hungaroring,13,Permanent,Aston Martin,85.07042028985506,84.57284213167968,325.0,25.5,3.0,5.0,-2.0,23.0,2,2,2,-0.0559549450549489,-0.12405905172413884,-0.08738354072398195,0.8984999999999985,-16.869,-16.496000000000002,55.01156509691761,183.5013208549444,0.5362318840579711,4.1175148600836815,-0.4975781581753864
2024,Hungaroring,13,Permanent,Ferrari,84.22573913043479,83.98302562194837,325.0,24.833333333333332,3.0,8.0,-5.0,23.0,0,4,2,,-0.03827880458831775,-0.15301095651080948,,-7.90175,-14.851500000000001,60.575729349374924,185.3467126771184,0.43478260869565216,4.1157790004113535,-0.2427135084864176
2024,Hungaroring,13,Permanent,Haas,85.68166176470588,85.46648650045606,324.0,25.833333333333332,6.0,2.0,4.0,22.666666666666668,1,1,4,0.2321000000000033,0.0,-0.03546135297588007,1.3859999999999957,0.0,-14.538250000000001,55.17219454953485,182.69850582578124,0.5,3.2011740740740735,-0.21517526424982236
2024,Hungaroring,13,Permanent,McLaren,83.98539130434783,85.70477632802894,318.0,25.666666666666668,10.0,4.0,6.0,23.0,0,4,2,,-0.026683781462569178,-0.0731889162561576,,-7.175499999999996,-15.853000000000002,55.69951131009237,185.9186519211936,0.6811594202898551,1.8003896032340974,1.719385023681113
2024,Hungaroring,13,Permanent,Mercedes,84.30485507246377,84.28633557431728,328.0,25.166666666666668,1.0,6.0,-5.0,23.0,0,2,4,,-0.0588129699248117,-0.08254128088092758,,-6.231499999999997,-10.96875,57.923083393832165,185.25103210736523,0.45652173913043476,4.581427185457517,-0.0185194981464889
2024,Hungaroring,13,Permanent,RB,85.1809197080292,84.89489280548997,322.0,30.6,9.0,1.0,8.0,27.4,0,2,3,,-0.0459007662835311,-0.08245335233871771,,0.7109999999999985,-14.567333333333337,58.64821396188856,183.34311082730423,0.48175182481751827,4.73396475029036,-0.2860269025392199
2024,Hungaroring,13,Permanent,Red Bull,84.34305797101449,85.11972645372644,325.0,24.833333333333332,3.0,8.0,-5.0,23.0,0,4,2,,-0.1129567302643957,-0.03304008252284135,,-11.47625,-7.281999999999996,56.85497666080437,185.11421919855596,0.6086956521739131,5.926918824436292,0.7766684827119548
2024,Hungaroring,13,Permanent,Sauber,85.87935294117646,85.9316643481966,323.0,25.166666666666668,8.0,6.0,2.0,22.666666666666668,0,2,4,,0.0317803571428522,-0.08022949148468132,,1.076500000000003,-14.89125,56.88400637252851,181.85075368643345,0.5,4.2385868040005965,0.05231140702014159
2024,Hungaroring,13,Permanent,Williams,85.75349264705882,88.11902954647508,326.0,22.428571428571427,2.0,10.0,-8.0,19.428571428571427,2,1,4,-1.0908000000000004,-0.0059285714285765,-0.07135906171137348,-8.174999999999997,0.5950000000000131,-14.940749999999994,53.51764078964242,182.02521415556512,0.7720588235294118,2.9600979399585916,2.365536899416256
2024,Spa-Francorchamps,14,Permanent,Alpine,110.16972093023256,109.77358706467663,352.0,22.666666666666668,4.0,7.0,-3.0,14.333333333333334,0,2,4,,0.35350768398268745,-0.3112201874879482,,4.4750000000000085,-12.911249999999995,71.76442171471605,226.28678951236793,0.8372093023255814,1.8959079121414648,-0.39613386555592456
2024,Spa-Francorchamps,14,Permanent,Aston Martin,110.12626744186046,109.94527558139538,356.0,32.75,1.0,1.0,0.0,21.5,0,2,2,,0.16938286713287265,-0.14013907624633484,,3.4649999999999963,-16.186,69.50891107789042,226.45283077422823,0.5930232558139535,4.226160190615836,-0.18099186046508464
2024,Spa-Francorchamps,14,Permanent,Ferrari,109.247,109.18369662058373,349.0,22.5,6.0,8.0,-2.0,14.333333333333334,0,2,4,,-0.33196742424242276,-0.2141057695851589,,-3.1114999999999995,-9.251999999999995,74.2057592104448,228.4980101772661,0.6744186046511628,2.9696971000490735,-0.06330337941626851
2024,Spa-Francorchamps,14,Permanent,Haas,110.56558139534886,112.93786409090907,353.0,27.2,3.0,5.0,-2.0,17.2,0,3,2,,0.14040789489708552,-0.1971199633699624,,-2.779666666666671,-13.265,70.19003045954288,225.90184425956613,0.5581395348837209,3.0012358974358975,2.372282695560216
2024,Spa-Francorchamps,14,Permanent,McLaren,109.01311627906978,110.30241803278689,355.0,22.833333333333332,2.0,6.0,-4.0,14.333333333333334,0,2,4,,0.1612842823842885,-0.3004365107480207,,3.765499999999996,-12.402499999999996,68.45565892251392,228.69340911892365,0.8255813953488372,1.8447775271512112,1.2893017537171119
2024,Spa-Francorchamps,14,Permanent,Mercedes,108.92026744186045,107.73989226594301,346.0,28.0,9.0,3.0,6.0,17.2,0,2,3,,0.2998371212121177,-0.22640907895853601,,4.485500000000002,-14.118,72.76467367868817,229.5013287201484,0.686046511627907,1.8040013784907907,-1.1803751759174332
2024,Spa-Francorchamps,14,Permanent,RB,110.28890697674416,110.00910852764822,347.0,27.8,8.0,4.0,4.0,17.2,1,2,2,0.448464285714269,-0.060432967032968646,-0.1828917580170962,4.054000000000002,-2.3075000000000045,-16.830500000000008,71.32028449430133,226.13523123706798,0.5930232558139535,2.25802174791725,-0.2797984490959351
2024,Spa-Francorchamps,14,Permanent,Red Bull,109.48696511627908,108.09983076923079,346.0,17.338010045618248,9.0,10.0,-1.0,12.285714285714286,1,4,2,-18.82200000000001,-0.017075323083780625,-0.15320501655207458,-18.822000000000003,-3.2952499999999993,-9.864000000000004,70.13654765056347,227.7476630141462,0.7325581395348837,5.299086848072563,-1.3871343470482884
2024,Spa-Francorchamps,14,Permanent,Sauber,112.51376595744682,112.7666105212355,348.0,29.0,7.0,2.0,5.0,11.75,0,2,2,,-0.32722954545454647,-0.28153673913044724,,-5.450999999999993,5.923500000000006,69.74307968046034,222.44295411753183,0.6170212765957447,12.628005555555555,0.2528445637886847
2024,Spa-Francorchamps,14,Permanent,Williams,110.5148488372093,111.10677562388592,351.0,21.5,5.0,9.0,-4.0,14.333333333333334,0,4,2,,0.15006050420167527,-0.21006319207108903,,-2.4087500000000013,-15.441500000000007,67.20199285092008,225.35265567096118,0.5930232558139535,3.4253839285714283,0.5919267866766234
2024,Interlagos,15,Permanent,Alpine,110.87022058823531,91.88823987745097,333.0,32.25,7.0,7.0,0.0,34.0,0,0,0,,,,,,,63.566850829658705,198.30754388752584,0.5661764705882353,3.4854936791630333,-18.98198071078434
2024,Zandvoort,15,Permanent,Alpine,76.95503571428573,77.01839632962276,333.0,27.75,9.0,2.0,7.0,35.0,0,2,2,,0.030895354957888803,-0.0821979559593155,,2.6205,-20.934000000000005,63.5551798714227,198.35962566784744,0.36428571428571427,7.4141297444314835,0.0633606153370323
2024,Interlagos,15,Permanent,Aston Martin,111.69354411764706,87.23811210571185,333.0,56.333333333333336,7.0,2.0,5.0,22.666666666666668,0,0,0,,,,,,,61.90420442424126,198.4960256745917,0.6029411764705882,4.9207205128205125,-24.455432011935216
2024,Zandvoort,15,Permanent,Aston Martin,76.8203857142857,76.99962278971029,338.0,21.5,5.0,6.0,-1.0,35.0,0,2,2,,0.0373723979024307,-0.0801567207183056,,3.8230000000000004,-19.920500000000004,61.54852546569064,198.50435062917046,0.7428571428571429,2.190948996005046,0.1792370754245809
2024,Interlagos,15,Permanent,Ferrari,118.00384761904762,226.90818445121946,334.0,51.166666666666664,3.0,5.0,-2.0,17.5,0,0,0,,,,,,,65.13539089122162,200.0115600722697,0.7047619047619048,2.527138761211044,108.90433683217184
2024,Zandvoort,15,Permanent,Ferrari,75.91421126760562,75.44756813774461,336.0,27.75,6.0,2.0,4.0,35.5,0,2,2,,0.0191322222005874,-0.06398387365711285,,2.824000000000005,-19.380500000000005,65.279655027409,200.89904567310757,0.47183098591549294,3.0734428678517887,-0.4666431298610121
2024,Interlagos,15,Permanent,Haas,107.49805154639176,94.21835392156862,334.0,65.5,3.0,1.0,2.0,13.857142857142858,0,0,0,,,,,,,61.05559974066408,196.3514158428904,0.7422680412371134,41.023655893393396,-13.279697624823143
2024,Zandvoort,15,Permanent,Haas,77.13396428571428,77.60947431568432,343.0,21.5,1.0,6.0,-5.0,35.0,0,2,2,,0.052390765685927904,-0.011472108155002849,,-7.4925,-6.25,60.945610336400826,197.86839303631177,0.5928571428571429,3.2995791759174615,0.4755100299700388
2024,Interlagos,15,Permanent,McLaren,111.07888235294119,498.4809075949367,334.0,51.833333333333336,3.0,4.0,-1.0,22.666666666666668,0,0,0,,,,,,,61.60347192787747,201.36038955412755,0.9044117647058824,1.511303572803573,387.4020252419955
2024,Zandvoort,15,Permanent,McLaren,75.73844366197183,78.28579826086957,334.0,27.25,7.0,4.0,3.0,35.5,0,2,2,,0.0027088525274000523,-0.0611028839377674,,3.1795000000000044,-20.407000000000004,61.61850794687895,201.45940523268436,0.9084507042253521,1.1331317355732677,2.5473545988977406
2024,Interlagos,15,Permanent,Mercedes,111.12858823529413,829.6234509466439,342.0,29.166666666666668,1.0,8.0,-7.0,22.666666666666668,0,0,0,,,,,,,62.007951687870126,199.88207675411377,0.8970588235294118,1.6879680064680065,718.4948627113497
2024,Zandvoort,15,Permanent,Mercedes,76.17073943661971,75.70158757974482,342.0,19.166666666666668,2.0,10.0,-8.0,23.666666666666668,3,1,2,-0.1413096334399484,0.0333134782608734,-0.15072127131489224,-11.259999999999991,2.7890000000000015,-16.37550000000001,61.94903354296122,199.99274726549683,0.3591549295774648,5.0302614069264076,-0.4691518568748876
2024,Interlagos,15,Permanent,RB,111.26196323529412,104.96943568563789,342.0,17.666666666666668,1.0,9.0,-8.0,22.666666666666668,0,0,0,,,,,,,62.519783373569624,196.3945418255402,0.4485294117647059,4.555718802135469,-6.292527549656228
2024,Zandvoort,15,Permanent,RB,77.16016428571427,77.86529827823692,342.0,21.4,2.0,8.0,-6.0,28.0,1,2,2,0.1261538461538492,-0.0987044665416065,-0.0706339952946415,2.400999999999996,-6.811000000000007,-19.67000000000001,63.304881879789434,197.47446131081057,0.8,1.8253812576312576,0.7051339925226472
2024,Interlagos,15,Permanent,Red Bull,110.82237500000001,95.84360283687944,334.0,52.6,3.0,3.0,0.0,27.2,0,0,0,,,,,,,62.079797074607434,200.71518151427819,0.9411764705882353,1.1367183166789618,-14.978772163120567
2024,Zandvoort,15,Permanent,Red Bull,75.98330985915494,76.26153821074597,334.0,28.25,7.0,1.0,6.0,35.5,0,2,2,,0.033937585364827896,-0.0602196796799438,,3.744000000000007,-20.133000000000003,62.08198226687263,200.77915803695058,0.4154929577464789,5.191872122838403,0.2782283515910251
2024,Interlagos,15,Permanent,Sauber,111.52718382352943,119.90014495577954,331.0,38.857142857142854,9.0,6.0,3.0,19.428571428571427,0,0,0,,,,,,,62.56486515881075,195.6756482405916,0.36764705882352944,213.0314225483903,8.372961132250111
2024,Zandvoort,15,Permanent,Sauber,77.92267391304348,77.99030390614216,331.0,19.333333333333332,10.0,9.0,1.0,23.0,2,2,2,-0.09570703682282494,-0.055240775156216344,-0.054861601105957,-9.579999999999998,-8.613999999999997,-15.837000000000003,62.590474938806516,195.73963772723386,0.2391304347826087,11.264806876817714,0.06762999309867723
2024,Interlagos,15,Permanent,Williams,89.94200000000002,90.04259770114942,,,,,,14.5,0,0,0,,,,,,,,,0.3793103448275862,5.80072,0.10059770114939681
2024,Zandvoort,15,Permanent,Williams,77.27616428571429,77.51623426008746,342.0,22.4,2.0,5.0,-3.0,28.0,0,3,2,,-0.10433948518801457,-0.043073688315370895,,-4.7960000000000065,-18.183,59.59284376350438,196.95931659906103,0.5857142857142857,4.157795372694532,0.24006997437317068
2024,Monza,16,Permanent,Alpine,86.29560784313728,86.6193986401012,357.0,23.4,4.0,5.0,-1.0,20.4,0,2,3,,0.043545346320346345,-0.13440235674062032,,-7.718999999999994,-10.845666666666668,75.16595100266548,240.10429600841985,0.4803921568627451,4.557375093795094,0.32379079696391955
2024,Monza,16,Permanent,Aston Martin,86.26442718446603,86.15798458646618,356.0,15.571428571428571,5.0,10.0,-5.0,14.714285714285714,1,2,4,-28.748000000000022,-0.14009435564435554,-0.19207138665222645,-28.748000000000005,-5.542500000000005,-12.403249999999996,73.57292346494371,239.75032090106168,0.7184466019417476,3.085526671274571,-0.10644259799984468
2024,Monza,16,Permanent,Ferrari,84.61106730769231,85.01337560096152,349.0,31.5,10.0,1.0,9.0,26.0,0,2,2,,0.138136212703706,-0.09812973765419775,,4.7265000000000015,-21.60600000000001,77.51955288984546,244.88360093772445,0.5865384615384616,3.4965864968794538,0.4023082932692148
2024,Monza,16,Permanent,Haas,86.0308349514563,85.93299016778428,363.0,19.6,1.0,9.0,-8.0,20.6,0,2,3,,0.6749274725274681,-0.2731410395647246,,3.477499999999999,-28.723666666666663,73.2712769986508,241.08791558903633,0.46601941747572817,5.113118205128204,-0.09784478367201643
2024,Monza,16,Permanent,McLaren,84.55458653846154,86.45413437001596,355.0,21.666666666666668,7.0,6.0,1.0,17.333333333333332,0,2,4,,0.1212510989011017,-0.34963296626534796,,4.390999999999998,-19.17175,73.65428071489272,244.75048934979745,0.6923076923076923,2.490392705442705,1.899547831554429
2024,Monza,16,Permanent,Mercedes,85.02695192307692,87.48109247135842,356.0,21.5,5.0,7.0,-2.0,17.333333333333332,0,2,4,,0.18218191808192097,-0.3536476961119356,,4.720999999999989,-21.385,75.49100858549068,243.42591115431952,0.6153846153846154,3.9553072560115328,2.454140548281501
2024,Monza,16,Permanent,RB,86.33636206896553,87.56352500000001,360.0,31.0,2.0,2.0,0.0,19.333333333333332,0,1,2,,0.2145515151515158,1.0237607649299036,,4.784999999999997,-7.530000000000001,72.84464886984523,239.81408613002782,0.37931034482758613,2.2099092140921406,1.227162931034485
2024,Monza,16,Permanent,Red Bull,85.30271153846154,84.5927466673951,354.0,20.333333333333332,8.0,8.0,0.0,17.333333333333332,0,2,4,,-0.5780170242554136,-0.21086387314058982,,-19.971000000000004,-7.226749999999999,74.50555440151396,242.5276297286519,0.47115384615384615,5.471505841624263,-0.7099648710664326
2024,Monza,16,Permanent,Sauber,86.62365686274511,86.40732022413071,353.0,28.25,9.0,3.0,6.0,25.5,0,2,2,,-0.1762439367649887,-0.027019752702425397,,-9.263000000000005,-9.650499999999994,73.56719718371993,239.04483428796618,0.46078431372549017,3.693917647264276,-0.21633663861439345
2024,Monza,16,Permanent,Williams,85.792,85.72671433946488,359.0,27.5,3.0,4.0,-1.0,26.0,0,2,2,,0.08978844537815195,-0.1139068651358113,,3.886500000000005,-22.368000000000002,72.59299546582037,241.16926281175654,0.36538461538461536,3.8276007038288284,-0.06528566053512463
2024,Baku,17,Street,Alpine,111.54676767676769,111.46346245059289,349.0,19.75,5.0,9.0,-4.0,24.75,2,0,2,0.0,,-0.0030066956144157997,0.0,,17.388999999999996,63.39648881127087,192.60127317490102,0.6060606060606061,10.060369791666666,-0.08330522617480085
2024,Baku,17,Street,Aston Martin,110.81001063829787,110.967100516792,348.0,15.75,7.0,10.0,-3.0,23.5,0,1,3,,0.1003515151515181,0.005169047760297928,,3.411000000000002,3.4576666666666678,60.31562700287555,192.35745959656666,0.2978723404255319,6.296892171325052,0.15708987849413347
2024,Baku,17,Street,Ferrari,109.0181836734694,115.79189965123655,351.0,32.75,3.0,1.0,2.0,24.5,0,2,2,,0.1318176470588243,0.018051793672014704,,4.6924999999999955,6.018000000000001,65.80956588487687,196.46835638873927,0.7448979591836735,2.160739732142857,6.773715977767154
2024,Baku,17,Street,Haas,110.98764999999999,110.10383037593986,350.0,32.25,4.0,4.0,0.0,25.0,0,2,2,,0.08571868131868049,0.24276342545553126,,3.3245000000000005,25.848999999999997,61.01437768754573,192.95740251350867,0.67,2.5806547965547963,-0.8838196240601235
2024,Baku,17,Street,McLaren,109.55493,109.77783693910257,346.0,31.75,9.0,6.0,3.0,25.0,0,2,2,,0.7385186813186796,0.043058751608753804,,17.127499999999998,14.740000000000002,61.78190532777893,195.38888286817027,0.68,3.6879990842490837,0.22290693910257176
2024,Baku,17,Street,Mercedes,110.37619,129.33970786516855,358.0,32.25,1.0,4.0,-3.0,25.0,0,2,2,,0.16581818181818594,0.1564195344129558,,3.5960000000000036,27.888499999999986,61.517302861912306,193.5836754027157,0.71,3.034072843822844,18.963517865168555
2024,Baku,17,Street,RB,112.69820634920636,112.0221599616858,346.0,32.5,9.0,3.0,6.0,15.75,1,1,2,-13.270000000000008,0.2842090909090911,-3.04317382218845,-13.27000000000001,9.656000000000006,-2.711999999999996,61.90960083256779,190.56515788333348,0.3492063492063492,14.962315340909091,-0.6760463875205573
2024,Baku,17,Street,Red Bull,109.66214285714287,109.80706395348837,352.0,25.8,2.0,8.0,-6.0,19.6,1,2,2,-4.3409999999999815,0.19015279720279896,-0.090304108243582,-4.34099999999998,4.520499999999991,-15.439,62.48211686024273,195.41659715534234,0.8877551020408163,8.030941890721891,0.14492109634549877
2024,Baku,17,Street,Sauber,111.91899999999998,111.76474716135623,347.0,30.75,8.0,7.0,1.0,24.75,0,2,2,,0.7069126114082009,0.0462846485364491,,15.006500000000003,12.643500000000003,60.75183590272339,191.2832664307598,0.37373737373737376,5.43422669683258,-0.15425283864375672
2024,Baku,17,Street,Williams,110.95611000000001,109.37149744621576,349.0,32.75,5.0,1.0,4.0,25.0,0,2,2,,0.4850860275689203,0.0798429311701359,,14.844000000000001,14.193999999999996,58.73261863217501,192.99092035139017,0.73,2.7524157520325203,-1.584612553784254
2024,Singapore,18,Street,Alpine,99.88581666666668,99.97576165577343,314.0,28.5,8.0,1.0,7.0,30.0,1,2,1,-0.185517391304346,0.11724899184899445,-0.1144765395894447,-22.146,10.485,-19.574,58.638199422386386,175.3554091847586,0.5083333333333333,5.520553869047619,0.08994498910674054
2024,Yas Marina Circuit,18,Unknown,Alpine,91.06326548672567,90.19731804596584,311.0,30.0,6.0,6.0,0.0,28.25,0,2,2,,-0.6527858641358641,-0.0878885601174941,,-22.647999999999996,-20.173500000000004,58.590907771595056,175.13537158970905,0.4336283185840708,4.508472044622045,-0.8659474407598253
2024,Singapore,18,Street,Aston Martin,99.45494166666666,99.46647745756172,316.0,27.5,6.0,5.0,1.0,30.0,0,2,2,,0.004200506637437304,0.0012783674883680499,,-5.7165000000000035,-4.880500000000005,54.12701771328545,176.17654595607394,0.5,2.858778869047619,0.011535790895067066
2024,Yas Marina Circuit,18,Unknown,Aston Martin,91.04369911504423,91.19609926739926,316.0,38.333333333333336,5.0,3.0,2.0,18.833333333333332,0,2,4,,-1.18301212121212,-0.22370032282934393,,-18.707,-20.242750000000004,54.10049514646891,176.16901887308873,0.5398230088495575,3.3274090079365077,0.15240015235502824
2024,Singapore,18,Street,Ferrari,98.74606557377048,98.9178990430622,319.0,27.5,3.0,5.0,-2.0,30.5,0,2,2,,0.1475021527492108,-0.07571612375719594,,7.082000000000001,-17.819000000000003,59.45301180345722,177.87589088245133,0.5245901639344263,4.242627358058609,0.17183346929172671
2024,Yas Marina Circuit,18,Unknown,Ferrari,89.7692894736842,88.75280731627831,319.0,29.25,3.0,8.0,-5.0,28.5,0,2,2,,-0.3871975247902363,-0.1064166044163152,,-19.876000000000005,-19.134999999999998,59.55238518752624,177.86538889976413,0.34210526315789475,6.284412031499203,-1.016482157405889
2024,Singapore,18,Street,Haas,100.44383620689653,107.87585296934866,321.0,22.8,1.0,8.0,-7.0,23.2,1,2,2,-1.9392738095238065,0.389718766482561,0.00952801331732605,-26.37599999999999,29.922999999999995,-6.867499999999999,54.84444995099639,175.1913929608688,0.6120689655172413,17.67802371031746,7.432016762452122
2024,Yas Marina Circuit,18,Unknown,Haas,91.56890265486726,91.48015662650603,321.0,34.285714285714285,1.0,5.0,-4.0,16.142857142857142,2,2,3,-13.73046307692308,-1.062897902097899,-0.15114936707225782,-23.883499999999998,-17.514500000000005,-13.877666666666665,54.86409193810268,175.11975027276898,0.6637168141592921,11.960805602240898,-0.08874602836122847
2024,Singapore,18,Street,McLaren,97.8792868852459,98.0169519125683,319.0,21.5,3.0,9.0,-6.0,30.5,0,2,2,,0.049217927273914504,-0.14762796044243215,,8.024499999999996,-20.584000000000003,55.23042771336473,179.3463811611262,0.7377049180327869,4.629041666666667,0.13766502732239871
2024,Yas Marina Circuit,18,Unknown,McLaren,90.136,91.92882592592593,319.0,35.4,3.0,4.0,-1.0,22.8,0,2,3,,-7.563082692307693,-0.1735497962511053,,-23.248500000000007,-23.117666666666665,55.295382332467774,179.2289415512497,0.8508771929824561,1.916303296703297,1.7928259259259391
2024,Singapore,18,Street,Mercedes,98.72873770491802,98.4047705049531,320.0,27.25,2.0,7.0,-5.0,30.5,1,1,2,0.1527397058823563,0.0657210256410241,-0.06937397947321164,8.009,8.414000000000001,-18.960500000000003,57.25437051471146,177.70425462708906,0.319672131147541,6.672405374874309,-0.32396719996491186
2024,Yas Marina Circuit,18,Unknown,Mercedes,90.05298245614034,89.33736478090935,320.0,28.75,2.0,9.0,-7.0,28.5,0,2,2,,-0.2437211036789277,-0.15294096084181275,,-19.35949999999999,-22.099999999999994,57.3721925229868,177.68622979383957,0.30701754385964913,5.672860492424241,-0.7156176752309875
2024,Singapore,18,Street,RB,99.8626,99.61352153679653,313.0,18.5,10.0,10.0,0.0,20.0,4,2,0,-2.496340614557858,0.044984795433787896,,-12.331499999999998,-0.9915000000000012,,58.95568202462315,175.81623060138318,0.375,10.915590608465608,-0.2490784632034746
2024,Yas Marina Circuit,18,Unknown,RB,91.67230909090908,91.14730658307211,308.0,29.5,10.0,7.0,3.0,18.333333333333332,0,2,4,,-0.343339920948617,-1.0094529365079337,,-24.323,-18.307749999999995,58.72470401828519,176.9664687598213,0.3090909090909091,8.658331593569828,-0.5250025078369731
2024,Singapore,18,Street,Red Bull,98.52188429752066,101.34938223140495,317.0,27.75,5.0,4.0,1.0,30.25,0,2,2,,0.0860704917687666,-0.1137693850267362,,8.286000000000001,-20.526500000000006,56.740375618516005,178.28134146076644,0.4793388429752066,8.98805744949495,2.8274979338842883
2024,Yas Marina Circuit,18,Unknown,Red Bull,90.23908771929824,89.10491286549707,309.0,27.0,8.0,10.0,-2.0,28.5,0,1,1,,-0.2189740010946887,-0.2306118226600983,,-23.081000000000003,-30.715000000000003,57.52693277306169,179.3533570687898,0.38596491228070173,4.5824002463054185,-1.13417485380117
2024,Singapore,18,Street,Sauber,99.94173333333332,104.67726666666667,316.0,28.25,6.0,2.0,4.0,30.0,0,2,2,,-0.16104166140372977,0.06302939559254785,,-20.697000000000003,7.3765,56.64864843064046,176.03323496977785,0.5416666666666666,5.536471947901635,4.7355333333333505
2024,Yas Marina Circuit,18,Unknown,Sauber,92.43498823529411,92.51674458333335,310.0,46.6,7.0,1.0,6.0,17.0,0,2,3,,-3.4938818181818108,-0.16355282191532408,,-25.559999999999995,-11.759666666666666,56.41236778587524,175.74696625823844,0.4823529411764706,4.696975471380472,0.08175634803923515
2024,Singapore,18,Street,Williams,100.01474324324325,100.30355555555555,314.0,28.0,8.0,3.0,5.0,18.5,0,2,2,,0.21189591232522548,2.3207432917888426,,7.184999999999995,-4.1285000000000025,52.5637692443992,175.47854236621234,0.9324324324324325,3.480263169642857,0.2888123123123023
2024,Yas Marina Circuit,18,Unknown,Williams,92.23797530864198,91.7910077922078,309.0,43.75,8.0,2.0,6.0,20.25,0,2,2,,3.623418181818169,-0.0949489459815551,,-9.654000000000003,-16.8735,47.89900765216117,166.24433921620437,0.2962962962962963,9.903619082125603,-0.4469675164341851
2024,Austin,19,Permanent,Alpine,103.90621100917433,102.6609698290242,333.0,17.8,9.0,7.0,2.0,21.8,1,2,2,-8.665000000000015,-1.3181586555868197,-0.22451876572929347,-29.771000000000015,0.33150000000000546,-22.986000000000004,60.94623344729685,188.70765463655493,0.41284403669724773,4.913936037151703,-1.2452411801501313
2024,Austin,19,Permanent,Aston Martin,103.9170925925926,101.14648013955984,336.0,23.5,7.0,1.0,6.0,27.0,0,2,2,,-0.5992150206307088,-0.562373487011076,,-11.129999999999995,-10.667000000000002,57.95696454802995,188.45754488774824,0.6203703703703703,3.643060054945055,-2.7706124530327543
2024,Austin,19,Permanent,Ferrari,102.05072727272729,106.62007058823532,333.0,19.0,9.0,6.0,3.0,27.5,0,2,2,,-1.2975337304800458,-0.12872367663417025,,0.32099999999999795,-18.409000000000006,63.262498063188104,192.1085734175106,0.6636363636363637,2.1602835139318883,4.569343315508036
2024,Austin,19,Permanent,Haas,103.18054545454547,99.99697941650548,338.0,17.8,3.0,7.0,-4.0,22.0,0,3,2,,-1.162556761971546,-0.2550710031347957,,-7.4060000000000015,-21.609499999999997,60.11758840082606,190.23853032787912,0.6090909090909091,2.8822180532027133,-3.1835660380399844
2024,Austin,19,Permanent,McLaren,102.27012727272727,100.21632894736842,336.0,20.25,7.0,5.0,2.0,27.5,0,2,2,,-0.7726726084538404,-0.19641866220735776,,-0.028000000000005798,-21.039500000000004,60.1584821553953,191.62068521809394,0.43636363636363634,4.15386690860215,-2.0537983253588408
2024,Austin,19,Permanent,Mercedes,102.8052181818182,100.18652532467533,344.0,23.5,1.0,1.0,0.0,27.5,0,1,1,,-0.522816176470587,-0.5342180161943334,,-26.257999999999996,-2.8619999999999948,59.551920387704804,190.25339166723768,0.6545454545454545,3.9069230769230767,-2.618692857142875
2024,Austin,19,Permanent,RB,103.47216513761468,106.12009754815172,338.0,21.25,3.0,4.0,-1.0,27.25,0,2,2,,-1.1063288091552437,-0.36897042108450806,,-9.881500000000003,-12.467999999999995,60.9282065636696,189.1283758866478,0.5596330275229358,4.173132929252782,2.647932410537038
2024,Austin,19,Permanent,Red Bull,102.63664545454544,99.74673944805195,338.0,22.0,3.0,3.0,0.0,27.5,0,2,2,,-1.096000050167224,-0.1399374374304787,,-0.4499999999999956,-20.419000000000004,59.919870741207035,190.63078475021368,0.34545454545454546,7.857773750000001,-2.88990600649349
2024,Austin,19,Permanent,Sauber,104.46919444444444,102.44177087514443,339.0,9.8,2.0,10.0,-8.0,21.6,0,3,2,,-1.9167967481793564,-0.236449730212024,,-7.315333333333328,-23.488,59.02190329507854,187.5959612943381,0.3055555555555556,8.757093566433564,-2.027423569300012
2024,Austin,19,Permanent,Williams,103.56107339449541,105.74317187360926,337.0,16.4,6.0,9.0,-3.0,21.8,0,3,2,,10.360512879779277,-0.3937973737252926,,-14.335666666666668,-11.332,57.368801652312214,188.9657480305794,0.6422018348623854,2.4608182793883104,2.182098479113847
2024,Mexico City,20,Permanent,Alpine,86.34047826086957,83.57274139492753,357.0,13.0,4.0,5.0,-1.0,34.5,0,2,2,,-0.8708136259875398,-0.313380140797981,,-34.931999999999995,-35.68299999999999,53.281797234318695,177.33297857108576,0.6304347826086957,3.7929821799555845,-2.767736865942041
2024,Mexico City,20,Permanent,Aston Martin,88.64397590361446,94.96764146586345,355.0,16.0,7.0,1.0,6.0,27.666666666666668,0,2,1,,-3.134311483516485,-0.0918968287526437,,-49.47449999999999,-20.019999999999996,49.183070231266235,173.139821903098,0.4457831325301205,3.3465257142857148,6.323665562248991
2024,Mexico City,20,Permanent,Ferrari,85.19955,82.1349355212355,351.0,11.4,10.0,7.0,3.0,28.0,1,2,2,-20.80600000000001,-1.3094309162958835,-0.0726139019586394,-20.805999999999997,-52.54400000000001,-17.5235,55.523660876135544,179.6308309609703,0.65,8.258023870967742,-3.064614478764497
2024,Mexico City,20,Permanent,Haas,85.91786330935251,83.55524996809275,358.0,15.0,3.0,2.0,1.0,34.75,0,2,2,,-1.3874911877394616,-0.08993562717769796,,-50.4955,-17.959000000000003,52.05183624740687,178.45362588524327,0.4244604316546763,3.9783788590352036,-2.3626133412597596
2024,Mexico City,20,Permanent,McLaren,85.2749,81.86294690655211,361.0,12.75,1.0,6.0,-5.0,35.0,0,2,2,,-1.1253008120882901,-0.11173952768808519,,-52.8245,-18.861999999999995,51.968460077336346,179.47061527560413,0.5357142857142857,3.2035594669791863,-3.4119530934478917
2024,Mexico City,20,Permanent,Mercedes,85.55535,85.74123423469389,359.0,14.75,2.0,3.0,-1.0,35.0,0,2,2,,-1.4507792829775599,-0.0806269581099566,,-51.9295,-20.86250000000001,53.93555261065047,178.86051840988824,0.4857142857142857,7.318009762803948,0.18588423469388715
2024,Mexico City,20,Permanent,RB,86.94681159420288,83.74707971014494,354.0,10.333333333333334,8.0,9.0,-1.0,23.0,1,1,1,-4.544499999999988,-0.1113193162393167,-0.8159418973629522,-23.89999999999999,-12.74799999999999,-52.06099999999999,55.477352022754424,175.53108664039348,0.8985507246376812,2.0296194331983806,-3.1997318840579396
2024,Mexico City,20,Permanent,Red Bull,86.41756834532374,83.66549324305262,356.0,10.0,5.0,10.0,-5.0,23.166666666666668,1,3,2,-21.007999999999992,-0.6892918364244464,-1.4273086783163436,-21.007999999999996,-28.746,-43.8935,52.55429949150887,176.96783444374617,0.48201438848920863,6.440497905754725,-2.752075102271121
2024,Mexico City,20,Permanent,Sauber,86.6135579710145,85.91391978021976,356.0,13.5,5.0,4.0,1.0,34.5,0,2,2,,-0.18081355311355404,-0.5924335998121022,,-19.2085,-51.08999999999999,52.41698104176203,176.85916107570299,0.5579710144927537,6.174705191798942,-0.6996381907947438
2024,Mexico City,20,Permanent,Williams,86.30172463768116,83.28006837606837,353.0,11.0,9.0,8.0,1.0,34.5,0,1,1,,-0.1812015810276692,-0.5784076472402092,,-21.322000000000003,-50.38300000000001,50.329311429180144,177.009113698747,0.6811594202898551,2.8744891304347835,-3.02165626161279
2024,Las Vegas,22,Street,Alpine,100.80114516129031,101.70892978723403,361.0,35.166666666666664,8.0,1.0,7.0,10.333333333333334,1,3,2,-5.062800000000028,0.3516010101010085,-0.48759247994652116,-16.921999999999997,4.000666666666665,-9.034000000000006,68.74872183166796,219.51986972734804,0.7258064516129032,3.6444168350168353,0.9077846259437194
2024,Las Vegas,22,Street,Aston Martin,99.7825,100.99851588911427,365.0,24.833333333333332,5.0,4.0,1.0,16.333333333333332,1,1,4,2.268500000000018,0.1439761904761943,-0.2173469724440319,4.537000000000006,2.530000000000001,-16.65775,65.45459067445728,221.0078259395734,0.5408163265306123,3.4821586458132514,1.2160158891142743
2024,Las Vegas,22,Street,Ferrari,98.6676836734694,99.76109444444444,366.0,23.666666666666668,3.0,5.0,-2.0,16.333333333333332,0,2,4,,0.778140476190476,-0.24236767271293624,,7.654500000000006,-14.114999999999998,69.15145958160564,223.7092879697115,0.7040816326530612,2.846214015151515,1.0934107709750407
2024,Las Vegas,22,Street,Haas,99.59448979591836,99.67616738945578,359.0,26.2,10.0,3.0,7.0,19.6,0,2,3,,0.30194517614738364,-0.24765456578165448,,5.8035,-16.689666666666664,66.78697031518188,222.27958605306318,0.6632653061224489,2.8059158152734778,0.08167759353742099
2024,Las Vegas,22,Street,McLaren,99.30064285714286,99.30890130315501,367.0,20.714285714285715,2.0,10.0,-8.0,14.0,1,2,4,-17.435999999999993,0.5339797619047602,-0.25813936426189943,-17.435999999999993,5.134,-13.731249999999996,66.0973641685885,222.48340342008805,0.46938775510204084,8.163700918367349,0.008258446012149534
2024,Las Vegas,22,Street,Mercedes,98.43742857142857,103.67632440191387,364.0,23.666666666666668,7.0,5.0,2.0,16.333333333333332,0,2,4,,0.1750195804195833,-0.2604967337111673,,3.801000000000002,-13.561,69.42091669288966,224.91388773898038,0.7755102040816326,1.7215255003450656,5.238895830485305
2024,Las Vegas,22,Street,RB,99.85733673469387,99.51517263986013,365.0,23.666666666666668,5.0,5.0,0.0,16.333333333333332,0,2,4,,0.514083333333333,-0.3075853941380254,,6.103499999999997,-14.42925,67.73161537455013,221.2869906023655,0.5918367346938775,4.1384717672759335,-0.3421640948337483
2024,Las Vegas,22,Street,Red Bull,99.1063775510204,99.61657689631795,366.0,23.5,3.0,8.0,-5.0,16.333333333333332,0,2,4,,0.00917072510823047,-0.1629144963992439,,-4.149000000000001,-9.945249999999998,65.73428819788522,222.8913417486892,0.6224489795918368,3.5934765993266,0.5101993452975506
2024,Las Vegas,22,Street,Sauber,100.12392783505153,99.64029045383411,360.0,22.333333333333332,9.0,9.0,0.0,16.166666666666668,0,2,4,,0.1927519842386761,-0.2133955828059417,,-0.8940000000000055,-11.266249999999996,67.2013930247041,220.71773756837982,0.6288659793814433,4.354071333678399,-0.48363738121742017
2024,Las Vegas,22,Street,Williams,100.06015068493151,100.89555714285714,369.0,26.4,1.0,2.0,-1.0,14.6,0,2,3,,-0.3502095238095249,-0.023387920472536072,,-5.411999999999998,-5.406333333333336,63.3129446540917,220.799941752277,0.6986301369863014,1.99421,0.8354064579256288
2024,Lusail,23,Permanent,Alpine,95.55701785714284,89.15898608534323,332.0,28.551388799999998,4.0,4.0,0.0,14.0,0,1,3,,-0.7057121466768526,-0.9625125313283225,,-32.30999999999999,-20.883666666666667,67.48865432565178,204.18312958246074,0.6428571428571429,8.55805,-6.398031771799609
2024,Lusail,23,Permanent,Aston Martin,98.36169841269843,112.49438248847926,332.0,14.0,4.0,10.0,-6.0,10.5,0,3,3,,-1.1674912629166507,-4.070257142857153,,-29.396333333333335,-16.923,60.32803092616359,198.7977757920465,0.8253968253968254,10.111700347222223,14.13268407578083
2024,Lusail,23,Permanent,Ferrari,95.69035714285714,88.30370195195195,331.0,32.75,6.0,3.0,3.0,14.0,0,2,6,,-0.8030321094346813,-5.143698997493739,,-39.58549999999999,-25.445166666666665,67.92130376111494,204.6626873137628,0.6875,4.413626949496904,-7.386655190905188
2024,Lusail,23,Permanent,Haas,96.13635106382979,101.90317530864196,334.0,25.375,2.0,5.0,-3.0,11.75,0,4,4,,-3.2794708547008655,-0.17512947566357706,,-15.247249999999998,-20.395250000000004,64.2931021000423,202.582010547427,0.5957446808510638,4.4404683333333335,5.76682424481217
2024,Lusail,23,Permanent,McLaren,95.90249107142857,89.11230555555555,328.0,23.849495014141414,8.0,7.0,1.0,12.444444444444445,0,2,7,,-0.8579756970970194,-1.8227467215741682,,-50.599500000000006,-22.20357142857143,64.53692087308072,205.3968647622115,0.7946428571428571,3.488756550802139,-6.79018551587302
2024,Lusail,23,Permanent,Mercedes,96.035375,99.49708662840136,337.0,32.8,1.0,2.0,-1.0,11.2,0,2,8,,-1.2190604894625827,-0.7914477239865381,,-29.5165,-13.712,65.35616601676426,204.01408360273953,0.7410714285714286,11.598963763955343,3.4617116284013605
2024,Lusail,23,Permanent,RB,96.3689375,97.23877606099258,333.0,24.05857133714286,3.0,6.0,-3.0,11.2,2,2,6,-1.6840379901960758,-0.6377683728036674,-3.432583333333332,-48.62400000000001,-21.7905,-6.865166666666667,67.38643647665577,202.81292446943706,0.7142857142857143,7.915592830882353,0.8698385609925765
2024,Lusail,23,Permanent,Red Bull,95.95647311827956,88.40061614906833,328.0,36.75,8.0,1.0,7.0,11.625,0,2,6,,-0.7958359052711981,-0.5043997493734343,,-43.011,-11.218833333333334,65.23455581040315,204.921471165563,0.7419354838709677,2.3768713235294117,-7.555856969211234
2024,Lusail,23,Permanent,Sauber,95.89395535714286,87.2658086868687,329.0,23.77124992,7.0,8.0,-1.0,14.0,0,4,4,,-0.9274245765104455,-0.17068075871496957,,-29.2145,-5.976749999999997,64.55116192753214,203.18232567382694,0.6785714285714286,4.161850381486586,-8.628146670274162
2024,Lusail,23,Permanent,Williams,97.14378181818181,110.44982264150943,326.0,23.4,10.0,9.0,1.0,11.0,4,1,0,-0.7241259029927748,-0.6135194805194789,,-13.519499999999997,-24.37899999999999,,61.7256884806912,200.44252027457892,0.8727272727272727,9.38478954248366,13.30604082332762
2025,Catalunya,1,Permanent,Alpine,84.79816153846153,87.30634464482887,320.0,44.0,7.0,2.0,5.0,16.25,6,2,0,-1.0652247224997218,0.0736204180602012,,-11.723999999999997,-0.6469999999999985,,57.05684934692567,183.27786161500921,0.49230769230769234,5.79493508188068,2.5081831063673405
2025,Melbourne,1,Street,Alpine,107.47632142857142,92.90332249322493,320.0,23.833333333333332,8.0,8.0,0.0,9.333333333333334,0,0,1,,,-2.880010989010987,,,-28.980000000000004,55.55638813990777,178.7819237690051,0.7857142857142857,2.144654137529138,-14.57299893534649
2025,Catalunya,1,Permanent,Aston Martin,84.77196923076923,80.80486764705881,328.0,17.5,4.0,8.0,-4.0,16.25,3,1,0,-1.4866831501831521,-0.0896324786324785,,-19.043999999999997,-14.820000000000007,,57.66810310220869,190.29115766368523,0.8923076923076924,1.4758283730158732,-3.9671015837104164
2025,Melbourne,1,Street,Aston Martin,105.87950574712646,98.23677798742138,328.0,30.967000064,5.0,2.0,3.0,8.7,0,0,1,,,-2.1198909090909077,,,-20.254999999999995,54.328638737522205,181.21677246871667,0.7011494252873564,2.3987887199007885,-7.642727759705082
2025,Catalunya,1,Permanent,Ferrari,84.6853,85.29404926739927,333.0,27.375,1.0,6.0,-5.0,16.25,5,3,0,-2.317447549019606,-0.030453975347893767,,-16.945399999999996,-8.237333333333334,,58.1340865365013,181.23578235298447,0.2692307692307692,6.224582220300834,0.6087492673992756
2025,Melbourne,1,Street,Ferrari,107.44235714285716,104.86688728897718,333.0,29.416666666666668,1.0,3.0,-2.0,9.333333333333334,0,0,2,,,-1.8872027472527497,,,14.697499999999998,57.08847531233339,178.62433495363462,0.75,1.6008891136162688,-2.57546985387998
2025,Catalunya,1,Permanent,Haas,84.86113076923077,90.05915119218419,313.0,14.428571428571429,9.0,9.0,0.0,18.571428571428573,3,4,0,-1.4342360052228484,-0.021167165776634647,,-16.607666666666663,-10.480000000000004,,54.93005164263452,179.86074282687534,0.7538461538461538,2.1859611364505116,5.1980204229534195
2025,Melbourne,1,Street,Haas,107.41908928571426,99.23479969920702,313.0,17.272727272727273,10.0,10.0,0.0,10.181818181818182,0,2,0,,2.6375996180648573,,,18.6295,,54.195624483881716,178.1022462179112,0.42857142857142855,8.828022071110707,-8.184289586507248
2025,Catalunya,1,Permanent,McLaren,84.53603076923078,89.8302706302152,332.0,44.0,2.0,2.0,0.0,16.25,6,2,0,-2.7676782239690163,-0.1251150793650811,,-23.4295,-15.288500000000006,,52.68209891227806,181.39992544769413,0.6692307692307692,2.1368049092111594,5.294239860984419
2025,Melbourne,1,Street,McLaren,107.45669642857142,117.86623106060605,332.0,33.916666666666664,2.0,1.0,1.0,9.333333333333334,0,0,2,,,-3.18649696969696,,,24.72,51.72871957950401,179.50137272864345,0.9017857142857143,1.6370715811965812,10.409534632034635
2025,Catalunya,1,Permanent,Mercedes,83.45870085470085,87.41539971509971,332.0,23.428571428571427,2.0,7.0,-5.0,16.714285714285715,5,2,0,-2.461709373083058,-0.12056950042294734,,-10.820399999999996,-14.046,,52.842890776640495,177.96364669511297,0.5726495726495726,6.714977368746543,3.956698860398859
2025,Melbourne,1,Street,Mercedes,107.18060714285714,95.7640418118467,332.0,27.166666666666668,2.0,6.0,-4.0,9.333333333333334,0,0,2,,,-3.4172303030303017,,,-27.0315,53.145097427884046,178.80726402415468,0.6607142857142857,2.5866479742479744,-11.416565331010446
2025,Catalunya,1,Permanent,RB,84.75338461538463,86.71332429681429,326.0,0.0,6.0,10.0,-4.0,18.571428571428573,5,2,0,-0.44489025037017305,-0.1264394181297628,,-5.7978000000000005,-15.085000000000008,,52.977930078281695,181.36598270394916,0.49230769230769234,7.1722174262679905,1.9599396814296597
2025,Melbourne,1,Street,RB,107.59880357142856,102.03671832358674,327.0,29.333333333333332,6.0,4.0,2.0,9.333333333333334,0,1,0,,-1.4935626373626396,,,6.501000000000005,,55.94145670821332,178.11134311270968,0.5357142857142857,4.408447947454843,-5.5620852478418215
2025,Catalunya,1,Permanent,Red Bull,84.75452307692308,93.62297432249322,327.0,37.4,5.0,4.0,1.0,13.0,7,2,1,-0.650879637942771,0.12755053073860775,-7.372563636363638,-11.963428571428569,-4.592999999999996,-67.045,55.840585327409634,182.88672280411893,0.6538461538461539,2.788333537157287,8.868451245570142
2025,Melbourne,1,Street,Red Bull,106.82635643564356,100.11547484962406,326.0,21.454545454545453,7.0,9.0,-2.0,9.181818181818182,0,2,0,,-4.701510739260738,,,-18.360000000000007,,52.83830516067947,179.38904992727532,0.6039603960396039,2.4129567281203643,-6.710881586019497
2025,Catalunya,1,Permanent,Sauber,84.73948461538463,86.24498264376788,316.0,27.5,8.0,5.0,3.0,18.571428571428573,5,2,0,-0.8403213506359449,-0.08243236572024175,,-9.544000000000002,-15.205499999999994,,54.22766408495179,180.75765477644447,0.5538461538461539,4.858015078455624,1.5054980283832577
2025,Melbourne,1,Street,Sauber,107.15074999999997,102.84271193415636,316.0,27.636363636363637,9.0,5.0,4.0,9.090909090909092,0,2,0,,-0.8766046008869169,,,-21.792500000000004,,53.439946312721375,178.7795998423649,0.6,4.326138428107942,-4.308038065843618
2025,Catalunya,1,Permanent,Williams,84.91910989010988,86.39124658119658,312.0,60.0,10.0,1.0,9.0,13.0,6,1,0,-0.60654118533513,0.5700194805194799,,-15.32483333333333,30.417,,54.14222545612226,184.16005497523335,0.5604395604395604,6.741929066171923,1.4721366910867033
2025,Melbourne,1,Street,Williams,107.26575,98.40656874999999,329.0,27.166666666666668,4.0,6.0,-2.0,9.333333333333334,0,1,0,,-3.0786454545454567,,,-42.137000000000015,,51.40597679610708,178.2575642023152,0.8571428571428571,1.5294310344827584,-8.859181250000006
2025,Shanghai,2,Permanent,Alpine,98.56094545454543,98.53191071428571,346.0,27.75,2.0,4.0,-2.0,27.5,0,2,2,,0.2636537878787868,-0.0990772054494996,,3.961500000000001,-18.328499999999995,63.81853497860484,196.88079784544627,0.7454545454545455,1.5657293478260867,-0.02903474025971775
2025,Shanghai,2,Permanent,Aston Martin,99.2827068965517,101.35741311697093,339.0,37.0,8.0,1.0,7.0,19.333333333333332,0,2,1,,10.231501127819548,-0.0184142857142853,,11.997000000000007,2.945999999999998,60.40176337796891,195.57772731125172,0.5862068965517241,3.1913436507936503,2.0747062204192304
2025,Shanghai,2,Permanent,Ferrari,97.78262727272727,97.61484562596968,351.0,23.2,1.0,7.0,-6.0,22.0,0,2,3,,0.20735309690309864,-0.17728961663614365,,4.943000000000005,-16.308666666666667,63.841929182189574,197.8614658342593,0.6090909090909091,4.320648757564643,-0.16778164675758944
2025,Shanghai,2,Permanent,Haas,98.26187272727273,97.13444000000001,346.0,25.5,2.0,5.0,-3.0,27.5,0,2,2,,0.08053134459163554,-0.0494797729806422,,-6.507,-7.747000000000007,61.552213601275355,197.5507189219723,0.6727272727272727,3.221341111111111,-1.1274327272727191
2025,Shanghai,2,Permanent,McLaren,97.47443636363637,107.33603882195449,341.0,29.75,7.0,2.0,5.0,27.5,0,2,2,,0.19386318681318848,-0.09701964994732964,,5.315500000000007,-18.417499999999997,59.82094772491705,198.59654876354907,0.7454545454545455,1.263904326364692,9.861602458318117
2025,Shanghai,2,Permanent,Mercedes,97.9237,96.41595607235142,346.0,29.0,2.0,3.0,-1.0,27.5,0,2,2,,0.26892497502497725,-0.11348286888003406,,5.753000000000007,-19.644999999999996,61.94244721978425,197.74128533997936,0.7272727272727273,2.384389568764569,-1.5077439276485762
2025,Shanghai,2,Permanent,RB,99.12464220183486,103.92764925373135,344.0,16.428571428571427,5.0,9.0,-4.0,15.571428571428571,0,3,4,,-0.6429621212121187,-0.23494363495200232,,-9.694666666666663,-13.091249999999999,61.58627788052127,195.2755646513841,0.7431192660550459,3.479724021940792,4.803007051896486
2025,Shanghai,2,Permanent,Red Bull,98.15161818181818,97.53076920122886,342.0,22.8,6.0,8.0,-2.0,22.0,0,2,3,,-0.1515279720279712,-0.047206138211234205,,-4.450000000000004,-11.258666666666665,60.380554805970725,197.45616882045732,0.4818181818181818,3.268360794836718,-0.6208489805893151
2025,Shanghai,2,Permanent,Sauber,99.14335185185185,99.06891302111617,337.0,11.0,10.0,10.0,0.0,27.0,0,1,3,,0.145459649122809,-0.07221045726867208,,5.340000000000003,-16.281333333333333,60.54030057566483,196.05267309044655,0.15740740740740733,10.222969626652837,-0.07443883073567292
2025,Shanghai,2,Permanent,Williams,98.45613636363636,98.0826642287234,339.0,24.5,8.0,6.0,2.0,27.5,0,2,2,,0.10107834107327306,-0.12457291109791055,,5.333999999999996,-20.380499999999998,59.73682995810007,196.241449995193,0.7090909090909091,2.269597271423752,-0.3734721349129586
2025,Suzuka,3,Permanent,Alpine,94.13147115384615,94.18490638079444,333.0,32.25,7.0,2.0,5.0,26.0,1,1,2,-0.0203978021978044,0.012952569169958,-0.1627702394113479,0.4060000000000059,1.0429999999999922,-24.2735,71.33963540977032,220.7051334493056,0.6057692307692307,3.639247311494629,0.05343522694829517
2025,Suzuka,3,Permanent,Aston Martin,94.33084466019417,94.2495457493895,334.0,25.2,6.0,10.0,-4.0,20.6,1,2,2,0.0668452380952393,-0.1162477413890465,-0.24558349753694536,0.9299999999999926,-9.728000000000003,-21.744999999999997,67.62960032220391,220.49740566682328,0.3883495145631068,6.849593587621773,-0.08129891080467644
2025,Suzuka,3,Permanent,Ferrari,93.28456730769231,93.23596268315019,333.0,32.0,7.0,4.0,3.0,26.0,0,2,2,,-0.1164904009034444,-0.0895681881383359,,-9.818499999999993,-10.4775,73.55847024606209,223.1228863649359,0.47115384615384615,4.465212319621439,-0.04860462454212211
2025,Suzuka,3,Permanent,Haas,94.09514423076925,94.25770192307692,338.0,30.75,3.0,8.0,-5.0,26.0,0,2,2,,-0.13797193675889335,-0.10932196190211245,,-10.518,-11.408499999999997,71.29697878743326,221.31120193261128,0.6442307692307693,2.8480951298701296,0.16255769230767214
2025,Suzuka,3,Permanent,McLaren,92.93533653846156,105.91913461538462,335.0,32.0,5.0,4.0,1.0,26.0,0,2,2,,-0.00979248120300665,-0.16570711143694875,,1.1809999999999974,-22.684999999999995,67.8774073437064,223.8570364014123,0.9807692307692307,1.466373547979798,12.983798076923065
2025,Suzuka,3,Permanent,Mercedes,93.20239423076922,92.90666119909503,330.0,32.75,10.0,1.0,9.0,26.0,0,2,2,,-0.00687818812555205,-0.23526611087122565,,1.2449999999999974,-22.656000000000006,71.08399769143469,222.9186086036804,0.6442307692307693,2.6264273395721927,-0.29573303167418885
2025,Suzuka,3,Permanent,RB,93.94660576923076,95.74412788241506,338.0,32.0,3.0,4.0,-1.0,26.0,1,2,1,-0.2829037593984965,-0.01692342088486455,-0.2402359058565914,-20.99300000000001,0.7985000000000042,-24.086,70.14116623661666,221.4118446129731,0.5480769230769231,4.1281055803571425,1.7975221131843
2025,Suzuka,3,Permanent,Red Bull,93.41134615384618,100.95895238095238,333.0,32.25,7.0,2.0,5.0,26.0,0,2,2,,0.0025024176052778502,-0.17801784116189706,,0.7985000000000042,-22.5105,68.50344605575411,222.68384294490568,0.9423076923076923,0.820103273809524,7.5476062271062005
2025,Suzuka,3,Permanent,Sauber,94.318,114.68399999999998,343.0,31.5,1.0,7.0,-6.0,26.0,0,2,2,,-0.158606832298137,-0.09224666991101481,,-11.060499999999998,-10.584000000000003,68.68816144461438,220.50374044561033,0.9903846153846154,1.3143612414467252,20.365999999999985
2025,Suzuka,3,Permanent,Williams,93.87951923076925,93.34748645104895,341.0,30.5,2.0,9.0,-7.0,26.0,1,2,1,-0.3066872180451135,-0.00794746111181945,-0.2393133004926103,-21.72,0.7450000000000045,-24.602000000000004,68.08227383969178,221.12680904048372,0.6826923076923077,2.771648074580222,-0.5320327797202964
2025,Sakhir,4,Permanent,Alpine,101.43264285714284,105.21866516290726,332.0,18.5,9.0,4.0,5.0,18.666666666666668,2,2,2,0.4962630952380939,-0.21950567595459056,-0.6741354679802964,5.25500000000001,-16.433999999999997,-18.442,62.39495082478718,190.35538979137814,0.7053571428571429,2.264926274618539,3.786022305764419
2025,Sakhir,4,Permanent,Aston Martin,101.69709821428572,102.78704160206719,335.0,18.666666666666668,7.0,2.0,5.0,18.666666666666668,1,3,2,0.1721363636363619,0.18083360607401086,-0.8037923076923078,2.584000000000003,8.036999999999997,-53.2985,58.684938278155236,189.84428523589895,0.7678571428571429,2.0173797474747475,1.0899433877814744
2025,Sakhir,4,Permanent,Ferrari,101.07716071428571,98.85984455605158,337.0,17.0,5.0,8.0,-3.0,18.666666666666668,0,4,2,,0.002033455882354502,-1.1682346153846166,,-0.5737500000000004,-56.77649999999999,63.657709690701914,191.40719228306597,0.5357142857142857,2.8909429761904764,-2.2173161582341265
2025,Sakhir,4,Permanent,Haas,101.40783928571429,100.53691413043478,337.0,18.0,5.0,5.0,0.0,18.666666666666668,3,1,2,-0.08986095238095419,-0.1805789473684166,-0.17680815112767131,-14.691000000000003,-15.754999999999995,-4.851999999999998,60.97440628205552,190.6008692486523,0.75,2.144455383226708,-0.8709251552795081
2025,Sakhir,4,Permanent,McLaren,100.85737499999998,103.71984615384616,331.0,19.0,10.0,1.0,9.0,18.666666666666668,2,4,0,0.23809716117216034,-0.7351518851171711,,3.714500000000001,-37.3145,,59.26063750649387,191.7983713588658,0.8928571428571429,0.7423670033670035,2.8624711538461867
2025,Sakhir,4,Permanent,Mercedes,101.245,111.40561326530612,341.0,15.714285714285714,2.0,9.0,-7.0,16.0,5,2,0,-0.06354146853146872,-0.25341058897242835,,-19.546399999999995,-12.121999999999993,,63.99729543053291,185.5985112881106,0.6517857142857143,2.553990438433747,10.160613265306111
2025,Sakhir,4,Permanent,RB,101.50034821428572,103.87399363595905,339.0,17.833333333333332,3.0,6.0,-3.0,18.666666666666668,2,2,2,-0.11023846153845851,0.010081787777439705,-0.22083857488548903,-24.8395,-6.4310000000000045,-5.598000000000013,60.86387240896163,190.14617243484187,0.7589285714285714,1.9201979630675285,2.3736454216733307
2025,Sakhir,4,Permanent,Red Bull,101.33494642857143,97.85373255813955,335.0,18.666666666666668,7.0,2.0,5.0,18.666666666666668,3,2,1,-0.06786477078477106,-0.205603608085463,-0.302707352941175,-14.898333333333332,-9.782999999999994,-17.430000000000007,59.34808095326242,190.13339399886283,0.9107142857142857,1.2311965277777777,-3.4812138704318727
2025,Sakhir,4,Permanent,Sauber,101.6109375,111.28802000000002,342.0,17.333333333333332,1.0,7.0,-6.0,18.666666666666668,1,4,1,0.378199999999985,-0.31448411549276617,0.2690192982456169,1.323999999999998,-21.361250000000002,13.583000000000013,59.894947337143265,190.2509702099093,0.7321428571428571,2.071623045518708,9.677082500000012
2025,Sakhir,4,Permanent,Williams,102.35418000000001,105.53356470588237,338.0,14.0,4.0,10.0,-6.0,14.285714285714286,3,2,2,0.13787866300366372,-0.34124739303008766,-1.5125306149732587,2.428000000000002,-23.347,-19.91000000000001,58.40828157459161,188.33732195359408,0.87,6.833414346764347,3.179384705882356
2025,Jeddah,5,Street,Alpine,98.7008125,96.10316666666667,336.0,0.0,8.0,10.0,-2.0,24.0,0,0,2,,,-0.5238326810562933,,,-41.411,69.50001758194117,222.2206101752946,0.6875,4.969384250474384,-2.597645833333331
2025,Jeddah,5,Street,Aston Martin,98.25774226804123,95.51998051433101,340.0,19.25,2.0,7.0,-5.0,24.25,0,2,2,,-1.5358189698845996,-0.3480846411074137,,-41.03,-40.094,70.36979779190499,223.40743791844946,0.6494845360824743,3.3042129362384456,-2.737761753710217
2025,Jeddah,5,Street,Ferrari,97.14646938775509,94.39059557599357,340.0,24.25,2.0,2.0,0.0,24.5,0,2,2,,-1.326720354108659,-0.2107605117105124,,-67.17,-18.141,73.42351311081543,226.69217944893984,0.5714285714285714,3.3257091086301616,-2.755873811761518
2025,Jeddah,5,Street,Haas,98.15188775510202,96.3009739229025,340.0,12.0,2.0,8.0,-6.0,32.666666666666664,0,1,2,,-2.3734142156862763,-0.24805902963971468,,-62.391000000000005,-40.159,70.67542620403779,224.23942996199074,0.8061224489795918,2.08874374077588,-1.8509138321995238
2025,Jeddah,5,Street,McLaren,96.75206122448981,93.49981846590909,339.0,22.75,5.0,4.0,1.0,24.5,0,2,2,,-1.4064994324045383,-0.4565725245816793,,-42.56750000000001,-42.433499999999995,70.65889600765608,227.10325733255618,0.6836734693877551,2.016147474747475,-3.2522427585807208
2025,Jeddah,5,Street,Mercedes,97.3373163265306,94.17975977891157,335.0,24.5,9.0,1.0,8.0,24.5,0,2,2,,-2.243263157894734,-0.12032711345940085,,-66.332,-18.003,70.80715726168691,225.8337332265775,0.35714285714285715,5.330648427102238,-3.1575565476190235
2025,Jeddah,5,Street,RB,97.80563265306124,97.69446428571429,343.0,21.5,1.0,6.0,-5.0,24.5,0,2,2,,-1.1743703689370462,-0.4556045583922696,,-40.170500000000004,-41.32300000000001,70.76172772766293,224.87905228257043,0.7142857142857143,2.210631743421053,-0.11116836734694857
2025,Jeddah,5,Street,Red Bull,96.86497959183673,92.78776000000002,331.0,24.0,10.0,3.0,7.0,24.5,0,1,1,,-2.013122556390979,-0.187051724137933,,-68.4,-23.37899999999999,72.27451866510236,227.41658720558203,0.4897959183673469,1.9698275862068964,-4.077219591836709
2025,Jeddah,5,Street,Sauber,98.54510416666665,95.78273851495726,339.0,12.0,5.0,8.0,-3.0,32.0,0,1,2,,-0.2295161764705852,-0.5284071549620345,,-11.221999999999994,-64.76249999999999,69.16676919201704,223.3177976065016,0.6666666666666666,3.305658333333333,-2.7623656517093877
2025,Jeddah,5,Street,Williams,97.89709183673466,95.6284824489796,339.0,22.0,5.0,5.0,0.0,24.5,0,2,2,,-1.7747445317840065,-0.18038092501368375,,-64.9245,-21.6545,68.11239720936233,224.11754879733613,0.7142857142857143,4.761201724137932,-2.2686093877550633
2025,Imola,7,Permanent,Alpine,87.68366129032256,90.42294444444444,333.0,26.0,10.0,3.0,7.0,20.666666666666668,0,1,2,,0.0957142857142871,0.1025696232560003,,3.628,-19.1865,63.900813336637455,200.58889480961653,0.7419354838709677,2.1609740196078433,2.7392831541218783
2025,Imola,7,Permanent,Aston Martin,87.68164516129033,89.09716938461537,349.0,25.333333333333332,1.0,6.0,-5.0,20.666666666666668,0,4,2,,-1.2165226926260015,0.10606965517878825,,-18.697000000000003,10.7395,60.660214084011834,200.56923954120936,0.7419354838709677,1.8230904964935444,1.4155242233250362
2025,Imola,7,Permanent,Ferrari,87.44335483870968,90.45019958202717,347.0,21.833333333333332,3.0,8.0,-5.0,20.666666666666668,0,2,4,,-0.126851470588238,-0.777404466985467,,-10.680499999999993,-19.855,64.69701790632952,201.55098020845645,0.7580645161290323,2.5016719597195607,3.0068447433174867
2025,Imola,7,Permanent,Haas,86.36129545454546,86.79345688216313,347.0,12.75,3.0,10.0,-7.0,22.0,0,1,3,,-44.46299999999999,-0.05281261231260487,,-44.462999999999994,-15.567333333333337,65.54458492847641,204.5296568533167,0.5113636363636364,9.705599759615385,0.43216142761767173
2025,Imola,7,Permanent,McLaren,87.38460483870966,86.35649595963385,336.0,25.666666666666668,8.0,5.0,3.0,20.666666666666668,0,2,4,,0.10835511710511675,-1.0698048348226852,,4.484999999999999,-23.734999999999996,60.89706956046068,201.66953295987176,0.43548387096774194,6.4818201479665944,-1.0281088790758162
2025,Imola,7,Permanent,Mercedes,86.00452380952382,86.82972183622829,344.0,30.2,5.0,1.0,4.0,21.0,0,2,3,,-0.44210757575757165,0.1029250634577114,,-22.025999999999996,-8.151666666666676,63.66344656749511,204.33789682262653,0.8095238095238095,2.2212588328664795,0.8251980267044701
2025,Imola,7,Permanent,RB,87.60084677419354,98.89354528985508,349.0,24.333333333333332,1.0,7.0,-6.0,20.666666666666668,0,2,4,,0.17067023809523763,-0.8505622129354128,,12.904500000000006,-25.984750000000005,63.78590593059513,200.8877258977679,0.7903225806451613,2.291259859206841,11.292698515661542
2025,Imola,7,Permanent,Red Bull,87.3773870967742,85.8044677419355,340.0,29.2,6.0,2.0,4.0,24.8,0,2,3,,0.03714489651660135,-1.7315037294611317,,-18.937500000000007,-21.961666666666662,61.33057431182884,201.7325041505571,0.9435483870967742,0.6090814814814814,-1.572919354838703
2025,Imola,7,Permanent,Sauber,87.68479032258065,86.73629398656898,340.0,20.333333333333332,6.0,9.0,-3.0,20.666666666666668,0,3,3,,-0.7428657966216772,0.16145218777166073,,-27.809,8.963666666666663,63.376310931270076,201.0721401940549,0.7741935483870968,2.2749751082251084,-0.9484963360116723
2025,Imola,7,Permanent,Williams,87.52342741935483,88.10309986772488,336.0,25.833333333333332,8.0,4.0,4.0,20.666666666666668,0,2,4,,0.2809691247449899,-0.8718966572514157,,13.419000000000006,-25.683750000000003,60.90975444140392,200.83345270465514,0.6612903225806451,3.170660930205416,0.5796724483700473
2025,Monte Carlo,10,Street,Alpine,80.73785185185186,78.76266326530612,332.0,37.25,10.0,1.0,9.0,20.25,0,3,1,,-2.634485791855206,-2.8113363636363617,,-22.852333333333334,-31.067000000000007,63.179175693115894,194.8447050113962,0.8641975308641975,1.4098254490607434,-1.975188586545741
2025,Montreal,10,Street,Alpine,79.83220588235294,77.99918905472637,345.0,35.9,1.0,2.0,-1.0,13.6,0,5,5,,2.3236317682317607,3.1757660332963367,,-1.080600000000004,-1.1335999999999982,64.65522681298319,196.66718183637022,0.8308823529411765,2.141748453996983,-1.8330168276265653
2025,Monte Carlo,10,Street,Aston Martin,80.22718181818182,77.19935171745152,340.0,21.2,5.0,7.0,-2.0,22.0,0,1,4,,-0.6084505494505462,-1.0778861019242074,,-19.581000000000003,-24.4145,61.942626641631165,194.03525478422776,0.6454545454545455,5.513223066012002,-3.0278301007302986
2025,Montreal,10,Street,Aston Martin,79.33195620437957,78.2192337758112,340.0,29.0,6.0,7.0,-1.0,10.538461538461538,3,2,8,4.571999999999986,-0.2958043956043944,-1.2693666876184686,4.571999999999998,-12.844999999999992,-8.044624999999998,63.59694455572088,196.8828469727065,0.656934306569343,12.62895562461043,-1.112722428568361
2025,Monte Carlo,10,Street,Ferrari,77.58647402597404,76.78712126762127,337.0,16.0,8.0,8.0,0.0,25.666666666666668,0,3,3,,-0.5328192609469982,-0.7186763135741469,,-20.57400000000001,-23.115333333333336,65.57535147398447,196.712753864254,0.4025974025974026,10.688352654356303,-0.799352758352768
2025,Montreal,10,Street,Ferrari,78.75728985507247,78.01562654554118,337.0,33.0,9.0,3.0,6.0,11.5,0,5,7,,2.33984505494505,2.488927826419619,,-0.7747999999999962,-4.009714285714283,66.72903771092449,199.36819440376473,0.3115942028985507,14.661849886224887,-0.7416633095312903
2025,Monte Carlo,10,Street,Haas,79.1956953642384,78.40870115894039,343.0,32.0,2.0,3.0,-1.0,30.2,0,3,2,,-0.9876413027742843,-0.6808413295318108,,-24.608999999999998,-23.636999999999993,64.46256679043412,194.93161723855653,0.7814569536423841,3.670796919600174,-0.786994205298015
2025,Montreal,10,Street,Haas,79.78288235294116,79.420138172043,343.0,27.8,3.0,8.0,-5.0,13.6,3,5,2,5.053333333333323,0.1851030392156862,-0.0475652589178795,5.053333333333332,-3.3301999999999956,-11.160999999999994,65.2843436824691,197.02527393264307,0.5661764705882353,15.11368808080808,-0.3627441808981615
2025,Monte Carlo,10,Street,McLaren,77.28482467532469,76.06174360353438,339.0,9.333333333333334,7.0,9.0,-2.0,25.666666666666668,0,2,4,,-1.5922518059855513,-0.12418343938150032,,-30.385499999999993,-17.219500000000004,64.48430277405754,200.93287054425477,0.5714285714285714,3.1375339346775664,-1.223081071790304
2025,Montreal,10,Street,McLaren,77.48199253731343,77.53960155490769,339.0,20.22222222222222,8.0,10.0,-2.0,14.88888888888889,3,2,4,-0.14833333333334256,-0.15320527790063504,-0.18328398639157747,-0.1483333333333358,-8.515500000000003,-12.67725,65.35997581242819,202.1383944020953,0.7611940298507462,3.391336465918075,0.057609017594259626
2025,Monte Carlo,10,Street,Mercedes,80.00765771812081,78.2810651781105,335.0,26.0,9.0,5.0,4.0,24.833333333333332,0,2,4,,-7.5456660714285775,-1.4028736434395301,,-14.534,-26.306,64.77115703815136,195.5293065839221,0.6912751677852349,9.035506368159204,-1.7265925400103157
2025,Montreal,10,Street,Mercedes,78.70448550724637,80.3145033991228,335.0,32.583333333333336,10.0,4.0,6.0,11.5,0,2,10,,0.05704895104895215,0.5581469694218786,,0.7120000000000033,-6.220199999999998,66.45156649015614,199.27007918530126,0.7898550724637681,1.373207203065134,1.6100178918764243
2025,Monte Carlo,10,Street,RB,79.08831578947368,77.78055725134882,341.0,28.333333333333332,3.0,4.0,-1.0,25.333333333333332,2,2,2,-2.578825000000002,-1.6899947139067808,-0.030735918596412698,-17.715500000000006,-32.6525,-16.1815,62.83677478483857,196.3826870718549,0.2894736842105263,15.340657088444393,-1.3077585381248582
2025,Montreal,10,Street,RB,79.12613333333334,79.08230238095238,341.0,25.142857142857142,4.0,9.0,-5.0,17.142857142857142,3,2,2,4.737999999999999,-0.20683729946523902,-0.029825754875754402,4.738,-7.68249999999999,-10.229000000000006,63.375594118594016,197.41989997116144,0.8166666666666667,4.031744657296882,-0.04383095238095791
2025,Monte Carlo,10,Street,Red Bull,78.70138815789475,79.63241416040101,341.0,0.0,3.0,10.0,-7.0,30.4,1,2,2,-15.561999999999998,-2.647263520408172,-0.47429035073690146,-15.561999999999998,-16.1115,-31.775500000000008,62.350916476047466,196.1926258060852,0.875,3.7788038062661684,0.9310260025062576
2025,Montreal,10,Street,Red Bull,79.24946715328466,78.69052699751862,341.0,32.54545454545455,4.0,5.0,-1.0,12.454545454545455,0,5,6,,2.9078315151515155,0.4279565796275037,,-0.4894000000000034,-5.842833333333331,63.31412827419701,198.2666345288757,0.6277372262773723,3.1599885382561244,-0.5589401557660381
2025,Monte Carlo,10,Street,Sauber,79.79534666666666,78.41975847020626,344.0,33.666666666666664,1.0,2.0,-1.0,25.0,2,2,2,-0.5654289772727321,-1.6866865628982448,-0.3320762989289803,-16.786,-25.689999999999998,-25.297499999999992,64.333104462124,195.74400628262887,0.7066666666666667,2.865417567235502,-1.3755881964603986
2025,Montreal,10,Street,Sauber,79.34317518248174,77.43352959207459,344.0,39.18181818181818,2.0,1.0,1.0,12.454545454545455,0,5,6,,2.902936274509801,-1.3998537812210943,,-0.3973999999999986,-4.878000000000003,64.84455825404896,197.3625287168809,0.635036496350365,2.961029468653999,-1.9096455904071519
2025,Monte Carlo,10,Street,Williams,79.40596666666669,77.93210246011448,340.0,25.5,5.0,6.0,-1.0,25.0,0,4,2,,-1.7490948407075233,-0.2562971787357733,,-21.8695,-26.7365,60.83981253996336,194.5423837333336,0.5333333333333333,10.973909735278758,-1.4738642065522072
2025,Montreal,10,Street,Williams,79.0906017699115,78.16834555555556,340.0,29.142857142857142,6.0,6.0,0.0,16.142857142857142,0,5,2,,-0.01089103896104664,-0.0889623185268808,,-3.3892000000000024,-8.6205,62.757434348618524,197.58845802387245,0.8672566371681416,1.1761428571428572,-0.9222562143559401
2025,Spielberg,11,Permanent,Alpine,72.92667647058825,72.15399255981646,323.0,12.666666666666666,8.0,7.0,1.0,22.666666666666668,2,2,2,-2.571241608391606,-0.06578722842569776,-0.0747449751385678,-32.6385,-15.842500000000001,-15.665500000000002,67.30530640608475,212.27036857828745,0.5735294117647058,2.749704786575432,-0.7726839107717893
2025,Spielberg,11,Permanent,Aston Martin,72.60736029411764,72.15694513574661,323.0,15.8,8.0,3.0,5.0,27.2,1,2,2,-0.3665735294117661,-0.41924352413715327,-0.0739915123915123,-16.736000000000004,-30.929499999999997,-15.067500000000003,64.08646792933567,212.8221344972562,0.7132352941176471,2.979192035842294,-0.45041515837102963
2025,Spielberg,11,Permanent,Ferrari,71.83539130434784,70.54716813354457,324.0,13.666666666666666,7.0,4.0,3.0,23.0,0,4,2,,-0.44317583486307693,-0.13282608695651998,,-26.726000000000003,-13.274499999999996,68.70196459836315,215.6242425576215,0.18115942028985507,8.180681504485852,-1.2882231708032634
2025,Spielberg,11,Permanent,Haas,72.56625,71.72312214663643,325.0,13.0,6.0,6.0,0.0,22.666666666666668,1,2,3,-3.226333333333331,-0.5613312167745149,-0.1469135715788039,-32.60300000000001,-25.079,-15.431333333333328,68.30823142168268,213.28377896048164,0.6323529411764706,2.732125896506499,-0.8431278533635691
2025,Spielberg,11,Permanent,McLaren,71.5834347826087,74.42498169642857,330.0,13.5,1.0,5.0,-4.0,23.0,0,4,2,,-0.6172628142119121,-0.0730672820088698,,-27.860750000000003,-14.576999999999998,66.198978008366,216.256600923879,0.7101449275362319,1.664019902936604,2.841546913819869
2025,Spielberg,11,Permanent,Mercedes,72.35365217391305,71.20043388685028,328.0,10.666666666666666,3.0,9.0,-6.0,23.0,0,2,1,,-0.7281229620053143,-0.1327684615384625,,-24.869,-17.019000000000005,65.86691546788495,213.7208561145516,0.3333333333333333,10.414781517094017,-1.1532182870627707
2025,Spielberg,11,Permanent,RB,72.47535766423357,77.87090304812111,327.0,16.4,4.0,2.0,2.0,27.4,1,2,2,0.0,-0.3042988837193282,-0.0497615695722246,0.0,-31.2085,-17.647999999999996,67.51642052382077,213.31396977489092,0.5255474452554745,3.1300662704730997,5.395545383887537
2025,Spielberg,11,Permanent,Red Bull,73.37916417910448,76.2358547368421,327.0,10.25,4.0,10.0,-6.0,16.75,1,2,1,-2.3318095238095213,-0.6081321089336724,-0.3129965034965014,-30.832000000000008,-27.646499999999996,-8.632000000000005,63.75830995046281,210.65611942858433,0.582089552238806,10.758383333333333,2.856690557737622
2025,Spielberg,11,Permanent,Sauber,72.38045588235293,74.24934457203696,329.0,11.833333333333334,2.0,8.0,-6.0,22.666666666666668,1,4,1,-2.4238909090909084,-0.3184706996913857,-0.2273902255639092,-29.832000000000008,-19.740750000000002,-17.964,68.01290360694766,213.98125425003676,0.5147058823529411,3.7678292824537833,1.8688886896840273
2025,Spielberg,11,Permanent,Williams,78.43221428571428,83.22999999999999,321.0,17.5,10.0,1.0,9.0,7.0,0,2,0,,-5.6381695804195875,,,-22.171,,58.085196664886794,197.18226932012348,0.8571428571428571,5.103791666666666,4.797785714285709
2025,Silverstone,12,Permanent,Alpine,113.46145098039214,115.13642156862745,335.0,15.333333333333334,3.0,7.0,-4.0,17.0,0,1,0,,-2.044990909090909,,,-34.745999999999995,,54.0444674751923,186.16025751957676,0.7058823529411765,1.9472111111111108,1.6749705882353112
2025,Silverstone,12,Permanent,Aston Martin,113.46323529411765,105.50765706242755,336.0,13.428571428571429,2.0,9.0,-7.0,14.571428571428571,2,1,0,-5.4345363636363775,-1.9634821428571427,,-31.146500000000003,-44.05599999999998,,52.085875768727384,186.47121385059626,0.5784313725490197,4.072573487265422,-7.955578231690097
2025,Silverstone,12,Permanent,Ferrari,113.28386274509802,104.39678725490195,332.0,15.333333333333334,5.0,7.0,-2.0,17.0,2,1,0,-2.6402969696969674,-4.6389833333333526,,-43.765499999999996,-37.776,,56.156745918266914,186.47275969110567,0.6568627450980392,3.7046547769360267,-8.887075490196068
2025,Silverstone,12,Permanent,Haas,113.43017647058822,124.05410622710623,346.0,12.5,1.0,10.0,-9.0,17.0,0,2,1,,-2.298862121212119,-4.415850000000017,,-36.919500000000006,-33.912000000000006,53.61776169559793,186.32769089929428,0.9215686274509803,1.5581251022240112,10.62392975651801
2025,Silverstone,12,Permanent,McLaren,112.38756862745099,107.10014743589741,319.0,15.5,9.0,6.0,3.0,17.0,0,2,0,,-2.597659523809523,,,-32.276999999999994,,53.26112167292447,188.12797802367103,0.7745098039215687,2.2359859322390574,-5.287421191553577
2025,Silverstone,12,Permanent,Mercedes,118.67606849315068,117.19691493055555,332.0,16.857142857142858,5.0,4.0,1.0,10.428571428571429,0,0,3,,,-4.41296452991454,,,-44.78566666666666,50.58882915896399,178.78636770350258,0.6712328767123288,3.6723196763553907,-1.4791535625951298
2025,Silverstone,12,Permanent,RB,126.8885,113.87971875,316.0,27.0,10.0,2.0,8.0,8.0,0,1,0,,-4.576450000000016,,,-36.024,,47.005839069600654,166.53925034496058,0.6875,2.438587301587302,-13.008781249999998
2025,Silverstone,12,Permanent,Red Bull,114.27508910891085,107.04030675596974,332.0,15.666666666666666,5.0,5.0,0.0,16.833333333333332,0,2,0,,-2.8930393939393895,,,-44.44800000000001,,50.50811154235386,184.89159297536452,0.5643564356435643,9.099713636363637,-7.23478235294111
2025,Silverstone,12,Permanent,Sauber,113.79141509433961,101.38137209302324,325.0,27.75,8.0,1.0,7.0,13.25,0,2,0,,-1.7896939393939448,,,-15.606499999999995,,54.16731479762389,186.61504321837594,0.6415094339622641,9.743479734848485,-12.410043001316367
2025,Silverstone,12,Permanent,Williams,113.61532352941174,114.37716243386244,334.0,17.166666666666668,4.0,3.0,1.0,17.0,0,2,0,,-2.2806166666666634,,,-33.569500000000005,,51.18914108380156,185.7929472687939,0.8137254901960784,2.2527328282828285,0.7618389044506984
2025,Spa-Francorchamps,13,Permanent,Alpine,116.29394186046513,114.36625129198967,348.0,19.25,3.0,7.0,-4.0,21.5,0,4,0,,-2.760209628902881,,,-34.64925000000001,,66.57809951978426,216.54954510040324,0.5232558139534884,3.367561789772727,-1.9276905684754553
2025,Spa-Francorchamps,13,Permanent,Aston Martin,116.10653488372094,121.45723047619047,349.0,17.75,2.0,10.0,-8.0,21.5,0,4,0,,-2.657438806350982,,,-33.939499999999995,,65.73655706036767,216.66273844579433,0.7325581395348837,1.7336507102272727,5.350695592469535
2025,Spa-Francorchamps,13,Permanent,Ferrari,115.1616046511628,115.69936595925296,345.0,18.25,5.0,9.0,-4.0,21.5,0,4,0,,-2.852778617352364,,,-35.876999999999995,,68.85333444643656,219.24322899593108,0.5581395348837209,4.0625105587121215,0.537761308090154
2025,Spa-Francorchamps,13,Permanent,Haas,116.28977906976742,115.58067345679012,346.0,20.25,4.0,4.0,0.0,21.5,0,4,0,,-2.467348265847053,,,-35.0705,,66.8727026584172,216.793062741023,0.6162790697674418,2.846846613819648,-0.7091056129772966
2025,Spa-Francorchamps,13,Permanent,McLaren,114.86558139534884,118.94773015873017,326.0,23.25,10.0,2.0,8.0,21.5,0,2,2,,-2.894073643695011,-2.604192787051657,,-35.46650000000001,-37.72249999999999,66.63727659370647,220.06028315465187,0.627906976744186,2.302377497250733,4.082148763381326
2025,Spa-Francorchamps,13,Permanent,Mercedes,115.77534883720931,115.68552525252525,356.0,18.5,1.0,8.0,-7.0,21.5,0,4,0,,-2.561368804985336,,,-34.51175,,66.88859005485484,217.9470379544724,0.6976744186046512,2.640971590909091,-0.08982358468405494
2025,Spa-Francorchamps,13,Permanent,RB,116.64634117647059,119.20976285963384,334.0,24.5,9.0,1.0,8.0,21.25,0,3,1,,-3.2676899249943574,-0.2732420467185766,,-39.900666666666666,-24.71299999999999,68.4886340730924,216.30519060332549,0.3764705882352941,5.854958219043887,2.5634216831632557
2025,Spa-Francorchamps,13,Permanent,Red Bull,115.77431395348837,118.33620930232559,341.0,20.5,8.0,3.0,5.0,21.5,0,4,0,,-2.5658055831265507,,,-36.59824999999999,,66.70583996661959,218.0390047452982,0.9302325581395349,1.4405556650171065,2.5618953488372114
2025,Spa-Francorchamps,13,Permanent,Sauber,115.92167441860467,107.33529846153846,344.0,19.75,6.0,6.0,0.0,21.5,0,4,0,,-2.7737851225130776,,,-34.145,,68.17725725352764,218.12392959414188,0.7325581395348837,1.8247052556818182,-8.58637595706621
2025,Spa-Francorchamps,13,Permanent,Williams,115.983,107.39210555555556,343.0,20.25,7.0,4.0,3.0,21.5,0,3,1,,-3.4490447702834772,-0.264974523460409,,-39.435,-28.520999999999987,67.51196350549434,217.1662507300899,0.6162790697674418,2.424211647727273,-8.590894444444444
2025,Hungaroring,14,Permanent,Alpine,83.39691176470588,84.76684946236558,322.0,29.6,7.0,8.0,-1.0,27.2,0,2,3,,-0.03153956403956515,-0.10972359625221996,,-7.918000000000006,-15.442666666666668,60.23907299820348,187.18496543774086,0.7647058823529411,2.6478402274597723,1.369937697659708
2025,Hungaroring,14,Permanent,Aston Martin,82.52775362318839,84.68346188942566,320.0,37.25,8.0,2.0,6.0,34.5,0,2,2,,-0.00050101695783025,-0.1405559183937502,,2.308500000000002,-19.2855,58.59570164683307,189.5292661991672,0.5217391304347826,9.46473541524718,2.1557082662372693
2025,Hungaroring,14,Permanent,Ferrari,82.53650364963505,82.23078478776127,323.0,29.8,6.0,7.0,-1.0,27.4,0,2,3,,-0.03806191666950395,-0.08047340522776007,,-8.784499999999994,-9.678333333333333,62.12382868511296,189.53466107718936,0.635036496350365,3.231261071105949,-0.3057188618737854
2025,Hungaroring,14,Permanent,Haas,83.63401739130435,83.38442039748024,320.0,38.25,8.0,1.0,7.0,28.75,0,2,2,,0.00853770367563615,-0.08666263698461774,,1.2405000000000044,-15.041500000000001,59.37192380078296,186.68899474035624,0.6086956521739131,3.651096681894096,-0.24959699382411316
2025,Hungaroring,14,Permanent,McLaren,81.63057971014491,86.15079383579383,329.0,30.2,3.0,5.0,-2.0,27.6,0,2,3,,-0.00509349740452405,-0.10637099329520423,,1.5144999999999982,-17.13566666666667,60.227153402675455,191.67305456915875,0.8043478260869565,2.0712994174627117,4.52021412564892
2025,Hungaroring,14,Permanent,Mercedes,82.40226277372263,81.93358568610877,326.0,30.4,4.0,4.0,0.0,27.4,0,2,3,,-0.005639495798318,-0.11172907476630296,,1.1004999999999967,-18.230000000000004,60.209514816915835,189.6449684880437,0.4744525547445255,5.139951255109625,-0.4686770876138553
2025,Hungaroring,14,Permanent,RB,82.73752554744523,83.46692299270073,318.0,35.75,10.0,3.0,7.0,34.25,0,2,2,,-0.0035794399361249504,-0.10714869216904774,,0.23749999999999719,-18.9095,61.21311244209743,188.4484210103573,0.8540145985401459,1.7300861912393164,0.7293974452555005
2025,Hungaroring,14,Permanent,Red Bull,83.00689781021899,84.80901700444883,325.0,25.833333333333332,5.0,9.0,-4.0,22.833333333333332,1,2,3,-0.1968504901960765,0.008495072239424601,-0.11252121644718134,-15.528000000000006,2.118000000000002,-16.07100000000001,58.95184053220571,188.11171422837162,0.7226277372262774,3.137423376469807,1.8021191942298458
2025,Hungaroring,14,Permanent,Sauber,82.86759124087592,83.03853772543246,331.0,30.2,1.0,5.0,-4.0,27.4,1,3,1,0.4759999999999874,-0.0818678729646042,-0.1295501668520579,1.4949999999999903,-13.247,-18.461000000000013,60.830569297530936,189.0548190797439,0.5182481751824818,3.899935115995116,0.17094648455653783
2025,Hungaroring,14,Permanent,Williams,83.26430147058824,83.65571743119267,330.0,25.166666666666668,2.0,10.0,-8.0,22.666666666666668,2,2,2,0.0009950549450538,-0.17087352963610875,-0.07316404881263835,1.2660000000000051,-16.512999999999998,-17.205,59.2213566317142,187.42714174146928,0.7132352941176471,2.2679720860978922,0.3914159606044336
2025,Interlagos,15,Permanent,Alpine,78.45806716417911,78.95953623188407,338.0,28.5,5.0,6.0,-1.0,22.333333333333332,2,3,0,-1.5146319964349375,-0.48913251615628855,,-22.278000000000006,-25.230333333333334,,55.7568908434524,184.442412229217,0.9477611940298507,1.538646184127895,0.50146906770496
2025,Zandvoort,15,Permanent,Alpine,82.28652112676058,86.89761408450703,338.0,22.166666666666668,5.0,6.0,-1.0,23.666666666666668,2,2,2,-3.9273406125608203,-1.0959619510923866,-0.08557663483575184,-19.308499999999995,2.154499999999997,-11.893,56.06251617012554,185.31329072221035,0.8873239436619719,1.5215701189566735,4.61109295774645
2025,Interlagos,15,Permanent,Aston Martin,78.64526119402986,77.52987157071783,339.0,20.333333333333332,4.0,8.0,-4.0,22.333333333333332,0,4,2,,-0.20867726183024168,-1.1863736053218807,,-15.626750000000001,-33.793,54.80374571482962,185.37823828260542,0.664179104477612,2.7208505289808236,-1.1153896233120264
2025,Zandvoort,15,Permanent,Aston Martin,82.15983098591549,84.46709371884347,339.0,24.333333333333332,4.0,4.0,0.0,23.666666666666668,0,2,4,,0.12970763305321809,-0.34484770124631614,,2.1370000000000005,-20.043999999999997,55.175299693118326,186.03685490639634,0.6830985915492958,2.3227614034250066,2.307262732927981
2025,Interlagos,15,Permanent,Ferrari,85.6071,92.61656734693878,329.0,65.75,9.0,1.0,8.0,8.0,1,3,1,0.0,0.508282180942549,-3.2688776223776213,0.0,-3.7776666666666663,-40.396,62.01034409457965,198.4848106001013,0.5,6.532238888888889,7.009467346938777
2025,Zandvoort,15,Permanent,Ferrari,78.02444444444444,105.46233333333332,331.0,54.0,9.0,1.0,8.0,24.0,0,2,1,,0.032066883116884104,-0.8112362625139052,,1.2320000000000064,-35.11699999999999,61.76020153792365,195.5407795370385,0.9583333333333334,1.2207539682539685,27.437888888888878
2025,Interlagos,15,Permanent,Haas,78.40350000000001,75.0515648005148,340.0,41.666666666666664,3.0,2.0,1.0,22.333333333333332,1,4,1,-2.7382544117647054,-0.10335447608198266,-3.214500000000018,-29.24900000000001,-15.118750000000006,-18.423999999999992,56.30908478809606,185.02976272142791,0.5074626865671642,3.730758330331587,-3.3519351994852116
2025,Zandvoort,15,Permanent,Haas,82.14214084507043,93.05706181693988,340.0,20.0,3.0,8.0,-5.0,35.5,0,2,2,,-0.8942427318295714,-0.0025518219072822486,,-43.147999999999996,14.300999999999995,56.776082394624446,185.98684562919266,0.8943661971830986,1.8293859659045808,10.91492097186945
2025,Interlagos,15,Permanent,McLaren,77.77577037037038,75.08283969002696,325.0,28.0,10.0,7.0,3.0,22.5,1,4,0,-0.2757034313725497,-0.5677552356119061,,-14.913000000000013,-21.18325,,54.56102036763465,186.528657053845,0.6888888888888889,2.138600113214819,-2.692930680343423
2025,Zandvoort,15,Permanent,McLaren,81.48497014925374,108.03149206349207,325.0,24.833333333333332,10.0,3.0,7.0,22.333333333333332,0,2,4,,0.10534274421230991,-2.5348380405394586,,8.893499999999996,-48.330749999999995,55.305863323962576,188.21313752268952,0.8805970149253731,0.9894444444444446,26.546521914238326
2025,Interlagos,15,Permanent,Mercedes,78.14152272727273,75.28584877445786,336.0,28.666666666666668,6.0,5.0,1.0,22.0,2,4,0,-1.3185399863294585,-0.3401211731075825,,-18.375,-20.048250000000003,,55.39578256000776,184.96109327640528,0.5075757575757576,4.2592697518664915,-2.8556739528148682
2025,Zandvoort,15,Permanent,Mercedes,82.14460563380281,88.71784154929577,336.0,19.285714285714285,6.0,10.0,-4.0,20.285714285714285,3,2,2,4.663741520467836,0.23219424054206705,-0.6764532143298531,-23.63166666666666,19.0715,-32.3725,55.932196662476784,186.2563005428902,0.8028169014084507,3.1610259121830553,6.573235915492958
2025,Interlagos,15,Permanent,RB,78.51231343283582,75.97728109452737,334.0,35.0,8.0,3.0,5.0,26.8,2,3,0,-2.3970999742002057,-0.06647094723174986,,-27.225500000000004,-9.316333333333342,,56.741396742657074,184.5724520054696,0.6492537313432836,2.7703846411682953,-2.5350323383084543
2025,Zandvoort,15,Permanent,RB,82.21811267605634,93.36606345663266,334.0,20.714285714285715,8.0,7.0,1.0,20.285714285714285,3,2,2,-0.6853653364179663,0.2357377188029363,1.4456013904338127,-30.571,17.681000000000004,-11.250500000000002,57.3866492939904,186.28741198633188,0.7887323943661971,6.735418781043519,11.147950780576323
2025,Interlagos,15,Permanent,Red Bull,78.38383582089551,82.47227284089489,336.0,31.625,6.0,4.0,2.0,16.75,1,5,2,-0.2740588235294121,-0.47062600470650046,-2.214671428571438,-16.617999999999995,-25.6544,-6.475999999999999,54.895027730335954,185.01190540028279,0.5447761194029851,3.863951328233314,4.088437019999375
2025,Zandvoort,15,Permanent,Red Bull,82.18319014084507,88.13276919014086,336.0,23.333333333333332,6.0,5.0,1.0,23.666666666666668,4,1,1,-0.5192124423620059,-0.7287114571746379,-0.3313993888464471,-19.439500000000002,-31.132000000000005,10.269999999999996,55.28149226116354,186.06465578502625,0.6830985915492958,3.124099138443256,5.949579049295792
2025,Interlagos,15,Permanent,Sauber,78.62941791044777,75.77211940298506,342.0,0.0,1.0,10.0,-9.0,33.5,1,1,0,-0.0542987536656898,-0.7805974789915965,,-15.299999999999995,-35.74000000000001,,54.51434549299446,184.47592848582903,0.835820895522388,1.8358892857142857,-2.8572985074627155
2025,Zandvoort,15,Permanent,Sauber,82.29451408450704,97.55102116402118,342.0,25.166666666666668,1.0,2.0,-1.0,23.666666666666668,2,2,2,-0.11919398016843585,-0.32347410571884094,-0.1462101558302809,-6.8684999999999965,-20.749000000000002,-9.869500000000002,55.170073664593495,185.5447708705171,0.9154929577464789,1.3126960425052532,15.256507079514137
2025,Interlagos,15,Permanent,Williams,78.49387313432835,76.71153067993366,342.0,20.333333333333332,1.0,8.0,-7.0,22.333333333333332,2,3,0,-1.482883333333332,-0.3931655398523055,,-22.794000000000004,-21.630666666666666,,53.09679416433579,184.63609434416543,0.8880597014925373,1.678697134687208,-1.7823424543946942
2025,Zandvoort,15,Permanent,Williams,82.21660563380281,88.29960677466863,342.0,19.625,1.0,9.0,-8.0,17.75,4,2,2,-2.6396064430935224,0.2642173913043482,1.4166053948831958,-35.812250000000006,22.2575,-8.265,53.73731406921789,186.30150928493705,0.676056338028169,9.479331827437916,6.083001140865818
2025,Monza,16,Permanent,Alpine,84.62683333333334,84.08038527431174,350.0,30.5,10.0,1.0,9.0,25.5,1,1,2,-10.693999999999985,-0.0144215542521989,-0.18684221610256457,-21.38799999999999,1.7039999999999935,-10.661500000000004,76.63653451186502,244.55916132375557,0.5882352941176471,3.861474095394737,-0.5464480590215999
2025,Monza,16,Permanent,Aston Martin,85.29117567567567,97.03314285714285,358.0,29.75,6.0,2.0,4.0,18.5,1,1,2,-17.372999999999998,0.0011596491228129,0.3028467867998182,-34.74600000000001,2.539999999999992,1.8879999999999981,73.19014415384032,242.47332500729377,0.918918918918919,3.9566370614035087,11.741967181467174
2025,Monza,16,Permanent,Ferrari,83.58608653846156,83.27630515398064,365.0,28.0,1.0,5.0,-4.0,26.0,0,2,2,,-0.0357056508970777,-0.44304238721804623,,1.7600000000000051,-21.298500000000004,78.22741103758632,247.8612427555968,0.46153846153846156,4.994016920045046,-0.30978138448091386
2025,Monza,16,Permanent,Haas,84.41723300970874,83.8965582524272,363.0,28.25,2.0,4.0,-2.0,25.75,1,1,2,0.0,0.0381323529411757,-0.090151820728292,0.0,3.762000000000001,-10.57950000000001,76.55169205865516,245.40496547167479,0.6990291262135923,2.248625267857143,-0.5206747572815402
2025,Monza,16,Permanent,McLaren,83.40178846153846,83.3054407051282,354.0,27.25,9.0,6.0,3.0,26.0,2,2,0,-2.127154761904756,-0.0277348101847596,,-22.058000000000007,2.1240000000000023,,76.0793928268026,248.39106614363288,0.27884615384615385,7.576614592352092,-0.09634775641025328
2025,Monza,16,Permanent,Mercedes,83.8048076923077,84.14750746649182,358.0,26.5,6.0,7.0,-1.0,26.0,0,2,2,,-0.02006019536019525,-0.22208739316239418,,2.482999999999997,-22.12599999999999,76.65274575673087,246.85814063737865,0.5384615384615384,3.3792113105413106,0.342699774184112
2025,Monza,16,Permanent,RB,84.29288461538461,85.405390625,361.0,24.75,4.0,9.0,-5.0,26.0,1,1,2,0.1796666666666679,-0.2990428571428568,-0.0673809716633716,2.5729999999999933,-20.456000000000003,-9.957499999999996,75.22089121467326,245.03312320084746,0.7019230769230769,2.8661666937229437,1.1125060096153874
2025,Monza,16,Permanent,Red Bull,83.75878846153844,83.48439222222223,356.0,29.25,8.0,3.0,5.0,26.0,0,2,2,,0.0209817359376192,-0.3173118888464477,,3.083500000000001,-21.625500000000002,76.51977713489255,247.0350057948805,0.6826923076923077,2.874593545751634,-0.2743962393162178
2025,Monza,16,Permanent,Sauber,84.08961538461539,83.70016826923074,359.0,26.0,5.0,8.0,-3.0,26.0,0,1,1,,0.0287473684210551,-0.1730698529411751,,3.936000000000007,-24.387,76.01468781335015,246.40257116073147,0.6730769230769231,2.9587121212121206,-0.38944711538464105
2025,Monza,16,Permanent,Williams,84.02289423076924,83.20619423868312,363.0,14.5,2.0,10.0,-8.0,26.0,0,2,2,,-0.42093979813290183,-0.1652150268077647,,-9.600999999999999,-10.441999999999993,69.05377618905082,223.67751138399314,0.7692307692307693,2.9040298819340333,-0.8166999920861144
2025,Baku,17,Street,Alpine,111.45191836734695,107.41933779761904,353.0,15.0,5.0,6.0,-1.0,24.5,0,2,2,,-2.064617857142855,-0.5147580595874717,,-36.044000000000004,-41.87049999999999,62.255012791727864,192.15995177425154,0.47959183673469385,4.909192647058824,-4.032580569727912
2025,Baku,17,Street,Aston Martin,110.94891,107.53943028846155,349.0,16.5,8.0,5.0,3.0,25.0,0,2,2,,-1.5607754182754174,-0.35745240621447666,,-52.45050000000001,-20.752999999999993,61.175216894161174,192.72881853374264,0.63,4.116705357142857,-3.4094797115384523
2025,Baku,17,Street,Ferrari,109.98281000000001,123.08427263157893,352.0,15.0,6.0,6.0,0.0,25.0,0,2,2,,-1.5931097154651317,-0.5000078745574464,,-33.629999999999995,-36.082,63.37247449759701,195.1404588083762,0.74,2.0707325674019605,13.101462631578912
2025,Baku,17,Street,Haas,110.55757999999997,105.96382692307692,361.0,7.25,1.0,10.0,-9.0,25.0,0,2,2,,-0.0981996047430839,-0.8434185208442375,,-9.174,-52.12349999999999,62.00338865626349,194.0411926611633,0.74,2.1749965780998393,-4.593753076923051
2025,Baku,17,Street,McLaren,109.99757999999999,160.3895,354.0,19.0,4.0,4.0,0.0,25.0,0,1,1,,-0.8483815958815942,-0.5300791208791246,,-53.385000000000005,-17.884,61.020338918122015,195.10478780518096,0.96,1.1774662698412697,50.39192000000001
2025,Baku,17,Street,Mercedes,109.82525999999999,106.01693883770376,350.0,21.0,7.0,1.0,6.0,25.0,0,2,2,,-1.9228588201014654,-0.4688918821822268,,-35.160000000000004,-36.694,63.258898585302624,194.7459653532551,0.61,5.889417405478937,-3.808321162296224
2025,Baku,17,Street,RB,110.14088,106.16196171428572,342.0,20.5,10.0,2.0,8.0,25.0,0,2,2,,-1.9935745239535565,-0.2082361602019999,,-53.054,-18.7665,63.59902126792355,194.49876129449228,0.37,4.901726039530645,-3.978918285714272
2025,Baku,17,Street,Red Bull,109.80457999999999,105.6855882352941,346.0,19.75,9.0,3.0,6.0,25.0,0,2,2,,-0.6754609890109875,-0.7831325783273141,,-17.853,-54.5415,62.43235152379651,195.1862253990522,0.83,1.2112676715176716,-4.118991764705882
2025,Baku,17,Street,Sauber,110.61522,106.53202788461539,357.0,14.75,2.0,8.0,-6.0,25.0,0,2,2,,-0.31204978021977847,-1.182553211592329,,-17.636000000000003,-52.794000000000004,62.80849818629404,194.08137551568564,0.71,4.6279530392156865,-4.083192115384605
2025,Baku,17,Street,Williams,110.09191000000001,106.52088382142858,357.0,10.25,2.0,9.0,-7.0,25.0,0,2,2,,-2.8096911843711867,-0.1752153228694516,,-53.009499999999996,-18.697500000000005,61.613719019521135,194.92204901210656,0.49,4.165090811965812,-3.5710261785714295
2025,Singapore,18,Street,Alpine,99.21930833333333,99.62453445767196,321.0,22.6,2.0,10.0,-8.0,24.0,2,2,1,-0.2133393106893056,-0.021764722268942598,0.0578253968253953,-6.186500000000002,-6.941999999999993,-7.695000000000007,58.70604599202834,176.7934277035475,0.6083333333333333,2.739297072139838,0.4052261243386255
2025,Singapore,18,Street,Aston Martin,98.5611570247934,98.57143713999498,320.0,25.75,3.0,6.0,-3.0,30.25,2,2,0,0.01177505136715545,-0.24791589386742816,,4.310000000000002,-22.3345,,55.78491650186075,177.879008556345,0.5206611570247934,7.983813205518129,0.010280115201581452
2025,Singapore,18,Street,Ferrari,97.9902786885246,98.54556328883268,319.0,23.2,5.0,9.0,-4.0,24.4,1,2,2,0.7867294117647066,0.0068576109245429995,-0.0852379171199949,-2.7900000000000063,2.2520000000000024,-13.731000000000002,59.662129383352834,179.4817416731169,0.4262295081967213,5.321871485587583,0.5552846003080845
2025,Singapore,18,Street,Haas,98.8370826446281,99.92117906336088,319.0,28.5,5.0,4.0,1.0,30.25,0,2,2,,-0.01355806479877,-0.08440056076139515,,2.5420000000000016,-17.115500000000004,56.72344700102376,177.80768232604154,0.8264462809917356,2.2402832296099486,1.0840964187327842
2025,Singapore,18,Street,McLaren,97.10162295081967,97.06436651038028,314.0,30.0,9.0,1.0,8.0,30.5,0,2,2,,-0.0176447008547027,-0.063251707169354,,2.8059999999999974,-17.676500000000004,57.758326274183155,181.12073378745453,0.4918032786885246,3.7516550000000004,-0.03725644043939269
2025,Singapore,18,Street,Mercedes,97.26760655737706,100.78207857142857,316.0,28.75,7.0,3.0,4.0,30.5,0,2,2,,0.0036510869565240488,-0.051735064011379506,,2.4919999999999973,-15.915000000000006,57.88963580043099,180.29733310666683,0.8688524590163934,2.223989583333333,3.514472014051506
2025,Singapore,18,Street,RB,98.8988,99.0936174365821,314.0,25.75,9.0,6.0,3.0,30.0,2,1,1,-0.4085761808367052,0.0178988205365396,-0.067108710801391,-8.366,5.197999999999993,-18.36399999999999,60.370886186209376,177.61587186270285,0.5333333333333333,5.08286996684658,0.19481743658209894
2025,Singapore,18,Street,Red Bull,97.9287520661157,97.77761723291998,316.0,29.5,7.0,2.0,5.0,30.25,2,0,2,0.045825416585479894,,-0.04114064136630295,3.2605000000000075,,-18.154500000000006,58.18203484811784,179.42092099651651,0.4297520661157025,3.4834899467054266,-0.15113483319572651
2025,Singapore,18,Street,Sauber,99.29164166666668,103.37302524250443,320.0,23.6,3.0,8.0,-5.0,24.0,1,2,2,-0.3188382352941148,0.0261475752508391,0.07252227767366975,-21.296000000000006,2.808,-8.532499999999992,58.37847770736289,177.3990754374274,0.6833333333333333,4.6780714023249885,4.081383575837748
2025,Singapore,18,Street,Williams,98.73313333333333,99.01935312500001,323.0,26.5,1.0,5.0,-4.0,30.0,2,2,0,-0.6157724880382741,-0.0065883474365344,,-19.719500000000004,3.710499999999996,,56.97781402834456,177.5200277281864,0.8166666666666667,2.8868204925919487,0.28621979166668154
2025,Austin,19,Permanent,Alpine,102.49985185185184,101.93283017409242,339.0,29.75,3.0,2.0,1.0,27.0,2,2,0,-0.15008629099952214,-0.2581554728425707,,-19.4185,-0.9174999999999969,,63.06693251514117,190.81056159177174,0.5648148148148148,3.3602432652492435,-0.5670216777594277
2025,Austin,19,Permanent,Aston Martin,101.88217272727272,102.88687708333335,342.0,29.0,1.0,4.0,-3.0,27.5,2,2,0,-0.2637140659340662,-0.20830024630541677,,-11.285499999999999,-9.779000000000003,,59.26702448335884,192.15431770057518,0.5363636363636364,3.8564324721415244,1.0047043560606284
2025,Austin,19,Permanent,Ferrari,101.0852090909091,101.60857669645169,332.0,26.5,10.0,6.0,4.0,27.5,2,2,0,-0.21396103896103985,-0.16333190770493594,,-7.163000000000004,-9.408000000000001,,64.66801175775892,193.7763368389898,0.33636363636363636,5.452572770562771,0.5233676055425889
2025,Austin,19,Permanent,Haas,101.93513636363637,106.84764039408867,338.0,25.75,4.0,7.0,-3.0,27.5,1,2,1,-0.2025032478632489,-0.17968480833682476,-0.3560652173913059,-18.908,-11.051500000000004,-2.2460000000000093,60.90290835455748,192.02230427127913,0.7090909090909091,2.534326149124957,4.912504030452297
2025,Austin,19,Permanent,McLaren,101.01301818181818,101.19520709250398,336.0,29.75,6.0,2.0,4.0,27.5,2,2,0,-0.2002833872166484,-0.23976381693945725,,-20.132999999999996,0.8410000000000011,,61.44109050941369,193.92155614764323,0.42727272727272725,4.1771741072701865,0.18218891068579524
2025,Austin,19,Permanent,Mercedes,101.63525454545456,102.73945281385282,336.0,13.5,6.0,10.0,-4.0,27.5,2,2,0,-0.2087869413195504,-0.27872746738800774,,-21.106,0.7309999999999945,,61.74752967716736,191.95679028790866,0.7090909090909091,2.802116512681159,1.1041982683982638
2025,Austin,19,Permanent,RB,102.06429090909091,100.74626606060606,336.0,29.0,6.0,4.0,2.0,27.5,2,1,1,-0.1802059323817936,-0.2670699507389169,-0.2998589743589742,-20.241500000000002,-1.1460000000000008,-2.5149999999999864,61.91063407313624,191.7182996858556,0.7181818181818181,2.606656770206167,-1.3180248484848534
2025,Austin,19,Permanent,Red Bull,101.14622727272726,101.93501258741257,335.0,25.0,9.0,8.0,1.0,27.5,2,2,0,-0.2037570847027391,-0.2226438179065386,,-20.634,0.7625000000000028,,61.21244450086311,193.77162560991923,0.6363636363636364,4.334029100529101,0.7887853146853132
2025,Austin,19,Permanent,Sauber,102.05827522935779,102.8854606894841,338.0,20.6,4.0,9.0,-5.0,21.8,3,2,0,-0.2226993612413509,-0.21283242677729075,,-13.123666666666665,-10.86,,61.34952268258498,192.24533480741533,0.5596330275229358,2.958743504064585,0.8271854601263158
2025,Austin,19,Permanent,Williams,101.80152542372883,99.9541064935065,341.0,32.5,2.0,1.0,1.0,14.75,1,2,1,-0.2606503759398516,-0.1940275862069003,3.971371428571412,-20.60199999999999,-19.619,27.683000000000007,60.07856066081839,191.85134713277736,0.7627118644067796,1.994912356321839,-1.8474189302223323
2025,Mexico City,20,Permanent,Alpine,84.43002898550725,84.203488989533,355.0,28.25,6.0,2.0,4.0,34.5,2,1,1,0.07812373465176731,0.0070811950146632,-0.0057123034227562,-14.200000000000003,0.5539999999999878,1.8819999999999908,55.34471182191485,180.83398843642553,0.36231884057971014,9.35686361022531,-0.22653999597424956
2025,Mexico City,20,Permanent,Aston Martin,84.10995098039216,83.33407938842204,354.0,21.8,7.0,8.0,-1.0,20.4,3,2,0,0.0530001000364167,-0.29124086942469446,,1.1573333333333313,-13.890500000000003,,53.301806988093865,181.2449408326892,0.49019607843137253,3.21346865477419,-0.775871591970116
2025,Mexico City,20,Permanent,Ferrari,83.35948571428571,83.58993880690737,354.0,22.0,7.0,7.0,0.0,28.0,3,2,0,0.08250948371855167,-0.11454316012725274,,-1.5033333333333398,-16.029000000000003,,55.42251802522875,183.19150232745812,0.2357142857142857,8.201062727272728,0.23045309262165858
2025,Mexico City,20,Permanent,Haas,83.52510714285714,83.25908991228071,354.0,21.0,7.0,9.0,-2.0,28.0,3,2,0,0.0537683885679526,-0.08248986426448504,,-1.449666666666663,-17.746000000000002,,53.943975447535806,182.86801046737577,0.38571428571428573,6.1513219874328575,-0.26601723057642346
2025,Mexico City,20,Permanent,McLaren,83.02735000000001,80.698,363.0,23.6,1.0,6.0,-5.0,28.0,3,2,0,0.048755284429978195,-0.05240259044149245,,-1.139,-6.859499999999997,,53.262243373185626,183.95877479190176,0.9642857142857143,0.7716286231884059,-2.3293500000000193
2025,Mexico City,20,Permanent,Mercedes,83.2892463768116,92.6116340425532,356.0,18.833333333333332,3.0,10.0,-7.0,23.0,4,2,0,0.05911482636928335,-0.04362573122529535,,-5.369999999999997,-5.254000000000005,,53.98984282879959,182.79895953914266,0.8840579710144928,1.6457191950561516,9.322387665741601
2025,Mexico City,20,Permanent,RB,84.68163013698629,85.44855277777778,356.0,28.0,3.0,3.0,0.0,18.25,2,1,1,0.03971821106821185,0.0323920454545459,-12.483,1.622,3.381,-24.96599999999999,57.09707955178722,180.4477839177338,0.6438356164383562,9.978731691919194,0.766922640791492
2025,Mexico City,20,Permanent,Red Bull,83.49457142857143,83.5872244903647,356.0,26.0,3.0,5.0,-2.0,35.0,2,2,0,0.0216752992105933,0.024015103338632597,,-17.1565,3.5349999999999966,,53.598398564283,182.833168950461,0.5428571428571428,4.953499276377217,0.09265306179327126
2025,Mexico City,20,Permanent,Sauber,83.95258064516128,83.63506451612903,354.0,39.0,7.0,1.0,6.0,31.0,2,1,0,0.02878113993423635,0.0174036414565824,,-7.846999999999994,2.2169999999999987,,54.91293931729987,182.01363648137234,0.7956989247311828,2.0440003968253966,-0.31751612903224213
2025,Mexico City,20,Permanent,Williams,83.7611111111111,83.40745069000486,358.0,27.666666666666668,2.0,4.0,-2.0,22.5,4,1,1,-0.44870579564113966,0.0890147058823561,-0.0022117260788007,-12.549250000000004,2.8880000000000052,-0.5370000000000061,53.08629978561415,182.69626881377553,0.4962962962962963,3.3199655041797285,-0.3536604211062411
2025,Las Vegas,22,Street,Alpine,99.0801030927835,97.99860616987178,,,,,,24.25,0,2,2,,-0.1003628260869557,-0.32289240485000603,,-9.581000000000005,-31.615499999999997,,,0.41237113402061853,4.927557291666666,-1.0814969229117253
2025,Las Vegas,22,Street,Aston Martin,98.87808163265308,97.11796075353219,,,,,,24.5,0,1,1,,-0.5744285714285705,-0.0733213139801372,,6.162999999999997,-13.873999999999995,,,0.7142857142857143,2.2317079831932776,-1.7601208791208904
2025,Las Vegas,22,Street,Ferrari,98.04519387755101,96.49859285714282,,,,,,24.5,0,2,2,,-0.38397858554489006,-0.29779208412277336,,-17.503500000000003,-17.461,,,0.7551020408163265,2.885268404602644,-1.5466010204081897
2025,Las Vegas,22,Street,Haas,98.47688775510204,97.62546106750392,,,,,,24.5,0,2,2,,-0.4852383006535925,-0.18898150139502465,,-13.412500000000001,-18.860999999999997,,,0.6122448979591837,3.026819005270092,-0.8514266875981207
2025,Las Vegas,22,Street,McLaren,97.69701020408164,96.76980256410258,,,,,,24.5,0,2,2,,-0.524682399179767,-0.1268927750410498,,-9.688999999999993,-15.674,,,0.673469387755102,2.9026934523809524,-0.9272076399790592
2025,Las Vegas,22,Street,Mercedes,97.67111224489796,96.97677037037036,,,,,,19.6,1,1,3,0.0,-0.5577779411764696,-0.07482432284232106,0.0,-9.22,-15.104666666666665,,,0.47959183673469385,3.3445817204301074,-0.6943418745275949
2025,Las Vegas,22,Street,RB,98.69898969072166,109.47665104166664,,,,,,19.4,0,2,3,,-0.23757982456140064,-0.258054851416454,,-4.628,-25.049000000000003,,,0.5257731958762887,3.4737672527472525,10.777661350944982
2025,Las Vegas,22,Street,Red Bull,98.00073469387753,100.01001275510205,,,,,,24.5,0,2,2,,-0.3184693873517779,-0.3656199572649593,,-11.868499999999997,-27.081000000000003,,,0.6632653061224489,3.3714469063545147,2.0092780612245207
2025,Las Vegas,22,Street,Sauber,99.44374000000002,97.65315666666669,,,,,,16.666666666666668,0,2,1,,-0.14369699248120366,-0.3987778325123153,,-9.027999999999999,-16.453000000000003,,,0.34,13.234016666666667,-1.7905833333333305
2025,Las Vegas,22,Street,Williams,99.45254216867471,97.97544903742873,,,,,,13.833333333333334,0,3,3,,-0.15500692640692634,-0.8069105784784516,,-2.6680000000000015,-25.54133333333333,,,0.43373493975903615,9.864617063492062,-1.4770931312459794
2025,Lusail,23,Permanent,Alpine,90.65689999999998,92.25401265822785,333.0,21.666666666666668,10.0,3.0,7.0,18.333333333333332,0,4,2,,1.4608293920210207,0.946647417582412,,-9.656749999999999,-3.3205000000000044,70.00746649040875,213.59695419518127,0.8363636363636363,1.9639063647342994,1.5971126582278714
2025,Lusail,23,Permanent,Aston Martin,90.52074545454545,87.28475805675805,336.0,18.857142857142858,7.0,7.0,0.0,15.714285714285714,1,5,1,-2.4239714285714444,0.3317549334195162,-0.3047923076923082,-20.183000000000007,-13.5508,-25.248999999999995,67.7786330923593,213.9153706317869,0.45454545454545453,4.548639551820728,-3.2359873977873974
2025,Lusail,23,Permanent,Ferrari,90.1857767857143,89.84408035714286,338.0,20.833333333333332,3.0,4.0,-1.0,18.666666666666668,1,4,1,2.7527428571428456,-0.052054285714286996,-0.2469238461538467,19.795,-23.57825,-23.39399999999999,69.07595772548461,214.9587413931067,0.8571428571428571,1.4349013888888889,-0.34169642857143856
2025,Lusail,23,Permanent,Haas,91.84317894736841,106.02023863636364,335.0,16.0,8.0,9.0,-1.0,11.875,0,4,4,,1.5818462362637318,-0.7815116106719362,,-5.354500000000002,-14.531499999999998,68.29832375346099,211.36709562551528,0.9157894736842105,5.088369691558442,14.177059688995229
2025,Lusail,23,Permanent,McLaren,89.37613392857143,88.65331540930978,338.0,13.833333333333334,3.0,10.0,-7.0,18.666666666666668,0,4,2,,-0.5526644266225318,-0.6331947802197777,,-7.861999999999998,-23.157000000000004,67.65943543988088,216.95887976247255,0.6339285714285714,3.6812843795480408,-0.7228185192616507
2025,Lusail,23,Permanent,Mercedes,89.73299999999999,108.40807704402513,337.0,26.0,6.0,2.0,4.0,18.666666666666668,0,4,2,,0.5061491208791156,-0.24978653846153787,,-17.215500000000002,-23.909,68.27502178372175,215.76064089894564,0.8214285714285714,2.085237777777778,18.675077044025144
2025,Lusail,23,Permanent,RB,90.74621818181818,91.64354755830905,334.0,20.333333333333332,9.0,5.0,4.0,18.333333333333332,0,4,2,,0.6891871978021936,0.09385505472788075,,-13.081750000000003,13.312999999999995,69.06516744419673,213.3120105650037,0.7636363636363637,3.201566014492754,0.8973293764908732
2025,Lusail,23,Permanent,Red Bull,89.57438392857141,88.12875,345.0,17.333333333333332,1.0,8.0,-7.0,18.666666666666668,0,4,2,,0.5517207692307643,-0.2582165384615383,,-16.199,-23.121000000000002,67.35210936060625,216.35561683010653,0.8482142857142857,1.3773593719806765,-1.4456339285714108
2025,Lusail,23,Permanent,Sauber,90.27739344262295,86.81409523809523,343.0,37.25,2.0,1.0,1.0,15.25,2,2,0,-0.1864596153846116,0.8662488461538429,,-11.057499999999997,-10.800999999999998,,69.46032019070836,214.5202299098254,0.639344262295082,1.6880725,-3.4632982045277174
2025,Lusail,23,Permanent,Williams,89.80055357142858,87.99828363938168,338.0,19.5,3.0,6.0,-3.0,18.666666666666668,0,4,2,,-0.125193846153847,1.2687526923076893,,-24.877000000000006,-1.7394999999999996,67.65515301575776,215.66655530907562,0.5535714285714286,4.536695833333333,-1.8022699320468973
