season,race_name,round,circuit_type,team,driver,stint_index,compound,start_lap,end_lap,stint_length_laps,pit_ended_stint,avg_laptime,best_laptime,delta_laptime_first_to_last,laptime_slope_per_lap,avg_throttle_pct,avg_speed,max_speed,min_corner_speed,laps_in_traffic,traffic_lap_pct,avg_interval_to_car_ahead,clean_air_avg_laptime
2024,Austin,19,"{'Sakhir': 'Street', 'Jeddah': 'Street', 'Melbourne': 'Street', 'Suzuka': 'Permanent', 'Shanghai': 'Permanent', 'Miami': 'Street', 'Imola': 'Permanent', 'Monte Carlo': 'Street', 'Montreal': 'Street', 'Catalunya': 'Permanent', 'Spielberg': 'Permanent', 'Silverstone': 'Permanent', 'Hungaroring': 'Permanent', 'Spa-Francorchamps': 'Permanent', 'Zandvoort': 'Permanent', 'Monza': 'Permanent', 'Baku': 'Street', 'Singapore': 'Street', 'Austin': 'Permanent', 'Mexico City': 'Permanent', 'Interlagos': 'Permanent', 'lusail': 'Street'}",Alpine,GAS,1,MEDIUM,2,18,17,True,109.28517647058823,100.571,-1.0289999999999964,-1.918901960784316,55.534899990354255,179.206243832664,327.0,46.0,9,0.5294117647058824,3.104411764705883,108.734375
2024,Austin,19,"{'Sakhir': 'Street', 'Jeddah': 'Street', 'Melbourne': 'Street', 'Suzuka': 'Permanent', 'Shanghai': 'Permanent', 'Miami': 'Street', 'Imola': 'Permanent', 'Monte Carlo': 'Street', 'Montreal': 'Street', 'Catalunya': 'Permanent', 'Spielberg': 'Permanent', 'Silverstone': 'Permanent', 'Hungaroring': 'Permanent', 'Spa-Francorchamps': 'Permanent', 'Zandvoort': 'Permanent', 'Monza': 'Permanent', 'Baku': 'Street', 'Singapore': 'Street', 'Austin': 'Permanent', 'Mexico City': 'Permanent', 'Interlagos': 'Permanent', 'lusail': 'Street'}",Alpine,GAS,2,HARD,19,56,38,False,100.86639473684212,98.311,-27.052999999999997,-0.17235332093227115,63.622403301092156,194.33394950697425,333.0,0.0,13,0.34210526315789475,4.203368421052631,101.06139999999999
2024,Austin,19,"{'Sakhir': 'Street', 'Jeddah': 'Street', 'Melbourne': 'Street', 'Suzuka': 'Permanent', 'Shanghai': 'Permanent', 'Miami': 'Street', 'Imola': 'Permanent', 'Monte Carlo': 'Street', 'Montreal': 'Street', 'Catalunya': 'Permanent', 'Spielberg': 'Permanent', 'Silverstone': 'Permanent', 'Hungaroring': 'Permanent', 'Spa-Francorchamps': 'Permanent', 'Zandvoort': 'Permanent', 'Monza': 'Permanent', 'Baku': 'Street', 'Singapore': 'Street', 'Austin': 'Permanent', 'Mexico City': 'Permanent', 'Interlagos': 'Permanent', 'lusail': 'Street'}",Alpine,OCO,1,MEDIUM,2,31,30,True,106.10926666666666,101.194,1.6920000000000073,-0.7174153503893234,59.244823013415846,184.52671791354277,330.0,43.0,19,0.6333333333333333,2.2725000000000004,101.55945454545454
2024,Austin,19,"{'Sakhir': 'Street', 'Jeddah': 'Street', 'Melbourne': 'Street', 'Suzuka': 'Permanent', 'Shanghai': 'Permanent', 'Miami': 'Street', 'Imola': 'Permanent', 'Monte Carlo': 'Street', 'Montreal': 'Street', 'Catalunya': 'Permanent', 'Spielberg': 'Permanent', 'Silverstone': 'Permanent', 'Hungaroring': 'Permanent', 'Spa-Francorchamps': 'Permanent', 'Zandvoort': 'Permanent', 'Monza': 'Permanent', 'Baku': 'Street', 'Singapore': 'Street', 'Austin': 'Permanent', 'Mexico City': 'Permanent', 'Interlagos': 'Permanent', 'lusail': 'Street'}",Alpine,OCO,2,HARD,32,51,20,True,101.23179999999999,99.573,-18.91900000000001,-0.27668421052631587,63.05362104424207,193.22181842488897,333.0,0.0,4,0.2,6.464149999999999,101.367625
2024,Austin,19,"{'Sakhir': 'Street', 'Jeddah': 'Street', 'Melbourne': 'Street', 'Suzuka': 'Permanent', 'Shanghai': 'Permanent', 'Miami': 'Street', 'Imola': 'Permanent', 'Monte Carlo': 'Street', 'Montreal': 'Street', 'Catalunya': 'Permanent', 'Spielberg': 'Permanent', 'Silverstone': 'Permanent', 'Hungaroring': 'Permanent', 'Spa-Francorchamps': 'Permanent', 'Zandvoort': 'Permanent', 'Monza': 'Permanent', 'Baku': 'Street', 'Singapore': 'Street', 'Austin': 'Permanent', 'Mexico City': 'Permanent', 'Interlagos': 'Permanent', 'lusail': 'Street'}",Alpine,OCO,3,SOFT,52,55,4,False,106.773,97.33,-29.771000000000015,-8.665000000000015,60.74442729762876,184.4250557650296,311.0,0.0,0,0.0,8.52525,106.773
2024,Austin,19,"{'Sakhir': 'Street', 'Jeddah': 'Street', 'Melbourne': 'Street', 'Suzuka': 'Permanent', 'Shanghai': 'Permanent', 'Miami': 'Street', 'Imola': 'Permanent', 'Monte Carlo': 'Street', 'Montreal': 'Street', 'Catalunya': 'Permanent', 'Spielberg': 'Permanent', 'Silverstone': 'Permanent', 'Hungaroring': 'Permanent', 'Spa-Francorchamps': 'Permanent', 'Zandvoort': 'Permanent', 'Monza': 'Permanent', 'Baku': 'Street', 'Singapore': 'Street', 'Austin': 'Permanent', 'Mexico City': 'Permanent', 'Interlagos': 'Permanent', 'lusail': 'Street'}",Aston Martin,ALO,1,MEDIUM,2,26,25,True,107.25560000000002,101.238,-0.527000000000001,-1.0216407692307692,55.13506193243,182.27689978155152,330.0,49.0,24,0.96,1.66796,101.297
2024,Austin,19,"{'Sakhir': 'Street', 'Jeddah': 'Street', 'Melbourne': 'Street', 'Suzuka': 'Permanent', 'Shanghai': 'Permanent', 'Miami': 'Street', 'Imola': 'Permanent', 'Monte Carlo': 'Street', 'Montreal': 'Street', 'Catalunya': 'Permanent', 'Spielberg': 'Permanent', 'Silverstone': 'Permanent', 'Hungaroring': 'Permanent', 'Spa-Francorchamps': 'Permanent', 'Zandvoort': 'Permanent', 'Monza': 'Permanent', 'Baku': 'Street', 'Singapore': 'Street', 'Austin': 'Permanent', 'Mexico City': 'Permanent', 'Interlagos': 'Permanent', 'lusail': 'Street'}",Aston Martin,ALO,2,HARD,27,55,29,False,100.81220689655171,99.261,-20.741,-0.1679216748768478,59.817275364124725,194.49838465419597,330.0,0.0,6,0.20689655172413793,6.419071428571429,100.94308695652173
2024,Austin,19,"{'Sakhir': 'Street', 'Jeddah': 'Street', 'Melbourne': 'Street', 'Suzuka': 'Permanent', 'Shanghai': 'Permanent', 'Miami': 'Street', 'Imola': 'Permanent', 'Monte Carlo': 'Street', 'Montreal': 'Street', 'Catalunya': 'Permanent', 'Spielberg': 'Permanent', 'Silverstone': 'Permanent', 'Hungaroring': 'Permanent', 'Spa-Francorchamps': 'Permanent', 'Zandvoort': 'Permanent', 'Monza': 'Permanent', 'Baku': 'Street', 'Singapore': 'Street', 'Austin': 'Permanent', 'Mexico City': 'Permanent', 'Interlagos': 'Permanent', 'lusail': 'Street'}",Aston Martin,STR,1,HARD,2,27,26,True,107.312,101.416,-0.5930000000000035,-0.9568252991453042,55.13407317740824,182.2889737825681,332.0,45.0,23,0.8846153846153846,1.808923076923077,102.34866666666666
2024,Austin,19,"{'Sakhir': 'Street', 'Jeddah': 'Street', 'Melbourne': 'Street', 'Suzuka': 'Permanent', 'Shanghai': 'Permanent', 'Miami': 'Street', 'Imola': 'Permanent', 'Monte Carlo': 'Street', 'Montreal': 'Street', 'Catalunya': 'Permanent', 'Spielberg': 'Permanent', 'Silverstone': 'Permanent', 'Hungaroring': 'Permanent', 'Spa-Francorchamps': 'Permanent', 'Zandvoort': 'Permanent', 'Monza': 'Permanent', 'Baku': 'Street', 'Singapore': 'Street', 'Austin': 'Permanent', 'Mexico City': 'Permanent', 'Interlagos': 'Permanent', 'lusail': 'Street'}",Aston Martin,STR,2,MEDIUM,28,55,28,False,100.99964285714285,99.214,-21.73299999999999,-0.17678927203064837,61.17102623943763,193.4473528578417,336.0,0.0,14,0.5,4.676285714285713,100.10642857142857
2024,Austin,19,"{'Sakhir': 'Street', 'Jeddah': 'Street', 'Melbourne': 'Street', 'Suzuka': 'Permanent', 'Shanghai': 'Permanent', 'Miami': 'Street', 'Imola': 'Permanent', 'Monte Carlo': 'Street', 'Montreal': 'Street', 'Catalunya': 'Permanent', 'Spielberg': 'Permanent', 'Silverstone': 'Permanent', 'Hungaroring': 'Permanent', 'Spa-Francorchamps': 'Permanent', 'Zandvoort': 'Permanent', 'Monza': 'Permanent', 'Baku': 'Street', 'Singapore': 'Street', 'Austin': 'Permanent', 'Mexico City': 'Permanent', 'Interlagos': 'Permanent', 'lusail': 'Street'}",Ferrari,LEC,1,MEDIUM,2,26,25,True,105.33839999999998,98.951,-0.12999999999999545,-1.0649907692307699,62.01904244134221,185.7727503035533,312.0,39.0,25,1.0,0.0,
2024,Austin,19,"{'Sakhir': 'Street', 'Jeddah': 'Street', 'Melbourne': 'Street', 'Suzuka': 'Permanent', 'Shanghai': 'Permanent', 'Miami': 'Street', 'Imola': 'Permanent', 'Monte Carlo': 'Street', 'Montreal': 'Street', 'Catalunya': 'Permanent', 'Spielberg': 'Permanent', 'Silverstone': 'Permanent', 'Hungaroring': 'Permanent', 'Spa-Francorchamps': 'Permanent', 'Zandvoort': 'Permanent', 'Monza': 'Permanent', 'Baku': 'Street', 'Singapore': 'Street', 'Austin': 'Permanent', 'Mexico City': 'Permanent', 'Interlagos': 'Permanent', 'lusail': 'Street'}",Ferrari,LEC,2,HARD,27,56,30,False,99.20640000000002,97.834,-20.004000000000005,-0.1539826473859853,65.46575340377032,197.54152468563765,333.0,0.0,29,0.9666666666666667,0.3071,119.522
2024,Austin,19,"{'Sakhir': 'Street', 'Jeddah': 'Street', 'Melbourne': 'Street', 'Suzuka': 'Permanent', 'Shanghai': 'Permanent', 'Miami': 'Street', 'Imola': 'Permanent', 'Monte Carlo': 'Street', 'Montreal': 'Street', 'Catalunya': 'Permanent', 'Spielberg': 'Permanent', 'Silverstone': 'Permanent', 'Hungaroring': 'Permanent', 'Spa-Francorchamps': 'Permanent', 'Zandvoort': 'Permanent', 'Monza': 'Permanent', 'Baku': 'Street', 'Singapore': 'Street', 'Austin': 'Permanent', 'Mexico City': 'Permanent', 'Interlagos': 'Permanent', 'lusail': 'Street'}",Ferrari,SAI,1,MEDIUM,2,21,20,True,107.1851,99.684,0.7719999999999914,-1.5300766917293218,59.98604976084549,182.46598900037336,331.0,37.0,19,0.95,1.5282105263157895,100.241
2024,Austin,19,"{'Sakhir': 'Street', 'Jeddah': 'Street', 'Melbourne': 'Street', 'Suzuka': 'Permanent', 'Shanghai': 'Permanent', 'Miami': 'Street', 'Imola': 'Permanent', 'Monte Carlo': 'Street', 'Montreal': 'Street', 'Catalunya': 'Permanent', 'Spielberg': 'Permanent', 'Silverstone': 'Permanent', 'Hungaroring': 'Permanent', 'Spa-Francorchamps': 'Permanent', 'Zandvoort': 'Permanent', 'Monza': 'Permanent', 'Baku': 'Street', 'Singapore': 'Street', 'Austin': 'Permanent', 'Mexico City': 'Permanent', 'Interlagos': 'Permanent', 'lusail': 'Street'}",Ferrari,SAI,2,HARD,22,56,35,False,99.20645714285715,97.763,-16.814000000000007,-0.10346470588235529,64.13443224534618,197.48739422173543,320.0,0.0,0,0.0,6.805823529411764,99.20645714285715
2024,Austin,19,"{'Sakhir': 'Street', 'Jeddah': 'Street', 'Melbourne': 'Street', 'Suzuka': 'Permanent', 'Shanghai': 'Permanent', 'Miami': 'Street', 'Imola': 'Permanent', 'Monte Carlo': 'Street', 'Montreal': 'Street', 'Catalunya': 'Permanent', 'Spielberg': 'Permanent', 'Silverstone': 'Permanent', 'Hungaroring': 'Permanent', 'Spa-Francorchamps': 'Permanent', 'Zandvoort': 'Permanent', 'Monza': 'Permanent', 'Baku': 'Street', 'Singapore': 'Street', 'Austin': 'Permanent', 'Mexico City': 'Permanent', 'Interlagos': 'Permanent', 'lusail': 'Street'}",Haas,HUL,1,MEDIUM,2,27,26,True,106.40369230769231,100.269,-1.6679999999999922,-1.0044752136752129,56.56402716392361,184.2456175217546,333.0,47.0,23,0.8846153846153846,2.0136923076923074,100.71433333333334
2024,Austin,19,"{'Sakhir': 'Street', 'Jeddah': 'Street', 'Melbourne': 'Street', 'Suzuka': 'Permanent', 'Shanghai': 'Permanent', 'Miami': 'Street', 'Imola': 'Permanent', 'Monte Carlo': 'Street', 'Montreal': 'Street', 'Catalunya': 'Permanent', 'Spielberg': 'Permanent', 'Silverstone': 'Permanent', 'Hungaroring': 'Permanent', 'Spa-Francorchamps': 'Permanent', 'Zandvoort': 'Permanent', 'Monza': 'Permanent', 'Baku': 'Street', 'Singapore': 'Street', 'Austin': 'Permanent', 'Mexico City': 'Permanent', 'Interlagos': 'Permanent', 'lusail': 'Street'}",Haas,HUL,2,HARD,28,56,29,False,99.96606896551724,98.404,-23.271,-0.20551083743842388,63.16007562950911,196.54961993046305,314.0,0.0,9,0.3103448275862069,4.194862068965517,98.96095
2024,Austin,19,"{'Sakhir': 'Street', 'Jeddah': 'Street', 'Melbourne': 'Street', 'Suzuka': 'Permanent', 'Shanghai': 'Permanent', 'Miami': 'Street', 'Imola': 'Permanent', 'Monte Carlo': 'Street', 'Montreal': 'Street', 'Catalunya': 'Permanent', 'Spielberg': 'Permanent', 'Silverstone': 'Permanent', 'Hungaroring': 'Permanent', 'Spa-Francorchamps': 'Permanent', 'Zandvoort': 'Permanent', 'Monza': 'Permanent', 'Baku': 'Street', 'Singapore': 'Street', 'Austin': 'Permanent', 'Mexico City': 'Permanent', 'Interlagos': 'Permanent', 'lusail': 'Street'}",Haas,MAG,1,MEDIUM,2,17,16,True,109.89518749999999,100.634,-0.14300000000000068,-2.0849308823529435,53.6480791007267,177.962415744945,333.0,42.0,16,1.0,1.2790625,
2024,Austin,19,"{'Sakhir': 'Street', 'Jeddah': 'Street', 'Melbourne': 'Street', 'Suzuka': 'Permanent', 'Shanghai': 'Permanent', 'Miami': 'Street', 'Imola': 'Permanent', 'Monte Carlo': 'Street', 'Montreal': 'Street', 'Catalunya': 'Permanent', 'Spielberg': 'Permanent', 'Silverstone': 'Permanent', 'Hungaroring': 'Permanent', 'Spa-Francorchamps': 'Permanent', 'Zandvoort': 'Permanent', 'Monza': 'Permanent', 'Baku': 'Street', 'Singapore': 'Street', 'Austin': 'Permanent', 'Mexico City': 'Permanent', 'Interlagos': 'Permanent', 'lusail': 'Street'}",Haas,MAG,2,HARD,18,38,21,True,101.33204761904764,99.585,-19.947999999999993,-0.30463116883116764,62.45727480925681,193.31899179496892,338.0,0.0,12,0.5714285714285714,2.651238095238096,100.17655555555555
2024,Austin,19,"{'Sakhir': 'Street', 'Jeddah': 'Street', 'Melbourne': 'Street', 'Suzuka': 'Permanent', 'Shanghai': 'Permanent', 'Miami': 'Street', 'Imola': 'Permanent', 'Monte Carlo': 'Street', 'Montreal': 'Street', 'Catalunya': 'Permanent', 'Spielberg': 'Permanent', 'Silverstone': 'Permanent', 'Hungaroring': 'Permanent', 'Spa-Francorchamps': 'Permanent', 'Zandvoort': 'Permanent', 'Monza': 'Permanent', 'Baku': 'Street', 'Singapore': 'Street', 'Austin': 'Permanent', 'Mexico City': 'Permanent', 'Interlagos': 'Permanent', 'lusail': 'Street'}",Haas,MAG,3,MEDIUM,39,56,18,False,99.89177777777779,98.21,-20.40700000000001,-0.398264189886482,63.36976599817042,196.04532349467712,338.0,0.0,7,0.3888888888888889,4.272235294117647,100.42045454545455
2024,Austin,19,"{'Sakhir': 'Street', 'Jeddah': 'Street', 'Melbourne': 'Street', 'Suzuka': 'Permanent', 'Shanghai': 'Permanent', 'Miami': 'Street', 'Imola': 'Permanent', 'Monte Carlo': 'Street', 'Montreal': 'Street', 'Catalunya': 'Permanent', 'Spielberg': 'Permanent', 'Silverstone': 'Permanent', 'Hungaroring': 'Permanent', 'Spa-Francorchamps': 'Permanent', 'Zandvoort': 'Permanent', 'Monza': 'Permanent', 'Baku': 'Street', 'Singapore': 'Street', 'Austin': 'Permanent', 'Mexico City': 'Permanent', 'Interlagos': 'Permanent', 'lusail': 'Street'}",McLaren,NOR,1,MEDIUM,2,31,30,True,104.75356666666667,99.093,0.6049999999999898,-0.7939855394883226,58.51272000597399,186.70069621067293,310.0,42.0,19,0.6333333333333333,2.536066666666667,99.83809090909091
2024,Austin,19,"{'Sakhir': 'Street', 'Jeddah': 'Street', 'Melbourne': 'Street', 'Suzuka': 'Permanent', 'Shanghai': 'Permanent', 'Miami': 'Street', 'Imola': 'Permanent', 'Monte Carlo': 'Street', 'Montreal': 'Street', 'Catalunya': 'Permanent', 'Spielberg': 'Permanent', 'Silverstone': 'Permanent', 'Hungaroring': 'Permanent', 'Spa-Francorchamps': 'Permanent', 'Zandvoort': 'Permanent', 'Monza': 'Permanent', 'Baku': 'Street', 'Singapore': 'Street', 'Austin': 'Permanent', 'Mexico City': 'Permanent', 'Interlagos': 'Permanent', 'lusail': 'Street'}",McLaren,NOR,2,HARD,32,56,25,False,99.17935999999997,97.679,-21.84700000000001,-0.18558384615384713,63.00025446468427,197.2160392194751,336.0,0.0,15,0.6,3.746279999999999,100.2507
2024,Austin,19,"{'Sakhir': 'Street', 'Jeddah': 'Street', 'Melbourne': 'Street', 'Suzuka': 'Permanent', 'Shanghai': 'Permanent', 'Miami': 'Street', 'Imola': 'Permanent', 'Monte Carlo': 'Street', 'Montreal': 'Street', 'Catalunya': 'Permanent', 'Spielberg': 'Permanent', 'Silverstone': 'Permanent', 'Hungaroring': 'Permanent', 'Spa-Francorchamps': 'Permanent', 'Zandvoort': 'Permanent', 'Monza': 'Permanent', 'Baku': 'Street', 'Singapore': 'Street', 'Austin': 'Permanent', 'Mexico City': 'Permanent', 'Interlagos': 'Permanent', 'lusail': 'Street'}",McLaren,PIA,1,MEDIUM,2,32,31,True,104.73896774193551,99.016,-0.6610000000000014,-0.7513596774193582,57.998530438267466,187.1492717950914,310.0,39.0,12,0.3870967741935484,3.573870967741935,101.29647368421051
2024,Austin,19,"{'Sakhir': 'Street', 'Jeddah': 'Street', 'Melbourne': 'Street', 'Suzuka': 'Permanent', 'Shanghai': 'Permanent', 'Miami': 'Street', 'Imola': 'Permanent', 'Monte Carlo': 'Street', 'Montreal': 'Street', 'Catalunya': 'Permanent', 'Spielberg': 'Permanent', 'Silverstone': 'Permanent', 'Hungaroring': 'Permanent', 'Spa-Francorchamps': 'Permanent', 'Zandvoort': 'Permanent', 'Monza': 'Permanent', 'Baku': 'Street', 'Singapore': 'Street', 'Austin': 'Permanent', 'Mexico City': 'Permanent', 'Interlagos': 'Permanent', 'lusail': 'Street'}",McLaren,PIA,2,HARD,33,56,24,False,99.19645833333334,97.883,-20.232,-0.20725347826086843,62.045442987952704,197.71775339730988,326.0,0.0,2,0.08333333333333333,6.759249999999999,99.25813636363637
2024,Austin,19,"{'Sakhir': 'Street', 'Jeddah': 'Street', 'Melbourne': 'Street', 'Suzuka': 'Permanent', 'Shanghai': 'Permanent', 'Miami': 'Street', 'Imola': 'Permanent', 'Monte Carlo': 'Street', 'Montreal': 'Street', 'Catalunya': 'Permanent', 'Spielberg': 'Permanent', 'Silverstone': 'Permanent', 'Hungaroring': 'Permanent', 'Spa-Francorchamps': 'Permanent', 'Zandvoort': 'Permanent', 'Monza': 'Permanent', 'Baku': 'Street', 'Singapore': 'Street', 'Austin': 'Permanent', 'Mexico City': 'Permanent', 'Interlagos': 'Permanent', 'lusail': 'Street'}",Mercedes,RUS,1,HARD,2,40,39,True,104.0394871794872,98.997,-2.8619999999999948,-0.5342180161943334,58.370810831557435,188.02688619240888,344.0,47.0,27,0.6923076923076923,3.1558461538461535,99.59491666666668
2024,Austin,19,"{'Sakhir': 'Street', 'Jeddah': 'Street', 'Melbourne': 'Street', 'Suzuka': 'Permanent', 'Shanghai': 'Permanent', 'Miami': 'Street', 'Imola': 'Permanent', 'Monte Carlo': 'Street', 'Montreal': 'Street', 'Catalunya': 'Permanent', 'Spielberg': 'Permanent', 'Silverstone': 'Permanent', 'Hungaroring': 'Permanent', 'Spa-Francorchamps': 'Permanent', 'Zandvoort': 'Permanent', 'Monza': 'Permanent', 'Baku': 'Street', 'Singapore': 'Street', 'Austin': 'Permanent', 'Mexico City': 'Permanent', 'Interlagos': 'Permanent', 'lusail': 'Street'}",Mercedes,RUS,2,MEDIUM,41,56,16,False,99.79668749999999,97.656,-26.257999999999996,-0.522816176470587,62.43087493081403,195.68049876213286,337.0,0.0,9,0.5625,4.658,101.62857142857142
2024,Austin,19,"{'Sakhir': 'Street', 'Jeddah': 'Street', 'Melbourne': 'Street', 'Suzuka': 'Permanent', 'Shanghai': 'Permanent', 'Miami': 'Street', 'Imola': 'Permanent', 'Monte Carlo': 'Street', 'Montreal': 'Street', 'Catalunya': 'Permanent', 'Spielberg': 'Permanent', 'Silverstone': 'Permanent', 'Hungaroring': 'Permanent', 'Spa-Francorchamps': 'Permanent', 'Zandvoort': 'Permanent', 'Monza': 'Permanent', 'Baku': 'Street', 'Singapore': 'Street', 'Austin': 'Permanent', 'Mexico City': 'Permanent', 'Interlagos': 'Permanent', 'lusail': 'Street'}",RB,LAW,1,HARD,2,36,35,True,105.02951428571428,100.235,-1.4669999999999987,-0.6023170868347352,59.5504544657234,185.98512449303212,338.0,38.0,16,0.45714285714285713,4.476,102.61526315789474
2024,Austin,19,"{'Sakhir': 'Street', 'Jeddah': 'Street', 'Melbourne': 'Street', 'Suzuka': 'Permanent', 'Shanghai': 'Permanent', 'Miami': 'Street', 'Imola': 'Permanent', 'Monte Carlo': 'Street', 'Montreal': 'Street', 'Catalunya': 'Permanent', 'Spielberg': 'Permanent', 'Silverstone': 'Permanent', 'Hungaroring': 'Permanent', 'Spa-Francorchamps': 'Permanent', 'Zandvoort': 'Permanent', 'Monza': 'Permanent', 'Baku': 'Street', 'Singapore': 'Street', 'Austin': 'Permanent', 'Mexico City': 'Permanent', 'Interlagos': 'Permanent', 'lusail': 'Street'}",RB,LAW,2,MEDIUM,37,56,20,False,99.75975,98.091,-20.325000000000003,-0.33331203007518817,65.00170616841311,196.41358448129148,332.0,0.0,2,0.1,8.183049999999998,98.7051111111111
2024,Austin,19,"{'Sakhir': 'Street', 'Jeddah': 'Street', 'Melbourne': 'Street', 'Suzuka': 'Permanent', 'Shanghai': 'Permanent', 'Miami': 'Street', 'Imola': 'Permanent', 'Monte Carlo': 'Street', 'Montreal': 'Street', 'Catalunya': 'Permanent', 'Spielberg': 'Permanent', 'Silverstone': 'Permanent', 'Hungaroring': 'Permanent', 'Spa-Francorchamps': 'Permanent', 'Zandvoort': 'Permanent', 'Monza': 'Permanent', 'Baku': 'Street', 'Singapore': 'Street', 'Austin': 'Permanent', 'Mexico City': 'Permanent', 'Interlagos': 'Permanent', 'lusail': 'Street'}",RB,TSU,1,MEDIUM,2,18,17,True,109.56776470588235,100.953,0.5619999999999976,-1.8793455882352992,55.64997885246102,178.06331206848552,336.0,47.0,16,0.9411764705882353,1.4159411764705883,131.6
2024,Austin,19,"{'Sakhir': 'Street', 'Jeddah': 'Street', 'Melbourne': 'Street', 'Suzuka': 'Permanent', 'Shanghai': 'Permanent', 'Miami': 'Street', 'Imola': 'Permanent', 'Monte Carlo': 'Street', 'Montreal': 'Street', 'Catalunya': 'Permanent', 'Spielberg': 'Permanent', 'Silverstone': 'Permanent', 'Hungaroring': 'Permanent', 'Spa-Francorchamps': 'Permanent', 'Zandvoort': 'Permanent', 'Monza': 'Permanent', 'Baku': 'Street', 'Singapore': 'Street', 'Austin': 'Permanent', 'Mexico City': 'Permanent', 'Interlagos': 'Permanent', 'lusail': 'Street'}",RB,TSU,2,HARD,19,55,37,False,101.20502702702704,99.193,-23.468999999999994,-0.13562375533428092,62.45472554809643,193.24771944860552,334.0,0.0,27,0.7297297297297297,2.6175405405405403,101.7366
2024,Austin,19,"{'Sakhir': 'Street', 'Jeddah': 'Street', 'Melbourne': 'Street', 'Suzuka': 'Permanent', 'Shanghai': 'Permanent', 'Miami': 'Street', 'Imola': 'Permanent', 'Monte Carlo': 'Street', 'Montreal': 'Street', 'Catalunya': 'Permanent', 'Spielberg': 'Permanent', 'Silverstone': 'Permanent', 'Hungaroring': 'Permanent', 'Spa-Francorchamps': 'Permanent', 'Zandvoort': 'Permanent', 'Monza': 'Permanent', 'Baku': 'Street', 'Singapore': 'Street', 'Austin': 'Permanent', 'Mexico City': 'Permanent', 'Interlagos': 'Permanent', 'lusail': 'Street'}",Red Bull,PER,1,MEDIUM,2,26,25,True,106.56112000000002,100.115,-1.6269999999999953,-1.0732992307692326,54.98565180608745,183.1189916937073,338.0,51.0,17,0.68,3.20492,100.470875
2024,Austin,19,"{'Sakhir': 'Street', 'Jeddah': 'Street', 'Melbourne': 'Street', 'Suzuka': 'Permanent', 'Shanghai': 'Permanent', 'Miami': 'Street', 'Imola': 'Permanent', 'Monte Carlo': 'Street', 'Montreal': 'Street', 'Catalunya': 'Permanent', 'Spielberg': 'Permanent', 'Silverstone': 'Permanent', 'Hungaroring': 'Permanent', 'Spa-Francorchamps': 'Permanent', 'Zandvoort': 'Permanent', 'Monza': 'Permanent', 'Baku': 'Street', 'Singapore': 'Street', 'Austin': 'Permanent', 'Mexico City': 'Permanent', 'Interlagos': 'Permanent', 'lusail': 'Street'}",Red Bull,PER,2,HARD,27,56,30,False,99.95363333333333,98.514,-20.23700000000001,-0.1555276974416008,62.43204859598661,195.45136555371042,334.0,0.0,10,0.3333333333333333,17.5775,99.04225000000001
2024,Austin,19,"{'Sakhir': 'Street', 'Jeddah': 'Street', 'Melbourne': 'Street', 'Suzuka': 'Permanent', 'Shanghai': 'Permanent', 'Miami': 'Street', 'Imola': 'Permanent', 'Monte Carlo': 'Street', 'Montreal': 'Street', 'Catalunya': 'Permanent', 'Spielberg': 'Permanent', 'Silverstone': 'Permanent', 'Hungaroring': 'Permanent', 'Spa-Francorchamps': 'Permanent', 'Zandvoort': 'Permanent', 'Monza': 'Permanent', 'Baku': 'Street', 'Singapore': 'Street', 'Austin': 'Permanent', 'Mexico City': 'Permanent', 'Interlagos': 'Permanent', 'lusail': 'Street'}",Red Bull,VER,1,MEDIUM,2,25,24,True,105.97475000000001,99.731,0.7270000000000039,-1.1187008695652154,57.58602506819018,184.68778018476195,310.0,37.0,8,0.3333333333333333,5.2272083333333335,100.11318750000001
2024,Austin,19,"{'Sakhir': 'Street', 'Jeddah': 'Street', 'Melbourne': 'Street', 'Suzuka': 'Permanent', 'Shanghai': 'Permanent', 'Miami': 'Street', 'Imola': 'Permanent', 'Monte Carlo': 'Street', 'Montreal': 'Street', 'Catalunya': 'Permanent', 'Spielberg': 'Permanent', 'Silverstone': 'Permanent', 'Hungaroring': 'Permanent', 'Spa-Francorchamps': 'Permanent', 'Zandvoort': 'Permanent', 'Monza': 'Permanent', 'Baku': 'Street', 'Singapore': 'Street', 'Austin': 'Permanent', 'Mexico City': 'Permanent', 'Interlagos': 'Permanent', 'lusail': 'Street'}",Red Bull,VER,2,HARD,26,56,31,False,99.48387096774194,98.117,-20.601,-0.12434717741935661,63.274787963368546,196.62463997210395,313.0,0.0,3,0.0967741935483871,5.421466666666666,99.56082142857143
2024,Austin,19,"{'Sakhir': 'Street', 'Jeddah': 'Street', 'Melbourne': 'Street', 'Suzuka': 'Permanent', 'Shanghai': 'Permanent', 'Miami': 'Street', 'Imola': 'Permanent', 'Monte Carlo': 'Street', 'Montreal': 'Street', 'Catalunya': 'Permanent', 'Spielberg': 'Permanent', 'Silverstone': 'Permanent', 'Hungaroring': 'Permanent', 'Spa-Francorchamps': 'Permanent', 'Zandvoort': 'Permanent', 'Monza': 'Permanent', 'Baku': 'Street', 'Singapore': 'Street', 'Austin': 'Permanent', 'Mexico City': 'Permanent', 'Interlagos': 'Permanent', 'lusail': 'Street'}",Sauber,BOT,1,MEDIUM,2,15,14,True,111.5305714285714,101.483,-0.3610000000000042,-2.537507692307691,53.3108804979295,174.68808140507377,339.0,49.0,13,0.9285714285714286,0.9771538461538459,103.075
2024,Austin,19,"{'Sakhir': 'Street', 'Jeddah': 'Street', 'Melbourne': 'Street', 'Suzuka': 'Permanent', 'Shanghai': 'Permanent', 'Miami': 'Street', 'Imola': 'Permanent', 'Monte Carlo': 'Street', 'Montreal': 'Street', 'Catalunya': 'Permanent', 'Spielberg': 'Permanent', 'Silverstone': 'Permanent', 'Hungaroring': 'Permanent', 'Spa-Francorchamps': 'Permanent', 'Zandvoort': 'Permanent', 'Monza': 'Permanent', 'Baku': 'Street', 'Singapore': 'Street', 'Austin': 'Permanent', 'Mexico City': 'Permanent', 'Interlagos': 'Permanent', 'lusail': 'Street'}",Sauber,BOT,2,HARD,16,55,40,False,101.795975,100.575,-20.944000000000003,-0.05333705440900866,61.63320134593556,192.4268313525579,332.0,0.0,11,0.275,5.842589743589743,102.04465517241378
2024,Austin,19,"{'Sakhir': 'Street', 'Jeddah': 'Street', 'Melbourne': 'Street', 'Suzuka': 'Permanent', 'Shanghai': 'Permanent', 'Miami': 'Street', 'Imola': 'Permanent', 'Monte Carlo': 'Street', 'Montreal': 'Street', 'Catalunya': 'Permanent', 'Spielberg': 'Permanent', 'Silverstone': 'Permanent', 'Hungaroring': 'Permanent', 'Spa-Francorchamps': 'Permanent', 'Zandvoort': 'Permanent', 'Monza': 'Permanent', 'Baku': 'Street', 'Singapore': 'Street', 'Austin': 'Permanent', 'Mexico City': 'Permanent', 'Interlagos': 'Permanent', 'lusail': 'Street'}",Sauber,ZHO,1,MEDIUM,2,13,12,True,113.83149999999996,101.474,-0.532999999999987,-2.9564545454545432,50.59119775585307,171.67551614925193,334.0,0.0,8,0.6666666666666666,1.9103333333333332,104.52950000000001
2024,Austin,19,"{'Sakhir': 'Street', 'Jeddah': 'Street', 'Melbourne': 'Street', 'Suzuka': 'Permanent', 'Shanghai': 'Permanent', 'Miami': 'Street', 'Imola': 'Permanent', 'Monte Carlo': 'Street', 'Montreal': 'Street', 'Catalunya': 'Permanent', 'Spielberg': 'Permanent', 'Silverstone': 'Permanent', 'Hungaroring': 'Permanent', 'Spa-Francorchamps': 'Permanent', 'Zandvoort': 'Permanent', 'Monza': 'Permanent', 'Baku': 'Street', 'Singapore': 'Street', 'Austin': 'Permanent', 'Mexico City': 'Permanent', 'Interlagos': 'Permanent', 'lusail': 'Street'}",Sauber,ZHO,2,MEDIUM,14,35,22,True,102.57536363636363,101.13,-21.051999999999992,-0.256428006775835,60.78974174889315,190.6131373438301,310.0,0.0,1,0.045454545454545456,10.85409090909091,102.62504761904763
2024,Austin,19,"{'Sakhir': 'Street', 'Jeddah': 'Street', 'Melbourne': 'Street', 'Suzuka': 'Permanent', 'Shanghai': 'Permanent', 'Miami': 'Street', 'Imola': 'Permanent', 'Monte Carlo': 'Street', 'Montreal': 'Street', 'Catalunya': 'Permanent', 'Spielberg': 'Permanent', 'Silverstone': 'Permanent', 'Hungaroring': 'Permanent', 'Spa-Francorchamps': 'Permanent', 'Zandvoort': 'Permanent', 'Monza': 'Permanent', 'Baku': 'Street', 'Singapore': 'Street', 'Austin': 'Permanent', 'Mexico City': 'Permanent', 'Interlagos': 'Permanent', 'lusail': 'Street'}",Sauber,ZHO,3,HARD,36,55,20,False,101.33849999999998,99.272,-26.031999999999996,-0.4195624060150394,60.910824175708015,193.20311053299406,316.0,0.0,0,0.0,24.201299999999996,101.33849999999998
2024,Austin,19,"{'Sakhir': 'Street', 'Jeddah': 'Street', 'Melbourne': 'Street', 'Suzuka': 'Permanent', 'Shanghai': 'Permanent', 'Miami': 'Street', 'Imola': 'Permanent', 'Monte Carlo': 'Street', 'Montreal': 'Street', 'Catalunya': 'Permanent', 'Spielberg': 'Permanent', 'Silverstone': 'Permanent', 'Hungaroring': 'Permanent', 'Spa-Francorchamps': 'Permanent', 'Zandvoort': 'Permanent', 'Monza': 'Permanent', 'Baku': 'Street', 'Singapore': 'Street', 'Austin': 'Permanent', 'Mexico City': 'Permanent', 'Interlagos': 'Permanent', 'lusail': 'Street'}",Williams,ALB,1,MEDIUM,2,3,2,True,120.62100000000001,104.544,32.15400000000001,32.154,42.066426386984574,160.6187969865595,314.0,41.0,2,1.0,1.4100000000000001,
2024,Austin,19,"{'Sakhir': 'Street', 'Jeddah': 'Street', 'Melbourne': 'Street', 'Suzuka': 'Permanent', 'Shanghai': 'Permanent', 'Miami': 'Street', 'Imola': 'Permanent', 'Monte Carlo': 'Street', 'Montreal': 'Street', 'Catalunya': 'Permanent', 'Spielberg': 'Permanent', 'Silverstone': 'Permanent', 'Hungaroring': 'Permanent', 'Spa-Francorchamps': 'Permanent', 'Zandvoort': 'Permanent', 'Monza': 'Permanent', 'Baku': 'Street', 'Singapore': 'Street', 'Austin': 'Permanent', 'Mexico City': 'Permanent', 'Interlagos': 'Permanent', 'lusail': 'Street'}",Williams,ALB,2,MEDIUM,4,33,30,True,105.26186666666666,101.287,-54.43700000000001,-0.6186304783092315,55.312225523443715,185.71371491532543,336.0,0.0,27,0.9,1.8561333333333332,119.71266666666668
2024,Austin,19,"{'Sakhir': 'Street', 'Jeddah': 'Street', 'Melbourne': 'Street', 'Suzuka': 'Permanent', 'Shanghai': 'Permanent', 'Miami': 'Street', 'Imola': 'Permanent', 'Monte Carlo': 'Street', 'Montreal': 'Street', 'Catalunya': 'Permanent', 'Spielberg': 'Permanent', 'Silverstone': 'Permanent', 'Hungaroring': 'Permanent', 'Spa-Francorchamps': 'Permanent', 'Zandvoort': 'Permanent', 'Monza': 'Permanent', 'Baku': 'Street', 'Singapore': 'Street', 'Austin': 'Permanent', 'Mexico City': 'Permanent', 'Interlagos': 'Permanent', 'lusail': 'Street'}",Williams,ALB,3,HARD,34,55,22,False,100.7892727272727,99.084,-20.25,-0.2533077357425171,59.98682240536286,194.3869251564183,333.0,0.0,10,0.45454545454545453,3.5138636363636366,99.68108333333333
2024,Austin,19,"{'Sakhir': 'Street', 'Jeddah': 'Street', 'Melbourne': 'Street', 'Suzuka': 'Permanent', 'Shanghai': 'Permanent', 'Miami': 'Street', 'Imola': 'Permanent', 'Monte Carlo': 'Street', 'Montreal': 'Street', 'Catalunya': 'Permanent', 'Spielberg': 'Permanent', 'Silverstone': 'Permanent', 'Hungaroring': 'Permanent', 'Spa-Francorchamps': 'Permanent', 'Zandvoort': 'Permanent', 'Monza': 'Permanent', 'Baku': 'Street', 'Singapore': 'Street', 'Austin': 'Permanent', 'Mexico City': 'Permanent', 'Interlagos': 'Permanent', 'lusail': 'Street'}",Williams,COL,1,HARD,2,39,38,True,104.71718421052633,100.026,-2.4140000000000015,-0.5342870117080681,56.13843226048964,186.6263644908265,337.0,41.0,24,0.631578947368421,2.583447368421053,100.6212857142857
2024,Austin,19,"{'Sakhir': 'Street', 'Jeddah': 'Street', 'Melbourne': 'Street', 'Suzuka': 'Permanent', 'Shanghai': 'Permanent', 'Miami': 'Street', 'Imola': 'Permanent', 'Monte Carlo': 'Street', 'Montreal': 'Street', 'Catalunya': 'Permanent', 'Spielberg': 'Permanent', 'Silverstone': 'Permanent', 'Hungaroring': 'Permanent', 'Spa-Francorchamps': 'Permanent', 'Zandvoort': 'Permanent', 'Monza': 'Permanent', 'Baku': 'Street', 'Singapore': 'Street', 'Austin': 'Permanent', 'Mexico City': 'Permanent', 'Interlagos': 'Permanent', 'lusail': 'Street'}",Williams,COL,2,MEDIUM,40,56,17,False,99.55541176470588,97.611,-20.724000000000004,-0.4538308823529403,62.16054369459777,196.25313469456833,331.0,0.0,7,0.4117647058823529,2.9406470588235294,100.3851
2024,Baku,17,"{'Sakhir': 'Street', 'Jeddah': 'Street', 'Melbourne': 'Street', 'Suzuka': 'Permanent', 'Shanghai': 'Permanent', 'Miami': 'Street', 'Imola': 'Permanent', 'Monte Carlo': 'Street', 'Montreal': 'Street', 'Catalunya': 'Permanent', 'Spielberg': 'Permanent', 'Silverstone': 'Permanent', 'Hungaroring': 'Permanent', 'Spa-Francorchamps': 'Permanent', 'Zandvoort': 'Permanent', 'Monza': 'Permanent', 'Baku': 'Street', 'Singapore': 'Street', 'Austin': 'Permanent', 'Mexico City': 'Permanent', 'Interlagos': 'Permanent', 'lusail': 'Street'}",Alpine,GAS,1,HARD,2,50,49,True,110.33200000000002,108.018,33.10799999999999,0.034620510204081134,63.8843706675147,194.20461122596774,344.0,37.0,26,0.5306122448979592,2.999166666666667,110.60726086956522
2024,Baku,17,"{'Sakhir': 'Street', 'Jeddah': 'Street', 'Melbourne': 'Street', 'Suzuka': 'Permanent', 'Shanghai': 'Permanent', 'Miami': 'Street', 'Imola': 'Permanent', 'Monte Carlo': 'Street', 'Montreal': 'Street', 'Catalunya': 'Permanent', 'Spielberg': 'Permanent', 'Silverstone': 'Permanent', 'Hungaroring': 'Permanent', 'Spa-Francorchamps': 'Permanent', 'Zandvoort': 'Permanent', 'Monza': 'Permanent', 'Baku': 'Street', 'Singapore': 'Street', 'Austin': 'Permanent', 'Mexico City': 'Permanent', 'Interlagos': 'Permanent', 'lusail': 'Street'}",Alpine,GAS,2,SOFT,51,51,1,False,164.48,164.48,0.0,0.0,38.52667579043268,131.05983199405404,282.0,0.0,0,0.0,9.927,164.48
2024,Baku,17,"{'Sakhir': 'Street', 'Jeddah': 'Street', 'Melbourne': 'Street', 'Suzuka': 'Permanent', 'Shanghai': 'Permanent', 'Miami': 'Street', 'Imola': 'Permanent', 'Monte Carlo': 'Street', 'Montreal': 'Street', 'Catalunya': 'Permanent', 'Spielberg': 'Permanent', 'Silverstone': 'Permanent', 'Hungaroring': 'Permanent', 'Spa-Francorchamps': 'Permanent', 'Zandvoort': 'Permanent', 'Monza': 'Permanent', 'Baku': 'Street', 'Singapore': 'Street', 'Austin': 'Permanent', 'Mexico City': 'Permanent', 'Interlagos': 'Permanent', 'lusail': 'Street'}",Alpine,OCO,1,HARD,2,49,48,True,110.54731250000002,108.831,1.6700000000000017,-0.040633901432912796,63.936872113324064,193.56108880962705,349.0,42.0,34,0.7083333333333334,7.227312500000001,110.09450000000002
2024,Baku,17,"{'Sakhir': 'Street', 'Jeddah': 'Street', 'Melbourne': 'Street', 'Suzuka': 'Permanent', 'Shanghai': 'Permanent', 'Miami': 'Street', 'Imola': 'Permanent', 'Monte Carlo': 'Street', 'Montreal': 'Street', 'Catalunya': 'Permanent', 'Spielberg': 'Permanent', 'Silverstone': 'Permanent', 'Hungaroring': 'Permanent', 'Spa-Francorchamps': 'Permanent', 'Zandvoort': 'Permanent', 'Monza': 'Permanent', 'Baku': 'Street', 'Singapore': 'Street', 'Austin': 'Permanent', 'Mexico City': 'Permanent', 'Interlagos': 'Permanent', 'lusail': 'Street'}",Alpine,OCO,2,SOFT,50,50,1,False,166.111,166.111,0.0,0.0,38.42169237760761,129.5079993866259,228.0,0.0,0,0.0,20.088,166.111
2024,Baku,17,"{'Sakhir': 'Street', 'Jeddah': 'Street', 'Melbourne': 'Street', 'Suzuka': 'Permanent', 'Shanghai': 'Permanent', 'Miami': 'Street', 'Imola': 'Permanent', 'Monte Carlo': 'Street', 'Montreal': 'Street', 'Catalunya': 'Permanent', 'Spielberg': 'Permanent', 'Silverstone': 'Permanent', 'Hungaroring': 'Permanent', 'Spa-Francorchamps': 'Permanent', 'Zandvoort': 'Permanent', 'Monza': 'Permanent', 'Baku': 'Street', 'Singapore': 'Street', 'Austin': 'Permanent', 'Mexico City': 'Permanent', 'Interlagos': 'Permanent', 'lusail': 'Street'}",Aston Martin,ALO,1,MEDIUM,2,11,10,True,110.1052,109.056,3.4110000000000014,0.10035151515151812,60.945310251522606,193.70178956001308,332.0,63.0,3,0.3,3.4345999999999997,110.10485714285714
2024,Baku,17,"{'Sakhir': 'Street', 'Jeddah': 'Street', 'Melbourne': 'Street', 'Suzuka': 'Permanent', 'Shanghai': 'Permanent', 'Miami': 'Street', 'Imola': 'Permanent', 'Monte Carlo': 'Street', 'Montreal': 'Street', 'Catalunya': 'Permanent', 'Spielberg': 'Permanent', 'Silverstone': 'Permanent', 'Hungaroring': 'Permanent', 'Spa-Francorchamps': 'Permanent', 'Zandvoort': 'Permanent', 'Monza': 'Permanent', 'Baku': 'Street', 'Singapore': 'Street', 'Austin': 'Permanent', 'Mexico City': 'Permanent', 'Interlagos': 'Permanent', 'lusail': 'Street'}",Aston Martin,ALO,2,HARD,12,51,40,False,111.125575,107.057,26.727000000000004,0.18766163227016738,59.18758270715462,191.9684476718842,347.0,0.0,3,0.075,11.852625,111.27183783783781
2024,Baku,17,"{'Sakhir': 'Street', 'Jeddah': 'Street', 'Melbourne': 'Street', 'Suzuka': 'Permanent', 'Shanghai': 'Permanent', 'Miami': 'Street', 'Imola': 'Permanent', 'Monte Carlo': 'Street', 'Montreal': 'Street', 'Catalunya': 'Permanent', 'Spielberg': 'Permanent', 'Silverstone': 'Permanent', 'Hungaroring': 'Permanent', 'Spa-Francorchamps': 'Permanent', 'Zandvoort': 'Permanent', 'Monza': 'Permanent', 'Baku': 'Street', 'Singapore': 'Street', 'Austin': 'Permanent', 'Mexico City': 'Permanent', 'Interlagos': 'Permanent', 'lusail': 'Street'}",Aston Martin,STR,2,HARD,2,22,21,True,111.29214285714285,109.143,-13.052000000000007,-0.14893116883116944,60.740004641247054,191.190933670757,344.0,0.0,10,0.47619047619047616,6.181952380952381,111.52618181818183
2024,Baku,17,"{'Sakhir': 'Street', 'Jeddah': 'Street', 'Melbourne': 'Street', 'Suzuka': 'Permanent', 'Shanghai': 'Permanent', 'Miami': 'Street', 'Imola': 'Permanent', 'Monte Carlo': 'Street', 'Montreal': 'Street', 'Catalunya': 'Permanent', 'Spielberg': 'Permanent', 'Silverstone': 'Permanent', 'Hungaroring': 'Permanent', 'Spa-Francorchamps': 'Permanent', 'Zandvoort': 'Permanent', 'Monza': 'Permanent', 'Baku': 'Street', 'Singapore': 'Street', 'Austin': 'Permanent', 'Mexico City': 'Permanent', 'Interlagos': 'Permanent', 'lusail': 'Street'}",Aston Martin,STR,3,HARD,23,45,23,False,110.12743478260867,108.148,-3.3019999999999925,-0.023223320158104157,61.616192608813144,193.51459967460303,348.0,0.0,12,0.5217391304347826,3.718391304347826,110.30154545454546
2024,Baku,17,"{'Sakhir': 'Street', 'Jeddah': 'Street', 'Melbourne': 'Street', 'Suzuka': 'Permanent', 'Shanghai': 'Permanent', 'Miami': 'Street', 'Imola': 'Permanent', 'Monte Carlo': 'Street', 'Montreal': 'Street', 'Catalunya': 'Permanent', 'Spielberg': 'Permanent', 'Silverstone': 'Permanent', 'Hungaroring': 'Permanent', 'Spa-Francorchamps': 'Permanent', 'Zandvoort': 'Permanent', 'Monza': 'Permanent', 'Baku': 'Street', 'Singapore': 'Street', 'Austin': 'Permanent', 'Mexico City': 'Permanent', 'Interlagos': 'Permanent', 'lusail': 'Street'}",Ferrari,LEC,1,MEDIUM,2,16,15,True,108.7808,107.672,4.560999999999993,0.15520000000000228,67.90739063475976,197.5026242036108,321.0,69.0,15,1.0,0.0,
2024,Baku,17,"{'Sakhir': 'Street', 'Jeddah': 'Street', 'Melbourne': 'Street', 'Suzuka': 'Permanent', 'Shanghai': 'Permanent', 'Miami': 'Street', 'Imola': 'Permanent', 'Monte Carlo': 'Street', 'Montreal': 'Street', 'Catalunya': 'Permanent', 'Spielberg': 'Permanent', 'Silverstone': 'Permanent', 'Hungaroring': 'Permanent', 'Spa-Francorchamps': 'Permanent', 'Zandvoort': 'Permanent', 'Monza': 'Permanent', 'Baku': 'Street', 'Singapore': 'Street', 'Austin': 'Permanent', 'Mexico City': 'Permanent', 'Interlagos': 'Permanent', 'lusail': 'Street'}",Ferrari,LEC,2,HARD,17,51,35,False,109.85997142857144,107.067,28.954000000000008,0.15942745098039193,64.18415457804447,195.0727717980107,349.0,0.0,31,0.8857142857142857,1.4807714285714286,125.62375
2024,Baku,17,"{'Sakhir': 'Street', 'Jeddah': 'Street', 'Melbourne': 'Street', 'Suzuka': 'Permanent', 'Shanghai': 'Permanent', 'Miami': 'Street', 'Imola': 'Permanent', 'Monte Carlo': 'Street', 'Montreal': 'Street', 'Catalunya': 'Permanent', 'Spielberg': 'Permanent', 'Silverstone': 'Permanent', 'Hungaroring': 'Permanent', 'Spa-Francorchamps': 'Permanent', 'Zandvoort': 'Permanent', 'Monza': 'Permanent', 'Baku': 'Street', 'Singapore': 'Street', 'Austin': 'Permanent', 'Mexico City': 'Permanent', 'Interlagos': 'Permanent', 'lusail': 'Street'}",Ferrari,SAI,1,MEDIUM,2,17,16,True,109.19699999999999,108.154,4.823999999999998,0.10843529411764649,65.7232542996337,195.26304583247762,341.0,62.0,14,0.875,2.528,109.01599999999999
2024,Baku,17,"{'Sakhir': 'Street', 'Jeddah': 'Street', 'Melbourne': 'Street', 'Suzuka': 'Permanent', 'Shanghai': 'Permanent', 'Miami': 'Street', 'Imola': 'Permanent', 'Monte Carlo': 'Street', 'Montreal': 'Street', 'Catalunya': 'Permanent', 'Spielberg': 'Permanent', 'Silverstone': 'Permanent', 'Hungaroring': 'Permanent', 'Spa-Francorchamps': 'Permanent', 'Zandvoort': 'Permanent', 'Monza': 'Permanent', 'Baku': 'Street', 'Singapore': 'Street', 'Austin': 'Permanent', 'Mexico City': 'Permanent', 'Interlagos': 'Permanent', 'lusail': 'Street'}",Ferrari,SAI,2,HARD,18,49,32,False,108.11934375,106.866,-16.918000000000006,-0.12332386363636254,66.64715994283883,198.11261927475843,351.0,0.0,13,0.40625,4.6341875,108.42626315789475
2024,Baku,17,"{'Sakhir': 'Street', 'Jeddah': 'Street', 'Melbourne': 'Street', 'Suzuka': 'Permanent', 'Shanghai': 'Permanent', 'Miami': 'Street', 'Imola': 'Permanent', 'Monte Carlo': 'Street', 'Montreal': 'Street', 'Catalunya': 'Permanent', 'Spielberg': 'Permanent', 'Silverstone': 'Permanent', 'Hungaroring': 'Permanent', 'Spa-Francorchamps': 'Permanent', 'Zandvoort': 'Permanent', 'Monza': 'Permanent', 'Baku': 'Street', 'Singapore': 'Street', 'Austin': 'Permanent', 'Mexico City': 'Permanent', 'Interlagos': 'Permanent', 'lusail': 'Street'}",Haas,BEA,1,MEDIUM,2,14,13,True,110.79246153846154,109.877,3.727000000000004,0.09838461538461755,60.90585982452281,193.23742907651265,341.0,66.0,12,0.9230769230769231,2.0122307692307695,110.084
2024,Baku,17,"{'Sakhir': 'Street', 'Jeddah': 'Street', 'Melbourne': 'Street', 'Suzuka': 'Permanent', 'Shanghai': 'Permanent', 'Miami': 'Street', 'Imola': 'Permanent', 'Monte Carlo': 'Street', 'Montreal': 'Street', 'Catalunya': 'Permanent', 'Spielberg': 'Permanent', 'Silverstone': 'Permanent', 'Hungaroring': 'Permanent', 'Spa-Francorchamps': 'Permanent', 'Zandvoort': 'Permanent', 'Monza': 'Permanent', 'Baku': 'Street', 'Singapore': 'Street', 'Austin': 'Permanent', 'Mexico City': 'Permanent', 'Interlagos': 'Permanent', 'lusail': 'Street'}",Haas,BEA,2,HARD,15,51,37,False,111.10335135135134,107.048,26.293999999999997,0.2187062588904687,60.633171829836606,192.78202681292132,350.0,0.0,30,0.8108108108108109,2.0977027027027026,108.37457142857144
2024,Baku,17,"{'Sakhir': 'Street', 'Jeddah': 'Street', 'Melbourne': 'Street', 'Suzuka': 'Permanent', 'Shanghai': 'Permanent', 'Miami': 'Street', 'Imola': 'Permanent', 'Monte Carlo': 'Street', 'Montreal': 'Street', 'Catalunya': 'Permanent', 'Spielberg': 'Permanent', 'Silverstone': 'Permanent', 'Hungaroring': 'Permanent', 'Spa-Francorchamps': 'Permanent', 'Zandvoort': 'Permanent', 'Monza': 'Permanent', 'Baku': 'Street', 'Singapore': 'Street', 'Austin': 'Permanent', 'Mexico City': 'Permanent', 'Interlagos': 'Permanent', 'lusail': 'Street'}",Haas,HUL,1,MEDIUM,2,15,14,True,110.30449999999999,109.113,2.921999999999997,0.0730527472527435,62.09313144336257,194.0687137601352,347.0,63.0,8,0.5714285714285714,2.577714285714286,110.593
2024,Baku,17,"{'Sakhir': 'Street', 'Jeddah': 'Street', 'Melbourne': 'Street', 'Suzuka': 'Permanent', 'Shanghai': 'Permanent', 'Miami': 'Street', 'Imola': 'Permanent', 'Monte Carlo': 'Street', 'Montreal': 'Street', 'Catalunya': 'Permanent', 'Spielberg': 'Permanent', 'Silverstone': 'Permanent', 'Hungaroring': 'Permanent', 'Spa-Francorchamps': 'Permanent', 'Zandvoort': 'Permanent', 'Monza': 'Permanent', 'Baku': 'Street', 'Singapore': 'Street', 'Austin': 'Permanent', 'Mexico City': 'Permanent', 'Interlagos': 'Permanent', 'lusail': 'Street'}",Haas,HUL,2,HARD,16,51,36,False,111.20488888888887,107.691,25.403999999999996,0.2668205920205938,61.02584425346515,192.60435246211725,349.0,0.0,17,0.4722222222222222,3.6349714285714283,111.69805263157895
2024,Baku,17,"{'Sakhir': 'Street', 'Jeddah': 'Street', 'Melbourne': 'Street', 'Suzuka': 'Permanent', 'Shanghai': 'Permanent', 'Miami': 'Street', 'Imola': 'Permanent', 'Monte Carlo': 'Street', 'Montreal': 'Street', 'Catalunya': 'Permanent', 'Spielberg': 'Permanent', 'Silverstone': 'Permanent', 'Hungaroring': 'Permanent', 'Spa-Francorchamps': 'Permanent', 'Zandvoort': 'Permanent', 'Monza': 'Permanent', 'Baku': 'Street', 'Singapore': 'Street', 'Austin': 'Permanent', 'Mexico City': 'Permanent', 'Interlagos': 'Permanent', 'lusail': 'Street'}",McLaren,NOR,1,HARD,2,37,36,True,109.11166666666666,107.509,-0.6009999999999991,-0.037914028314025926,62.34191785695073,196.26004951387083,346.0,61.0,23,0.6388888888888888,4.000166666666667,108.94138461538462
2024,Baku,17,"{'Sakhir': 'Street', 'Jeddah': 'Street', 'Melbourne': 'Street', 'Suzuka': 'Permanent', 'Shanghai': 'Permanent', 'Miami': 'Street', 'Imola': 'Permanent', 'Monte Carlo': 'Street', 'Montreal': 'Street', 'Catalunya': 'Permanent', 'Spielberg': 'Permanent', 'Silverstone': 'Permanent', 'Hungaroring': 'Permanent', 'Spa-Francorchamps': 'Permanent', 'Zandvoort': 'Permanent', 'Monza': 'Permanent', 'Baku': 'Street', 'Singapore': 'Street', 'Austin': 'Permanent', 'Mexico City': 'Permanent', 'Interlagos': 'Permanent', 'lusail': 'Street'}",McLaren,NOR,2,MEDIUM,38,51,14,False,111.5977857142857,105.255,29.688000000000002,1.3061296703296696,58.39939233166228,191.07692855953013,346.0,0.0,1,0.07142857142857142,7.731615384615383,112.0173846153846
2024,Baku,17,"{'Sakhir': 'Street', 'Jeddah': 'Street', 'Melbourne': 'Street', 'Suzuka': 'Permanent', 'Shanghai': 'Permanent', 'Miami': 'Street', 'Imola': 'Permanent', 'Monte Carlo': 'Street', 'Montreal': 'Street', 'Catalunya': 'Permanent', 'Spielberg': 'Permanent', 'Silverstone': 'Permanent', 'Hungaroring': 'Permanent', 'Spa-Francorchamps': 'Permanent', 'Zandvoort': 'Permanent', 'Monza': 'Permanent', 'Baku': 'Street', 'Singapore': 'Street', 'Austin': 'Permanent', 'Mexico City': 'Permanent', 'Interlagos': 'Permanent', 'lusail': 'Street'}",McLaren,PIA,1,MEDIUM,2,15,14,True,109.03521428571428,108.07,4.566999999999993,0.17090769230768962,63.21881290434177,196.40489306322104,339.0,66.0,8,0.5714285714285714,2.882714285714286,109.68916666666667
2024,Baku,17,"{'Sakhir': 'Street', 'Jeddah': 'Street', 'Melbourne': 'Street', 'Suzuka': 'Permanent', 'Shanghai': 'Permanent', 'Miami': 'Street', 'Imola': 'Permanent', 'Monte Carlo': 'Street', 'Montreal': 'Street', 'Catalunya': 'Permanent', 'Spielberg': 'Permanent', 'Silverstone': 'Permanent', 'Hungaroring': 'Permanent', 'Spa-Francorchamps': 'Permanent', 'Zandvoort': 'Permanent', 'Monza': 'Permanent', 'Baku': 'Street', 'Singapore': 'Street', 'Austin': 'Permanent', 'Mexico City': 'Permanent', 'Interlagos': 'Permanent', 'lusail': 'Street'}",McLaren,PIA,2,HARD,16,51,36,False,109.40586111111111,107.06,30.081000000000003,0.12403153153153355,61.97851712843361,195.79947226664328,342.0,0.0,36,1.0,0.1375,
2024,Baku,17,"{'Sakhir': 'Street', 'Jeddah': 'Street', 'Melbourne': 'Street', 'Suzuka': 'Permanent', 'Shanghai': 'Permanent', 'Miami': 'Street', 'Imola': 'Permanent', 'Monte Carlo': 'Street', 'Montreal': 'Street', 'Catalunya': 'Permanent', 'Spielberg': 'Permanent', 'Silverstone': 'Permanent', 'Hungaroring': 'Permanent', 'Spa-Francorchamps': 'Permanent', 'Zandvoort': 'Permanent', 'Monza': 'Permanent', 'Baku': 'Street', 'Singapore': 'Street', 'Austin': 'Permanent', 'Mexico City': 'Permanent', 'Interlagos': 'Permanent', 'lusail': 'Street'}",Mercedes,HAM,1,MEDIUM,2,12,11,True,110.82463636363636,109.399,2.365000000000009,0.07452727272727566,62.39634613175674,192.72560088210525,349.0,65.0,11,1.0,0.9988181818181819,
2024,Baku,17,"{'Sakhir': 'Street', 'Jeddah': 'Street', 'Melbourne': 'Street', 'Suzuka': 'Permanent', 'Shanghai': 'Permanent', 'Miami': 'Street', 'Imola': 'Permanent', 'Monte Carlo': 'Street', 'Montreal': 'Street', 'Catalunya': 'Permanent', 'Spielberg': 'Permanent', 'Silverstone': 'Permanent', 'Hungaroring': 'Permanent', 'Spa-Francorchamps': 'Permanent', 'Zandvoort': 'Permanent', 'Monza': 'Permanent', 'Baku': 'Street', 'Singapore': 'Street', 'Austin': 'Permanent', 'Mexico City': 'Permanent', 'Interlagos': 'Permanent', 'lusail': 'Street'}",Mercedes,HAM,2,HARD,13,51,39,False,110.91366666666666,107.236,27.019999999999982,0.1987443319838053,61.02492421579096,192.45076895428963,357.0,0.0,38,0.9743589743589743,1.4704358974358975,153.777
2024,Baku,17,"{'Sakhir': 'Street', 'Jeddah': 'Street', 'Melbourne': 'Street', 'Suzuka': 'Permanent', 'Shanghai': 'Permanent', 'Miami': 'Street', 'Imola': 'Permanent', 'Monte Carlo': 'Street', 'Montreal': 'Street', 'Catalunya': 'Permanent', 'Spielberg': 'Permanent', 'Silverstone': 'Permanent', 'Hungaroring': 'Permanent', 'Spa-Francorchamps': 'Permanent', 'Zandvoort': 'Permanent', 'Monza': 'Permanent', 'Baku': 'Street', 'Singapore': 'Street', 'Austin': 'Permanent', 'Mexico City': 'Permanent', 'Interlagos': 'Permanent', 'lusail': 'Street'}",Mercedes,RUS,1,MEDIUM,2,12,11,True,109.91163636363636,108.952,4.826999999999998,0.2571090909090963,63.13871160444559,194.65304877510263,341.0,64.0,7,0.6363636363636364,2.2379090909090906,110.88324999999999
2024,Baku,17,"{'Sakhir': 'Street', 'Jeddah': 'Street', 'Melbourne': 'Street', 'Suzuka': 'Permanent', 'Shanghai': 'Permanent', 'Miami': 'Street', 'Imola': 'Permanent', 'Monte Carlo': 'Street', 'Montreal': 'Street', 'Catalunya': 'Permanent', 'Spielberg': 'Permanent', 'Silverstone': 'Permanent', 'Hungaroring': 'Permanent', 'Spa-Francorchamps': 'Permanent', 'Zandvoort': 'Permanent', 'Monza': 'Permanent', 'Baku': 'Street', 'Singapore': 'Street', 'Austin': 'Permanent', 'Mexico City': 'Permanent', 'Interlagos': 'Permanent', 'lusail': 'Street'}",Mercedes,RUS,2,HARD,13,51,39,False,109.8432564102564,106.628,28.75699999999999,0.11409473684210635,61.30442581223482,194.65698473910234,358.0,0.0,15,0.38461538461538464,7.429128205128206,110.10808333333334
2024,Baku,17,"{'Sakhir': 'Street', 'Jeddah': 'Street', 'Melbourne': 'Street', 'Suzuka': 'Permanent', 'Shanghai': 'Permanent', 'Miami': 'Street', 'Imola': 'Permanent', 'Monte Carlo': 'Street', 'Montreal': 'Street', 'Catalunya': 'Permanent', 'Spielberg': 'Permanent', 'Silverstone': 'Permanent', 'Hungaroring': 'Permanent', 'Spa-Francorchamps': 'Permanent', 'Zandvoort': 'Permanent', 'Monza': 'Permanent', 'Baku': 'Street', 'Singapore': 'Street', 'Austin': 'Permanent', 'Mexico City': 'Permanent', 'Interlagos': 'Permanent', 'lusail': 'Street'}",RB,RIC,1,HARD,2,49,48,True,109.98464583333335,108.38,0.6149999999999949,-0.047347644376898756,63.625210540014805,194.33498188322312,346.0,64.0,19,0.3958333333333333,6.229125,109.3875172413793
2024,Baku,17,"{'Sakhir': 'Street', 'Jeddah': 'Street', 'Melbourne': 'Street', 'Suzuka': 'Permanent', 'Shanghai': 'Permanent', 'Miami': 'Street', 'Imola': 'Permanent', 'Monte Carlo': 'Street', 'Montreal': 'Street', 'Catalunya': 'Permanent', 'Spielberg': 'Permanent', 'Silverstone': 'Permanent', 'Hungaroring': 'Permanent', 'Spa-Francorchamps': 'Permanent', 'Zandvoort': 'Permanent', 'Monza': 'Permanent', 'Baku': 'Street', 'Singapore': 'Street', 'Austin': 'Permanent', 'Mexico City': 'Permanent', 'Interlagos': 'Permanent', 'lusail': 'Street'}",RB,RIC,2,SOFT,50,51,2,False,160.861,154.226,-13.27000000000001,-13.270000000000008,36.26069641234044,133.550285763441,237.0,0.0,0,0.0,39.6105,160.861
2024,Baku,17,"{'Sakhir': 'Street', 'Jeddah': 'Street', 'Melbourne': 'Street', 'Suzuka': 'Permanent', 'Shanghai': 'Permanent', 'Miami': 'Street', 'Imola': 'Permanent', 'Monte Carlo': 'Street', 'Montreal': 'Street', 'Catalunya': 'Permanent', 'Spielberg': 'Permanent', 'Silverstone': 'Permanent', 'Hungaroring': 'Permanent', 'Spa-Francorchamps': 'Permanent', 'Zandvoort': 'Permanent', 'Monza': 'Permanent', 'Baku': 'Street', 'Singapore': 'Street', 'Austin': 'Permanent', 'Mexico City': 'Permanent', 'Interlagos': 'Permanent', 'lusail': 'Street'}",RB,TSU,1,MEDIUM,2,12,11,True,112.833,110.887,9.656000000000006,0.2842090909090911,61.081315429776325,188.91074578547344,329.0,66.0,3,0.2727272727272727,5.845636363636364,111.56675000000001
2024,Baku,17,"{'Sakhir': 'Street', 'Jeddah': 'Street', 'Melbourne': 'Street', 'Suzuka': 'Permanent', 'Shanghai': 'Permanent', 'Miami': 'Street', 'Imola': 'Permanent', 'Monte Carlo': 'Street', 'Montreal': 'Street', 'Catalunya': 'Permanent', 'Spielberg': 'Permanent', 'Silverstone': 'Permanent', 'Hungaroring': 'Permanent', 'Spa-Francorchamps': 'Permanent', 'Zandvoort': 'Permanent', 'Monza': 'Permanent', 'Baku': 'Street', 'Singapore': 'Street', 'Austin': 'Permanent', 'Mexico City': 'Permanent', 'Interlagos': 'Permanent', 'lusail': 'Street'}",RB,TSU,2,HARD,13,14,2,False,128.9195,125.9,-6.038999999999987,-6.0390000000000015,50.93944198941975,166.20352054410523,325.0,0.0,0,0.0,8.164,128.9195
2024,Baku,17,"{'Sakhir': 'Street', 'Jeddah': 'Street', 'Melbourne': 'Street', 'Suzuka': 'Permanent', 'Shanghai': 'Permanent', 'Miami': 'Street', 'Imola': 'Permanent', 'Monte Carlo': 'Street', 'Montreal': 'Street', 'Catalunya': 'Permanent', 'Spielberg': 'Permanent', 'Silverstone': 'Permanent', 'Hungaroring': 'Permanent', 'Spa-Francorchamps': 'Permanent', 'Zandvoort': 'Permanent', 'Monza': 'Permanent', 'Baku': 'Street', 'Singapore': 'Street', 'Austin': 'Permanent', 'Mexico City': 'Permanent', 'Interlagos': 'Permanent', 'lusail': 'Street'}",Red Bull,PER,1,MEDIUM,2,13,12,True,109.05433333333332,107.826,4.161999999999992,0.160041958041959,63.73969977412023,195.71781683385197,325.0,65.0,12,1.0,1.6991666666666667,
2024,Baku,17,"{'Sakhir': 'Street', 'Jeddah': 'Street', 'Melbourne': 'Street', 'Suzuka': 'Permanent', 'Shanghai': 'Permanent', 'Miami': 'Street', 'Imola': 'Permanent', 'Monte Carlo': 'Street', 'Montreal': 'Street', 'Catalunya': 'Permanent', 'Spielberg': 'Permanent', 'Silverstone': 'Permanent', 'Hungaroring': 'Permanent', 'Spa-Francorchamps': 'Permanent', 'Zandvoort': 'Permanent', 'Monza': 'Permanent', 'Baku': 'Street', 'Singapore': 'Street', 'Austin': 'Permanent', 'Mexico City': 'Permanent', 'Interlagos': 'Permanent', 'lusail': 'Street'}",Red Bull,PER,2,HARD,14,49,36,False,108.29508333333332,107.013,-16.414,-0.08497284427284389,63.71092755286494,197.38022557493287,347.0,0.0,35,0.9722222222222222,1.1473142857142857,108.836
2024,Baku,17,"{'Sakhir': 'Street', 'Jeddah': 'Street', 'Melbourne': 'Street', 'Suzuka': 'Permanent', 'Shanghai': 'Permanent', 'Miami': 'Street', 'Imola': 'Permanent', 'Monte Carlo': 'Street', 'Montreal': 'Street', 'Catalunya': 'Permanent', 'Spielberg': 'Permanent', 'Silverstone': 'Permanent', 'Hungaroring': 'Permanent', 'Spa-Francorchamps': 'Permanent', 'Zandvoort': 'Permanent', 'Monza': 'Permanent', 'Baku': 'Street', 'Singapore': 'Street', 'Austin': 'Permanent', 'Mexico City': 'Permanent', 'Interlagos': 'Permanent', 'lusail': 'Street'}",Red Bull,VER,1,MEDIUM,2,12,11,True,109.62745454545455,108.448,4.878999999999991,0.22026363636363896,62.20006308325129,195.11026980607159,329.0,64.0,9,0.8181818181818182,2.196363636363636,112.078
2024,Baku,17,"{'Sakhir': 'Street', 'Jeddah': 'Street', 'Melbourne': 'Street', 'Suzuka': 'Permanent', 'Shanghai': 'Permanent', 'Miami': 'Street', 'Imola': 'Permanent', 'Monte Carlo': 'Street', 'Montreal': 'Street', 'Catalunya': 'Permanent', 'Spielberg': 'Permanent', 'Silverstone': 'Permanent', 'Hungaroring': 'Permanent', 'Spa-Francorchamps': 'Permanent', 'Zandvoort': 'Permanent', 'Monza': 'Permanent', 'Baku': 'Street', 'Singapore': 'Street', 'Austin': 'Permanent', 'Mexico City': 'Permanent', 'Interlagos': 'Permanent', 'lusail': 'Street'}",Red Bull,VER,2,HARD,13,49,37,True,108.72162162162162,106.798,-14.463999999999999,-0.09563537221432027,62.65775851202454,196.62306181679625,352.0,0.0,31,0.8378378378378378,1.860864864864865,107.6065
2024,Baku,17,"{'Sakhir': 'Street', 'Jeddah': 'Street', 'Melbourne': 'Street', 'Suzuka': 'Permanent', 'Shanghai': 'Permanent', 'Miami': 'Street', 'Imola': 'Permanent', 'Monte Carlo': 'Street', 'Montreal': 'Street', 'Catalunya': 'Permanent', 'Spielberg': 'Permanent', 'Silverstone': 'Permanent', 'Hungaroring': 'Permanent', 'Spa-Francorchamps': 'Permanent', 'Zandvoort': 'Permanent', 'Monza': 'Permanent', 'Baku': 'Street', 'Singapore': 'Street', 'Austin': 'Permanent', 'Mexico City': 'Permanent', 'Interlagos': 'Permanent', 'lusail': 'Street'}",Red Bull,VER,3,SOFT,50,51,2,False,155.50650000000002,153.336,-4.34099999999998,-4.3409999999999815,31.11995212526808,137.62917171574577,261.0,0.0,0,0.0,33.251000000000005,155.50650000000002
2024,Baku,17,"{'Sakhir': 'Street', 'Jeddah': 'Street', 'Melbourne': 'Street', 'Suzuka': 'Permanent', 'Shanghai': 'Permanent', 'Miami': 'Street', 'Imola': 'Permanent', 'Monte Carlo': 'Street', 'Montreal': 'Street', 'Catalunya': 'Permanent', 'Spielberg': 'Permanent', 'Silverstone': 'Permanent', 'Hungaroring': 'Permanent', 'Spa-Francorchamps': 'Permanent', 'Zandvoort': 'Permanent', 'Monza': 'Permanent', 'Baku': 'Street', 'Singapore': 'Street', 'Austin': 'Permanent', 'Mexico City': 'Permanent', 'Interlagos': 'Permanent', 'lusail': 'Street'}",Sauber,BOT,1,MEDIUM,2,11,10,True,112.7588,111.039,3.5180000000000007,0.15295757575757707,60.89770486323307,189.5035645531654,340.0,60.0,10,1.0,1.0444,
2024,Baku,17,"{'Sakhir': 'Street', 'Jeddah': 'Street', 'Melbourne': 'Street', 'Suzuka': 'Permanent', 'Shanghai': 'Permanent', 'Miami': 'Street', 'Imola': 'Permanent', 'Monte Carlo': 'Street', 'Montreal': 'Street', 'Catalunya': 'Permanent', 'Spielberg': 'Permanent', 'Silverstone': 'Permanent', 'Hungaroring': 'Permanent', 'Spa-Francorchamps': 'Permanent', 'Zandvoort': 'Permanent', 'Monza': 'Permanent', 'Baku': 'Street', 'Singapore': 'Street', 'Austin': 'Permanent', 'Mexico City': 'Permanent', 'Interlagos': 'Permanent', 'lusail': 'Street'}",Sauber,BOT,2,HARD,12,50,39,False,111.5729487179487,108.418,25.489000000000004,0.15907631578947512,61.52787869901053,191.9442091829565,336.0,0.0,8,0.20512820512820512,9.267153846153846,112.14022580645164
2024,Baku,17,"{'Sakhir': 'Street', 'Jeddah': 'Street', 'Melbourne': 'Street', 'Suzuka': 'Permanent', 'Shanghai': 'Permanent', 'Miami': 'Street', 'Imola': 'Permanent', 'Monte Carlo': 'Street', 'Montreal': 'Street', 'Catalunya': 'Permanent', 'Spielberg': 'Permanent', 'Silverstone': 'Permanent', 'Hungaroring': 'Permanent', 'Spa-Francorchamps': 'Permanent', 'Zandvoort': 'Permanent', 'Monza': 'Permanent', 'Baku': 'Street', 'Singapore': 'Street', 'Austin': 'Permanent', 'Mexico City': 'Permanent', 'Interlagos': 'Permanent', 'lusail': 'Street'}",Sauber,ZHO,1,HARD,2,34,33,True,110.82381818181818,109.199,-0.20199999999999818,-0.06650701871657698,61.00021848675223,192.9840682057957,347.0,63.0,13,0.3939393939393939,5.149,110.3152
2024,Baku,17,"{'Sakhir': 'Street', 'Jeddah': 'Street', 'Melbourne': 'Street', 'Suzuka': 'Permanent', 'Shanghai': 'Permanent', 'Miami': 'Street', 'Imola': 'Permanent', 'Monte Carlo': 'Street', 'Montreal': 'Street', 'Catalunya': 'Permanent', 'Spielberg': 'Permanent', 'Silverstone': 'Permanent', 'Hungaroring': 'Permanent', 'Spa-Francorchamps': 'Permanent', 'Zandvoort': 'Permanent', 'Monza': 'Permanent', 'Baku': 'Street', 'Singapore': 'Street', 'Austin': 'Permanent', 'Mexico City': 'Permanent', 'Interlagos': 'Permanent', 'lusail': 'Street'}",Sauber,ZHO,2,MEDIUM,35,51,17,False,114.34482352941177,107.644,26.495000000000005,1.260867647058825,58.40354273017951,187.51231306982382,342.0,0.0,6,0.35294117647058826,6.276352941176471,113.71718181818181
2024,Baku,17,"{'Sakhir': 'Street', 'Jeddah': 'Street', 'Melbourne': 'Street', 'Suzuka': 'Permanent', 'Shanghai': 'Permanent', 'Miami': 'Street', 'Imola': 'Permanent', 'Monte Carlo': 'Street', 'Montreal': 'Street', 'Catalunya': 'Permanent', 'Spielberg': 'Permanent', 'Silverstone': 'Permanent', 'Hungaroring': 'Permanent', 'Spa-Francorchamps': 'Permanent', 'Zandvoort': 'Permanent', 'Monza': 'Permanent', 'Baku': 'Street', 'Singapore': 'Street', 'Austin': 'Permanent', 'Mexico City': 'Permanent', 'Interlagos': 'Permanent', 'lusail': 'Street'}",Williams,ALB,1,HARD,2,31,30,True,109.5482,108.677,1.6359999999999957,-0.005650723025584547,60.49474611501816,195.39293743873338,338.0,65.0,16,0.5333333333333333,5.039133333333334,109.29942857142855
2024,Baku,17,"{'Sakhir': 'Street', 'Jeddah': 'Street', 'Melbourne': 'Street', 'Suzuka': 'Permanent', 'Shanghai': 'Permanent', 'Miami': 'Street', 'Imola': 'Permanent', 'Monte Carlo': 'Street', 'Montreal': 'Street', 'Catalunya': 'Permanent', 'Spielberg': 'Permanent', 'Silverstone': 'Permanent', 'Hungaroring': 'Permanent', 'Spa-Francorchamps': 'Permanent', 'Zandvoort': 'Permanent', 'Monza': 'Permanent', 'Baku': 'Street', 'Singapore': 'Street', 'Austin': 'Permanent', 'Mexico City': 'Permanent', 'Interlagos': 'Permanent', 'lusail': 'Street'}",Williams,ALB,2,MEDIUM,32,51,20,False,112.99549999999999,106.947,26.724000000000004,0.8544887218045103,56.57172994723071,189.05797030112853,349.0,0.0,20,1.0,1.6340500000000002,
2024,Baku,17,"{'Sakhir': 'Street', 'Jeddah': 'Street', 'Melbourne': 'Street', 'Suzuka': 'Permanent', 'Shanghai': 'Permanent', 'Miami': 'Street', 'Imola': 'Permanent', 'Monte Carlo': 'Street', 'Montreal': 'Street', 'Catalunya': 'Permanent', 'Spielberg': 'Permanent', 'Silverstone': 'Permanent', 'Hungaroring': 'Permanent', 'Spa-Francorchamps': 'Permanent', 'Zandvoort': 'Permanent', 'Monza': 'Permanent', 'Baku': 'Street', 'Singapore': 'Street', 'Austin': 'Permanent', 'Mexico City': 'Permanent', 'Interlagos': 'Permanent', 'lusail': 'Street'}",Williams,COL,1,MEDIUM,2,10,9,True,110.24011111111112,109.302,2.9639999999999986,0.11568333333333035,58.39373345142567,194.09499325449056,332.0,66.0,9,1.0,1.5143333333333333,
2024,Baku,17,"{'Sakhir': 'Street', 'Jeddah': 'Street', 'Melbourne': 'Street', 'Suzuka': 'Permanent', 'Shanghai': 'Permanent', 'Miami': 'Street', 'Imola': 'Permanent', 'Monte Carlo': 'Street', 'Montreal': 'Street', 'Catalunya': 'Permanent', 'Spielberg': 'Permanent', 'Silverstone': 'Permanent', 'Hungaroring': 'Permanent', 'Spa-Francorchamps': 'Permanent', 'Zandvoort': 'Permanent', 'Monza': 'Permanent', 'Baku': 'Street', 'Singapore': 'Street', 'Austin': 'Permanent', 'Mexico City': 'Permanent', 'Interlagos': 'Permanent', 'lusail': 'Street'}",Williams,COL,2,HARD,11,51,41,False,111.14863414634146,107.274,26.751999999999995,0.16533658536585633,58.571738530719784,192.90950162595198,346.0,0.0,28,0.6829268292682927,2.8221463414634145,109.42423076923076
2024,Catalunya,3,"{'Sakhir': 'Street', 'Jeddah': 'Street', 'Melbourne': 'Street', 'Suzuka': 'Permanent', 'Shanghai': 'Permanent', 'Miami': 'Street', 'Imola': 'Permanent', 'Monte Carlo': 'Street', 'Montreal': 'Street', 'Catalunya': 'Permanent', 'Spielberg': 'Permanent', 'Silverstone': 'Permanent', 'Hungaroring': 'Permanent', 'Spa-Francorchamps': 'Permanent', 'Zandvoort': 'Permanent', 'Monza': 'Permanent', 'Baku': 'Street', 'Singapore': 'Street', 'Austin': 'Permanent', 'Mexico City': 'Permanent', 'Interlagos': 'Permanent', 'lusail': 'Street'}",Alpine,GAS,1,SOFT,2,14,13,True,81.66430769230769,80.679,4.334000000000003,0.20191758241758723,70.97405693971527,223.5675899311552,337.0,83.0,8,0.6153846153846154,2.01925,82.2752
2024,Catalunya,3,"{'Sakhir': 'Street', 'Jeddah': 'Street', 'Melbourne': 'Street', 'Suzuka': 'Permanent', 'Shanghai': 'Permanent', 'Miami': 'Street', 'Imola': 'Permanent', 'Monte Carlo': 'Street', 'Montreal': 'Street', 'Catalunya': 'Permanent', 'Spielberg': 'Permanent', 'Silverstone': 'Permanent', 'Hungaroring': 'Permanent', 'Spa-Francorchamps': 'Permanent', 'Zandvoort': 'Permanent', 'Monza': 'Permanent', 'Baku': 'Street', 'Singapore': 'Street', 'Austin': 'Permanent', 'Mexico City': 'Permanent', 'Interlagos': 'Permanent', 'lusail': 'Street'}",Alpine,GAS,2,MEDIUM,15,38,24,True,81.93537500000001,79.989,-17.24300000000001,-0.12068826086956547,72.37365089792112,221.41704271604192,329.0,0.0,6,0.25,5.280125,80.76705555555556
2024,Catalunya,3,"{'Sakhir': 'Street', 'Jeddah': 'Street', 'Melbourne': 'Street', 'Suzuka': 'Permanent', 'Shanghai': 'Permanent', 'Miami': 'Street', 'Imola': 'Permanent', 'Monte Carlo': 'Street', 'Montreal': 'Street', 'Catalunya': 'Permanent', 'Spielberg': 'Permanent', 'Silverstone': 'Permanent', 'Hungaroring': 'Permanent', 'Spa-Francorchamps': 'Permanent', 'Zandvoort': 'Permanent', 'Monza': 'Permanent', 'Baku': 'Street', 'Singapore': 'Street', 'Austin': 'Permanent', 'Mexico City': 'Permanent', 'Interlagos': 'Permanent', 'lusail': 'Street'}",Alpine,GAS,3,HARD,39,66,28,False,80.27082142857144,79.045,-15.694999999999993,-0.11316666666666408,71.65933850951048,219.4420926177439,326.0,0.0,2,0.07142857142857142,12.52125,79.53
2024,Catalunya,3,"{'Sakhir': 'Street', 'Jeddah': 'Street', 'Melbourne': 'Street', 'Suzuka': 'Permanent', 'Shanghai': 'Permanent', 'Miami': 'Street', 'Imola': 'Permanent', 'Monte Carlo': 'Street', 'Montreal': 'Street', 'Catalunya': 'Permanent', 'Spielberg': 'Permanent', 'Silverstone': 'Permanent', 'Hungaroring': 'Permanent', 'Spa-Francorchamps': 'Permanent', 'Zandvoort': 'Permanent', 'Monza': 'Permanent', 'Baku': 'Street', 'Singapore': 'Street', 'Austin': 'Permanent', 'Mexico City': 'Permanent', 'Interlagos': 'Permanent', 'lusail': 'Street'}",Alpine,OCO,1,SOFT,2,13,12,True,82.02475,80.809,4.670000000000002,0.23903846153846273,71.42606501209139,220.75727295971325,330.0,0.0,11,0.9166666666666666,1.9120833333333334,86.687
2024,Catalunya,3,"{'Sakhir': 'Street', 'Jeddah': 'Street', 'Melbourne': 'Street', 'Suzuka': 'Permanent', 'Shanghai': 'Permanent', 'Miami': 'Street', 'Imola': 'Permanent', 'Monte Carlo': 'Street', 'Montreal': 'Street', 'Catalunya': 'Permanent', 'Spielberg': 'Permanent', 'Silverstone': 'Permanent', 'Hungaroring': 'Permanent', 'Spa-Francorchamps': 'Permanent', 'Zandvoort': 'Permanent', 'Monza': 'Permanent', 'Baku': 'Street', 'Singapore': 'Street', 'Austin': 'Permanent', 'Mexico City': 'Permanent', 'Interlagos': 'Permanent', 'lusail': 'Street'}",Alpine,OCO,2,MEDIUM,14,37,24,True,82.11275,79.883,-13.147999999999996,-0.07688086956521695,71.84336575710364,220.89958606571923,335.0,0.0,15,0.625,3.4772083333333335,81.83944444444447
2024,Catalunya,3,"{'Sakhir': 'Street', 'Jeddah': 'Street', 'Melbourne': 'Street', 'Suzuka': 'Permanent', 'Shanghai': 'Permanent', 'Miami': 'Street', 'Imola': 'Permanent', 'Monte Carlo': 'Street', 'Montreal': 'Street', 'Catalunya': 'Permanent', 'Spielberg': 'Permanent', 'Silverstone': 'Permanent', 'Hungaroring': 'Permanent', 'Spa-Francorchamps': 'Permanent', 'Zandvoort': 'Permanent', 'Monza': 'Permanent', 'Baku': 'Street', 'Singapore': 'Street', 'Austin': 'Permanent', 'Mexico City': 'Permanent', 'Interlagos': 'Permanent', 'lusail': 'Street'}",Alpine,OCO,3,HARD,38,66,29,False,80.33286206896553,78.982,-17.009,-0.12847290640394088,71.862400903407,220.09050518744945,326.0,0.0,7,0.2413793103448276,5.841964285714286,79.63781818181818
2024,Catalunya,3,"{'Sakhir': 'Street', 'Jeddah': 'Street', 'Melbourne': 'Street', 'Suzuka': 'Permanent', 'Shanghai': 'Permanent', 'Miami': 'Street', 'Imola': 'Permanent', 'Monte Carlo': 'Street', 'Montreal': 'Street', 'Catalunya': 'Permanent', 'Spielberg': 'Permanent', 'Silverstone': 'Permanent', 'Hungaroring': 'Permanent', 'Spa-Francorchamps': 'Permanent', 'Zandvoort': 'Permanent', 'Monza': 'Permanent', 'Baku': 'Street', 'Singapore': 'Street', 'Austin': 'Permanent', 'Mexico City': 'Permanent', 'Interlagos': 'Permanent', 'lusail': 'Street'}",Aston Martin,ALO,1,SOFT,2,19,18,True,82.49183333333333,81.05,2.796999999999997,0.03353044375645168,72.21215916482167,220.10959955872494,331.0,0.0,16,0.8888888888888888,1.4170555555555557,83.742
2024,Catalunya,3,"{'Sakhir': 'Street', 'Jeddah': 'Street', 'Melbourne': 'Street', 'Suzuka': 'Permanent', 'Shanghai': 'Permanent', 'Miami': 'Street', 'Imola': 'Permanent', 'Monte Carlo': 'Street', 'Montreal': 'Street', 'Catalunya': 'Permanent', 'Spielberg': 'Permanent', 'Silverstone': 'Permanent', 'Hungaroring': 'Permanent', 'Spa-Francorchamps': 'Permanent', 'Zandvoort': 'Permanent', 'Monza': 'Permanent', 'Baku': 'Street', 'Singapore': 'Street', 'Austin': 'Permanent', 'Mexico City': 'Permanent', 'Interlagos': 'Permanent', 'lusail': 'Street'}",Aston Martin,ALO,2,MEDIUM,20,45,26,True,81.87557692307692,80.345,-14.697000000000003,-0.12690632478632466,73.1505773212352,225.35966353524978,327.0,0.0,21,0.8076923076923077,2.564230769230769,84.8544
2024,Catalunya,3,"{'Sakhir': 'Street', 'Jeddah': 'Street', 'Melbourne': 'Street', 'Suzuka': 'Permanent', 'Shanghai': 'Permanent', 'Miami': 'Street', 'Imola': 'Permanent', 'Monte Carlo': 'Street', 'Montreal': 'Street', 'Catalunya': 'Permanent', 'Spielberg': 'Permanent', 'Silverstone': 'Permanent', 'Hungaroring': 'Permanent', 'Spa-Francorchamps': 'Permanent', 'Zandvoort': 'Permanent', 'Monza': 'Permanent', 'Baku': 'Street', 'Singapore': 'Street', 'Austin': 'Permanent', 'Mexico City': 'Permanent', 'Interlagos': 'Permanent', 'lusail': 'Street'}",Aston Martin,ALO,3,HARD,46,65,20,False,80.3458,78.334,-18.565000000000012,-0.21164661654135608,69.51560827047557,219.68244353292442,305.0,57.0,7,0.35,11.272950000000002,79.63753846153847
2024,Catalunya,3,"{'Sakhir': 'Street', 'Jeddah': 'Street', 'Melbourne': 'Street', 'Suzuka': 'Permanent', 'Shanghai': 'Permanent', 'Miami': 'Street', 'Imola': 'Permanent', 'Monte Carlo': 'Street', 'Montreal': 'Street', 'Catalunya': 'Permanent', 'Spielberg': 'Permanent', 'Silverstone': 'Permanent', 'Hungaroring': 'Permanent', 'Spa-Francorchamps': 'Permanent', 'Zandvoort': 'Permanent', 'Monza': 'Permanent', 'Baku': 'Street', 'Singapore': 'Street', 'Austin': 'Permanent', 'Mexico City': 'Permanent', 'Interlagos': 'Permanent', 'lusail': 'Street'}",Aston Martin,STR,1,SOFT,2,17,16,True,82.4025,81.75,4.3089999999999975,0.08166764705882182,69.87131209699412,218.51085305160018,332.0,0.0,5,0.3125,4.9411875,82.48436363636364
2024,Catalunya,3,"{'Sakhir': 'Street', 'Jeddah': 'Street', 'Melbourne': 'Street', 'Suzuka': 'Permanent', 'Shanghai': 'Permanent', 'Miami': 'Street', 'Imola': 'Permanent', 'Monte Carlo': 'Street', 'Montreal': 'Street', 'Catalunya': 'Permanent', 'Spielberg': 'Permanent', 'Silverstone': 'Permanent', 'Hungaroring': 'Permanent', 'Spa-Francorchamps': 'Permanent', 'Zandvoort': 'Permanent', 'Monza': 'Permanent', 'Baku': 'Street', 'Singapore': 'Street', 'Austin': 'Permanent', 'Mexico City': 'Permanent', 'Interlagos': 'Permanent', 'lusail': 'Street'}",Aston Martin,STR,2,MEDIUM,18,37,20,True,82.36295,80.615,-13.921000000000006,-0.17380225563909735,72.25605685499852,224.6986956793721,321.0,0.0,18,0.9,1.918421052631579,81.029
2024,Catalunya,3,"{'Sakhir': 'Street', 'Jeddah': 'Street', 'Melbourne': 'Street', 'Suzuka': 'Permanent', 'Shanghai': 'Permanent', 'Miami': 'Street', 'Imola': 'Permanent', 'Monte Carlo': 'Street', 'Montreal': 'Street', 'Catalunya': 'Permanent', 'Spielberg': 'Permanent', 'Silverstone': 'Permanent', 'Hungaroring': 'Permanent', 'Spa-Francorchamps': 'Permanent', 'Zandvoort': 'Permanent', 'Monza': 'Permanent', 'Baku': 'Street', 'Singapore': 'Street', 'Austin': 'Permanent', 'Mexico City': 'Permanent', 'Interlagos': 'Permanent', 'lusail': 'Street'}",Aston Martin,STR,3,HARD,38,65,28,False,81.07764285714286,79.318,-17.054000000000002,-0.1501319102353561,69.24202750993103,222.64894622554618,326.0,71.0,7,0.25,4.603857142857143,81.27409523809523
2024,Catalunya,3,"{'Sakhir': 'Street', 'Jeddah': 'Street', 'Melbourne': 'Street', 'Suzuka': 'Permanent', 'Shanghai': 'Permanent', 'Miami': 'Street', 'Imola': 'Permanent', 'Monte Carlo': 'Street', 'Montreal': 'Street', 'Catalunya': 'Permanent', 'Spielberg': 'Permanent', 'Silverstone': 'Permanent', 'Hungaroring': 'Permanent', 'Spa-Francorchamps': 'Permanent', 'Zandvoort': 'Permanent', 'Monza': 'Permanent', 'Baku': 'Street', 'Singapore': 'Street', 'Austin': 'Permanent', 'Mexico City': 'Permanent', 'Interlagos': 'Permanent', 'lusail': 'Street'}",Ferrari,LEC,1,SOFT,2,24,23,True,81.40839130434783,80.569,4.4950000000000045,0.06254249011857638,75.18323011132833,224.42521925728053,332.0,0.0,16,0.6956521739130435,1.9046956521739131,81.28057142857142
2024,Catalunya,3,"{'Sakhir': 'Street', 'Jeddah': 'Street', 'Melbourne': 'Street', 'Suzuka': 'Permanent', 'Shanghai': 'Permanent', 'Miami': 'Street', 'Imola': 'Permanent', 'Monte Carlo': 'Street', 'Montreal': 'Street', 'Catalunya': 'Permanent', 'Spielberg': 'Permanent', 'Silverstone': 'Permanent', 'Hungaroring': 'Permanent', 'Spa-Francorchamps': 'Permanent', 'Zandvoort': 'Permanent', 'Monza': 'Permanent', 'Baku': 'Street', 'Singapore': 'Street', 'Austin': 'Permanent', 'Mexico City': 'Permanent', 'Interlagos': 'Permanent', 'lusail': 'Street'}",Ferrari,LEC,2,MEDIUM,25,47,23,True,80.65791304347826,78.811,-14.701000000000008,-0.1348468379446646,78.49457984678014,228.86976591153902,323.0,0.0,6,0.2608695652173913,5.036608695652174,79.88588235294117
2024,Catalunya,3,"{'Sakhir': 'Street', 'Jeddah': 'Street', 'Melbourne': 'Street', 'Suzuka': 'Permanent', 'Shanghai': 'Permanent', 'Miami': 'Street', 'Imola': 'Permanent', 'Monte Carlo': 'Street', 'Montreal': 'Street', 'Catalunya': 'Permanent', 'Spielberg': 'Permanent', 'Silverstone': 'Permanent', 'Hungaroring': 'Permanent', 'Spa-Francorchamps': 'Permanent', 'Zandvoort': 'Permanent', 'Monza': 'Permanent', 'Baku': 'Street', 'Singapore': 'Street', 'Austin': 'Permanent', 'Mexico City': 'Permanent', 'Interlagos': 'Permanent', 'lusail': 'Street'}",Ferrari,LEC,3,SOFT,48,66,19,False,79.47305263157897,77.897,-18.10600000000001,-0.2438543859649082,75.80752434771114,226.92652070021066,327.0,55.0,7,0.3684210526315789,3.862526315789474,79.88625
2024,Catalunya,3,"{'Sakhir': 'Street', 'Jeddah': 'Street', 'Melbourne': 'Street', 'Suzuka': 'Permanent', 'Shanghai': 'Permanent', 'Miami': 'Street', 'Imola': 'Permanent', 'Monte Carlo': 'Street', 'Montreal': 'Street', 'Catalunya': 'Permanent', 'Spielberg': 'Permanent', 'Silverstone': 'Permanent', 'Hungaroring': 'Permanent', 'Spa-Francorchamps': 'Permanent', 'Zandvoort': 'Permanent', 'Monza': 'Permanent', 'Baku': 'Street', 'Singapore': 'Street', 'Austin': 'Permanent', 'Mexico City': 'Permanent', 'Interlagos': 'Permanent', 'lusail': 'Street'}",Ferrari,SAI,1,SOFT,2,15,14,True,81.38557142857142,80.046,4.76100000000001,0.19979340659340228,78.10325252096224,229.0376674619115,323.0,88.0,13,0.9285714285714286,1.0657692307692306,81.646
2024,Catalunya,3,"{'Sakhir': 'Street', 'Jeddah': 'Street', 'Melbourne': 'Street', 'Suzuka': 'Permanent', 'Shanghai': 'Permanent', 'Miami': 'Street', 'Imola': 'Permanent', 'Monte Carlo': 'Street', 'Montreal': 'Street', 'Catalunya': 'Permanent', 'Spielberg': 'Permanent', 'Silverstone': 'Permanent', 'Hungaroring': 'Permanent', 'Spa-Francorchamps': 'Permanent', 'Zandvoort': 'Permanent', 'Monza': 'Permanent', 'Baku': 'Street', 'Singapore': 'Street', 'Austin': 'Permanent', 'Mexico City': 'Permanent', 'Interlagos': 'Permanent', 'lusail': 'Street'}",Ferrari,SAI,2,MEDIUM,16,36,21,True,81.35752380952381,79.709,-14.330999999999989,-0.18058311688311549,76.25450225255496,224.96346743022676,325.0,0.0,14,0.6666666666666666,2.4477619047619044,80.85971428571429
2024,Catalunya,3,"{'Sakhir': 'Street', 'Jeddah': 'Street', 'Melbourne': 'Street', 'Suzuka': 'Permanent', 'Shanghai': 'Permanent', 'Miami': 'Street', 'Imola': 'Permanent', 'Monte Carlo': 'Street', 'Montreal': 'Street', 'Catalunya': 'Permanent', 'Spielberg': 'Permanent', 'Silverstone': 'Permanent', 'Hungaroring': 'Permanent', 'Spa-Francorchamps': 'Permanent', 'Zandvoort': 'Permanent', 'Monza': 'Permanent', 'Baku': 'Street', 'Singapore': 'Street', 'Austin': 'Permanent', 'Mexico City': 'Permanent', 'Interlagos': 'Permanent', 'lusail': 'Street'}",Ferrari,SAI,3,HARD,37,66,30,False,79.90879999999999,78.539,-18.948999999999998,-0.11005383759733148,75.7504414145768,226.925705106586,314.0,0.0,13,0.43333333333333335,4.0412333333333335,80.35117647058826
2024,Catalunya,3,"{'Sakhir': 'Street', 'Jeddah': 'Street', 'Melbourne': 'Street', 'Suzuka': 'Permanent', 'Shanghai': 'Permanent', 'Miami': 'Street', 'Imola': 'Permanent', 'Monte Carlo': 'Street', 'Montreal': 'Street', 'Catalunya': 'Permanent', 'Spielberg': 'Permanent', 'Silverstone': 'Permanent', 'Hungaroring': 'Permanent', 'Spa-Francorchamps': 'Permanent', 'Zandvoort': 'Permanent', 'Monza': 'Permanent', 'Baku': 'Street', 'Singapore': 'Street', 'Austin': 'Permanent', 'Mexico City': 'Permanent', 'Interlagos': 'Permanent', 'lusail': 'Street'}",Haas,HUL,1,SOFT,2,12,11,True,82.30090909090909,81.383,5.393000000000001,0.26323636363636554,70.38572827413924,223.91101286071705,336.0,78.0,11,1.0,1.8372727272727274,
2024,Catalunya,3,"{'Sakhir': 'Street', 'Jeddah': 'Street', 'Melbourne': 'Street', 'Suzuka': 'Permanent', 'Shanghai': 'Permanent', 'Miami': 'Street', 'Imola': 'Permanent', 'Monte Carlo': 'Street', 'Montreal': 'Street', 'Catalunya': 'Permanent', 'Spielberg': 'Permanent', 'Silverstone': 'Permanent', 'Hungaroring': 'Permanent', 'Spa-Francorchamps': 'Permanent', 'Zandvoort': 'Permanent', 'Monza': 'Permanent', 'Baku': 'Street', 'Singapore': 'Street', 'Austin': 'Permanent', 'Mexico City': 'Permanent', 'Interlagos': 'Permanent', 'lusail': 'Street'}",Haas,HUL,2,MEDIUM,13,38,26,True,82.04215384615385,80.312,-15.852999999999994,-0.1248745299145308,71.51006086183406,222.1385960203048,330.0,0.0,5,0.19230769230769232,4.481269230769231,82.2812380952381
2024,Catalunya,3,"{'Sakhir': 'Street', 'Jeddah': 'Street', 'Melbourne': 'Street', 'Suzuka': 'Permanent', 'Shanghai': 'Permanent', 'Miami': 'Street', 'Imola': 'Permanent', 'Monte Carlo': 'Street', 'Montreal': 'Street', 'Catalunya': 'Permanent', 'Spielberg': 'Permanent', 'Silverstone': 'Permanent', 'Hungaroring': 'Permanent', 'Spa-Francorchamps': 'Permanent', 'Zandvoort': 'Permanent', 'Monza': 'Permanent', 'Baku': 'Street', 'Singapore': 'Street', 'Austin': 'Permanent', 'Mexico City': 'Permanent', 'Interlagos': 'Permanent', 'lusail': 'Street'}",Haas,HUL,3,HARD,39,66,28,False,80.28807142857144,78.609,-18.32799999999999,-0.13107553366173766,70.00298888629327,222.39254153298708,333.0,11.0,18,0.6428571428571429,2.6339629629629626,81.3135
2024,Catalunya,3,"{'Sakhir': 'Street', 'Jeddah': 'Street', 'Melbourne': 'Street', 'Suzuka': 'Permanent', 'Shanghai': 'Permanent', 'Miami': 'Street', 'Imola': 'Permanent', 'Monte Carlo': 'Street', 'Montreal': 'Street', 'Catalunya': 'Permanent', 'Spielberg': 'Permanent', 'Silverstone': 'Permanent', 'Hungaroring': 'Permanent', 'Spa-Francorchamps': 'Permanent', 'Zandvoort': 'Permanent', 'Monza': 'Permanent', 'Baku': 'Street', 'Singapore': 'Street', 'Austin': 'Permanent', 'Mexico City': 'Permanent', 'Interlagos': 'Permanent', 'lusail': 'Street'}",Haas,MAG,1,SOFT,2,10,9,True,82.89033333333333,82.102,3.01100000000001,0.19053333333332514,69.71885908890374,218.09297964293162,335.0,0.0,9,1.0,0.6025555555555555,
2024,Catalunya,3,"{'Sakhir': 'Street', 'Jeddah': 'Street', 'Melbourne': 'Street', 'Suzuka': 'Permanent', 'Shanghai': 'Permanent', 'Miami': 'Street', 'Imola': 'Permanent', 'Monte Carlo': 'Street', 'Montreal': 'Street', 'Catalunya': 'Permanent', 'Spielberg': 'Permanent', 'Silverstone': 'Permanent', 'Hungaroring': 'Permanent', 'Spa-Francorchamps': 'Permanent', 'Zandvoort': 'Permanent', 'Monza': 'Permanent', 'Baku': 'Street', 'Singapore': 'Street', 'Austin': 'Permanent', 'Mexico City': 'Permanent', 'Interlagos': 'Permanent', 'lusail': 'Street'}",Haas,MAG,2,MEDIUM,11,29,19,True,82.86568421052633,80.95,-15.189999999999998,-0.1947421052631552,71.31963330078044,223.1424293829611,331.0,69.0,11,0.5789473684210527,2.723894736842105,81.761875
2024,Catalunya,3,"{'Sakhir': 'Street', 'Jeddah': 'Street', 'Melbourne': 'Street', 'Suzuka': 'Permanent', 'Shanghai': 'Permanent', 'Miami': 'Street', 'Imola': 'Permanent', 'Monte Carlo': 'Street', 'Montreal': 'Street', 'Catalunya': 'Permanent', 'Spielberg': 'Permanent', 'Silverstone': 'Permanent', 'Hungaroring': 'Permanent', 'Spa-Francorchamps': 'Permanent', 'Zandvoort': 'Permanent', 'Monza': 'Permanent', 'Baku': 'Street', 'Singapore': 'Street', 'Austin': 'Permanent', 'Mexico City': 'Permanent', 'Interlagos': 'Permanent', 'lusail': 'Street'}",Haas,MAG,3,HARD,30,65,36,False,81.77558333333333,79.805,-25.997,-0.08656306306306037,71.82271843765604,223.61442960797208,338.0,0.0,29,0.8055555555555556,2.1108333333333333,84.23714285714287
2024,Catalunya,3,"{'Sakhir': 'Street', 'Jeddah': 'Street', 'Melbourne': 'Street', 'Suzuka': 'Permanent', 'Shanghai': 'Permanent', 'Miami': 'Street', 'Imola': 'Permanent', 'Monte Carlo': 'Street', 'Montreal': 'Street', 'Catalunya': 'Permanent', 'Spielberg': 'Permanent', 'Silverstone': 'Permanent', 'Hungaroring': 'Permanent', 'Spa-Francorchamps': 'Permanent', 'Zandvoort': 'Permanent', 'Monza': 'Permanent', 'Baku': 'Street', 'Singapore': 'Street', 'Austin': 'Permanent', 'Mexico City': 'Permanent', 'Interlagos': 'Permanent', 'lusail': 'Street'}",McLaren,NOR,1,SOFT,2,23,22,True,81.18277272727273,80.215,4.969999999999999,0.053413325804630526,71.34124726046984,222.97599048826171,324.0,0.0,19,0.8636363636363636,1.0608095238095239,81.01299999999999
2024,Catalunya,3,"{'Sakhir': 'Street', 'Jeddah': 'Street', 'Melbourne': 'Street', 'Suzuka': 'Permanent', 'Shanghai': 'Permanent', 'Miami': 'Street', 'Imola': 'Permanent', 'Monte Carlo': 'Street', 'Montreal': 'Street', 'Catalunya': 'Permanent', 'Spielberg': 'Permanent', 'Silverstone': 'Permanent', 'Hungaroring': 'Permanent', 'Spa-Francorchamps': 'Permanent', 'Zandvoort': 'Permanent', 'Monza': 'Permanent', 'Baku': 'Street', 'Singapore': 'Street', 'Austin': 'Permanent', 'Mexico City': 'Permanent', 'Interlagos': 'Permanent', 'lusail': 'Street'}",McLaren,NOR,2,MEDIUM,24,47,24,True,80.42520833333333,78.503,-14.686999999999998,-0.15875869565217085,73.59618649667023,228.48699020962383,323.0,0.0,15,0.625,3.1843333333333335,79.36855555555555
2024,Catalunya,3,"{'Sakhir': 'Street', 'Jeddah': 'Street', 'Melbourne': 'Street', 'Suzuka': 'Permanent', 'Shanghai': 'Permanent', 'Miami': 'Street', 'Imola': 'Permanent', 'Monte Carlo': 'Street', 'Montreal': 'Street', 'Catalunya': 'Permanent', 'Spielberg': 'Permanent', 'Silverstone': 'Permanent', 'Hungaroring': 'Permanent', 'Spa-Francorchamps': 'Permanent', 'Zandvoort': 'Permanent', 'Monza': 'Permanent', 'Baku': 'Street', 'Singapore': 'Street', 'Austin': 'Permanent', 'Mexico City': 'Permanent', 'Interlagos': 'Permanent', 'lusail': 'Street'}",McLaren,NOR,3,SOFT,48,66,19,False,79.0666842105263,77.115,-17.444000000000003,-0.23638245614034625,71.29782651663977,226.46122499570723,317.0,41.0,2,0.10526315789473684,5.102000000000001,79.04776470588234
2024,Catalunya,3,"{'Sakhir': 'Street', 'Jeddah': 'Street', 'Melbourne': 'Street', 'Suzuka': 'Permanent', 'Shanghai': 'Permanent', 'Miami': 'Street', 'Imola': 'Permanent', 'Monte Carlo': 'Street', 'Montreal': 'Street', 'Catalunya': 'Permanent', 'Spielberg': 'Permanent', 'Silverstone': 'Permanent', 'Hungaroring': 'Permanent', 'Spa-Francorchamps': 'Permanent', 'Zandvoort': 'Permanent', 'Monza': 'Permanent', 'Baku': 'Street', 'Singapore': 'Street', 'Austin': 'Permanent', 'Mexico City': 'Permanent', 'Interlagos': 'Permanent', 'lusail': 'Street'}",McLaren,PIA,1,SOFT,2,21,20,True,81.81970000000003,80.765,5.456999999999994,0.11566766917293303,70.19017480431684,222.98319053799634,330.0,0.0,14,0.7,2.70355,81.66533333333334
2024,Catalunya,3,"{'Sakhir': 'Street', 'Jeddah': 'Street', 'Melbourne': 'Street', 'Suzuka': 'Permanent', 'Shanghai': 'Permanent', 'Miami': 'Street', 'Imola': 'Permanent', 'Monte Carlo': 'Street', 'Montreal': 'Street', 'Catalunya': 'Permanent', 'Spielberg': 'Permanent', 'Silverstone': 'Permanent', 'Hungaroring': 'Permanent', 'Spa-Francorchamps': 'Permanent', 'Zandvoort': 'Permanent', 'Monza': 'Permanent', 'Baku': 'Street', 'Singapore': 'Street', 'Austin': 'Permanent', 'Mexico City': 'Permanent', 'Interlagos': 'Permanent', 'lusail': 'Street'}",McLaren,PIA,2,MEDIUM,22,46,25,True,80.8992,79.622,-15.012,-0.13938923076923002,72.7145092620695,227.16528097906834,330.0,0.0,9,0.36,6.36172,79.876
2024,Catalunya,3,"{'Sakhir': 'Street', 'Jeddah': 'Street', 'Melbourne': 'Street', 'Suzuka': 'Permanent', 'Shanghai': 'Permanent', 'Miami': 'Street', 'Imola': 'Permanent', 'Monte Carlo': 'Street', 'Montreal': 'Street', 'Catalunya': 'Permanent', 'Spielberg': 'Permanent', 'Silverstone': 'Permanent', 'Hungaroring': 'Permanent', 'Spa-Francorchamps': 'Permanent', 'Zandvoort': 'Permanent', 'Monza': 'Permanent', 'Baku': 'Street', 'Singapore': 'Street', 'Austin': 'Permanent', 'Mexico City': 'Permanent', 'Interlagos': 'Permanent', 'lusail': 'Street'}",McLaren,PIA,3,SOFT,47,66,20,False,79.402,77.874,-18.525000000000006,-0.2564571428571453,69.23272546341403,222.56957418214105,326.0,43.0,1,0.05,8.365,79.40768421052631
2024,Catalunya,3,"{'Sakhir': 'Street', 'Jeddah': 'Street', 'Melbourne': 'Street', 'Suzuka': 'Permanent', 'Shanghai': 'Permanent', 'Miami': 'Street', 'Imola': 'Permanent', 'Monte Carlo': 'Street', 'Montreal': 'Street', 'Catalunya': 'Permanent', 'Spielberg': 'Permanent', 'Silverstone': 'Permanent', 'Hungaroring': 'Permanent', 'Spa-Francorchamps': 'Permanent', 'Zandvoort': 'Permanent', 'Monza': 'Permanent', 'Baku': 'Street', 'Singapore': 'Street', 'Austin': 'Permanent', 'Mexico City': 'Permanent', 'Interlagos': 'Permanent', 'lusail': 'Street'}",Mercedes,HAM,1,SOFT,2,16,15,True,81.45333333333333,80.421,4.372,0.17057142857142854,68.53853363440632,213.99275967367848,331.0,0.0,15,1.0,0.9769333333333334,
2024,Catalunya,3,"{'Sakhir': 'Street', 'Jeddah': 'Street', 'Melbourne': 'Street', 'Suzuka': 'Permanent', 'Shanghai': 'Permanent', 'Miami': 'Street', 'Imola': 'Permanent', 'Monte Carlo': 'Street', 'Montreal': 'Street', 'Catalunya': 'Permanent', 'Spielberg': 'Permanent', 'Silverstone': 'Permanent', 'Hungaroring': 'Permanent', 'Spa-Francorchamps': 'Permanent', 'Zandvoort': 'Permanent', 'Monza': 'Permanent', 'Baku': 'Street', 'Singapore': 'Street', 'Austin': 'Permanent', 'Mexico City': 'Permanent', 'Interlagos': 'Permanent', 'lusail': 'Street'}",Mercedes,HAM,2,MEDIUM,17,43,27,True,80.88166666666666,79.307,-14.182999999999993,-0.10454639804640108,,,,,21,0.7777777777777778,1.9691851851851854,80.61666666666666
2024,Catalunya,3,"{'Sakhir': 'Street', 'Jeddah': 'Street', 'Melbourne': 'Street', 'Suzuka': 'Permanent', 'Shanghai': 'Permanent', 'Miami': 'Street', 'Imola': 'Permanent', 'Monte Carlo': 'Street', 'Montreal': 'Street', 'Catalunya': 'Permanent', 'Spielberg': 'Permanent', 'Silverstone': 'Permanent', 'Hungaroring': 'Permanent', 'Spa-Francorchamps': 'Permanent', 'Zandvoort': 'Permanent', 'Monza': 'Permanent', 'Baku': 'Street', 'Singapore': 'Street', 'Austin': 'Permanent', 'Mexico City': 'Permanent', 'Interlagos': 'Permanent', 'lusail': 'Street'}",Mercedes,HAM,3,SOFT,44,66,23,False,79.47699999999999,77.809,-16.153000000000006,-0.14836264822134443,,,,,8,0.34782608695652173,7.267043478260869,78.84633333333333
2024,Catalunya,3,"{'Sakhir': 'Street', 'Jeddah': 'Street', 'Melbourne': 'Street', 'Suzuka': 'Permanent', 'Shanghai': 'Permanent', 'Miami': 'Street', 'Imola': 'Permanent', 'Monte Carlo': 'Street', 'Montreal': 'Street', 'Catalunya': 'Permanent', 'Spielberg': 'Permanent', 'Silverstone': 'Permanent', 'Hungaroring': 'Permanent', 'Spa-Francorchamps': 'Permanent', 'Zandvoort': 'Permanent', 'Monza': 'Permanent', 'Baku': 'Street', 'Singapore': 'Street', 'Austin': 'Permanent', 'Mexico City': 'Permanent', 'Interlagos': 'Permanent', 'lusail': 'Street'}",Mercedes,RUS,1,SOFT,2,15,14,True,81.40492857142858,79.857,5.507000000000005,0.18323296703296293,74.8536483428903,222.71060405695374,331.0,0.0,11,0.7857142857142857,2.1492857142857145,82.737
2024,Catalunya,3,"{'Sakhir': 'Street', 'Jeddah': 'Street', 'Melbourne': 'Street', 'Suzuka': 'Permanent', 'Shanghai': 'Permanent', 'Miami': 'Street', 'Imola': 'Permanent', 'Monte Carlo': 'Street', 'Montreal': 'Street', 'Catalunya': 'Permanent', 'Spielberg': 'Permanent', 'Silverstone': 'Permanent', 'Hungaroring': 'Permanent', 'Spa-Francorchamps': 'Permanent', 'Zandvoort': 'Permanent', 'Monza': 'Permanent', 'Baku': 'Street', 'Singapore': 'Street', 'Austin': 'Permanent', 'Mexico City': 'Permanent', 'Interlagos': 'Permanent', 'lusail': 'Street'}",Mercedes,RUS,2,MEDIUM,16,36,21,True,81.33028571428572,79.511,-15.867999999999995,-0.1675259740259749,73.82366264984786,225.03073328042402,325.0,69.0,4,0.19047619047619047,5.019857142857142,80.05399999999999
2024,Catalunya,3,"{'Sakhir': 'Street', 'Jeddah': 'Street', 'Melbourne': 'Street', 'Suzuka': 'Permanent', 'Shanghai': 'Permanent', 'Miami': 'Street', 'Imola': 'Permanent', 'Monte Carlo': 'Street', 'Montreal': 'Street', 'Catalunya': 'Permanent', 'Spielberg': 'Permanent', 'Silverstone': 'Permanent', 'Hungaroring': 'Permanent', 'Spa-Francorchamps': 'Permanent', 'Zandvoort': 'Permanent', 'Monza': 'Permanent', 'Baku': 'Street', 'Singapore': 'Street', 'Austin': 'Permanent', 'Mexico City': 'Permanent', 'Interlagos': 'Permanent', 'lusail': 'Street'}",Mercedes,RUS,3,HARD,37,66,30,False,79.7458,78.29,-19.599999999999994,-0.1168551724137939,75.96103831287213,228.42288748360124,326.0,0.0,15,0.5,3.2497666666666674,79.02766666666666
2024,Catalunya,3,"{'Sakhir': 'Street', 'Jeddah': 'Street', 'Melbourne': 'Street', 'Suzuka': 'Permanent', 'Shanghai': 'Permanent', 'Miami': 'Street', 'Imola': 'Permanent', 'Monte Carlo': 'Street', 'Montreal': 'Street', 'Catalunya': 'Permanent', 'Spielberg': 'Permanent', 'Silverstone': 'Permanent', 'Hungaroring': 'Permanent', 'Spa-Francorchamps': 'Permanent', 'Zandvoort': 'Permanent', 'Monza': 'Permanent', 'Baku': 'Street', 'Singapore': 'Street', 'Austin': 'Permanent', 'Mexico City': 'Permanent', 'Interlagos': 'Permanent', 'lusail': 'Street'}",RB,RIC,1,SOFT,2,16,15,True,82.73053333333333,81.77,3.540999999999997,0.03478571428571464,70.41799900862412,221.61852568592155,334.0,0.0,8,0.5333333333333333,2.3658,82.61428571428571
2024,Catalunya,3,"{'Sakhir': 'Street', 'Jeddah': 'Street', 'Melbourne': 'Street', 'Suzuka': 'Permanent', 'Shanghai': 'Permanent', 'Miami': 'Street', 'Imola': 'Permanent', 'Monte Carlo': 'Street', 'Montreal': 'Street', 'Catalunya': 'Permanent', 'Spielberg': 'Permanent', 'Silverstone': 'Permanent', 'Hungaroring': 'Permanent', 'Spa-Francorchamps': 'Permanent', 'Zandvoort': 'Permanent', 'Monza': 'Permanent', 'Baku': 'Street', 'Singapore': 'Street', 'Austin': 'Permanent', 'Mexico City': 'Permanent', 'Interlagos': 'Permanent', 'lusail': 'Street'}",RB,RIC,2,MEDIUM,17,42,26,True,82.2111923076923,80.849,-15.111999999999995,-0.11396478632478595,71.48060749548047,222.45741756938432,330.0,0.0,9,0.34615384615384615,3.80484,82.54411764705884
2024,Catalunya,3,"{'Sakhir': 'Street', 'Jeddah': 'Street', 'Melbourne': 'Street', 'Suzuka': 'Permanent', 'Shanghai': 'Permanent', 'Miami': 'Street', 'Imola': 'Permanent', 'Monte Carlo': 'Street', 'Montreal': 'Street', 'Catalunya': 'Permanent', 'Spielberg': 'Permanent', 'Silverstone': 'Permanent', 'Hungaroring': 'Permanent', 'Spa-Francorchamps': 'Permanent', 'Zandvoort': 'Permanent', 'Monza': 'Permanent', 'Baku': 'Street', 'Singapore': 'Street', 'Austin': 'Permanent', 'Mexico City': 'Permanent', 'Interlagos': 'Permanent', 'lusail': 'Street'}",RB,RIC,3,HARD,43,65,23,False,81.48160869565218,79.45,-21.846000000000004,-0.31615316205533667,71.73382226432818,223.38415002331692,311.0,53.0,8,0.34782608695652173,9.54195652173913,82.0162
2024,Catalunya,3,"{'Sakhir': 'Street', 'Jeddah': 'Street', 'Melbourne': 'Street', 'Suzuka': 'Permanent', 'Shanghai': 'Permanent', 'Miami': 'Street', 'Imola': 'Permanent', 'Monte Carlo': 'Street', 'Montreal': 'Street', 'Catalunya': 'Permanent', 'Spielberg': 'Permanent', 'Silverstone': 'Permanent', 'Hungaroring': 'Permanent', 'Spa-Francorchamps': 'Permanent', 'Zandvoort': 'Permanent', 'Monza': 'Permanent', 'Baku': 'Street', 'Singapore': 'Street', 'Austin': 'Permanent', 'Mexico City': 'Permanent', 'Interlagos': 'Permanent', 'lusail': 'Street'}",RB,TSU,1,SOFT,2,9,8,True,83.36225,82.193,3.0470000000000113,0.35652380952381546,70.88088761460139,220.33173108298539,332.0,0.0,8,1.0,0.800125,
2024,Catalunya,3,"{'Sakhir': 'Street', 'Jeddah': 'Street', 'Melbourne': 'Street', 'Suzuka': 'Permanent', 'Shanghai': 'Permanent', 'Miami': 'Street', 'Imola': 'Permanent', 'Monte Carlo': 'Street', 'Montreal': 'Street', 'Catalunya': 'Permanent', 'Spielberg': 'Permanent', 'Silverstone': 'Permanent', 'Hungaroring': 'Permanent', 'Spa-Francorchamps': 'Permanent', 'Zandvoort': 'Permanent', 'Monza': 'Permanent', 'Baku': 'Street', 'Singapore': 'Street', 'Austin': 'Permanent', 'Mexico City': 'Permanent', 'Interlagos': 'Permanent', 'lusail': 'Street'}",RB,TSU,2,MEDIUM,10,27,18,True,83.11816666666667,81.392,-13.304999999999993,-0.2183333333333326,71.94631655015627,222.6743942267688,315.0,80.0,13,0.7222222222222222,2.5315000000000003,82.53
2024,Catalunya,3,"{'Sakhir': 'Street', 'Jeddah': 'Street', 'Melbourne': 'Street', 'Suzuka': 'Permanent', 'Shanghai': 'Permanent', 'Miami': 'Street', 'Imola': 'Permanent', 'Monte Carlo': 'Street', 'Montreal': 'Street', 'Catalunya': 'Permanent', 'Spielberg': 'Permanent', 'Silverstone': 'Permanent', 'Hungaroring': 'Permanent', 'Spa-Francorchamps': 'Permanent', 'Zandvoort': 'Permanent', 'Monza': 'Permanent', 'Baku': 'Street', 'Singapore': 'Street', 'Austin': 'Permanent', 'Mexico City': 'Permanent', 'Interlagos': 'Permanent', 'lusail': 'Street'}",RB,TSU,3,HARD,28,44,17,True,82.41947058823528,79.573,-13.350999999999999,-0.13270098039215594,73.3624230825463,224.57093867606602,334.0,0.0,7,0.4117647058823529,4.508235294117647,83.12389999999999
2024,Catalunya,3,"{'Sakhir': 'Street', 'Jeddah': 'Street', 'Melbourne': 'Street', 'Suzuka': 'Permanent', 'Shanghai': 'Permanent', 'Miami': 'Street', 'Imola': 'Permanent', 'Monte Carlo': 'Street', 'Montreal': 'Street', 'Catalunya': 'Permanent', 'Spielberg': 'Permanent', 'Silverstone': 'Permanent', 'Hungaroring': 'Permanent', 'Spa-Francorchamps': 'Permanent', 'Zandvoort': 'Permanent', 'Monza': 'Permanent', 'Baku': 'Street', 'Singapore': 'Street', 'Austin': 'Permanent', 'Mexico City': 'Permanent', 'Interlagos': 'Permanent', 'lusail': 'Street'}",RB,TSU,4,SOFT,45,65,21,False,81.41195238095239,79.447,-20.551999999999992,-0.27759870129870234,71.16359375095185,220.34225045671536,311.0,43.0,7,0.3333333333333333,5.318238095238096,82.12021428571428
2024,Catalunya,3,"{'Sakhir': 'Street', 'Jeddah': 'Street', 'Melbourne': 'Street', 'Suzuka': 'Permanent', 'Shanghai': 'Permanent', 'Miami': 'Street', 'Imola': 'Permanent', 'Monte Carlo': 'Street', 'Montreal': 'Street', 'Catalunya': 'Permanent', 'Spielberg': 'Permanent', 'Silverstone': 'Permanent', 'Hungaroring': 'Permanent', 'Spa-Francorchamps': 'Permanent', 'Zandvoort': 'Permanent', 'Monza': 'Permanent', 'Baku': 'Street', 'Singapore': 'Street', 'Austin': 'Permanent', 'Mexico City': 'Permanent', 'Interlagos': 'Permanent', 'lusail': 'Street'}",Red Bull,PER,1,SOFT,2,13,12,True,82.11041666666667,81.481,3.352000000000004,0.12603846153846548,72.72101032686506,226.2453919175431,332.0,77.0,10,0.8333333333333334,1.549666666666667,83.78450000000001
2024,Catalunya,3,"{'Sakhir': 'Street', 'Jeddah': 'Street', 'Melbourne': 'Street', 'Suzuka': 'Permanent', 'Shanghai': 'Permanent', 'Miami': 'Street', 'Imola': 'Permanent', 'Monte Carlo': 'Street', 'Montreal': 'Street', 'Catalunya': 'Permanent', 'Spielberg': 'Permanent', 'Silverstone': 'Permanent', 'Hungaroring': 'Permanent', 'Spa-Francorchamps': 'Permanent', 'Zandvoort': 'Permanent', 'Monza': 'Permanent', 'Baku': 'Street', 'Singapore': 'Street', 'Austin': 'Permanent', 'Mexico City': 'Permanent', 'Interlagos': 'Permanent', 'lusail': 'Street'}",Red Bull,PER,2,SOFT,14,31,18,True,82.12316666666668,80.162,-13.748000000000005,-0.18623426212590133,71.00507591859864,222.1034224714759,339.0,0.0,16,0.8888888888888888,2.09,83.4115
2024,Catalunya,3,"{'Sakhir': 'Street', 'Jeddah': 'Street', 'Melbourne': 'Street', 'Suzuka': 'Permanent', 'Shanghai': 'Permanent', 'Miami': 'Street', 'Imola': 'Permanent', 'Monte Carlo': 'Street', 'Montreal': 'Street', 'Catalunya': 'Permanent', 'Spielberg': 'Permanent', 'Silverstone': 'Permanent', 'Hungaroring': 'Permanent', 'Spa-Francorchamps': 'Permanent', 'Zandvoort': 'Permanent', 'Monza': 'Permanent', 'Baku': 'Street', 'Singapore': 'Street', 'Austin': 'Permanent', 'Mexico City': 'Permanent', 'Interlagos': 'Permanent', 'lusail': 'Street'}",Red Bull,PER,3,MEDIUM,32,49,18,True,80.50766666666667,78.652,-13.287999999999997,-0.20094736842105074,74.37957486525373,227.71779099528365,315.0,0.0,4,0.2222222222222222,8.54938888888889,80.86671428571427
2024,Catalunya,3,"{'Sakhir': 'Street', 'Jeddah': 'Street', 'Melbourne': 'Street', 'Suzuka': 'Permanent', 'Shanghai': 'Permanent', 'Miami': 'Street', 'Imola': 'Permanent', 'Monte Carlo': 'Street', 'Montreal': 'Street', 'Catalunya': 'Permanent', 'Spielberg': 'Permanent', 'Silverstone': 'Permanent', 'Hungaroring': 'Permanent', 'Spa-Francorchamps': 'Permanent', 'Zandvoort': 'Permanent', 'Monza': 'Permanent', 'Baku': 'Street', 'Singapore': 'Street', 'Austin': 'Permanent', 'Mexico City': 'Permanent', 'Interlagos': 'Permanent', 'lusail': 'Street'}",Red Bull,PER,4,SOFT,50,66,17,False,79.90917647058824,77.785,-17.839,-0.28574754901960886,67.9778373411709,217.06153404246135,313.0,21.0,5,0.29411764705882354,5.92264705882353,78.69691666666667
2024,Catalunya,3,"{'Sakhir': 'Street', 'Jeddah': 'Street', 'Melbourne': 'Street', 'Suzuka': 'Permanent', 'Shanghai': 'Permanent', 'Miami': 'Street', 'Imola': 'Permanent', 'Monte Carlo': 'Street', 'Montreal': 'Street', 'Catalunya': 'Permanent', 'Spielberg': 'Permanent', 'Silverstone': 'Permanent', 'Hungaroring': 'Permanent', 'Spa-Francorchamps': 'Permanent', 'Zandvoort': 'Permanent', 'Monza': 'Permanent', 'Baku': 'Street', 'Singapore': 'Street', 'Austin': 'Permanent', 'Mexico City': 'Permanent', 'Interlagos': 'Permanent', 'lusail': 'Street'}",Red Bull,VER,1,SOFT,2,17,16,True,81.06456250000001,79.364,5.00500000000001,0.155483823529413,63.754309442274746,207.95422793032185,320.0,52.8062496,16,1.0,0.0373125,
2024,Catalunya,3,"{'Sakhir': 'Street', 'Jeddah': 'Street', 'Melbourne': 'Street', 'Suzuka': 'Permanent', 'Shanghai': 'Permanent', 'Miami': 'Street', 'Imola': 'Permanent', 'Monte Carlo': 'Street', 'Montreal': 'Street', 'Catalunya': 'Permanent', 'Spielberg': 'Permanent', 'Silverstone': 'Permanent', 'Hungaroring': 'Permanent', 'Spa-Francorchamps': 'Permanent', 'Zandvoort': 'Permanent', 'Monza': 'Permanent', 'Baku': 'Street', 'Singapore': 'Street', 'Austin': 'Permanent', 'Mexico City': 'Permanent', 'Interlagos': 'Permanent', 'lusail': 'Street'}",Red Bull,VER,2,MEDIUM,18,44,27,True,80.66803703703705,79.363,-14.22999999999999,-0.10633028083028206,,,,,21,0.7777777777777778,1.1644230769230768,82.789
2024,Catalunya,3,"{'Sakhir': 'Street', 'Jeddah': 'Street', 'Melbourne': 'Street', 'Suzuka': 'Permanent', 'Shanghai': 'Permanent', 'Miami': 'Street', 'Imola': 'Permanent', 'Monte Carlo': 'Street', 'Montreal': 'Street', 'Catalunya': 'Permanent', 'Spielberg': 'Permanent', 'Silverstone': 'Permanent', 'Hungaroring': 'Permanent', 'Spa-Francorchamps': 'Permanent', 'Zandvoort': 'Permanent', 'Monza': 'Permanent', 'Baku': 'Street', 'Singapore': 'Street', 'Austin': 'Permanent', 'Mexico City': 'Permanent', 'Interlagos': 'Permanent', 'lusail': 'Street'}",Red Bull,VER,3,SOFT,45,66,22,False,79.1805,77.776,-17.278999999999996,-0.1717306606437037,,,,,19,0.8636363636363636,0.7142727272727272,84.31233333333334
2024,Catalunya,3,"{'Sakhir': 'Street', 'Jeddah': 'Street', 'Melbourne': 'Street', 'Suzuka': 'Permanent', 'Shanghai': 'Permanent', 'Miami': 'Street', 'Imola': 'Permanent', 'Monte Carlo': 'Street', 'Montreal': 'Street', 'Catalunya': 'Permanent', 'Spielberg': 'Permanent', 'Silverstone': 'Permanent', 'Hungaroring': 'Permanent', 'Spa-Francorchamps': 'Permanent', 'Zandvoort': 'Permanent', 'Monza': 'Permanent', 'Baku': 'Street', 'Singapore': 'Street', 'Austin': 'Permanent', 'Mexico City': 'Permanent', 'Interlagos': 'Permanent', 'lusail': 'Street'}",Sauber,BOT,1,SOFT,2,11,10,True,82.68679999999999,82.113,2.6269999999999953,0.14873939393939317,69.76724234619618,213.0302004619073,327.0,0.0,10,1.0,1.1895,
2024,Catalunya,3,"{'Sakhir': 'Street', 'Jeddah': 'Street', 'Melbourne': 'Street', 'Suzuka': 'Permanent', 'Shanghai': 'Permanent', 'Miami': 'Street', 'Imola': 'Permanent', 'Monte Carlo': 'Street', 'Montreal': 'Street', 'Catalunya': 'Permanent', 'Spielberg': 'Permanent', 'Silverstone': 'Permanent', 'Hungaroring': 'Permanent', 'Spa-Francorchamps': 'Permanent', 'Zandvoort': 'Permanent', 'Monza': 'Permanent', 'Baku': 'Street', 'Singapore': 'Street', 'Austin': 'Permanent', 'Mexico City': 'Permanent', 'Interlagos': 'Permanent', 'lusail': 'Street'}",Sauber,BOT,2,SOFT,12,28,17,True,82.93488235294116,79.608,-13.634,-0.12126470588235172,74.67439346765816,223.83575427313994,305.0,79.0,11,0.6470588235294118,2.4009375,84.7435
2024,Catalunya,3,"{'Sakhir': 'Street', 'Jeddah': 'Street', 'Melbourne': 'Street', 'Suzuka': 'Permanent', 'Shanghai': 'Permanent', 'Miami': 'Street', 'Imola': 'Permanent', 'Monte Carlo': 'Street', 'Montreal': 'Street', 'Catalunya': 'Permanent', 'Spielberg': 'Permanent', 'Silverstone': 'Permanent', 'Hungaroring': 'Permanent', 'Spa-Francorchamps': 'Permanent', 'Zandvoort': 'Permanent', 'Monza': 'Permanent', 'Baku': 'Street', 'Singapore': 'Street', 'Austin': 'Permanent', 'Mexico City': 'Permanent', 'Interlagos': 'Permanent', 'lusail': 'Street'}",Sauber,BOT,3,HARD,29,65,37,False,81.8048108108108,79.936,-18.189999999999998,-0.0693357041251781,73.62595265535958,222.34765193676327,324.0,0.0,6,0.16216216216216217,9.100777777777777,81.76209677419354
2024,Catalunya,3,"{'Sakhir': 'Street', 'Jeddah': 'Street', 'Melbourne': 'Street', 'Suzuka': 'Permanent', 'Shanghai': 'Permanent', 'Miami': 'Street', 'Imola': 'Permanent', 'Monte Carlo': 'Street', 'Montreal': 'Street', 'Catalunya': 'Permanent', 'Spielberg': 'Permanent', 'Silverstone': 'Permanent', 'Hungaroring': 'Permanent', 'Spa-Francorchamps': 'Permanent', 'Zandvoort': 'Permanent', 'Monza': 'Permanent', 'Baku': 'Street', 'Singapore': 'Street', 'Austin': 'Permanent', 'Mexico City': 'Permanent', 'Interlagos': 'Permanent', 'lusail': 'Street'}",Sauber,ZHO,1,SOFT,2,9,8,True,83.074625,82.358,2.8729999999999905,0.24891666666666554,70.21198397882488,217.20609628583804,332.0,0.0,8,1.0,0.80775,
2024,Catalunya,3,"{'Sakhir': 'Street', 'Jeddah': 'Street', 'Melbourne': 'Street', 'Suzuka': 'Permanent', 'Shanghai': 'Permanent', 'Miami': 'Street', 'Imola': 'Permanent', 'Monte Carlo': 'Street', 'Montreal': 'Street', 'Catalunya': 'Permanent', 'Spielberg': 'Permanent', 'Silverstone': 'Permanent', 'Hungaroring': 'Permanent', 'Spa-Francorchamps': 'Permanent', 'Zandvoort': 'Permanent', 'Monza': 'Permanent', 'Baku': 'Street', 'Singapore': 'Street', 'Austin': 'Permanent', 'Mexico City': 'Permanent', 'Interlagos': 'Permanent', 'lusail': 'Street'}",Sauber,ZHO,2,MEDIUM,10,41,32,True,82.00796875,80.151,-12.679999999999993,-0.055984054252199565,73.07850353400327,221.80303924004056,309.0,0.0,14,0.4375,4.81303125,82.31422222222221
2024,Catalunya,3,"{'Sakhir': 'Street', 'Jeddah': 'Street', 'Melbourne': 'Street', 'Suzuka': 'Permanent', 'Shanghai': 'Permanent', 'Miami': 'Street', 'Imola': 'Permanent', 'Monte Carlo': 'Street', 'Montreal': 'Street', 'Catalunya': 'Permanent', 'Spielberg': 'Permanent', 'Silverstone': 'Permanent', 'Hungaroring': 'Permanent', 'Spa-Francorchamps': 'Permanent', 'Zandvoort': 'Permanent', 'Monza': 'Permanent', 'Baku': 'Street', 'Singapore': 'Street', 'Austin': 'Permanent', 'Mexico City': 'Permanent', 'Interlagos': 'Permanent', 'lusail': 'Street'}",Sauber,ZHO,3,HARD,42,65,24,False,80.65829166666667,78.771,-20.923000000000002,-0.17303434782608668,71.94121303764197,222.4685729512351,313.0,18.0,4,0.16666666666666666,7.723791666666666,79.69859999999998
2024,Catalunya,3,"{'Sakhir': 'Street', 'Jeddah': 'Street', 'Melbourne': 'Street', 'Suzuka': 'Permanent', 'Shanghai': 'Permanent', 'Miami': 'Street', 'Imola': 'Permanent', 'Monte Carlo': 'Street', 'Montreal': 'Street', 'Catalunya': 'Permanent', 'Spielberg': 'Permanent', 'Silverstone': 'Permanent', 'Hungaroring': 'Permanent', 'Spa-Francorchamps': 'Permanent', 'Zandvoort': 'Permanent', 'Monza': 'Permanent', 'Baku': 'Street', 'Singapore': 'Street', 'Austin': 'Permanent', 'Mexico City': 'Permanent', 'Interlagos': 'Permanent', 'lusail': 'Street'}",Williams,ALB,1,MEDIUM,2,18,17,True,82.93570588235293,82.119,4.620999999999995,0.11254411764705995,67.16802532110977,218.30438429517974,332.0,0.0,15,0.8823529411764706,1.5091176470588237,82.4205
2024,Catalunya,3,"{'Sakhir': 'Street', 'Jeddah': 'Street', 'Melbourne': 'Street', 'Suzuka': 'Permanent', 'Shanghai': 'Permanent', 'Miami': 'Street', 'Imola': 'Permanent', 'Monte Carlo': 'Street', 'Montreal': 'Street', 'Catalunya': 'Permanent', 'Spielberg': 'Permanent', 'Silverstone': 'Permanent', 'Hungaroring': 'Permanent', 'Spa-Francorchamps': 'Permanent', 'Zandvoort': 'Permanent', 'Monza': 'Permanent', 'Baku': 'Street', 'Singapore': 'Street', 'Austin': 'Permanent', 'Mexico City': 'Permanent', 'Interlagos': 'Permanent', 'lusail': 'Street'}",Williams,ALB,2,SOFT,19,43,25,True,82.34248,80.005,-14.299999999999997,-0.06143846153845895,69.84855757304013,224.79923897392405,325.0,0.0,7,0.28,4.615119999999999,82.74994444444445
2024,Catalunya,3,"{'Sakhir': 'Street', 'Jeddah': 'Street', 'Melbourne': 'Street', 'Suzuka': 'Permanent', 'Shanghai': 'Permanent', 'Miami': 'Street', 'Imola': 'Permanent', 'Monte Carlo': 'Street', 'Montreal': 'Street', 'Catalunya': 'Permanent', 'Spielberg': 'Permanent', 'Silverstone': 'Permanent', 'Hungaroring': 'Permanent', 'Spa-Francorchamps': 'Permanent', 'Zandvoort': 'Permanent', 'Monza': 'Permanent', 'Baku': 'Street', 'Singapore': 'Street', 'Austin': 'Permanent', 'Mexico City': 'Permanent', 'Interlagos': 'Permanent', 'lusail': 'Street'}",Williams,ALB,3,SOFT,44,65,22,False,81.63577272727272,79.132,-17.105000000000004,-0.19783907396950817,68.03056619111207,222.96680042611905,325.0,43.0,7,0.3181818181818182,4.9639999999999995,82.2134
2024,Catalunya,3,"{'Sakhir': 'Street', 'Jeddah': 'Street', 'Melbourne': 'Street', 'Suzuka': 'Permanent', 'Shanghai': 'Permanent', 'Miami': 'Street', 'Imola': 'Permanent', 'Monte Carlo': 'Street', 'Montreal': 'Street', 'Catalunya': 'Permanent', 'Spielberg': 'Permanent', 'Silverstone': 'Permanent', 'Hungaroring': 'Permanent', 'Spa-Francorchamps': 'Permanent', 'Zandvoort': 'Permanent', 'Monza': 'Permanent', 'Baku': 'Street', 'Singapore': 'Street', 'Austin': 'Permanent', 'Mexico City': 'Permanent', 'Interlagos': 'Permanent', 'lusail': 'Street'}",Williams,SAR,1,SOFT,2,14,13,True,83.23630769230769,82.461,2.7660000000000053,0.08969780219780514,,,,,13,1.0,0.825923076923077,
2024,Catalunya,3,"{'Sakhir': 'Street', 'Jeddah': 'Street', 'Melbourne': 'Street', 'Suzuka': 'Permanent', 'Shanghai': 'Permanent', 'Miami': 'Street', 'Imola': 'Permanent', 'Monte Carlo': 'Street', 'Montreal': 'Street', 'Catalunya': 'Permanent', 'Spielberg': 'Permanent', 'Silverstone': 'Permanent', 'Hungaroring': 'Permanent', 'Spa-Francorchamps': 'Permanent', 'Zandvoort': 'Permanent', 'Monza': 'Permanent', 'Baku': 'Street', 'Singapore': 'Street', 'Austin': 'Permanent', 'Mexico City': 'Permanent', 'Interlagos': 'Permanent', 'lusail': 'Street'}",Williams,SAR,2,MEDIUM,15,34,20,True,83.1823,80.908,-13.793999999999997,-0.11672180451128032,,,,,11,0.55,4.355789473684211,84.15933333333334
2024,Catalunya,3,"{'Sakhir': 'Street', 'Jeddah': 'Street', 'Melbourne': 'Street', 'Suzuka': 'Permanent', 'Shanghai': 'Permanent', 'Miami': 'Street', 'Imola': 'Permanent', 'Monte Carlo': 'Street', 'Montreal': 'Street', 'Catalunya': 'Permanent', 'Spielberg': 'Permanent', 'Silverstone': 'Permanent', 'Hungaroring': 'Permanent', 'Spa-Francorchamps': 'Permanent', 'Zandvoort': 'Permanent', 'Monza': 'Permanent', 'Baku': 'Street', 'Singapore': 'Street', 'Austin': 'Permanent', 'Mexico City': 'Permanent', 'Interlagos': 'Permanent', 'lusail': 'Street'}",Williams,SAR,3,HARD,35,64,30,False,82.26226666666666,80.172,-15.391999999999996,-0.05458331479421716,,,,,1,0.03333333333333333,12.993500000000001,82.2724827586207
2024,Hungaroring,13,"{'Sakhir': 'Street', 'Jeddah': 'Street', 'Melbourne': 'Street', 'Suzuka': 'Permanent', 'Shanghai': 'Permanent', 'Miami': 'Street', 'Imola': 'Permanent', 'Monte Carlo': 'Street', 'Montreal': 'Street', 'Catalunya': 'Permanent', 'Spielberg': 'Permanent', 'Silverstone': 'Permanent', 'Hungaroring': 'Permanent', 'Spa-Francorchamps': 'Permanent', 'Zandvoort': 'Permanent', 'Monza': 'Permanent', 'Baku': 'Street', 'Singapore': 'Street', 'Austin': 'Permanent', 'Mexico City': 'Permanent', 'Interlagos': 'Permanent', 'lusail': 'Street'}",Alpine,GAS,1,HARD,2,28,27,True,85.98388888888891,85.164,1.6509999999999962,0.00682295482295391,57.39558580466546,182.1322802515889,321.0,76.0,7,0.25925925925925924,6.107333333333332,85.8825
2024,Hungaroring,13,"{'Sakhir': 'Street', 'Jeddah': 'Street', 'Melbourne': 'Street', 'Suzuka': 'Permanent', 'Shanghai': 'Permanent', 'Miami': 'Street', 'Imola': 'Permanent', 'Monte Carlo': 'Street', 'Montreal': 'Street', 'Catalunya': 'Permanent', 'Spielberg': 'Permanent', 'Silverstone': 'Permanent', 'Hungaroring': 'Permanent', 'Spa-Francorchamps': 'Permanent', 'Zandvoort': 'Permanent', 'Monza': 'Permanent', 'Baku': 'Street', 'Singapore': 'Street', 'Austin': 'Permanent', 'Mexico City': 'Permanent', 'Interlagos': 'Permanent', 'lusail': 'Street'}",Alpine,GAS,2,MEDIUM,29,33,5,False,87.8184,83.34,-14.52000000000001,-2.900199999999999,58.95721451948154,178.2907373003459,314.0,0.0,3,0.6,3.2622,92.55850000000001
2024,Hungaroring,13,"{'Sakhir': 'Street', 'Jeddah': 'Street', 'Melbourne': 'Street', 'Suzuka': 'Permanent', 'Shanghai': 'Permanent', 'Miami': 'Street', 'Imola': 'Permanent', 'Monte Carlo': 'Street', 'Montreal': 'Street', 'Catalunya': 'Permanent', 'Spielberg': 'Permanent', 'Silverstone': 'Permanent', 'Hungaroring': 'Permanent', 'Spa-Francorchamps': 'Permanent', 'Zandvoort': 'Permanent', 'Monza': 'Permanent', 'Baku': 'Street', 'Singapore': 'Street', 'Austin': 'Permanent', 'Mexico City': 'Permanent', 'Interlagos': 'Permanent', 'lusail': 'Street'}",Alpine,OCO,1,MEDIUM,2,6,5,True,86.828,86.158,1.8419999999999987,0.3539000000000087,57.126994376583504,179.15479422238988,316.0,79.0,5,1.0,0.7118,
2024,Hungaroring,13,"{'Sakhir': 'Street', 'Jeddah': 'Street', 'Melbourne': 'Street', 'Suzuka': 'Permanent', 'Shanghai': 'Permanent', 'Miami': 'Street', 'Imola': 'Permanent', 'Monte Carlo': 'Street', 'Montreal': 'Street', 'Catalunya': 'Permanent', 'Spielberg': 'Permanent', 'Silverstone': 'Permanent', 'Hungaroring': 'Permanent', 'Spa-Francorchamps': 'Permanent', 'Zandvoort': 'Permanent', 'Monza': 'Permanent', 'Baku': 'Street', 'Singapore': 'Street', 'Austin': 'Permanent', 'Mexico City': 'Permanent', 'Interlagos': 'Permanent', 'lusail': 'Street'}",Alpine,OCO,2,HARD,7,30,24,True,86.280375,84.287,-13.167000000000002,-0.09395347826086746,58.27522377429841,180.65206023264957,302.0,0.0,24,1.0,1.718375,
2024,Hungaroring,13,"{'Sakhir': 'Street', 'Jeddah': 'Street', 'Melbourne': 'Street', 'Suzuka': 'Permanent', 'Shanghai': 'Permanent', 'Miami': 'Street', 'Imola': 'Permanent', 'Monte Carlo': 'Street', 'Montreal': 'Street', 'Catalunya': 'Permanent', 'Spielberg': 'Permanent', 'Silverstone': 'Permanent', 'Hungaroring': 'Permanent', 'Spa-Francorchamps': 'Permanent', 'Zandvoort': 'Permanent', 'Monza': 'Permanent', 'Baku': 'Street', 'Singapore': 'Street', 'Austin': 'Permanent', 'Mexico City': 'Permanent', 'Interlagos': 'Permanent', 'lusail': 'Street'}",Alpine,OCO,3,HARD,31,64,34,True,85.55714705882353,84.057,-9.888999999999996,-0.0246259740259733,57.10056692469912,182.3726829532269,319.0,0.0,16,0.47058823529411764,4.744058823529412,86.25116666666668
2024,Hungaroring,13,"{'Sakhir': 'Street', 'Jeddah': 'Street', 'Melbourne': 'Street', 'Suzuka': 'Permanent', 'Shanghai': 'Permanent', 'Miami': 'Street', 'Imola': 'Permanent', 'Monte Carlo': 'Street', 'Montreal': 'Street', 'Catalunya': 'Permanent', 'Spielberg': 'Permanent', 'Silverstone': 'Permanent', 'Hungaroring': 'Permanent', 'Spa-Francorchamps': 'Permanent', 'Zandvoort': 'Permanent', 'Monza': 'Permanent', 'Baku': 'Street', 'Singapore': 'Street', 'Austin': 'Permanent', 'Mexico City': 'Permanent', 'Interlagos': 'Permanent', 'lusail': 'Street'}",Alpine,OCO,4,SOFT,65,69,5,False,86.53899999999999,81.61,-18.040000000000006,-3.3556999999999935,59.481333347587935,180.0638798413031,324.0,0.0,3,0.6,3.7338,82.48949999999999
2024,Hungaroring,13,"{'Sakhir': 'Street', 'Jeddah': 'Street', 'Melbourne': 'Street', 'Suzuka': 'Permanent', 'Shanghai': 'Permanent', 'Miami': 'Street', 'Imola': 'Permanent', 'Monte Carlo': 'Street', 'Montreal': 'Street', 'Catalunya': 'Permanent', 'Spielberg': 'Permanent', 'Silverstone': 'Permanent', 'Hungaroring': 'Permanent', 'Spa-Francorchamps': 'Permanent', 'Zandvoort': 'Permanent', 'Monza': 'Permanent', 'Baku': 'Street', 'Singapore': 'Street', 'Austin': 'Permanent', 'Mexico City': 'Permanent', 'Interlagos': 'Permanent', 'lusail': 'Street'}",Aston Martin,ALO,1,SOFT,2,7,6,True,86.16583333333334,85.854,0.07600000000000762,-0.08037142857144011,52.97349575291152,180.7845868518018,296.0,77.0,3,0.5,2.8281666666666667,85.99766666666666
2024,Hungaroring,13,"{'Sakhir': 'Street', 'Jeddah': 'Street', 'Melbourne': 'Street', 'Suzuka': 'Permanent', 'Shanghai': 'Permanent', 'Miami': 'Street', 'Imola': 'Permanent', 'Monte Carlo': 'Street', 'Montreal': 'Street', 'Catalunya': 'Permanent', 'Spielberg': 'Permanent', 'Silverstone': 'Permanent', 'Hungaroring': 'Permanent', 'Spa-Francorchamps': 'Permanent', 'Zandvoort': 'Permanent', 'Monza': 'Permanent', 'Baku': 'Street', 'Singapore': 'Street', 'Austin': 'Permanent', 'Mexico City': 'Permanent', 'Interlagos': 'Permanent', 'lusail': 'Street'}",Aston Martin,ALO,2,MEDIUM,8,37,30,True,85.71526666666665,83.792,-15.968000000000004,-0.12193503893214698,55.378378586134026,182.03625252751974,325.0,0.0,11,0.36666666666666664,7.695586206896553,85.9031052631579
2024,Hungaroring,13,"{'Sakhir': 'Street', 'Jeddah': 'Street', 'Melbourne': 'Street', 'Suzuka': 'Permanent', 'Shanghai': 'Permanent', 'Miami': 'Street', 'Imola': 'Permanent', 'Monte Carlo': 'Street', 'Montreal': 'Street', 'Catalunya': 'Permanent', 'Spielberg': 'Permanent', 'Silverstone': 'Permanent', 'Hungaroring': 'Permanent', 'Spa-Francorchamps': 'Permanent', 'Zandvoort': 'Permanent', 'Monza': 'Permanent', 'Baku': 'Street', 'Singapore': 'Street', 'Austin': 'Permanent', 'Mexico City': 'Permanent', 'Interlagos': 'Permanent', 'lusail': 'Street'}",Aston Martin,ALO,3,HARD,38,70,33,False,84.3672727272727,83.063,-15.381,-0.06146323529411622,55.90633144398498,185.2104300209561,320.0,0.0,15,0.45454545454545453,4.070909090909091,83.74433333333333
2024,Hungaroring,13,"{'Sakhir': 'Street', 'Jeddah': 'Street', 'Melbourne': 'Street', 'Suzuka': 'Permanent', 'Shanghai': 'Permanent', 'Miami': 'Street', 'Imola': 'Permanent', 'Monte Carlo': 'Street', 'Montreal': 'Street', 'Catalunya': 'Permanent', 'Spielberg': 'Permanent', 'Silverstone': 'Permanent', 'Hungaroring': 'Permanent', 'Spa-Francorchamps': 'Permanent', 'Zandvoort': 'Permanent', 'Monza': 'Permanent', 'Baku': 'Street', 'Singapore': 'Street', 'Austin': 'Permanent', 'Mexico City': 'Permanent', 'Interlagos': 'Permanent', 'lusail': 'Street'}",Aston Martin,STR,1,SOFT,2,14,13,True,85.57415384615385,84.4,1.7209999999999894,-0.03153846153845775,54.939168121803355,181.92028182594063,317.0,76.0,6,0.46153846153846156,4.337384615384616,85.28142857142858
2024,Hungaroring,13,"{'Sakhir': 'Street', 'Jeddah': 'Street', 'Melbourne': 'Street', 'Suzuka': 'Permanent', 'Shanghai': 'Permanent', 'Miami': 'Street', 'Imola': 'Permanent', 'Monte Carlo': 'Street', 'Montreal': 'Street', 'Catalunya': 'Permanent', 'Spielberg': 'Permanent', 'Silverstone': 'Permanent', 'Hungaroring': 'Permanent', 'Spa-Francorchamps': 'Permanent', 'Zandvoort': 'Permanent', 'Monza': 'Permanent', 'Baku': 'Street', 'Singapore': 'Street', 'Austin': 'Permanent', 'Mexico City': 'Permanent', 'Interlagos': 'Permanent', 'lusail': 'Street'}",Aston Martin,STR,2,MEDIUM,15,45,31,True,85.66303225806452,84.176,-17.769999999999996,-0.12618306451613084,53.7618049442859,182.32180018797354,325.0,0.0,25,0.8064516129032258,3.070322580645161,84.95466666666667
2024,Hungaroring,13,"{'Sakhir': 'Street', 'Jeddah': 'Street', 'Melbourne': 'Street', 'Suzuka': 'Permanent', 'Shanghai': 'Permanent', 'Miami': 'Street', 'Imola': 'Permanent', 'Monte Carlo': 'Street', 'Montreal': 'Street', 'Catalunya': 'Permanent', 'Spielberg': 'Permanent', 'Silverstone': 'Permanent', 'Hungaroring': 'Permanent', 'Spa-Francorchamps': 'Permanent', 'Zandvoort': 'Permanent', 'Monza': 'Permanent', 'Baku': 'Street', 'Singapore': 'Street', 'Austin': 'Permanent', 'Mexico City': 'Permanent', 'Interlagos': 'Permanent', 'lusail': 'Street'}",Aston Martin,STR,3,HARD,46,70,25,False,83.96508,82.338,-17.611000000000004,-0.11330384615384777,55.46678299061316,185.9401408315986,323.0,0.0,14,0.56,2.70272,82.88627272727273
2024,Hungaroring,13,"{'Sakhir': 'Street', 'Jeddah': 'Street', 'Melbourne': 'Street', 'Suzuka': 'Permanent', 'Shanghai': 'Permanent', 'Miami': 'Street', 'Imola': 'Permanent', 'Monte Carlo': 'Street', 'Montreal': 'Street', 'Catalunya': 'Permanent', 'Spielberg': 'Permanent', 'Silverstone': 'Permanent', 'Hungaroring': 'Permanent', 'Spa-Francorchamps': 'Permanent', 'Zandvoort': 'Permanent', 'Monza': 'Permanent', 'Baku': 'Street', 'Singapore': 'Street', 'Austin': 'Permanent', 'Mexico City': 'Permanent', 'Interlagos': 'Permanent', 'lusail': 'Street'}",Ferrari,LEC,1,MEDIUM,2,23,22,True,84.66799999999999,84.025,1.842000000000013,0.0370287972896676,60.34774260099013,184.66693660876635,303.0,75.0,17,0.7727272727272727,1.7801363636363634,84.6458
2024,Hungaroring,13,"{'Sakhir': 'Street', 'Jeddah': 'Street', 'Melbourne': 'Street', 'Suzuka': 'Permanent', 'Shanghai': 'Permanent', 'Miami': 'Street', 'Imola': 'Permanent', 'Monte Carlo': 'Street', 'Montreal': 'Street', 'Catalunya': 'Permanent', 'Spielberg': 'Permanent', 'Silverstone': 'Permanent', 'Hungaroring': 'Permanent', 'Spa-Francorchamps': 'Permanent', 'Zandvoort': 'Permanent', 'Monza': 'Permanent', 'Baku': 'Street', 'Singapore': 'Street', 'Austin': 'Permanent', 'Mexico City': 'Permanent', 'Interlagos': 'Permanent', 'lusail': 'Street'}",Ferrari,LEC,2,HARD,24,40,17,True,84.65029411764705,82.182,-14.754000000000005,-0.1945955882352947,61.126099233585265,184.35857500529792,317.0,0.0,6,0.35294117647058826,5.062411764705882,84.57927272727272
2024,Hungaroring,13,"{'Sakhir': 'Street', 'Jeddah': 'Street', 'Melbourne': 'Street', 'Suzuka': 'Permanent', 'Shanghai': 'Permanent', 'Miami': 'Street', 'Imola': 'Permanent', 'Monte Carlo': 'Street', 'Montreal': 'Street', 'Catalunya': 'Permanent', 'Spielberg': 'Permanent', 'Silverstone': 'Permanent', 'Hungaroring': 'Permanent', 'Spa-Francorchamps': 'Permanent', 'Zandvoort': 'Permanent', 'Monza': 'Permanent', 'Baku': 'Street', 'Singapore': 'Street', 'Austin': 'Permanent', 'Mexico City': 'Permanent', 'Interlagos': 'Permanent', 'lusail': 'Street'}",Ferrari,LEC,3,MEDIUM,41,70,30,False,83.62353333333334,82.299,-17.707000000000008,-0.10838531701890898,61.33296476350408,186.80758062374582,319.0,0.0,18,0.6,2.4219999999999997,83.00916666666667
2024,Hungaroring,13,"{'Sakhir': 'Street', 'Jeddah': 'Street', 'Melbourne': 'Street', 'Suzuka': 'Permanent', 'Shanghai': 'Permanent', 'Miami': 'Street', 'Imola': 'Permanent', 'Monte Carlo': 'Street', 'Montreal': 'Street', 'Catalunya': 'Permanent', 'Spielberg': 'Permanent', 'Silverstone': 'Permanent', 'Hungaroring': 'Permanent', 'Spa-Francorchamps': 'Permanent', 'Zandvoort': 'Permanent', 'Monza': 'Permanent', 'Baku': 'Street', 'Singapore': 'Street', 'Austin': 'Permanent', 'Mexico City': 'Permanent', 'Interlagos': 'Permanent', 'lusail': 'Street'}",Ferrari,SAI,1,MEDIUM,2,21,20,True,84.8969,84.049,1.2860000000000014,0.03253082706767101,58.034711285785825,183.7325374992547,318.0,74.0,3,0.15,3.849,84.82270588235295
2024,Hungaroring,13,"{'Sakhir': 'Street', 'Jeddah': 'Street', 'Melbourne': 'Street', 'Suzuka': 'Permanent', 'Shanghai': 'Permanent', 'Miami': 'Street', 'Imola': 'Permanent', 'Monte Carlo': 'Street', 'Montreal': 'Street', 'Catalunya': 'Permanent', 'Spielberg': 'Permanent', 'Silverstone': 'Permanent', 'Hungaroring': 'Permanent', 'Spa-Francorchamps': 'Permanent', 'Zandvoort': 'Permanent', 'Monza': 'Permanent', 'Baku': 'Street', 'Singapore': 'Street', 'Austin': 'Permanent', 'Mexico City': 'Permanent', 'Interlagos': 'Permanent', 'lusail': 'Street'}",Ferrari,SAI,2,HARD,22,47,26,True,84.49923076923076,82.908,-14.948999999999998,-0.11142632478632436,60.691200346818114,184.58120138218564,323.0,0.0,4,0.15384615384615385,7.091307692307693,83.74940909090908
2024,Hungaroring,13,"{'Sakhir': 'Street', 'Jeddah': 'Street', 'Melbourne': 'Street', 'Suzuka': 'Permanent', 'Shanghai': 'Permanent', 'Miami': 'Street', 'Imola': 'Permanent', 'Monte Carlo': 'Street', 'Montreal': 'Street', 'Catalunya': 'Permanent', 'Spielberg': 'Permanent', 'Silverstone': 'Permanent', 'Hungaroring': 'Permanent', 'Spa-Francorchamps': 'Permanent', 'Zandvoort': 'Permanent', 'Monza': 'Permanent', 'Baku': 'Street', 'Singapore': 'Street', 'Austin': 'Permanent', 'Mexico City': 'Permanent', 'Interlagos': 'Permanent', 'lusail': 'Street'}",Ferrari,SAI,3,MEDIUM,48,70,23,False,83.38160869565219,81.441,-17.028000000000006,-0.11428952569170076,61.47835862534332,187.09080714457022,325.0,0.0,12,0.5217391304347826,4.489818181818183,83.71254545454545
2024,Hungaroring,13,"{'Sakhir': 'Street', 'Jeddah': 'Street', 'Melbourne': 'Street', 'Suzuka': 'Permanent', 'Shanghai': 'Permanent', 'Miami': 'Street', 'Imola': 'Permanent', 'Monte Carlo': 'Street', 'Montreal': 'Street', 'Catalunya': 'Permanent', 'Spielberg': 'Permanent', 'Silverstone': 'Permanent', 'Hungaroring': 'Permanent', 'Spa-Francorchamps': 'Permanent', 'Zandvoort': 'Permanent', 'Monza': 'Permanent', 'Baku': 'Street', 'Singapore': 'Street', 'Austin': 'Permanent', 'Mexico City': 'Permanent', 'Interlagos': 'Permanent', 'lusail': 'Street'}",Haas,HUL,1,MEDIUM,2,2,1,True,88.821,88.821,0.0,0.0,51.923332719803724,173.96112099444366,304.0,79.0,1,1.0,0.51,
2024,Hungaroring,13,"{'Sakhir': 'Street', 'Jeddah': 'Street', 'Melbourne': 'Street', 'Suzuka': 'Permanent', 'Shanghai': 'Permanent', 'Miami': 'Street', 'Imola': 'Permanent', 'Monte Carlo': 'Street', 'Montreal': 'Street', 'Catalunya': 'Permanent', 'Spielberg': 'Permanent', 'Silverstone': 'Permanent', 'Hungaroring': 'Permanent', 'Spa-Francorchamps': 'Permanent', 'Zandvoort': 'Permanent', 'Monza': 'Permanent', 'Baku': 'Street', 'Singapore': 'Street', 'Austin': 'Permanent', 'Mexico City': 'Permanent', 'Interlagos': 'Permanent', 'lusail': 'Street'}",Haas,HUL,2,HARD,3,29,27,True,86.0742962962963,83.509,-13.376000000000005,-0.03582722832722913,55.8931719353401,182.00636896679384,307.0,0.0,16,0.5925925925925926,4.370444444444444,86.28072727272728
2024,Hungaroring,13,"{'Sakhir': 'Street', 'Jeddah': 'Street', 'Melbourne': 'Street', 'Suzuka': 'Permanent', 'Shanghai': 'Permanent', 'Miami': 'Street', 'Imola': 'Permanent', 'Monte Carlo': 'Street', 'Montreal': 'Street', 'Catalunya': 'Permanent', 'Spielberg': 'Permanent', 'Silverstone': 'Permanent', 'Hungaroring': 'Permanent', 'Spa-Francorchamps': 'Permanent', 'Zandvoort': 'Permanent', 'Monza': 'Permanent', 'Baku': 'Street', 'Singapore': 'Street', 'Austin': 'Permanent', 'Mexico City': 'Permanent', 'Interlagos': 'Permanent', 'lusail': 'Street'}",Haas,HUL,3,HARD,30,69,40,False,85.16062500000001,83.461,-17.47200000000001,-0.0190873358348984,54.296019421104084,184.10192671605955,324.0,0.0,8,0.2,7.147300000000001,84.656
2024,Hungaroring,13,"{'Sakhir': 'Street', 'Jeddah': 'Street', 'Melbourne': 'Street', 'Suzuka': 'Permanent', 'Shanghai': 'Permanent', 'Miami': 'Street', 'Imola': 'Permanent', 'Monte Carlo': 'Street', 'Montreal': 'Street', 'Catalunya': 'Permanent', 'Spielberg': 'Permanent', 'Silverstone': 'Permanent', 'Hungaroring': 'Permanent', 'Spa-Francorchamps': 'Permanent', 'Zandvoort': 'Permanent', 'Monza': 'Permanent', 'Baku': 'Street', 'Singapore': 'Street', 'Austin': 'Permanent', 'Mexico City': 'Permanent', 'Interlagos': 'Permanent', 'lusail': 'Street'}",Haas,MAG,1,SOFT,2,6,5,True,86.68120000000002,85.911,1.3859999999999957,0.23210000000000336,53.371760490151495,179.12028233809946,319.0,76.0,5,1.0,0.7016,
2024,Hungaroring,13,"{'Sakhir': 'Street', 'Jeddah': 'Street', 'Melbourne': 'Street', 'Suzuka': 'Permanent', 'Shanghai': 'Permanent', 'Miami': 'Street', 'Imola': 'Permanent', 'Monte Carlo': 'Street', 'Montreal': 'Street', 'Catalunya': 'Permanent', 'Spielberg': 'Permanent', 'Silverstone': 'Permanent', 'Hungaroring': 'Permanent', 'Spa-Francorchamps': 'Permanent', 'Zandvoort': 'Permanent', 'Monza': 'Permanent', 'Baku': 'Street', 'Singapore': 'Street', 'Austin': 'Permanent', 'Mexico City': 'Permanent', 'Interlagos': 'Permanent', 'lusail': 'Street'}",Haas,MAG,2,HARD,7,34,28,True,86.19032142857145,84.576,-14.325000000000003,-0.07703420908592977,56.15917277246463,181.36167502305082,322.0,0.0,26,0.9285714285714286,1.499357142857143,85.49449999999999
2024,Hungaroring,13,"{'Sakhir': 'Street', 'Jeddah': 'Street', 'Melbourne': 'Street', 'Suzuka': 'Permanent', 'Shanghai': 'Permanent', 'Miami': 'Street', 'Imola': 'Permanent', 'Monte Carlo': 'Street', 'Montreal': 'Street', 'Catalunya': 'Permanent', 'Spielberg': 'Permanent', 'Silverstone': 'Permanent', 'Hungaroring': 'Permanent', 'Spa-Francorchamps': 'Permanent', 'Zandvoort': 'Permanent', 'Monza': 'Permanent', 'Baku': 'Street', 'Singapore': 'Street', 'Austin': 'Permanent', 'Mexico City': 'Permanent', 'Interlagos': 'Permanent', 'lusail': 'Street'}",Haas,MAG,3,HARD,35,69,35,False,85.33482857142856,83.553,-12.97999999999999,-0.009896638655463192,55.17780190968069,183.45880937800212,323.0,0.0,12,0.34285714285714286,4.978342857142857,85.74221739130435
2024,Hungaroring,13,"{'Sakhir': 'Street', 'Jeddah': 'Street', 'Melbourne': 'Street', 'Suzuka': 'Permanent', 'Shanghai': 'Permanent', 'Miami': 'Street', 'Imola': 'Permanent', 'Monte Carlo': 'Street', 'Montreal': 'Street', 'Catalunya': 'Permanent', 'Spielberg': 'Permanent', 'Silverstone': 'Permanent', 'Hungaroring': 'Permanent', 'Spa-Francorchamps': 'Permanent', 'Zandvoort': 'Permanent', 'Monza': 'Permanent', 'Baku': 'Street', 'Singapore': 'Street', 'Austin': 'Permanent', 'Mexico City': 'Permanent', 'Interlagos': 'Permanent', 'lusail': 'Street'}",McLaren,NOR,1,MEDIUM,2,17,16,True,84.316625,83.627,2.2450000000000045,0.07068529411765061,55.15407589736097,184.80131453997788,297.0,75.0,9,0.5625,2.802375,84.58742857142856
2024,Hungaroring,13,"{'Sakhir': 'Street', 'Jeddah': 'Street', 'Melbourne': 'Street', 'Suzuka': 'Permanent', 'Shanghai': 'Permanent', 'Miami': 'Street', 'Imola': 'Permanent', 'Monte Carlo': 'Street', 'Montreal': 'Street', 'Catalunya': 'Permanent', 'Spielberg': 'Permanent', 'Silverstone': 'Permanent', 'Hungaroring': 'Permanent', 'Spa-Francorchamps': 'Permanent', 'Zandvoort': 'Permanent', 'Monza': 'Permanent', 'Baku': 'Street', 'Singapore': 'Street', 'Austin': 'Permanent', 'Mexico City': 'Permanent', 'Interlagos': 'Permanent', 'lusail': 'Street'}",McLaren,NOR,2,HARD,18,45,28,True,84.42049999999999,82.82,-15.479,-0.0785270935960578,55.28191092186016,184.83732197663466,300.0,0.0,17,0.6071428571428571,2.864178571428571,84.89172727272727
2024,Hungaroring,13,"{'Sakhir': 'Street', 'Jeddah': 'Street', 'Melbourne': 'Street', 'Suzuka': 'Permanent', 'Shanghai': 'Permanent', 'Miami': 'Street', 'Imola': 'Permanent', 'Monte Carlo': 'Street', 'Montreal': 'Street', 'Catalunya': 'Permanent', 'Spielberg': 'Permanent', 'Silverstone': 'Permanent', 'Hungaroring': 'Permanent', 'Spa-Francorchamps': 'Permanent', 'Zandvoort': 'Permanent', 'Monza': 'Permanent', 'Baku': 'Street', 'Singapore': 'Street', 'Austin': 'Permanent', 'Mexico City': 'Permanent', 'Interlagos': 'Permanent', 'lusail': 'Street'}",McLaren,NOR,3,MEDIUM,46,70,25,False,83.27604000000001,81.712,-14.947999999999993,-0.06960769230769463,55.73912579570382,187.58812102897724,318.0,0.0,22,0.88,0.8568799999999999,87.67133333333332
2024,Hungaroring,13,"{'Sakhir': 'Street', 'Jeddah': 'Street', 'Melbourne': 'Street', 'Suzuka': 'Permanent', 'Shanghai': 'Permanent', 'Miami': 'Street', 'Imola': 'Permanent', 'Monte Carlo': 'Street', 'Montreal': 'Street', 'Catalunya': 'Permanent', 'Spielberg': 'Permanent', 'Silverstone': 'Permanent', 'Hungaroring': 'Permanent', 'Spa-Francorchamps': 'Permanent', 'Zandvoort': 'Permanent', 'Monza': 'Permanent', 'Baku': 'Street', 'Singapore': 'Street', 'Austin': 'Permanent', 'Mexico City': 'Permanent', 'Interlagos': 'Permanent', 'lusail': 'Street'}",McLaren,PIA,1,MEDIUM,2,18,17,True,84.26270588235295,83.796,2.4579999999999984,0.05974754901960886,56.02097337932667,185.40216201845817,293.0,79.0,17,1.0,0.0,
2024,Hungaroring,13,"{'Sakhir': 'Street', 'Jeddah': 'Street', 'Melbourne': 'Street', 'Suzuka': 'Permanent', 'Shanghai': 'Permanent', 'Miami': 'Street', 'Imola': 'Permanent', 'Monte Carlo': 'Street', 'Montreal': 'Street', 'Catalunya': 'Permanent', 'Spielberg': 'Permanent', 'Silverstone': 'Permanent', 'Hungaroring': 'Permanent', 'Spa-Francorchamps': 'Permanent', 'Zandvoort': 'Permanent', 'Monza': 'Permanent', 'Baku': 'Street', 'Singapore': 'Street', 'Austin': 'Permanent', 'Mexico City': 'Permanent', 'Interlagos': 'Permanent', 'lusail': 'Street'}",McLaren,PIA,2,HARD,19,47,29,True,84.45534482758619,82.654,-16.227000000000004,-0.06785073891625744,55.72326585256605,184.85692328739657,300.0,0.0,25,0.8620689655172413,0.6560344827586206,88.11275
2024,Hungaroring,13,"{'Sakhir': 'Street', 'Jeddah': 'Street', 'Melbourne': 'Street', 'Suzuka': 'Permanent', 'Shanghai': 'Permanent', 'Miami': 'Street', 'Imola': 'Permanent', 'Monte Carlo': 'Street', 'Montreal': 'Street', 'Catalunya': 'Permanent', 'Spielberg': 'Permanent', 'Silverstone': 'Permanent', 'Hungaroring': 'Permanent', 'Spa-Francorchamps': 'Permanent', 'Zandvoort': 'Permanent', 'Monza': 'Permanent', 'Baku': 'Street', 'Singapore': 'Street', 'Austin': 'Permanent', 'Mexico City': 'Permanent', 'Interlagos': 'Permanent', 'lusail': 'Street'}",McLaren,PIA,3,MEDIUM,48,70,23,False,83.19878260869565,81.716,-18.456999999999994,-0.16756027667984155,56.2767147198836,187.9181461637646,317.0,0.0,4,0.17391304347826086,3.6228695652173917,82.29815789473685
2024,Hungaroring,13,"{'Sakhir': 'Street', 'Jeddah': 'Street', 'Melbourne': 'Street', 'Suzuka': 'Permanent', 'Shanghai': 'Permanent', 'Miami': 'Street', 'Imola': 'Permanent', 'Monte Carlo': 'Street', 'Montreal': 'Street', 'Catalunya': 'Permanent', 'Spielberg': 'Permanent', 'Silverstone': 'Permanent', 'Hungaroring': 'Permanent', 'Spa-Francorchamps': 'Permanent', 'Zandvoort': 'Permanent', 'Monza': 'Permanent', 'Baku': 'Street', 'Singapore': 'Street', 'Austin': 'Permanent', 'Mexico City': 'Permanent', 'Interlagos': 'Permanent', 'lusail': 'Street'}",Mercedes,HAM,1,MEDIUM,2,16,15,True,84.62586666666668,84.001,2.4140000000000015,0.0813500000000006,57.00971966105976,184.04964731760737,299.0,78.0,15,1.0,1.3256666666666668,
2024,Hungaroring,13,"{'Sakhir': 'Street', 'Jeddah': 'Street', 'Melbourne': 'Street', 'Suzuka': 'Permanent', 'Shanghai': 'Permanent', 'Miami': 'Street', 'Imola': 'Permanent', 'Monte Carlo': 'Street', 'Montreal': 'Street', 'Catalunya': 'Permanent', 'Spielberg': 'Permanent', 'Silverstone': 'Permanent', 'Hungaroring': 'Permanent', 'Spa-Francorchamps': 'Permanent', 'Zandvoort': 'Permanent', 'Monza': 'Permanent', 'Baku': 'Street', 'Singapore': 'Street', 'Austin': 'Permanent', 'Mexico City': 'Permanent', 'Interlagos': 'Permanent', 'lusail': 'Street'}",Mercedes,HAM,2,HARD,17,40,24,True,84.669125,83.145,-12.582999999999998,-0.060120434782606945,58.84001748995102,184.24954149807914,315.0,0.0,11,0.4583333333333333,4.221208333333333,84.45615384615385
2024,Hungaroring,13,"{'Sakhir': 'Street', 'Jeddah': 'Street', 'Melbourne': 'Street', 'Suzuka': 'Permanent', 'Shanghai': 'Permanent', 'Miami': 'Street', 'Imola': 'Permanent', 'Monte Carlo': 'Street', 'Montreal': 'Street', 'Catalunya': 'Permanent', 'Spielberg': 'Permanent', 'Silverstone': 'Permanent', 'Hungaroring': 'Permanent', 'Spa-Francorchamps': 'Permanent', 'Zandvoort': 'Permanent', 'Monza': 'Permanent', 'Baku': 'Street', 'Singapore': 'Street', 'Austin': 'Permanent', 'Mexico City': 'Permanent', 'Interlagos': 'Permanent', 'lusail': 'Street'}",Mercedes,HAM,3,HARD,41,70,30,False,83.50603333333332,82.153,-18.063000000000002,-0.11197486095661793,58.48279591113185,187.03870638880494,304.0,0.0,0,0.0,9.839133333333335,83.50603333333332
2024,Hungaroring,13,"{'Sakhir': 'Street', 'Jeddah': 'Street', 'Melbourne': 'Street', 'Suzuka': 'Permanent', 'Shanghai': 'Permanent', 'Miami': 'Street', 'Imola': 'Permanent', 'Monte Carlo': 'Street', 'Montreal': 'Street', 'Catalunya': 'Permanent', 'Spielberg': 'Permanent', 'Silverstone': 'Permanent', 'Hungaroring': 'Permanent', 'Spa-Francorchamps': 'Permanent', 'Zandvoort': 'Permanent', 'Monza': 'Permanent', 'Baku': 'Street', 'Singapore': 'Street', 'Austin': 'Permanent', 'Mexico City': 'Permanent', 'Interlagos': 'Permanent', 'lusail': 'Street'}",Mercedes,RUS,1,HARD,2,33,32,True,85.507875,84.569,1.2729999999999961,0.0031997800586513274,56.06849378086854,182.64664119488927,324.0,73.0,24,0.75,3.24628125,85.3595
2024,Hungaroring,13,"{'Sakhir': 'Street', 'Jeddah': 'Street', 'Melbourne': 'Street', 'Suzuka': 'Permanent', 'Shanghai': 'Permanent', 'Miami': 'Street', 'Imola': 'Permanent', 'Monte Carlo': 'Street', 'Montreal': 'Street', 'Catalunya': 'Permanent', 'Spielberg': 'Permanent', 'Silverstone': 'Permanent', 'Hungaroring': 'Permanent', 'Spa-Francorchamps': 'Permanent', 'Zandvoort': 'Permanent', 'Monza': 'Permanent', 'Baku': 'Street', 'Singapore': 'Street', 'Austin': 'Permanent', 'Mexico City': 'Permanent', 'Interlagos': 'Permanent', 'lusail': 'Street'}",Mercedes,RUS,2,MEDIUM,34,53,20,True,83.76329999999999,82.211,-14.876999999999995,-0.198975939849624,58.81817787911241,186.70858257881352,322.0,0.0,8,0.4,3.8374499999999996,84.35541666666667
2024,Hungaroring,13,"{'Sakhir': 'Street', 'Jeddah': 'Street', 'Melbourne': 'Street', 'Suzuka': 'Permanent', 'Shanghai': 'Permanent', 'Miami': 'Street', 'Imola': 'Permanent', 'Monte Carlo': 'Street', 'Montreal': 'Street', 'Catalunya': 'Permanent', 'Spielberg': 'Permanent', 'Silverstone': 'Permanent', 'Hungaroring': 'Permanent', 'Spa-Francorchamps': 'Permanent', 'Zandvoort': 'Permanent', 'Monza': 'Permanent', 'Baku': 'Street', 'Singapore': 'Street', 'Austin': 'Permanent', 'Mexico City': 'Permanent', 'Interlagos': 'Permanent', 'lusail': 'Street'}",Mercedes,RUS,3,HARD,54,70,17,False,83.28964705882355,80.305,-14.501999999999995,-0.16126960784313688,58.884709280595374,187.7578449189127,328.0,0.0,5,0.29411764705882354,5.0188235294117645,83.32225000000001
2024,Hungaroring,13,"{'Sakhir': 'Street', 'Jeddah': 'Street', 'Melbourne': 'Street', 'Suzuka': 'Permanent', 'Shanghai': 'Permanent', 'Miami': 'Street', 'Imola': 'Permanent', 'Monte Carlo': 'Street', 'Montreal': 'Street', 'Catalunya': 'Permanent', 'Spielberg': 'Permanent', 'Silverstone': 'Permanent', 'Hungaroring': 'Permanent', 'Spa-Francorchamps': 'Permanent', 'Zandvoort': 'Permanent', 'Monza': 'Permanent', 'Baku': 'Street', 'Singapore': 'Street', 'Austin': 'Permanent', 'Mexico City': 'Permanent', 'Interlagos': 'Permanent', 'lusail': 'Street'}",RB,RIC,1,MEDIUM,2,7,6,True,86.23033333333332,85.717,-0.3020000000000067,-0.11977142857144327,56.022906578518175,180.670562713225,318.0,78.0,6,1.0,0.7361666666666666,
2024,Hungaroring,13,"{'Sakhir': 'Street', 'Jeddah': 'Street', 'Melbourne': 'Street', 'Suzuka': 'Permanent', 'Shanghai': 'Permanent', 'Miami': 'Street', 'Imola': 'Permanent', 'Monte Carlo': 'Street', 'Montreal': 'Street', 'Catalunya': 'Permanent', 'Spielberg': 'Permanent', 'Silverstone': 'Permanent', 'Hungaroring': 'Permanent', 'Spa-Francorchamps': 'Permanent', 'Zandvoort': 'Permanent', 'Monza': 'Permanent', 'Baku': 'Street', 'Singapore': 'Street', 'Austin': 'Permanent', 'Mexico City': 'Permanent', 'Interlagos': 'Permanent', 'lusail': 'Street'}",RB,RIC,2,HARD,8,28,21,True,86.42376190476192,84.708,-14.951999999999998,-0.16523636363636454,57.534963380628994,180.1330700142944,322.0,0.0,21,1.0,0.7220952380952381,
2024,Hungaroring,13,"{'Sakhir': 'Street', 'Jeddah': 'Street', 'Melbourne': 'Street', 'Suzuka': 'Permanent', 'Shanghai': 'Permanent', 'Miami': 'Street', 'Imola': 'Permanent', 'Monte Carlo': 'Street', 'Montreal': 'Street', 'Catalunya': 'Permanent', 'Spielberg': 'Permanent', 'Silverstone': 'Permanent', 'Hungaroring': 'Permanent', 'Spa-Francorchamps': 'Permanent', 'Zandvoort': 'Permanent', 'Monza': 'Permanent', 'Baku': 'Street', 'Singapore': 'Street', 'Austin': 'Permanent', 'Mexico City': 'Permanent', 'Interlagos': 'Permanent', 'lusail': 'Street'}",RB,RIC,3,HARD,29,69,41,False,84.71470731707318,82.64,-11.835000000000008,-0.010114982578395422,59.57505885479638,184.456828303366,315.0,0.0,9,0.21951219512195122,5.663804878048781,84.7328125
2024,Hungaroring,13,"{'Sakhir': 'Street', 'Jeddah': 'Street', 'Melbourne': 'Street', 'Suzuka': 'Permanent', 'Shanghai': 'Permanent', 'Miami': 'Street', 'Imola': 'Permanent', 'Monte Carlo': 'Street', 'Montreal': 'Street', 'Catalunya': 'Permanent', 'Spielberg': 'Permanent', 'Silverstone': 'Permanent', 'Hungaroring': 'Permanent', 'Spa-Francorchamps': 'Permanent', 'Zandvoort': 'Permanent', 'Monza': 'Permanent', 'Baku': 'Street', 'Singapore': 'Street', 'Austin': 'Permanent', 'Mexico City': 'Permanent', 'Interlagos': 'Permanent', 'lusail': 'Street'}",RB,TSU,1,MEDIUM,2,29,28,True,85.57721428571428,84.541,1.7240000000000038,0.02796989600438104,58.284658851617166,182.49396719721415,315.0,75.0,17,0.6071428571428571,3.733464285714286,85.59436363636364
2024,Hungaroring,13,"{'Sakhir': 'Street', 'Jeddah': 'Street', 'Melbourne': 'Street', 'Suzuka': 'Permanent', 'Shanghai': 'Permanent', 'Miami': 'Street', 'Imola': 'Permanent', 'Monte Carlo': 'Street', 'Montreal': 'Street', 'Catalunya': 'Permanent', 'Spielberg': 'Permanent', 'Silverstone': 'Permanent', 'Hungaroring': 'Permanent', 'Spa-Francorchamps': 'Permanent', 'Zandvoort': 'Permanent', 'Monza': 'Permanent', 'Baku': 'Street', 'Singapore': 'Street', 'Austin': 'Permanent', 'Mexico City': 'Permanent', 'Interlagos': 'Permanent', 'lusail': 'Street'}",RB,TSU,2,HARD,30,70,41,False,84.58634146341463,83.533,-16.915000000000006,-0.07200871080139325,58.92404344932883,184.84456816588164,299.0,0.0,13,0.3170731707317073,12.814292682926828,84.5792857142857
2024,Hungaroring,13,"{'Sakhir': 'Street', 'Jeddah': 'Street', 'Melbourne': 'Street', 'Suzuka': 'Permanent', 'Shanghai': 'Permanent', 'Miami': 'Street', 'Imola': 'Permanent', 'Monte Carlo': 'Street', 'Montreal': 'Street', 'Catalunya': 'Permanent', 'Spielberg': 'Permanent', 'Silverstone': 'Permanent', 'Hungaroring': 'Permanent', 'Spa-Francorchamps': 'Permanent', 'Zandvoort': 'Permanent', 'Monza': 'Permanent', 'Baku': 'Street', 'Singapore': 'Street', 'Austin': 'Permanent', 'Mexico City': 'Permanent', 'Interlagos': 'Permanent', 'lusail': 'Street'}",Red Bull,PER,1,HARD,2,28,27,True,85.55177777777779,84.197,0.7560000000000002,-0.003946886446888875,54.88860166260008,182.07185121253636,325.0,71.0,27,1.0,0.904962962962963,
2024,Hungaroring,13,"{'Sakhir': 'Street', 'Jeddah': 'Street', 'Melbourne': 'Street', 'Suzuka': 'Permanent', 'Shanghai': 'Permanent', 'Miami': 'Street', 'Imola': 'Permanent', 'Monte Carlo': 'Street', 'Montreal': 'Street', 'Catalunya': 'Permanent', 'Spielberg': 'Permanent', 'Silverstone': 'Permanent', 'Hungaroring': 'Permanent', 'Spa-Francorchamps': 'Permanent', 'Zandvoort': 'Permanent', 'Monza': 'Permanent', 'Baku': 'Street', 'Singapore': 'Street', 'Austin': 'Permanent', 'Mexico City': 'Permanent', 'Interlagos': 'Permanent', 'lusail': 'Street'}",Red Bull,PER,2,MEDIUM,29,47,19,True,84.31363157894735,82.197,-16.808000000000007,-0.3010035087719267,57.235297788811664,184.77472035641085,324.0,0.0,8,0.42105263157894735,10.944105263157894,83.04945454545455
2024,Hungaroring,13,"{'Sakhir': 'Street', 'Jeddah': 'Street', 'Melbourne': 'Street', 'Suzuka': 'Permanent', 'Shanghai': 'Permanent', 'Miami': 'Street', 'Imola': 'Permanent', 'Monte Carlo': 'Street', 'Montreal': 'Street', 'Catalunya': 'Permanent', 'Spielberg': 'Permanent', 'Silverstone': 'Permanent', 'Hungaroring': 'Permanent', 'Spa-Francorchamps': 'Permanent', 'Zandvoort': 'Permanent', 'Monza': 'Permanent', 'Baku': 'Street', 'Singapore': 'Street', 'Austin': 'Permanent', 'Mexico City': 'Permanent', 'Interlagos': 'Permanent', 'lusail': 'Street'}",Red Bull,PER,3,MEDIUM,48,70,23,False,83.15143478260869,81.096,-16.060999999999993,-0.08048814229249099,57.0021183648824,187.65971295233086,305.0,0.0,0,0.0,16.28013043478261,83.15143478260869
2024,Hungaroring,13,"{'Sakhir': 'Street', 'Jeddah': 'Street', 'Melbourne': 'Street', 'Suzuka': 'Permanent', 'Shanghai': 'Permanent', 'Miami': 'Street', 'Imola': 'Permanent', 'Monte Carlo': 'Street', 'Montreal': 'Street', 'Catalunya': 'Permanent', 'Spielberg': 'Permanent', 'Silverstone': 'Permanent', 'Hungaroring': 'Permanent', 'Spa-Francorchamps': 'Permanent', 'Zandvoort': 'Permanent', 'Monza': 'Permanent', 'Baku': 'Street', 'Singapore': 'Street', 'Austin': 'Permanent', 'Mexico City': 'Permanent', 'Interlagos': 'Permanent', 'lusail': 'Street'}",Red Bull,VER,1,MEDIUM,2,21,20,True,84.65525,83.979,3.0010000000000048,0.0471270676691727,56.6844434517243,184.47394528417803,316.0,78.0,15,0.75,2.01335,84.68979999999999
2024,Hungaroring,13,"{'Sakhir': 'Street', 'Jeddah': 'Street', 'Melbourne': 'Street', 'Suzuka': 'Permanent', 'Shanghai': 'Permanent', 'Miami': 'Street', 'Imola': 'Permanent', 'Monte Carlo': 'Street', 'Montreal': 'Street', 'Catalunya': 'Permanent', 'Spielberg': 'Permanent', 'Silverstone': 'Permanent', 'Hungaroring': 'Permanent', 'Spa-Francorchamps': 'Permanent', 'Zandvoort': 'Permanent', 'Monza': 'Permanent', 'Baku': 'Street', 'Singapore': 'Street', 'Austin': 'Permanent', 'Mexico City': 'Permanent', 'Interlagos': 'Permanent', 'lusail': 'Street'}",Red Bull,VER,2,HARD,22,49,28,True,84.45275000000001,82.655,-15.319999999999993,-0.062133278598793966,57.74897156191128,185.29306244089344,322.0,0.0,15,0.5357142857142857,3.8309642857142854,84.71400000000001
2024,Hungaroring,13,"{'Sakhir': 'Street', 'Jeddah': 'Street', 'Melbourne': 'Street', 'Suzuka': 'Permanent', 'Shanghai': 'Permanent', 'Miami': 'Street', 'Imola': 'Permanent', 'Monte Carlo': 'Street', 'Montreal': 'Street', 'Catalunya': 'Permanent', 'Spielberg': 'Permanent', 'Silverstone': 'Permanent', 'Hungaroring': 'Permanent', 'Spa-Francorchamps': 'Permanent', 'Zandvoort': 'Permanent', 'Monza': 'Permanent', 'Baku': 'Street', 'Singapore': 'Street', 'Austin': 'Permanent', 'Mexico City': 'Permanent', 'Interlagos': 'Permanent', 'lusail': 'Street'}",Red Bull,VER,3,MEDIUM,50,70,21,False,83.67714285714285,80.908,-16.037000000000006,-0.11746233766233795,57.84833719776581,186.91640609325006,324.0,0.0,19,0.9047619047619048,1.5879999999999999,90.099
2024,Hungaroring,13,"{'Sakhir': 'Street', 'Jeddah': 'Street', 'Melbourne': 'Street', 'Suzuka': 'Permanent', 'Shanghai': 'Permanent', 'Miami': 'Street', 'Imola': 'Permanent', 'Monte Carlo': 'Street', 'Montreal': 'Street', 'Catalunya': 'Permanent', 'Spielberg': 'Permanent', 'Silverstone': 'Permanent', 'Hungaroring': 'Permanent', 'Spa-Francorchamps': 'Permanent', 'Zandvoort': 'Permanent', 'Monza': 'Permanent', 'Baku': 'Street', 'Singapore': 'Street', 'Austin': 'Permanent', 'Mexico City': 'Permanent', 'Interlagos': 'Permanent', 'lusail': 'Street'}",Sauber,BOT,1,MEDIUM,2,16,15,True,85.7312,84.876,1.4320000000000022,-0.031439285714283144,58.05056030289625,181.63218584504904,321.0,73.0,10,0.6666666666666666,2.033,85.80839999999999
2024,Hungaroring,13,"{'Sakhir': 'Street', 'Jeddah': 'Street', 'Melbourne': 'Street', 'Suzuka': 'Permanent', 'Shanghai': 'Permanent', 'Miami': 'Street', 'Imola': 'Permanent', 'Monte Carlo': 'Street', 'Montreal': 'Street', 'Catalunya': 'Permanent', 'Spielberg': 'Permanent', 'Silverstone': 'Permanent', 'Hungaroring': 'Permanent', 'Spa-Francorchamps': 'Permanent', 'Zandvoort': 'Permanent', 'Monza': 'Permanent', 'Baku': 'Street', 'Singapore': 'Street', 'Austin': 'Permanent', 'Mexico City': 'Permanent', 'Interlagos': 'Permanent', 'lusail': 'Street'}",Sauber,BOT,2,HARD,17,45,29,True,86.12755172413793,83.887,-14.225999999999999,-0.09980295566502607,57.636553510689254,180.8369830875241,323.0,0.0,20,0.6896551724137931,2.9567857142857146,85.29622222222221
2024,Hungaroring,13,"{'Sakhir': 'Street', 'Jeddah': 'Street', 'Melbourne': 'Street', 'Suzuka': 'Permanent', 'Shanghai': 'Permanent', 'Miami': 'Street', 'Imola': 'Permanent', 'Monte Carlo': 'Street', 'Montreal': 'Street', 'Catalunya': 'Permanent', 'Spielberg': 'Permanent', 'Silverstone': 'Permanent', 'Hungaroring': 'Permanent', 'Spa-Francorchamps': 'Permanent', 'Zandvoort': 'Permanent', 'Monza': 'Permanent', 'Baku': 'Street', 'Singapore': 'Street', 'Austin': 'Permanent', 'Mexico City': 'Permanent', 'Interlagos': 'Permanent', 'lusail': 'Street'}",Sauber,BOT,3,HARD,46,69,24,False,85.34587499999999,82.792,-14.536000000000001,-0.12112999999999854,57.73972912495942,183.05912942409213,323.0,0.0,12,0.5,3.9303333333333335,85.55516666666666
2024,Hungaroring,13,"{'Sakhir': 'Street', 'Jeddah': 'Street', 'Melbourne': 'Street', 'Suzuka': 'Permanent', 'Shanghai': 'Permanent', 'Miami': 'Street', 'Imola': 'Permanent', 'Monte Carlo': 'Street', 'Montreal': 'Street', 'Catalunya': 'Permanent', 'Spielberg': 'Permanent', 'Silverstone': 'Permanent', 'Hungaroring': 'Permanent', 'Spa-Francorchamps': 'Permanent', 'Zandvoort': 'Permanent', 'Monza': 'Permanent', 'Baku': 'Street', 'Singapore': 'Street', 'Austin': 'Permanent', 'Mexico City': 'Permanent', 'Interlagos': 'Permanent', 'lusail': 'Street'}",Sauber,ZHO,1,MEDIUM,2,7,6,True,86.75849999999998,85.991,0.7210000000000036,0.09499999999998757,54.59397932174941,179.45039270365902,322.0,78.0,6,1.0,0.5765,
2024,Hungaroring,13,"{'Sakhir': 'Street', 'Jeddah': 'Street', 'Melbourne': 'Street', 'Suzuka': 'Permanent', 'Shanghai': 'Permanent', 'Miami': 'Street', 'Imola': 'Permanent', 'Monte Carlo': 'Street', 'Montreal': 'Street', 'Catalunya': 'Permanent', 'Spielberg': 'Permanent', 'Silverstone': 'Permanent', 'Hungaroring': 'Permanent', 'Spa-Francorchamps': 'Permanent', 'Zandvoort': 'Permanent', 'Monza': 'Permanent', 'Baku': 'Street', 'Singapore': 'Street', 'Austin': 'Permanent', 'Mexico City': 'Permanent', 'Interlagos': 'Permanent', 'lusail': 'Street'}",Sauber,ZHO,2,HARD,8,36,29,True,86.48927586206895,84.663,-13.262,-0.03223300492610907,56.20936363131493,180.73774966736292,302.0,0.0,18,0.6206896551724138,2.5396896551724133,87.56781818181817
2024,Hungaroring,13,"{'Sakhir': 'Street', 'Jeddah': 'Street', 'Melbourne': 'Street', 'Suzuka': 'Permanent', 'Shanghai': 'Permanent', 'Miami': 'Street', 'Imola': 'Permanent', 'Monte Carlo': 'Street', 'Montreal': 'Street', 'Catalunya': 'Permanent', 'Spielberg': 'Permanent', 'Silverstone': 'Permanent', 'Hungaroring': 'Permanent', 'Spa-Francorchamps': 'Permanent', 'Zandvoort': 'Permanent', 'Monza': 'Permanent', 'Baku': 'Street', 'Singapore': 'Street', 'Austin': 'Permanent', 'Mexico City': 'Permanent', 'Interlagos': 'Permanent', 'lusail': 'Street'}",Sauber,ZHO,3,HARD,37,69,33,False,85.42072727272729,83.487,-17.540999999999997,-0.06775200534759189,56.0793178809936,183.37669701173712,319.0,0.0,2,0.06060606060606061,13.39521212121212,85.38209677419353
2024,Hungaroring,13,"{'Sakhir': 'Street', 'Jeddah': 'Street', 'Melbourne': 'Street', 'Suzuka': 'Permanent', 'Shanghai': 'Permanent', 'Miami': 'Street', 'Imola': 'Permanent', 'Monte Carlo': 'Street', 'Montreal': 'Street', 'Catalunya': 'Permanent', 'Spielberg': 'Permanent', 'Silverstone': 'Permanent', 'Hungaroring': 'Permanent', 'Spa-Francorchamps': 'Permanent', 'Zandvoort': 'Permanent', 'Monza': 'Permanent', 'Baku': 'Street', 'Singapore': 'Street', 'Austin': 'Permanent', 'Mexico City': 'Permanent', 'Interlagos': 'Permanent', 'lusail': 'Street'}",Williams,ALB,1,SOFT,2,6,5,True,86.63879999999999,85.933,1.6170000000000044,0.28300000000000475,49.14029649458669,179.06715635232447,319.0,78.0,5,1.0,0.47379999999999994,
2024,Hungaroring,13,"{'Sakhir': 'Street', 'Jeddah': 'Street', 'Melbourne': 'Street', 'Suzuka': 'Permanent', 'Shanghai': 'Permanent', 'Miami': 'Street', 'Imola': 'Permanent', 'Monte Carlo': 'Street', 'Montreal': 'Street', 'Catalunya': 'Permanent', 'Spielberg': 'Permanent', 'Silverstone': 'Permanent', 'Hungaroring': 'Permanent', 'Spa-Francorchamps': 'Permanent', 'Zandvoort': 'Permanent', 'Monza': 'Permanent', 'Baku': 'Street', 'Singapore': 'Street', 'Austin': 'Permanent', 'Mexico City': 'Permanent', 'Interlagos': 'Permanent', 'lusail': 'Street'}",Williams,ALB,2,HARD,7,29,23,True,86.24591304347825,84.572,-14.22999999999999,-0.115901185770753,52.293346549716745,180.86639879131613,318.0,0.0,21,0.9130434782608695,1.7831739130434778,93.661
2024,Hungaroring,13,"{'Sakhir': 'Street', 'Jeddah': 'Street', 'Melbourne': 'Street', 'Suzuka': 'Permanent', 'Shanghai': 'Permanent', 'Miami': 'Street', 'Imola': 'Permanent', 'Monte Carlo': 'Street', 'Montreal': 'Street', 'Catalunya': 'Permanent', 'Spielberg': 'Permanent', 'Silverstone': 'Permanent', 'Hungaroring': 'Permanent', 'Spa-Francorchamps': 'Permanent', 'Zandvoort': 'Permanent', 'Monza': 'Permanent', 'Baku': 'Street', 'Singapore': 'Street', 'Austin': 'Permanent', 'Mexico City': 'Permanent', 'Interlagos': 'Permanent', 'lusail': 'Street'}",Williams,ALB,3,HARD,30,69,40,False,85.21669999999999,83.93,-18.876000000000005,-0.02990900562851917,52.263497338094574,183.3279388612328,326.0,0.0,23,0.575,4.074825,85.25741176470588
2024,Hungaroring,13,"{'Sakhir': 'Street', 'Jeddah': 'Street', 'Melbourne': 'Street', 'Suzuka': 'Permanent', 'Shanghai': 'Permanent', 'Miami': 'Street', 'Imola': 'Permanent', 'Monte Carlo': 'Street', 'Montreal': 'Street', 'Catalunya': 'Permanent', 'Spielberg': 'Permanent', 'Silverstone': 'Permanent', 'Hungaroring': 'Permanent', 'Spa-Francorchamps': 'Permanent', 'Zandvoort': 'Permanent', 'Monza': 'Permanent', 'Baku': 'Street', 'Singapore': 'Street', 'Austin': 'Permanent', 'Mexico City': 'Permanent', 'Interlagos': 'Permanent', 'lusail': 'Street'}",Williams,SAR,1,MEDIUM,2,8,7,True,86.3032857142857,85.07,0.5950000000000131,-0.005928571428576504,52.81614800026389,180.35187049724792,324.0,79.0,6,0.8571428571428571,0.6804999999999999,85.954
2024,Hungaroring,13,"{'Sakhir': 'Street', 'Jeddah': 'Street', 'Melbourne': 'Street', 'Suzuka': 'Permanent', 'Shanghai': 'Permanent', 'Miami': 'Street', 'Imola': 'Permanent', 'Monte Carlo': 'Street', 'Montreal': 'Street', 'Catalunya': 'Permanent', 'Spielberg': 'Permanent', 'Silverstone': 'Permanent', 'Hungaroring': 'Permanent', 'Spa-Francorchamps': 'Permanent', 'Zandvoort': 'Permanent', 'Monza': 'Permanent', 'Baku': 'Street', 'Singapore': 'Street', 'Austin': 'Permanent', 'Mexico City': 'Permanent', 'Interlagos': 'Permanent', 'lusail': 'Street'}",Williams,SAR,2,HARD,9,33,25,True,86.25796000000003,84.735,-14.73599999999999,-0.11360692307692377,55.251694721920614,180.8316645361368,319.0,0.0,22,0.88,1.9287199999999998,90.77300000000001
2024,Hungaroring,13,"{'Sakhir': 'Street', 'Jeddah': 'Street', 'Melbourne': 'Street', 'Suzuka': 'Permanent', 'Shanghai': 'Permanent', 'Miami': 'Street', 'Imola': 'Permanent', 'Monte Carlo': 'Street', 'Montreal': 'Street', 'Catalunya': 'Permanent', 'Spielberg': 'Permanent', 'Silverstone': 'Permanent', 'Hungaroring': 'Permanent', 'Spa-Francorchamps': 'Permanent', 'Zandvoort': 'Permanent', 'Monza': 'Permanent', 'Baku': 'Street', 'Singapore': 'Street', 'Austin': 'Permanent', 'Mexico City': 'Permanent', 'Interlagos': 'Permanent', 'lusail': 'Street'}",Williams,SAR,3,HARD,34,63,30,True,85.59646666666669,84.09,-11.920999999999992,-0.026019132369298148,54.59984284617843,182.57448051768958,321.0,0.0,27,0.9,1.5453333333333334,86.55533333333335
2024,Hungaroring,13,"{'Sakhir': 'Street', 'Jeddah': 'Street', 'Melbourne': 'Street', 'Suzuka': 'Permanent', 'Shanghai': 'Permanent', 'Miami': 'Street', 'Imola': 'Permanent', 'Monte Carlo': 'Street', 'Montreal': 'Street', 'Catalunya': 'Permanent', 'Spielberg': 'Permanent', 'Silverstone': 'Permanent', 'Hungaroring': 'Permanent', 'Spa-Francorchamps': 'Permanent', 'Zandvoort': 'Permanent', 'Monza': 'Permanent', 'Baku': 'Street', 'Singapore': 'Street', 'Austin': 'Permanent', 'Mexico City': 'Permanent', 'Interlagos': 'Permanent', 'lusail': 'Street'}",Williams,SAR,4,SOFT,64,69,6,False,84.7485,80.561,-17.967,-2.4646000000000057,58.40168521932538,184.42658238846744,315.0,0.0,1,0.16666666666666666,10.234333333333334,85.2384
2024,Imola,7,"{'Sakhir': 'Street', 'Jeddah': 'Street', 'Melbourne': 'Street', 'Suzuka': 'Permanent', 'Shanghai': 'Permanent', 'Miami': 'Street', 'Imola': 'Permanent', 'Monte Carlo': 'Street', 'Montreal': 'Street', 'Catalunya': 'Permanent', 'Spielberg': 'Permanent', 'Silverstone': 'Permanent', 'Hungaroring': 'Permanent', 'Spa-Francorchamps': 'Permanent', 'Zandvoort': 'Permanent', 'Monza': 'Permanent', 'Baku': 'Street', 'Singapore': 'Street', 'Austin': 'Permanent', 'Mexico City': 'Permanent', 'Interlagos': 'Permanent', 'lusail': 'Street'}",Alpine,GAS,1,SOFT,2,8,7,True,83.27685714285715,82.399,3.7309999999999945,0.366428571428563,69.50603810480399,210.38255553126845,333.0,79.0,7,1.0,0.6367142857142857,
2024,Imola,7,"{'Sakhir': 'Street', 'Jeddah': 'Street', 'Melbourne': 'Street', 'Suzuka': 'Permanent', 'Shanghai': 'Permanent', 'Miami': 'Street', 'Imola': 'Permanent', 'Monte Carlo': 'Street', 'Montreal': 'Street', 'Catalunya': 'Permanent', 'Spielberg': 'Permanent', 'Silverstone': 'Permanent', 'Hungaroring': 'Permanent', 'Spa-Francorchamps': 'Permanent', 'Zandvoort': 'Permanent', 'Monza': 'Permanent', 'Baku': 'Street', 'Singapore': 'Street', 'Austin': 'Permanent', 'Mexico City': 'Permanent', 'Interlagos': 'Permanent', 'lusail': 'Street'}",Alpine,GAS,2,HARD,9,30,22,True,83.63113636363636,81.371,-17.340000000000003,-0.14516487859965865,71.27393432711408,209.98238225008845,313.0,0.0,19,0.8636363636363636,4.6987272727272735,89.392
2024,Imola,7,"{'Sakhir': 'Street', 'Jeddah': 'Street', 'Melbourne': 'Street', 'Suzuka': 'Permanent', 'Shanghai': 'Permanent', 'Miami': 'Street', 'Imola': 'Permanent', 'Monte Carlo': 'Street', 'Montreal': 'Street', 'Catalunya': 'Permanent', 'Spielberg': 'Permanent', 'Silverstone': 'Permanent', 'Hungaroring': 'Permanent', 'Spa-Francorchamps': 'Permanent', 'Zandvoort': 'Permanent', 'Monza': 'Permanent', 'Baku': 'Street', 'Singapore': 'Street', 'Austin': 'Permanent', 'Mexico City': 'Permanent', 'Interlagos': 'Permanent', 'lusail': 'Street'}",Alpine,GAS,3,MEDIUM,31,62,32,False,83.14921874999999,81.407,-22.857,-0.0922729105571844,70.06521668045247,211.1902675665095,338.0,0.0,15,0.46875,4.59840625,83.55505882352941
2024,Imola,7,"{'Sakhir': 'Street', 'Jeddah': 'Street', 'Melbourne': 'Street', 'Suzuka': 'Permanent', 'Shanghai': 'Permanent', 'Miami': 'Street', 'Imola': 'Permanent', 'Monte Carlo': 'Street', 'Montreal': 'Street', 'Catalunya': 'Permanent', 'Spielberg': 'Permanent', 'Silverstone': 'Permanent', 'Hungaroring': 'Permanent', 'Spa-Francorchamps': 'Permanent', 'Zandvoort': 'Permanent', 'Monza': 'Permanent', 'Baku': 'Street', 'Singapore': 'Street', 'Austin': 'Permanent', 'Mexico City': 'Permanent', 'Interlagos': 'Permanent', 'lusail': 'Street'}",Alpine,OCO,1,MEDIUM,2,25,24,True,83.11925000000001,82.229,4.957999999999998,0.08788956521739356,71.45999397614057,211.05851032204393,332.0,78.0,14,0.5833333333333334,2.740916666666667,83.60499999999999
2024,Imola,7,"{'Sakhir': 'Street', 'Jeddah': 'Street', 'Melbourne': 'Street', 'Suzuka': 'Permanent', 'Shanghai': 'Permanent', 'Miami': 'Street', 'Imola': 'Permanent', 'Monte Carlo': 'Street', 'Montreal': 'Street', 'Catalunya': 'Permanent', 'Spielberg': 'Permanent', 'Silverstone': 'Permanent', 'Hungaroring': 'Permanent', 'Spa-Francorchamps': 'Permanent', 'Zandvoort': 'Permanent', 'Monza': 'Permanent', 'Baku': 'Street', 'Singapore': 'Street', 'Austin': 'Permanent', 'Mexico City': 'Permanent', 'Interlagos': 'Permanent', 'lusail': 'Street'}",Alpine,OCO,2,HARD,26,62,37,False,83.36075675675676,81.304,-23.512,-0.07800948316737738,70.32629947509967,210.6636831297245,336.0,0.0,27,0.7297297297297297,3.358216216216216,84.2884
2024,Imola,7,"{'Sakhir': 'Street', 'Jeddah': 'Street', 'Melbourne': 'Street', 'Suzuka': 'Permanent', 'Shanghai': 'Permanent', 'Miami': 'Street', 'Imola': 'Permanent', 'Monte Carlo': 'Street', 'Montreal': 'Street', 'Catalunya': 'Permanent', 'Spielberg': 'Permanent', 'Silverstone': 'Permanent', 'Hungaroring': 'Permanent', 'Spa-Francorchamps': 'Permanent', 'Zandvoort': 'Permanent', 'Monza': 'Permanent', 'Baku': 'Street', 'Singapore': 'Street', 'Austin': 'Permanent', 'Mexico City': 'Permanent', 'Interlagos': 'Permanent', 'lusail': 'Street'}",Aston Martin,ALO,1,SOFT,2,7,6,True,83.86233333333332,82.698,3.2619999999999862,0.43417142857141794,66.5589753077232,208.4720647972821,338.0,77.0,6,1.0,0.488,
2024,Imola,7,"{'Sakhir': 'Street', 'Jeddah': 'Street', 'Melbourne': 'Street', 'Suzuka': 'Permanent', 'Shanghai': 'Permanent', 'Miami': 'Street', 'Imola': 'Permanent', 'Monte Carlo': 'Street', 'Montreal': 'Street', 'Catalunya': 'Permanent', 'Spielberg': 'Permanent', 'Silverstone': 'Permanent', 'Hungaroring': 'Permanent', 'Spa-Francorchamps': 'Permanent', 'Zandvoort': 'Permanent', 'Monza': 'Permanent', 'Baku': 'Street', 'Singapore': 'Street', 'Austin': 'Permanent', 'Mexico City': 'Permanent', 'Interlagos': 'Permanent', 'lusail': 'Street'}",Aston Martin,ALO,2,HARD,8,40,33,True,83.47869696969697,81.492,-18.379999999999995,-0.05992413101604034,68.8275361002781,210.07088328306628,314.0,0.0,13,0.3939393939393939,5.45596875,84.2809
2024,Imola,7,"{'Sakhir': 'Street', 'Jeddah': 'Street', 'Melbourne': 'Street', 'Suzuka': 'Permanent', 'Shanghai': 'Permanent', 'Miami': 'Street', 'Imola': 'Permanent', 'Monte Carlo': 'Street', 'Montreal': 'Street', 'Catalunya': 'Permanent', 'Spielberg': 'Permanent', 'Silverstone': 'Permanent', 'Hungaroring': 'Permanent', 'Spa-Francorchamps': 'Permanent', 'Zandvoort': 'Permanent', 'Monza': 'Permanent', 'Baku': 'Street', 'Singapore': 'Street', 'Austin': 'Permanent', 'Mexico City': 'Permanent', 'Interlagos': 'Permanent', 'lusail': 'Street'}",Aston Martin,ALO,3,MEDIUM,41,59,19,True,83.13763157894736,79.851,-17.474999999999994,-0.16645614035087522,67.71061673190937,210.9011752003898,350.0,0.0,9,0.47368421052631576,4.760578947368421,83.39949999999999
2024,Imola,7,"{'Sakhir': 'Street', 'Jeddah': 'Street', 'Melbourne': 'Street', 'Suzuka': 'Permanent', 'Shanghai': 'Permanent', 'Miami': 'Street', 'Imola': 'Permanent', 'Monte Carlo': 'Street', 'Montreal': 'Street', 'Catalunya': 'Permanent', 'Spielberg': 'Permanent', 'Silverstone': 'Permanent', 'Hungaroring': 'Permanent', 'Spa-Francorchamps': 'Permanent', 'Zandvoort': 'Permanent', 'Monza': 'Permanent', 'Baku': 'Street', 'Singapore': 'Street', 'Austin': 'Permanent', 'Mexico City': 'Permanent', 'Interlagos': 'Permanent', 'lusail': 'Street'}",Aston Martin,ALO,4,SOFT,60,62,3,False,89.714,79.004,-26.74499999999999,-13.372499999999981,65.35603227118548,196.14301795902506,313.0,0.0,0,0.0,25.311999999999998,89.714
2024,Imola,7,"{'Sakhir': 'Street', 'Jeddah': 'Street', 'Melbourne': 'Street', 'Suzuka': 'Permanent', 'Shanghai': 'Permanent', 'Miami': 'Street', 'Imola': 'Permanent', 'Monte Carlo': 'Street', 'Montreal': 'Street', 'Catalunya': 'Permanent', 'Spielberg': 'Permanent', 'Silverstone': 'Permanent', 'Hungaroring': 'Permanent', 'Spa-Francorchamps': 'Permanent', 'Zandvoort': 'Permanent', 'Monza': 'Permanent', 'Baku': 'Street', 'Singapore': 'Street', 'Austin': 'Permanent', 'Mexico City': 'Permanent', 'Interlagos': 'Permanent', 'lusail': 'Street'}",Aston Martin,STR,1,MEDIUM,2,37,36,True,82.77136111111112,82.233,3.862000000000009,0.0329828828828838,68.45109593479623,211.99055112480886,338.0,77.0,20,0.5555555555555556,2.9694444444444446,82.9403125
2024,Imola,7,"{'Sakhir': 'Street', 'Jeddah': 'Street', 'Melbourne': 'Street', 'Suzuka': 'Permanent', 'Shanghai': 'Permanent', 'Miami': 'Street', 'Imola': 'Permanent', 'Monte Carlo': 'Street', 'Montreal': 'Street', 'Catalunya': 'Permanent', 'Spielberg': 'Permanent', 'Silverstone': 'Permanent', 'Hungaroring': 'Permanent', 'Spa-Francorchamps': 'Permanent', 'Zandvoort': 'Permanent', 'Monza': 'Permanent', 'Baku': 'Street', 'Singapore': 'Street', 'Austin': 'Permanent', 'Mexico City': 'Permanent', 'Interlagos': 'Permanent', 'lusail': 'Street'}",Aston Martin,STR,2,HARD,38,63,26,False,82.09861538461539,80.57,-19.918000000000006,-0.1744068376068372,69.65372351185668,213.72242965180354,341.0,0.0,10,0.38461538461538464,10.364538461538462,81.13556249999999
2024,Imola,7,"{'Sakhir': 'Street', 'Jeddah': 'Street', 'Melbourne': 'Street', 'Suzuka': 'Permanent', 'Shanghai': 'Permanent', 'Miami': 'Street', 'Imola': 'Permanent', 'Monte Carlo': 'Street', 'Montreal': 'Street', 'Catalunya': 'Permanent', 'Spielberg': 'Permanent', 'Silverstone': 'Permanent', 'Hungaroring': 'Permanent', 'Spa-Francorchamps': 'Permanent', 'Zandvoort': 'Permanent', 'Monza': 'Permanent', 'Baku': 'Street', 'Singapore': 'Street', 'Austin': 'Permanent', 'Mexico City': 'Permanent', 'Interlagos': 'Permanent', 'lusail': 'Street'}",Ferrari,LEC,1,MEDIUM,2,25,24,True,81.63275,80.926,5.096999999999994,0.08505391304347942,72.34028534356409,215.0163037127452,329.0,79.0,22,0.9166666666666666,2.1131666666666664,81.7715
2024,Imola,7,"{'Sakhir': 'Street', 'Jeddah': 'Street', 'Melbourne': 'Street', 'Suzuka': 'Permanent', 'Shanghai': 'Permanent', 'Miami': 'Street', 'Imola': 'Permanent', 'Monte Carlo': 'Street', 'Montreal': 'Street', 'Catalunya': 'Permanent', 'Spielberg': 'Permanent', 'Silverstone': 'Permanent', 'Hungaroring': 'Permanent', 'Spa-Francorchamps': 'Permanent', 'Zandvoort': 'Permanent', 'Monza': 'Permanent', 'Baku': 'Street', 'Singapore': 'Street', 'Austin': 'Permanent', 'Mexico City': 'Permanent', 'Interlagos': 'Permanent', 'lusail': 'Street'}",Ferrari,LEC,2,HARD,26,63,38,False,81.30005263157892,79.935,-23.852999999999994,-0.09146668125615733,72.24333336000768,216.02522033190485,332.0,0.0,15,0.39473684210526316,3.2472105263157895,80.63321739130434
2024,Imola,7,"{'Sakhir': 'Street', 'Jeddah': 'Street', 'Melbourne': 'Street', 'Suzuka': 'Permanent', 'Shanghai': 'Permanent', 'Miami': 'Street', 'Imola': 'Permanent', 'Monte Carlo': 'Street', 'Montreal': 'Street', 'Catalunya': 'Permanent', 'Spielberg': 'Permanent', 'Silverstone': 'Permanent', 'Hungaroring': 'Permanent', 'Spa-Francorchamps': 'Permanent', 'Zandvoort': 'Permanent', 'Monza': 'Permanent', 'Baku': 'Street', 'Singapore': 'Street', 'Austin': 'Permanent', 'Mexico City': 'Permanent', 'Interlagos': 'Permanent', 'lusail': 'Street'}",Ferrari,SAI,1,MEDIUM,2,27,26,True,81.78634615384615,80.966,5.2479999999999905,0.06878051282051291,71.27015251103865,214.57312726697353,333.0,79.0,13,0.5,2.437846153846154,81.82307692307693
2024,Imola,7,"{'Sakhir': 'Street', 'Jeddah': 'Street', 'Melbourne': 'Street', 'Suzuka': 'Permanent', 'Shanghai': 'Permanent', 'Miami': 'Street', 'Imola': 'Permanent', 'Monte Carlo': 'Street', 'Montreal': 'Street', 'Catalunya': 'Permanent', 'Spielberg': 'Permanent', 'Silverstone': 'Permanent', 'Hungaroring': 'Permanent', 'Spa-Francorchamps': 'Permanent', 'Zandvoort': 'Permanent', 'Monza': 'Permanent', 'Baku': 'Street', 'Singapore': 'Street', 'Austin': 'Permanent', 'Mexico City': 'Permanent', 'Interlagos': 'Permanent', 'lusail': 'Street'}",Ferrari,SAI,2,HARD,28,63,36,False,81.55508333333333,80.22,-23.908,-0.09848455598455406,71.42261065484672,214.86472368300758,337.0,0.0,2,0.05555555555555555,5.572166666666666,80.88994117647057
2024,Imola,7,"{'Sakhir': 'Street', 'Jeddah': 'Street', 'Melbourne': 'Street', 'Suzuka': 'Permanent', 'Shanghai': 'Permanent', 'Miami': 'Street', 'Imola': 'Permanent', 'Monte Carlo': 'Street', 'Montreal': 'Street', 'Catalunya': 'Permanent', 'Spielberg': 'Permanent', 'Silverstone': 'Permanent', 'Hungaroring': 'Permanent', 'Spa-Francorchamps': 'Permanent', 'Zandvoort': 'Permanent', 'Monza': 'Permanent', 'Baku': 'Street', 'Singapore': 'Street', 'Austin': 'Permanent', 'Mexico City': 'Permanent', 'Interlagos': 'Permanent', 'lusail': 'Street'}",Haas,HUL,1,MEDIUM,2,13,12,True,82.65025,81.7,4.870999999999995,0.2270384615384622,69.66322305810256,212.1849179350318,336.0,80.0,5,0.4166666666666667,4.266,83.04142857142857
2024,Imola,7,"{'Sakhir': 'Street', 'Jeddah': 'Street', 'Melbourne': 'Street', 'Suzuka': 'Permanent', 'Shanghai': 'Permanent', 'Miami': 'Street', 'Imola': 'Permanent', 'Monte Carlo': 'Street', 'Montreal': 'Street', 'Catalunya': 'Permanent', 'Spielberg': 'Permanent', 'Silverstone': 'Permanent', 'Hungaroring': 'Permanent', 'Spa-Francorchamps': 'Permanent', 'Zandvoort': 'Permanent', 'Monza': 'Permanent', 'Baku': 'Street', 'Singapore': 'Street', 'Austin': 'Permanent', 'Mexico City': 'Permanent', 'Interlagos': 'Permanent', 'lusail': 'Street'}",Haas,HUL,2,HARD,14,62,49,False,83.08118367346938,81.756,-22.143,-0.04475306122449046,67.89532560220498,211.32591669115152,337.0,0.0,31,0.6326530612244898,3.265734693877551,82.67861111111111
2024,Imola,7,"{'Sakhir': 'Street', 'Jeddah': 'Street', 'Melbourne': 'Street', 'Suzuka': 'Permanent', 'Shanghai': 'Permanent', 'Miami': 'Street', 'Imola': 'Permanent', 'Monte Carlo': 'Street', 'Montreal': 'Street', 'Catalunya': 'Permanent', 'Spielberg': 'Permanent', 'Silverstone': 'Permanent', 'Hungaroring': 'Permanent', 'Spa-Francorchamps': 'Permanent', 'Zandvoort': 'Permanent', 'Monza': 'Permanent', 'Baku': 'Street', 'Singapore': 'Street', 'Austin': 'Permanent', 'Mexico City': 'Permanent', 'Interlagos': 'Permanent', 'lusail': 'Street'}",Haas,MAG,1,MEDIUM,2,37,36,True,83.12097222222224,82.237,4.369,0.037858558558559956,67.83849255297298,211.14016535339468,347.0,64.0,20,0.5555555555555556,4.7036,83.4526875
2024,Imola,7,"{'Sakhir': 'Street', 'Jeddah': 'Street', 'Melbourne': 'Street', 'Suzuka': 'Permanent', 'Shanghai': 'Permanent', 'Miami': 'Street', 'Imola': 'Permanent', 'Monte Carlo': 'Street', 'Montreal': 'Street', 'Catalunya': 'Permanent', 'Spielberg': 'Permanent', 'Silverstone': 'Permanent', 'Hungaroring': 'Permanent', 'Spa-Francorchamps': 'Permanent', 'Zandvoort': 'Permanent', 'Monza': 'Permanent', 'Baku': 'Street', 'Singapore': 'Street', 'Austin': 'Permanent', 'Mexico City': 'Permanent', 'Interlagos': 'Permanent', 'lusail': 'Street'}",Haas,MAG,2,HARD,38,62,25,False,82.69760000000001,81.009,-24.179000000000002,-0.24351307692307672,68.1605862627527,212.27475516703365,346.0,0.0,16,0.64,3.22452,81.4721111111111
2024,Imola,7,"{'Sakhir': 'Street', 'Jeddah': 'Street', 'Melbourne': 'Street', 'Suzuka': 'Permanent', 'Shanghai': 'Permanent', 'Miami': 'Street', 'Imola': 'Permanent', 'Monte Carlo': 'Street', 'Montreal': 'Street', 'Catalunya': 'Permanent', 'Spielberg': 'Permanent', 'Silverstone': 'Permanent', 'Hungaroring': 'Permanent', 'Spa-Francorchamps': 'Permanent', 'Zandvoort': 'Permanent', 'Monza': 'Permanent', 'Baku': 'Street', 'Singapore': 'Street', 'Austin': 'Permanent', 'Mexico City': 'Permanent', 'Interlagos': 'Permanent', 'lusail': 'Street'}",McLaren,NOR,1,MEDIUM,2,22,21,True,81.57428571428571,80.673,5.4339999999999975,0.1124129870129852,67.05777704064768,214.84450371344687,315.0,77.0,10,0.47619047619047616,3.4903809523809524,82.08163636363638
2024,Imola,7,"{'Sakhir': 'Street', 'Jeddah': 'Street', 'Melbourne': 'Street', 'Suzuka': 'Permanent', 'Shanghai': 'Permanent', 'Miami': 'Street', 'Imola': 'Permanent', 'Monte Carlo': 'Street', 'Montreal': 'Street', 'Catalunya': 'Permanent', 'Spielberg': 'Permanent', 'Silverstone': 'Permanent', 'Hungaroring': 'Permanent', 'Spa-Francorchamps': 'Permanent', 'Zandvoort': 'Permanent', 'Monza': 'Permanent', 'Baku': 'Street', 'Singapore': 'Street', 'Austin': 'Permanent', 'Mexico City': 'Permanent', 'Interlagos': 'Permanent', 'lusail': 'Street'}",McLaren,NOR,2,HARD,23,63,41,False,81.19885365853658,79.994,-23.950000000000003,-0.09833484320557327,67.36149309196311,216.11002280569417,330.0,0.0,10,0.24390243902439024,5.115414634146341,80.67461290322582
2024,Imola,7,"{'Sakhir': 'Street', 'Jeddah': 'Street', 'Melbourne': 'Street', 'Suzuka': 'Permanent', 'Shanghai': 'Permanent', 'Miami': 'Street', 'Imola': 'Permanent', 'Monte Carlo': 'Street', 'Montreal': 'Street', 'Catalunya': 'Permanent', 'Spielberg': 'Permanent', 'Silverstone': 'Permanent', 'Hungaroring': 'Permanent', 'Spa-Francorchamps': 'Permanent', 'Zandvoort': 'Permanent', 'Monza': 'Permanent', 'Baku': 'Street', 'Singapore': 'Street', 'Austin': 'Permanent', 'Mexico City': 'Permanent', 'Interlagos': 'Permanent', 'lusail': 'Street'}",McLaren,PIA,1,MEDIUM,2,23,22,True,81.81813636363637,80.808,4.908999999999992,0.09662732919254634,66.57696103783839,214.34975556505137,340.0,78.0,21,0.9545454545454546,0.6278571428571429,81.869
2024,Imola,7,"{'Sakhir': 'Street', 'Jeddah': 'Street', 'Melbourne': 'Street', 'Suzuka': 'Permanent', 'Shanghai': 'Permanent', 'Miami': 'Street', 'Imola': 'Permanent', 'Monte Carlo': 'Street', 'Montreal': 'Street', 'Catalunya': 'Permanent', 'Spielberg': 'Permanent', 'Silverstone': 'Permanent', 'Hungaroring': 'Permanent', 'Spa-Francorchamps': 'Permanent', 'Zandvoort': 'Permanent', 'Monza': 'Permanent', 'Baku': 'Street', 'Singapore': 'Street', 'Austin': 'Permanent', 'Mexico City': 'Permanent', 'Interlagos': 'Permanent', 'lusail': 'Street'}",McLaren,PIA,2,HARD,24,63,40,False,81.341475,79.907,-22.464,-0.07875281425891358,67.10269976409708,215.8500224827777,340.0,0.0,17,0.425,4.133875,80.82017391304348
2024,Imola,7,"{'Sakhir': 'Street', 'Jeddah': 'Street', 'Melbourne': 'Street', 'Suzuka': 'Permanent', 'Shanghai': 'Permanent', 'Miami': 'Street', 'Imola': 'Permanent', 'Monte Carlo': 'Street', 'Montreal': 'Street', 'Catalunya': 'Permanent', 'Spielberg': 'Permanent', 'Silverstone': 'Permanent', 'Hungaroring': 'Permanent', 'Spa-Francorchamps': 'Permanent', 'Zandvoort': 'Permanent', 'Monza': 'Permanent', 'Baku': 'Street', 'Singapore': 'Street', 'Austin': 'Permanent', 'Mexico City': 'Permanent', 'Interlagos': 'Permanent', 'lusail': 'Street'}",Mercedes,HAM,1,MEDIUM,2,27,26,True,82.12034615384616,81.222,4.374000000000009,0.09210290598290394,69.73840019527512,213.85862071023885,336.0,77.0,20,0.7692307692307693,2.484730769230769,83.30083333333334
2024,Imola,7,"{'Sakhir': 'Street', 'Jeddah': 'Street', 'Melbourne': 'Street', 'Suzuka': 'Permanent', 'Shanghai': 'Permanent', 'Miami': 'Street', 'Imola': 'Permanent', 'Monte Carlo': 'Street', 'Montreal': 'Street', 'Catalunya': 'Permanent', 'Spielberg': 'Permanent', 'Silverstone': 'Permanent', 'Hungaroring': 'Permanent', 'Spa-Francorchamps': 'Permanent', 'Zandvoort': 'Permanent', 'Monza': 'Permanent', 'Baku': 'Street', 'Singapore': 'Street', 'Austin': 'Permanent', 'Mexico City': 'Permanent', 'Interlagos': 'Permanent', 'lusail': 'Street'}",Mercedes,HAM,2,HARD,28,63,36,False,81.61433333333333,80.331,-22.757000000000005,-0.10700386100385977,70.23988252624608,215.16672063232235,340.0,0.0,5,0.1388888888888889,7.418277777777778,81.60019354838708
2024,Imola,7,"{'Sakhir': 'Street', 'Jeddah': 'Street', 'Melbourne': 'Street', 'Suzuka': 'Permanent', 'Shanghai': 'Permanent', 'Miami': 'Street', 'Imola': 'Permanent', 'Monte Carlo': 'Street', 'Montreal': 'Street', 'Catalunya': 'Permanent', 'Spielberg': 'Permanent', 'Silverstone': 'Permanent', 'Hungaroring': 'Permanent', 'Spa-Francorchamps': 'Permanent', 'Zandvoort': 'Permanent', 'Monza': 'Permanent', 'Baku': 'Street', 'Singapore': 'Street', 'Austin': 'Permanent', 'Mexico City': 'Permanent', 'Interlagos': 'Permanent', 'lusail': 'Street'}",Mercedes,RUS,1,MEDIUM,2,21,20,True,81.95135,81.135,5.317999999999998,0.1131842105263179,70.02255600331712,214.23523883125162,336.0,79.0,18,0.9,2.3172500000000005,84.5475
2024,Imola,7,"{'Sakhir': 'Street', 'Jeddah': 'Street', 'Melbourne': 'Street', 'Suzuka': 'Permanent', 'Shanghai': 'Permanent', 'Miami': 'Street', 'Imola': 'Permanent', 'Monte Carlo': 'Street', 'Montreal': 'Street', 'Catalunya': 'Permanent', 'Spielberg': 'Permanent', 'Silverstone': 'Permanent', 'Hungaroring': 'Permanent', 'Spa-Francorchamps': 'Permanent', 'Zandvoort': 'Permanent', 'Monza': 'Permanent', 'Baku': 'Street', 'Singapore': 'Street', 'Austin': 'Permanent', 'Mexico City': 'Permanent', 'Interlagos': 'Permanent', 'lusail': 'Street'}",Mercedes,RUS,2,HARD,22,52,31,True,82.08687096774193,80.669,-18.695999999999998,-0.11266733870967802,70.40437677765428,214.00374098322345,336.0,0.0,6,0.1935483870967742,5.009200000000001,81.27916
2024,Imola,7,"{'Sakhir': 'Street', 'Jeddah': 'Street', 'Melbourne': 'Street', 'Suzuka': 'Permanent', 'Shanghai': 'Permanent', 'Miami': 'Street', 'Imola': 'Permanent', 'Monte Carlo': 'Street', 'Montreal': 'Street', 'Catalunya': 'Permanent', 'Spielberg': 'Permanent', 'Silverstone': 'Permanent', 'Hungaroring': 'Permanent', 'Spa-Francorchamps': 'Permanent', 'Zandvoort': 'Permanent', 'Monza': 'Permanent', 'Baku': 'Street', 'Singapore': 'Street', 'Austin': 'Permanent', 'Mexico City': 'Permanent', 'Interlagos': 'Permanent', 'lusail': 'Street'}",Mercedes,RUS,3,MEDIUM,53,63,11,False,82.0170909090909,78.589,-22.753,-0.8875090909090875,70.9492958521023,213.4276905367744,335.0,0.0,0,0.0,15.73281818181818,82.0170909090909
2024,Imola,7,"{'Sakhir': 'Street', 'Jeddah': 'Street', 'Melbourne': 'Street', 'Suzuka': 'Permanent', 'Shanghai': 'Permanent', 'Miami': 'Street', 'Imola': 'Permanent', 'Monte Carlo': 'Street', 'Montreal': 'Street', 'Catalunya': 'Permanent', 'Spielberg': 'Permanent', 'Silverstone': 'Permanent', 'Hungaroring': 'Permanent', 'Spa-Francorchamps': 'Permanent', 'Zandvoort': 'Permanent', 'Monza': 'Permanent', 'Baku': 'Street', 'Singapore': 'Street', 'Austin': 'Permanent', 'Mexico City': 'Permanent', 'Interlagos': 'Permanent', 'lusail': 'Street'}",RB,RIC,1,MEDIUM,2,11,10,True,82.8565,82.083,4.292999999999992,0.2615090909090881,66.44847273961808,211.20329784573187,340.0,79.0,10,1.0,0.9873999999999998,
2024,Imola,7,"{'Sakhir': 'Street', 'Jeddah': 'Street', 'Melbourne': 'Street', 'Suzuka': 'Permanent', 'Shanghai': 'Permanent', 'Miami': 'Street', 'Imola': 'Permanent', 'Monte Carlo': 'Street', 'Montreal': 'Street', 'Catalunya': 'Permanent', 'Spielberg': 'Permanent', 'Silverstone': 'Permanent', 'Hungaroring': 'Permanent', 'Spa-Francorchamps': 'Permanent', 'Zandvoort': 'Permanent', 'Monza': 'Permanent', 'Baku': 'Street', 'Singapore': 'Street', 'Austin': 'Permanent', 'Mexico City': 'Permanent', 'Interlagos': 'Permanent', 'lusail': 'Street'}",RB,RIC,2,HARD,12,62,51,False,83.0391568627451,81.569,-21.343000000000004,-0.04003610859728612,67.22454326746619,210.95667089838926,337.0,0.0,43,0.8431372549019608,2.43921568627451,85.61749999999999
2024,Imola,7,"{'Sakhir': 'Street', 'Jeddah': 'Street', 'Melbourne': 'Street', 'Suzuka': 'Permanent', 'Shanghai': 'Permanent', 'Miami': 'Street', 'Imola': 'Permanent', 'Monte Carlo': 'Street', 'Montreal': 'Street', 'Catalunya': 'Permanent', 'Spielberg': 'Permanent', 'Silverstone': 'Permanent', 'Hungaroring': 'Permanent', 'Spa-Francorchamps': 'Permanent', 'Zandvoort': 'Permanent', 'Monza': 'Permanent', 'Baku': 'Street', 'Singapore': 'Street', 'Austin': 'Permanent', 'Mexico City': 'Permanent', 'Interlagos': 'Permanent', 'lusail': 'Street'}",RB,TSU,1,MEDIUM,2,12,11,True,82.66745454545455,81.758,4.388999999999996,0.2366000000000015,66.78125831554516,211.88237137476457,341.0,76.0,11,1.0,0.7614545454545456,
2024,Imola,7,"{'Sakhir': 'Street', 'Jeddah': 'Street', 'Melbourne': 'Street', 'Suzuka': 'Permanent', 'Shanghai': 'Permanent', 'Miami': 'Street', 'Imola': 'Permanent', 'Monte Carlo': 'Street', 'Montreal': 'Street', 'Catalunya': 'Permanent', 'Spielberg': 'Permanent', 'Silverstone': 'Permanent', 'Hungaroring': 'Permanent', 'Spa-Francorchamps': 'Permanent', 'Zandvoort': 'Permanent', 'Monza': 'Permanent', 'Baku': 'Street', 'Singapore': 'Street', 'Austin': 'Permanent', 'Mexico City': 'Permanent', 'Interlagos': 'Permanent', 'lusail': 'Street'}",RB,TSU,2,HARD,13,62,50,False,82.9102,80.936,-21.619,-0.04318261704681702,66.63236871596692,211.44588258224346,337.0,0.0,19,0.38,8.134360000000001,82.98090322580643
2024,Imola,7,"{'Sakhir': 'Street', 'Jeddah': 'Street', 'Melbourne': 'Street', 'Suzuka': 'Permanent', 'Shanghai': 'Permanent', 'Miami': 'Street', 'Imola': 'Permanent', 'Monte Carlo': 'Street', 'Montreal': 'Street', 'Catalunya': 'Permanent', 'Spielberg': 'Permanent', 'Silverstone': 'Permanent', 'Hungaroring': 'Permanent', 'Spa-Francorchamps': 'Permanent', 'Zandvoort': 'Permanent', 'Monza': 'Permanent', 'Baku': 'Street', 'Singapore': 'Street', 'Austin': 'Permanent', 'Mexico City': 'Permanent', 'Interlagos': 'Permanent', 'lusail': 'Street'}",Red Bull,PER,1,HARD,2,37,36,True,82.65819444444445,81.682,5.456999999999994,0.037272458172460186,67.2270087548655,211.72349010542558,343.0,47.0,20,0.5555555555555556,5.31175,82.4631875
2024,Imola,7,"{'Sakhir': 'Street', 'Jeddah': 'Street', 'Melbourne': 'Street', 'Suzuka': 'Permanent', 'Shanghai': 'Permanent', 'Miami': 'Street', 'Imola': 'Permanent', 'Monte Carlo': 'Street', 'Montreal': 'Street', 'Catalunya': 'Permanent', 'Spielberg': 'Permanent', 'Silverstone': 'Permanent', 'Hungaroring': 'Permanent', 'Spa-Francorchamps': 'Permanent', 'Zandvoort': 'Permanent', 'Monza': 'Permanent', 'Baku': 'Street', 'Singapore': 'Street', 'Austin': 'Permanent', 'Mexico City': 'Permanent', 'Interlagos': 'Permanent', 'lusail': 'Street'}",Red Bull,PER,2,MEDIUM,38,63,26,False,81.36761538461539,79.686,-22.36999999999999,-0.1978365811965825,69.85669409154393,215.76215442250458,336.0,0.0,5,0.19230769230769232,14.03344,80.3847619047619
2024,Imola,7,"{'Sakhir': 'Street', 'Jeddah': 'Street', 'Melbourne': 'Street', 'Suzuka': 'Permanent', 'Shanghai': 'Permanent', 'Miami': 'Street', 'Imola': 'Permanent', 'Monte Carlo': 'Street', 'Montreal': 'Street', 'Catalunya': 'Permanent', 'Spielberg': 'Permanent', 'Silverstone': 'Permanent', 'Hungaroring': 'Permanent', 'Spa-Francorchamps': 'Permanent', 'Zandvoort': 'Permanent', 'Monza': 'Permanent', 'Baku': 'Street', 'Singapore': 'Street', 'Austin': 'Permanent', 'Mexico City': 'Permanent', 'Interlagos': 'Permanent', 'lusail': 'Street'}",Red Bull,VER,1,MEDIUM,2,24,23,True,81.3606956521739,80.543,5.616,0.10492786561264744,69.32248565064215,215.46168443158138,313.0,72.0,23,1.0,0.0,
2024,Imola,7,"{'Sakhir': 'Street', 'Jeddah': 'Street', 'Melbourne': 'Street', 'Suzuka': 'Permanent', 'Shanghai': 'Permanent', 'Miami': 'Street', 'Imola': 'Permanent', 'Monte Carlo': 'Street', 'Montreal': 'Street', 'Catalunya': 'Permanent', 'Spielberg': 'Permanent', 'Silverstone': 'Permanent', 'Hungaroring': 'Permanent', 'Spa-Francorchamps': 'Permanent', 'Zandvoort': 'Permanent', 'Monza': 'Permanent', 'Baku': 'Street', 'Singapore': 'Street', 'Austin': 'Permanent', 'Mexico City': 'Permanent', 'Interlagos': 'Permanent', 'lusail': 'Street'}",Red Bull,VER,2,HARD,25,63,39,False,81.30961538461538,80.366,-22.567000000000007,-0.08742631578947306,69.40805150886581,215.70142212626996,338.0,0.0,37,0.9487179487179487,0.4667179487179487,92.042
2024,Imola,7,"{'Sakhir': 'Street', 'Jeddah': 'Street', 'Melbourne': 'Street', 'Suzuka': 'Permanent', 'Shanghai': 'Permanent', 'Miami': 'Street', 'Imola': 'Permanent', 'Monte Carlo': 'Street', 'Montreal': 'Street', 'Catalunya': 'Permanent', 'Spielberg': 'Permanent', 'Silverstone': 'Permanent', 'Hungaroring': 'Permanent', 'Spa-Francorchamps': 'Permanent', 'Zandvoort': 'Permanent', 'Monza': 'Permanent', 'Baku': 'Street', 'Singapore': 'Street', 'Austin': 'Permanent', 'Mexico City': 'Permanent', 'Interlagos': 'Permanent', 'lusail': 'Street'}",Sauber,BOT,1,MEDIUM,2,8,7,True,83.45914285714287,82.415,3.6410000000000053,0.36299999999999166,68.77975672965555,210.22863487530898,338.0,74.0,7,1.0,1.0135714285714286,
2024,Imola,7,"{'Sakhir': 'Street', 'Jeddah': 'Street', 'Melbourne': 'Street', 'Suzuka': 'Permanent', 'Shanghai': 'Permanent', 'Miami': 'Street', 'Imola': 'Permanent', 'Monte Carlo': 'Street', 'Montreal': 'Street', 'Catalunya': 'Permanent', 'Spielberg': 'Permanent', 'Silverstone': 'Permanent', 'Hungaroring': 'Permanent', 'Spa-Francorchamps': 'Permanent', 'Zandvoort': 'Permanent', 'Monza': 'Permanent', 'Baku': 'Street', 'Singapore': 'Street', 'Austin': 'Permanent', 'Mexico City': 'Permanent', 'Interlagos': 'Permanent', 'lusail': 'Street'}",Sauber,BOT,2,HARD,9,62,54,False,83.42792592592592,81.455,-19.851,0.001569963788831959,68.51084431640245,210.8612103955135,335.0,0.0,31,0.5740740740740741,4.483074074074074,83.20560869565216
2024,Imola,7,"{'Sakhir': 'Street', 'Jeddah': 'Street', 'Melbourne': 'Street', 'Suzuka': 'Permanent', 'Shanghai': 'Permanent', 'Miami': 'Street', 'Imola': 'Permanent', 'Monte Carlo': 'Street', 'Montreal': 'Street', 'Catalunya': 'Permanent', 'Spielberg': 'Permanent', 'Silverstone': 'Permanent', 'Hungaroring': 'Permanent', 'Spa-Francorchamps': 'Permanent', 'Zandvoort': 'Permanent', 'Monza': 'Permanent', 'Baku': 'Street', 'Singapore': 'Street', 'Austin': 'Permanent', 'Mexico City': 'Permanent', 'Interlagos': 'Permanent', 'lusail': 'Street'}",Sauber,ZHO,1,HARD,2,33,32,True,83.2691875,82.565,5.489000000000004,0.04484274193548385,68.40948388205948,210.78579474126786,333.0,76.0,11,0.34375,3.1175,83.09571428571428
2024,Imola,7,"{'Sakhir': 'Street', 'Jeddah': 'Street', 'Melbourne': 'Street', 'Suzuka': 'Permanent', 'Shanghai': 'Permanent', 'Miami': 'Street', 'Imola': 'Permanent', 'Monte Carlo': 'Street', 'Montreal': 'Street', 'Catalunya': 'Permanent', 'Spielberg': 'Permanent', 'Silverstone': 'Permanent', 'Hungaroring': 'Permanent', 'Spa-Francorchamps': 'Permanent', 'Zandvoort': 'Permanent', 'Monza': 'Permanent', 'Baku': 'Street', 'Singapore': 'Street', 'Austin': 'Permanent', 'Mexico City': 'Permanent', 'Interlagos': 'Permanent', 'lusail': 'Street'}",Sauber,ZHO,2,MEDIUM,34,62,29,False,83.1996551724138,81.016,-23.680999999999997,-0.11805221674877005,68.59139833210209,211.48013603471668,346.0,0.0,16,0.5517241379310345,5.0184827586206895,83.64838461538463
2024,Imola,7,"{'Sakhir': 'Street', 'Jeddah': 'Street', 'Melbourne': 'Street', 'Suzuka': 'Permanent', 'Shanghai': 'Permanent', 'Miami': 'Street', 'Imola': 'Permanent', 'Monte Carlo': 'Street', 'Montreal': 'Street', 'Catalunya': 'Permanent', 'Spielberg': 'Permanent', 'Silverstone': 'Permanent', 'Hungaroring': 'Permanent', 'Spa-Francorchamps': 'Permanent', 'Zandvoort': 'Permanent', 'Monza': 'Permanent', 'Baku': 'Street', 'Singapore': 'Street', 'Austin': 'Permanent', 'Mexico City': 'Permanent', 'Interlagos': 'Permanent', 'lusail': 'Street'}",Williams,ALB,1,MEDIUM,2,8,7,True,83.18742857142857,82.357,3.528000000000006,0.36299999999998916,62.83817227143975,210.33863476809884,343.0,77.0,7,1.0,1.1071428571428572,
2024,Imola,7,"{'Sakhir': 'Street', 'Jeddah': 'Street', 'Melbourne': 'Street', 'Suzuka': 'Permanent', 'Shanghai': 'Permanent', 'Miami': 'Street', 'Imola': 'Permanent', 'Monte Carlo': 'Street', 'Montreal': 'Street', 'Catalunya': 'Permanent', 'Spielberg': 'Permanent', 'Silverstone': 'Permanent', 'Hungaroring': 'Permanent', 'Spa-Francorchamps': 'Permanent', 'Zandvoort': 'Permanent', 'Monza': 'Permanent', 'Baku': 'Street', 'Singapore': 'Street', 'Austin': 'Permanent', 'Mexico City': 'Permanent', 'Interlagos': 'Permanent', 'lusail': 'Street'}",Williams,ALB,2,HARD,9,9,1,True,163.048,163.048,0.0,0.0,24.015590258600472,108.01761980473309,263.0,0.0,0,0.0,13.164,163.048
2024,Imola,7,"{'Sakhir': 'Street', 'Jeddah': 'Street', 'Melbourne': 'Street', 'Suzuka': 'Permanent', 'Shanghai': 'Permanent', 'Miami': 'Street', 'Imola': 'Permanent', 'Monte Carlo': 'Street', 'Montreal': 'Street', 'Catalunya': 'Permanent', 'Spielberg': 'Permanent', 'Silverstone': 'Permanent', 'Hungaroring': 'Permanent', 'Spa-Francorchamps': 'Permanent', 'Zandvoort': 'Permanent', 'Monza': 'Permanent', 'Baku': 'Street', 'Singapore': 'Street', 'Austin': 'Permanent', 'Mexico City': 'Permanent', 'Interlagos': 'Permanent', 'lusail': 'Street'}",Williams,ALB,3,MEDIUM,10,23,14,True,84.60307142857143,81.491,-26.39800000000001,-0.7100725274725262,61.873839692153375,206.93309189921322,333.0,0.0,0,0.0,81.7515,84.60307142857143
2024,Imola,7,"{'Sakhir': 'Street', 'Jeddah': 'Street', 'Melbourne': 'Street', 'Suzuka': 'Permanent', 'Shanghai': 'Permanent', 'Miami': 'Street', 'Imola': 'Permanent', 'Monte Carlo': 'Street', 'Montreal': 'Street', 'Catalunya': 'Permanent', 'Spielberg': 'Permanent', 'Silverstone': 'Permanent', 'Hungaroring': 'Permanent', 'Spa-Francorchamps': 'Permanent', 'Zandvoort': 'Permanent', 'Monza': 'Permanent', 'Baku': 'Street', 'Singapore': 'Street', 'Austin': 'Permanent', 'Mexico City': 'Permanent', 'Interlagos': 'Permanent', 'lusail': 'Street'}",Williams,ALB,4,MEDIUM,24,28,5,True,90.51320000000001,82.127,-26.078999999999994,-5.567499999999998,58.05687311651864,194.1945797201715,316.0,0.0,0,0.0,153.90800000000002,90.51320000000001
2024,Imola,7,"{'Sakhir': 'Street', 'Jeddah': 'Street', 'Melbourne': 'Street', 'Suzuka': 'Permanent', 'Shanghai': 'Permanent', 'Miami': 'Street', 'Imola': 'Permanent', 'Monte Carlo': 'Street', 'Montreal': 'Street', 'Catalunya': 'Permanent', 'Spielberg': 'Permanent', 'Silverstone': 'Permanent', 'Hungaroring': 'Permanent', 'Spa-Francorchamps': 'Permanent', 'Zandvoort': 'Permanent', 'Monza': 'Permanent', 'Baku': 'Street', 'Singapore': 'Street', 'Austin': 'Permanent', 'Mexico City': 'Permanent', 'Interlagos': 'Permanent', 'lusail': 'Street'}",Williams,ALB,5,MEDIUM,29,51,23,False,83.23252173913045,81.274,-17.232,-0.17135079051383312,62.49461591541566,210.54848503385188,334.0,0.0,0,0.0,137.54880000000003,83.23252173913045
2024,Imola,7,"{'Sakhir': 'Street', 'Jeddah': 'Street', 'Melbourne': 'Street', 'Suzuka': 'Permanent', 'Shanghai': 'Permanent', 'Miami': 'Street', 'Imola': 'Permanent', 'Monte Carlo': 'Street', 'Montreal': 'Street', 'Catalunya': 'Permanent', 'Spielberg': 'Permanent', 'Silverstone': 'Permanent', 'Hungaroring': 'Permanent', 'Spa-Francorchamps': 'Permanent', 'Zandvoort': 'Permanent', 'Monza': 'Permanent', 'Baku': 'Street', 'Singapore': 'Street', 'Austin': 'Permanent', 'Mexico City': 'Permanent', 'Interlagos': 'Permanent', 'lusail': 'Street'}",Williams,SAR,1,HARD,2,31,30,True,83.45043333333334,82.702,3.972999999999999,0.05196373748609376,65.31867812992779,209.78846478365892,345.0,77.0,20,0.6666666666666666,2.1980666666666666,83.8049
2024,Imola,7,"{'Sakhir': 'Street', 'Jeddah': 'Street', 'Melbourne': 'Street', 'Suzuka': 'Permanent', 'Shanghai': 'Permanent', 'Miami': 'Street', 'Imola': 'Permanent', 'Monte Carlo': 'Street', 'Montreal': 'Street', 'Catalunya': 'Permanent', 'Spielberg': 'Permanent', 'Silverstone': 'Permanent', 'Hungaroring': 'Permanent', 'Spa-Francorchamps': 'Permanent', 'Zandvoort': 'Permanent', 'Monza': 'Permanent', 'Baku': 'Street', 'Singapore': 'Street', 'Austin': 'Permanent', 'Mexico City': 'Permanent', 'Interlagos': 'Permanent', 'lusail': 'Street'}",Williams,SAR,2,MEDIUM,32,62,31,False,83.21658064516126,81.229,-26.939999999999998,-0.12660766129032414,64.72552911341452,210.6194161909753,345.0,0.0,17,0.5483870967741935,2.704709677419354,83.93049999999998
2024,Interlagos,15,"{'Sakhir': 'Street', 'Jeddah': 'Street', 'Melbourne': 'Street', 'Suzuka': 'Permanent', 'Shanghai': 'Permanent', 'Miami': 'Street', 'Imola': 'Permanent', 'Monte Carlo': 'Street', 'Montreal': 'Street', 'Catalunya': 'Permanent', 'Spielberg': 'Permanent', 'Silverstone': 'Permanent', 'Hungaroring': 'Permanent', 'Spa-Francorchamps': 'Permanent', 'Zandvoort': 'Permanent', 'Monza': 'Permanent', 'Baku': 'Street', 'Singapore': 'Street', 'Austin': 'Permanent', 'Mexico City': 'Permanent', 'Interlagos': 'Permanent', 'lusail': 'Street'}",Alpine,GAS,1,INTERMEDIATE,2,32,31,True,91.43274193548389,83.92,73.478,1.0215608870967732,63.44863883127674,197.40338845546276,328.0,53.0,22,0.7096774193548387,2.692032258064516,94.50733333333332
2024,Interlagos,15,"{'Sakhir': 'Street', 'Jeddah': 'Street', 'Melbourne': 'Street', 'Suzuka': 'Permanent', 'Shanghai': 'Permanent', 'Miami': 'Street', 'Imola': 'Permanent', 'Monte Carlo': 'Street', 'Montreal': 'Street', 'Catalunya': 'Permanent', 'Spielberg': 'Permanent', 'Silverstone': 'Permanent', 'Hungaroring': 'Permanent', 'Spa-Francorchamps': 'Permanent', 'Zandvoort': 'Permanent', 'Monza': 'Permanent', 'Baku': 'Street', 'Singapore': 'Street', 'Austin': 'Permanent', 'Mexico City': 'Permanent', 'Interlagos': 'Permanent', 'lusail': 'Street'}",Alpine,GAS,2,INTERMEDIATE,33,69,37,False,127.14851351351354,81.645,-1468.064,-6.750963489805578,64.98272933060655,200.09919880219766,330.0,0.0,12,0.32432432432432434,3.1699999999999995,83.35692
2024,Interlagos,15,"{'Sakhir': 'Street', 'Jeddah': 'Street', 'Melbourne': 'Street', 'Suzuka': 'Permanent', 'Shanghai': 'Permanent', 'Miami': 'Street', 'Imola': 'Permanent', 'Monte Carlo': 'Street', 'Montreal': 'Street', 'Catalunya': 'Permanent', 'Spielberg': 'Permanent', 'Silverstone': 'Permanent', 'Hungaroring': 'Permanent', 'Spa-Francorchamps': 'Permanent', 'Zandvoort': 'Permanent', 'Monza': 'Permanent', 'Baku': 'Street', 'Singapore': 'Street', 'Austin': 'Permanent', 'Mexico City': 'Permanent', 'Interlagos': 'Permanent', 'lusail': 'Street'}",Alpine,OCO,1,INTERMEDIATE,2,32,31,True,91.27529032258063,84.037,71.85399999999998,1.0557391129032252,61.89722773438455,194.44436008087428,332.0,0.0,30,0.967741935483871,1.3706451612903223,110.714
2024,Interlagos,15,"{'Sakhir': 'Street', 'Jeddah': 'Street', 'Melbourne': 'Street', 'Suzuka': 'Permanent', 'Shanghai': 'Permanent', 'Miami': 'Street', 'Imola': 'Permanent', 'Monte Carlo': 'Street', 'Montreal': 'Street', 'Catalunya': 'Permanent', 'Spielberg': 'Permanent', 'Silverstone': 'Permanent', 'Hungaroring': 'Permanent', 'Spa-Francorchamps': 'Permanent', 'Zandvoort': 'Permanent', 'Monza': 'Permanent', 'Baku': 'Street', 'Singapore': 'Street', 'Austin': 'Permanent', 'Mexico City': 'Permanent', 'Interlagos': 'Permanent', 'lusail': 'Street'}",Alpine,OCO,2,INTERMEDIATE,33,69,37,False,127.29475675675675,81.771,-1475.5600000000002,-6.766522522522506,63.648888217990326,200.5101461728581,333.0,76.0,13,0.35135135135135137,6.709297297297296,82.45225
2024,Interlagos,15,"{'Sakhir': 'Street', 'Jeddah': 'Street', 'Melbourne': 'Street', 'Suzuka': 'Permanent', 'Shanghai': 'Permanent', 'Miami': 'Street', 'Imola': 'Permanent', 'Monte Carlo': 'Street', 'Montreal': 'Street', 'Catalunya': 'Permanent', 'Spielberg': 'Permanent', 'Silverstone': 'Permanent', 'Hungaroring': 'Permanent', 'Spa-Francorchamps': 'Permanent', 'Zandvoort': 'Permanent', 'Monza': 'Permanent', 'Baku': 'Street', 'Singapore': 'Street', 'Austin': 'Permanent', 'Mexico City': 'Permanent', 'Interlagos': 'Permanent', 'lusail': 'Street'}",Aston Martin,ALO,1,INTERMEDIATE,2,27,26,True,85.74576923076923,83.949,10.972999999999999,0.042588034188033114,61.57123492423495,196.76231574440698,332.0,84.0,25,0.9615384615384616,1.9269615384615384,85.472
2024,Interlagos,15,"{'Sakhir': 'Street', 'Jeddah': 'Street', 'Melbourne': 'Street', 'Suzuka': 'Permanent', 'Shanghai': 'Permanent', 'Miami': 'Street', 'Imola': 'Permanent', 'Monte Carlo': 'Street', 'Montreal': 'Street', 'Catalunya': 'Permanent', 'Spielberg': 'Permanent', 'Silverstone': 'Permanent', 'Hungaroring': 'Permanent', 'Spa-Francorchamps': 'Permanent', 'Zandvoort': 'Permanent', 'Monza': 'Permanent', 'Baku': 'Street', 'Singapore': 'Street', 'Austin': 'Permanent', 'Mexico City': 'Permanent', 'Interlagos': 'Permanent', 'lusail': 'Street'}",Aston Martin,ALO,2,INTERMEDIATE,28,32,5,True,124.625,105.422,40.165000000000006,9.15510000000001,60.458715576975585,186.19432712923845,308.0,0.0,2,0.4,6.0122,113.70333333333333
2024,Interlagos,15,"{'Sakhir': 'Street', 'Jeddah': 'Street', 'Melbourne': 'Street', 'Suzuka': 'Permanent', 'Shanghai': 'Permanent', 'Miami': 'Street', 'Imola': 'Permanent', 'Monte Carlo': 'Street', 'Montreal': 'Street', 'Catalunya': 'Permanent', 'Spielberg': 'Permanent', 'Silverstone': 'Permanent', 'Hungaroring': 'Permanent', 'Spa-Francorchamps': 'Permanent', 'Zandvoort': 'Permanent', 'Monza': 'Permanent', 'Baku': 'Street', 'Singapore': 'Street', 'Austin': 'Permanent', 'Mexico City': 'Permanent', 'Interlagos': 'Permanent', 'lusail': 'Street'}",Aston Martin,ALO,3,INTERMEDIATE,33,69,37,False,128.1796216216216,82.293,-1452.1699999999998,-6.700403271692728,62.333519322524836,201.37670002355307,333.0,85.0,14,0.3783783783783784,6.8229999999999995,84.90278260869566
2024,Interlagos,15,"{'Sakhir': 'Street', 'Jeddah': 'Street', 'Melbourne': 'Street', 'Suzuka': 'Permanent', 'Shanghai': 'Permanent', 'Miami': 'Street', 'Imola': 'Permanent', 'Monte Carlo': 'Street', 'Montreal': 'Street', 'Catalunya': 'Permanent', 'Spielberg': 'Permanent', 'Silverstone': 'Permanent', 'Hungaroring': 'Permanent', 'Spa-Francorchamps': 'Permanent', 'Zandvoort': 'Permanent', 'Monza': 'Permanent', 'Baku': 'Street', 'Singapore': 'Street', 'Austin': 'Permanent', 'Mexico City': 'Permanent', 'Interlagos': 'Permanent', 'lusail': 'Street'}",Ferrari,LEC,1,INTERMEDIATE,2,24,23,True,85.09091304347825,84.137,2.475999999999999,-0.027076086956525632,63.69843867385524,198.9470443242563,334.0,55.0,23,1.0,0.7525217391304347,
2024,Interlagos,15,"{'Sakhir': 'Street', 'Jeddah': 'Street', 'Melbourne': 'Street', 'Suzuka': 'Permanent', 'Shanghai': 'Permanent', 'Miami': 'Street', 'Imola': 'Permanent', 'Monte Carlo': 'Street', 'Montreal': 'Street', 'Catalunya': 'Permanent', 'Spielberg': 'Permanent', 'Silverstone': 'Permanent', 'Hungaroring': 'Permanent', 'Spa-Francorchamps': 'Permanent', 'Zandvoort': 'Permanent', 'Monza': 'Permanent', 'Baku': 'Street', 'Singapore': 'Street', 'Austin': 'Permanent', 'Mexico City': 'Permanent', 'Interlagos': 'Permanent', 'lusail': 'Street'}",Ferrari,LEC,2,INTERMEDIATE,25,32,8,True,111.426875,84.479,58.643,7.713559523809527,66.25824583910416,196.19198557266904,323.0,0.0,5,0.625,3.5238750000000003,114.495
2024,Interlagos,15,"{'Sakhir': 'Street', 'Jeddah': 'Street', 'Melbourne': 'Street', 'Suzuka': 'Permanent', 'Shanghai': 'Permanent', 'Miami': 'Street', 'Imola': 'Permanent', 'Monte Carlo': 'Street', 'Montreal': 'Street', 'Catalunya': 'Permanent', 'Spielberg': 'Permanent', 'Silverstone': 'Permanent', 'Hungaroring': 'Permanent', 'Spa-Francorchamps': 'Permanent', 'Zandvoort': 'Permanent', 'Monza': 'Permanent', 'Baku': 'Street', 'Singapore': 'Street', 'Austin': 'Permanent', 'Mexico City': 'Permanent', 'Interlagos': 'Permanent', 'lusail': 'Street'}",Ferrari,LEC,3,INTERMEDIATE,33,69,37,False,127.05764864864867,81.631,-1458.218,-6.7280132764343135,67.33875357540693,203.21532902765597,316.0,75.0,13,0.35135135135135137,4.5586486486486475,144.63312499999998
2024,Interlagos,15,"{'Sakhir': 'Street', 'Jeddah': 'Street', 'Melbourne': 'Street', 'Suzuka': 'Permanent', 'Shanghai': 'Permanent', 'Miami': 'Street', 'Imola': 'Permanent', 'Monte Carlo': 'Street', 'Montreal': 'Street', 'Catalunya': 'Permanent', 'Spielberg': 'Permanent', 'Silverstone': 'Permanent', 'Hungaroring': 'Permanent', 'Spa-Francorchamps': 'Permanent', 'Zandvoort': 'Permanent', 'Monza': 'Permanent', 'Baku': 'Street', 'Singapore': 'Street', 'Austin': 'Permanent', 'Mexico City': 'Permanent', 'Interlagos': 'Permanent', 'lusail': 'Street'}",Ferrari,SAI,1,INTERMEDIATE,2,27,26,True,86.29842307692307,84.201,12.173999999999992,0.07911692307692107,63.27636218511006,198.7875595171616,333.0,86.0,25,0.9615384615384616,0.859153846153846,101.195
2024,Interlagos,15,"{'Sakhir': 'Street', 'Jeddah': 'Street', 'Melbourne': 'Street', 'Suzuka': 'Permanent', 'Shanghai': 'Permanent', 'Miami': 'Street', 'Imola': 'Permanent', 'Monte Carlo': 'Street', 'Montreal': 'Street', 'Catalunya': 'Permanent', 'Spielberg': 'Permanent', 'Silverstone': 'Permanent', 'Hungaroring': 'Permanent', 'Spa-Francorchamps': 'Permanent', 'Zandvoort': 'Permanent', 'Monza': 'Permanent', 'Baku': 'Street', 'Singapore': 'Street', 'Austin': 'Permanent', 'Mexico City': 'Permanent', 'Interlagos': 'Permanent', 'lusail': 'Street'}",Ferrari,SAI,2,INTERMEDIATE,28,32,5,True,123.57660000000001,102.131,31.388000000000005,7.206100000000011,63.64343171176982,189.07583718093952,327.0,0.0,3,0.6,3.9828,112.4755
2024,Interlagos,15,"{'Sakhir': 'Street', 'Jeddah': 'Street', 'Melbourne': 'Street', 'Suzuka': 'Permanent', 'Shanghai': 'Permanent', 'Miami': 'Street', 'Imola': 'Permanent', 'Monte Carlo': 'Street', 'Montreal': 'Street', 'Catalunya': 'Permanent', 'Spielberg': 'Permanent', 'Silverstone': 'Permanent', 'Hungaroring': 'Permanent', 'Spa-Francorchamps': 'Permanent', 'Zandvoort': 'Permanent', 'Monza': 'Permanent', 'Baku': 'Street', 'Singapore': 'Street', 'Austin': 'Permanent', 'Mexico City': 'Permanent', 'Interlagos': 'Permanent', 'lusail': 'Street'}",Ferrari,SAI,3,INTERMEDIATE,33,38,6,False,329.8538333333333,86.771,-1437.502,-206.57254285714293,64.8582549508332,203.84549936248374,312.0,91.0,5,0.8333333333333334,1.4858333333333331,1524.273
2024,Interlagos,15,"{'Sakhir': 'Street', 'Jeddah': 'Street', 'Melbourne': 'Street', 'Suzuka': 'Permanent', 'Shanghai': 'Permanent', 'Miami': 'Street', 'Imola': 'Permanent', 'Monte Carlo': 'Street', 'Montreal': 'Street', 'Catalunya': 'Permanent', 'Spielberg': 'Permanent', 'Silverstone': 'Permanent', 'Hungaroring': 'Permanent', 'Spa-Francorchamps': 'Permanent', 'Zandvoort': 'Permanent', 'Monza': 'Permanent', 'Baku': 'Street', 'Singapore': 'Street', 'Austin': 'Permanent', 'Mexico City': 'Permanent', 'Interlagos': 'Permanent', 'lusail': 'Street'}",Haas,BEA,1,INTERMEDIATE,2,27,26,True,86.07673076923078,84.306,10.054999999999993,-0.01797709401709546,,,,,21,0.8076923076923077,3.012,87.386
2024,Interlagos,15,"{'Sakhir': 'Street', 'Jeddah': 'Street', 'Melbourne': 'Street', 'Suzuka': 'Permanent', 'Shanghai': 'Permanent', 'Miami': 'Street', 'Imola': 'Permanent', 'Monte Carlo': 'Street', 'Montreal': 'Street', 'Catalunya': 'Permanent', 'Spielberg': 'Permanent', 'Silverstone': 'Permanent', 'Hungaroring': 'Permanent', 'Spa-Francorchamps': 'Permanent', 'Zandvoort': 'Permanent', 'Monza': 'Permanent', 'Baku': 'Street', 'Singapore': 'Street', 'Austin': 'Permanent', 'Mexico City': 'Permanent', 'Interlagos': 'Permanent', 'lusail': 'Street'}",Haas,BEA,2,INTERMEDIATE,28,32,5,True,126.8946,103.986,27.236999999999995,6.248899999999999,,,,,5,1.0,1.6342000000000003,
2024,Interlagos,15,"{'Sakhir': 'Street', 'Jeddah': 'Street', 'Melbourne': 'Street', 'Suzuka': 'Permanent', 'Shanghai': 'Permanent', 'Miami': 'Street', 'Imola': 'Permanent', 'Monte Carlo': 'Street', 'Montreal': 'Street', 'Catalunya': 'Permanent', 'Spielberg': 'Permanent', 'Silverstone': 'Permanent', 'Hungaroring': 'Permanent', 'Spa-Francorchamps': 'Permanent', 'Zandvoort': 'Permanent', 'Monza': 'Permanent', 'Baku': 'Street', 'Singapore': 'Street', 'Austin': 'Permanent', 'Mexico City': 'Permanent', 'Interlagos': 'Permanent', 'lusail': 'Street'}",Haas,BEA,3,INTERMEDIATE,33,69,37,False,126.98800000000001,82.494,-1441.949,-6.6431137980085175,,,,,22,0.5945945945945946,3.7240270270270273,89.92086666666667
2024,Interlagos,15,"{'Sakhir': 'Street', 'Jeddah': 'Street', 'Melbourne': 'Street', 'Suzuka': 'Permanent', 'Shanghai': 'Permanent', 'Miami': 'Street', 'Imola': 'Permanent', 'Monte Carlo': 'Street', 'Montreal': 'Street', 'Catalunya': 'Permanent', 'Spielberg': 'Permanent', 'Silverstone': 'Permanent', 'Hungaroring': 'Permanent', 'Spa-Francorchamps': 'Permanent', 'Zandvoort': 'Permanent', 'Monza': 'Permanent', 'Baku': 'Street', 'Singapore': 'Street', 'Austin': 'Permanent', 'Mexico City': 'Permanent', 'Interlagos': 'Permanent', 'lusail': 'Street'}",Haas,HUL,1,INTERMEDIATE,2,25,24,True,85.356125,83.764,2.834000000000003,-0.0470230434782598,61.072216484320926,195.8955718826164,334.0,0.0,24,1.0,1.5427083333333333,
2024,Interlagos,15,"{'Sakhir': 'Street', 'Jeddah': 'Street', 'Melbourne': 'Street', 'Suzuka': 'Permanent', 'Shanghai': 'Permanent', 'Miami': 'Street', 'Imola': 'Permanent', 'Monte Carlo': 'Street', 'Montreal': 'Street', 'Catalunya': 'Permanent', 'Spielberg': 'Permanent', 'Silverstone': 'Permanent', 'Hungaroring': 'Permanent', 'Spa-Francorchamps': 'Permanent', 'Zandvoort': 'Permanent', 'Monza': 'Permanent', 'Baku': 'Street', 'Singapore': 'Street', 'Austin': 'Permanent', 'Mexico City': 'Permanent', 'Interlagos': 'Permanent', 'lusail': 'Street'}",Haas,HUL,2,INTERMEDIATE,26,27,2,True,168.429,106.643,123.572,123.57199999999995,62.518928268892836,198.84861643385494,326.0,89.0,0,0.0,6.698,168.429
2024,Interlagos,15,"{'Sakhir': 'Street', 'Jeddah': 'Street', 'Melbourne': 'Street', 'Suzuka': 'Permanent', 'Shanghai': 'Permanent', 'Miami': 'Street', 'Imola': 'Permanent', 'Monte Carlo': 'Street', 'Montreal': 'Street', 'Catalunya': 'Permanent', 'Spielberg': 'Permanent', 'Silverstone': 'Permanent', 'Hungaroring': 'Permanent', 'Spa-Francorchamps': 'Permanent', 'Zandvoort': 'Permanent', 'Monza': 'Permanent', 'Baku': 'Street', 'Singapore': 'Street', 'Austin': 'Permanent', 'Mexico City': 'Permanent', 'Interlagos': 'Permanent', 'lusail': 'Street'}",Haas,HUL,3,WET,28,29,2,True,148.113,127.542,-41.141999999999996,-41.14200000000001,59.474980071554675,197.7968569192414,313.0,88.0,0,0.0,,148.113
2024,Interlagos,15,"{'Sakhir': 'Street', 'Jeddah': 'Street', 'Melbourne': 'Street', 'Suzuka': 'Permanent', 'Shanghai': 'Permanent', 'Miami': 'Street', 'Imola': 'Permanent', 'Monte Carlo': 'Street', 'Montreal': 'Street', 'Catalunya': 'Permanent', 'Spielberg': 'Permanent', 'Silverstone': 'Permanent', 'Hungaroring': 'Permanent', 'Spa-Francorchamps': 'Permanent', 'Zandvoort': 'Permanent', 'Monza': 'Permanent', 'Baku': 'Street', 'Singapore': 'Street', 'Austin': 'Permanent', 'Mexico City': 'Permanent', 'Interlagos': 'Permanent', 'lusail': 'Street'}",Haas,HUL,4,INTERMEDIATE,30,30,1,False,174.656,174.656,0.0,0.0,60.89138017466101,199.40638755483585,316.0,85.0,0,0.0,229.531,174.656
2024,Interlagos,15,"{'Sakhir': 'Street', 'Jeddah': 'Street', 'Melbourne': 'Street', 'Suzuka': 'Permanent', 'Shanghai': 'Permanent', 'Miami': 'Street', 'Imola': 'Permanent', 'Monte Carlo': 'Street', 'Montreal': 'Street', 'Catalunya': 'Permanent', 'Spielberg': 'Permanent', 'Silverstone': 'Permanent', 'Hungaroring': 'Permanent', 'Spa-Francorchamps': 'Permanent', 'Zandvoort': 'Permanent', 'Monza': 'Permanent', 'Baku': 'Street', 'Singapore': 'Street', 'Austin': 'Permanent', 'Mexico City': 'Permanent', 'Interlagos': 'Permanent', 'lusail': 'Street'}",McLaren,NOR,1,INTERMEDIATE,2,28,27,True,85.74914814814814,83.592,29.00500000000001,0.22369291819291742,62.03440178285553,200.0688783321025,330.0,52.0,27,1.0,0.9837777777777779,
2024,Interlagos,15,"{'Sakhir': 'Street', 'Jeddah': 'Street', 'Melbourne': 'Street', 'Suzuka': 'Permanent', 'Shanghai': 'Permanent', 'Miami': 'Street', 'Imola': 'Permanent', 'Monte Carlo': 'Street', 'Montreal': 'Street', 'Catalunya': 'Permanent', 'Spielberg': 'Permanent', 'Silverstone': 'Permanent', 'Hungaroring': 'Permanent', 'Spa-Francorchamps': 'Permanent', 'Zandvoort': 'Permanent', 'Monza': 'Permanent', 'Baku': 'Street', 'Singapore': 'Street', 'Austin': 'Permanent', 'Mexico City': 'Permanent', 'Interlagos': 'Permanent', 'lusail': 'Street'}",McLaren,NOR,2,INTERMEDIATE,29,32,4,True,131.6475,117.236,37.47399999999999,12.214999999999984,59.20687483708718,191.53606300031376,325.0,0.0,4,1.0,0.8915000000000001,
2024,Interlagos,15,"{'Sakhir': 'Street', 'Jeddah': 'Street', 'Melbourne': 'Street', 'Suzuka': 'Permanent', 'Shanghai': 'Permanent', 'Miami': 'Street', 'Imola': 'Permanent', 'Monte Carlo': 'Street', 'Montreal': 'Street', 'Catalunya': 'Permanent', 'Spielberg': 'Permanent', 'Silverstone': 'Permanent', 'Hungaroring': 'Permanent', 'Spa-Francorchamps': 'Permanent', 'Zandvoort': 'Permanent', 'Monza': 'Permanent', 'Baku': 'Street', 'Singapore': 'Street', 'Austin': 'Permanent', 'Mexico City': 'Permanent', 'Interlagos': 'Permanent', 'lusail': 'Street'}",McLaren,NOR,3,INTERMEDIATE,33,69,37,False,127.35627027027029,81.517,-1467.8990000000001,-6.771260787102873,61.61514960534578,203.79256107608032,330.0,82.0,35,0.9459459459459459,1.7860540540540542,815.7545
2024,Interlagos,15,"{'Sakhir': 'Street', 'Jeddah': 'Street', 'Melbourne': 'Street', 'Suzuka': 'Permanent', 'Shanghai': 'Permanent', 'Miami': 'Street', 'Imola': 'Permanent', 'Monte Carlo': 'Street', 'Montreal': 'Street', 'Catalunya': 'Permanent', 'Spielberg': 'Permanent', 'Silverstone': 'Permanent', 'Hungaroring': 'Permanent', 'Spa-Francorchamps': 'Permanent', 'Zandvoort': 'Permanent', 'Monza': 'Permanent', 'Baku': 'Street', 'Singapore': 'Street', 'Austin': 'Permanent', 'Mexico City': 'Permanent', 'Interlagos': 'Permanent', 'lusail': 'Street'}",McLaren,PIA,1,INTERMEDIATE,2,27,26,True,85.638,84.098,9.292999999999992,0.06028581196581055,61.364946034510346,199.88791354014336,329.0,88.0,26,1.0,0.8081923076923079,
2024,Interlagos,15,"{'Sakhir': 'Street', 'Jeddah': 'Street', 'Melbourne': 'Street', 'Suzuka': 'Permanent', 'Shanghai': 'Permanent', 'Miami': 'Street', 'Imola': 'Permanent', 'Monte Carlo': 'Street', 'Montreal': 'Street', 'Catalunya': 'Permanent', 'Spielberg': 'Permanent', 'Silverstone': 'Permanent', 'Hungaroring': 'Permanent', 'Spa-Francorchamps': 'Permanent', 'Zandvoort': 'Permanent', 'Monza': 'Permanent', 'Baku': 'Street', 'Singapore': 'Street', 'Austin': 'Permanent', 'Mexico City': 'Permanent', 'Interlagos': 'Permanent', 'lusail': 'Street'}",McLaren,PIA,2,INTERMEDIATE,28,32,5,True,124.7806,101.078,43.164,10.460699999999996,63.358157185402675,201.2210344360049,310.0,89.0,4,0.8,2.3920000000000003,121.36
2024,Interlagos,15,"{'Sakhir': 'Street', 'Jeddah': 'Street', 'Melbourne': 'Street', 'Suzuka': 'Permanent', 'Shanghai': 'Permanent', 'Miami': 'Street', 'Imola': 'Permanent', 'Monte Carlo': 'Street', 'Montreal': 'Street', 'Catalunya': 'Permanent', 'Spielberg': 'Permanent', 'Silverstone': 'Permanent', 'Hungaroring': 'Permanent', 'Spa-Francorchamps': 'Permanent', 'Zandvoort': 'Permanent', 'Monza': 'Permanent', 'Baku': 'Street', 'Singapore': 'Street', 'Austin': 'Permanent', 'Mexico City': 'Permanent', 'Interlagos': 'Permanent', 'lusail': 'Street'}",McLaren,PIA,3,INTERMEDIATE,33,69,37,False,127.08751351351353,81.532,-1456.266,-6.720026078710272,61.466916661724625,201.986306171746,334.0,0.0,27,0.7297297297297297,2.2062972972972967,232.16960000000003
2024,Interlagos,15,"{'Sakhir': 'Street', 'Jeddah': 'Street', 'Melbourne': 'Street', 'Suzuka': 'Permanent', 'Shanghai': 'Permanent', 'Miami': 'Street', 'Imola': 'Permanent', 'Monte Carlo': 'Street', 'Montreal': 'Street', 'Catalunya': 'Permanent', 'Spielberg': 'Permanent', 'Silverstone': 'Permanent', 'Hungaroring': 'Permanent', 'Spa-Francorchamps': 'Permanent', 'Zandvoort': 'Permanent', 'Monza': 'Permanent', 'Baku': 'Street', 'Singapore': 'Street', 'Austin': 'Permanent', 'Mexico City': 'Permanent', 'Interlagos': 'Permanent', 'lusail': 'Street'}",Mercedes,HAM,1,INTERMEDIATE,2,27,26,True,86.23111538461538,83.973,12.235,0.03779999999999913,60.178943794445296,195.27532223102259,342.0,0.0,26,1.0,0.7528846153846154,
2024,Interlagos,15,"{'Sakhir': 'Street', 'Jeddah': 'Street', 'Melbourne': 'Street', 'Suzuka': 'Permanent', 'Shanghai': 'Permanent', 'Miami': 'Street', 'Imola': 'Permanent', 'Monte Carlo': 'Street', 'Montreal': 'Street', 'Catalunya': 'Permanent', 'Spielberg': 'Permanent', 'Silverstone': 'Permanent', 'Hungaroring': 'Permanent', 'Spa-Francorchamps': 'Permanent', 'Zandvoort': 'Permanent', 'Monza': 'Permanent', 'Baku': 'Street', 'Singapore': 'Street', 'Austin': 'Permanent', 'Mexico City': 'Permanent', 'Interlagos': 'Permanent', 'lusail': 'Street'}",Mercedes,HAM,2,INTERMEDIATE,28,32,5,True,122.83420000000001,105.316,41.144000000000005,8.900300000000016,62.714532224110386,202.31068980930505,335.0,87.0,3,0.6,2.168,117.92099999999999
2024,Interlagos,15,"{'Sakhir': 'Street', 'Jeddah': 'Street', 'Melbourne': 'Street', 'Suzuka': 'Permanent', 'Shanghai': 'Permanent', 'Miami': 'Street', 'Imola': 'Permanent', 'Monte Carlo': 'Street', 'Montreal': 'Street', 'Catalunya': 'Permanent', 'Spielberg': 'Permanent', 'Silverstone': 'Permanent', 'Hungaroring': 'Permanent', 'Spa-Francorchamps': 'Permanent', 'Zandvoort': 'Permanent', 'Monza': 'Permanent', 'Baku': 'Street', 'Singapore': 'Street', 'Austin': 'Permanent', 'Mexico City': 'Permanent', 'Interlagos': 'Permanent', 'lusail': 'Street'}",Mercedes,HAM,3,INTERMEDIATE,33,69,37,False,127.30078378378379,82.041,-1450.439,-6.68260218112848,62.59862241146288,202.65661433763717,319.0,0.0,36,0.972972972972973,0.8397567567567568,1532.48
2024,Interlagos,15,"{'Sakhir': 'Street', 'Jeddah': 'Street', 'Melbourne': 'Street', 'Suzuka': 'Permanent', 'Shanghai': 'Permanent', 'Miami': 'Street', 'Imola': 'Permanent', 'Monte Carlo': 'Street', 'Montreal': 'Street', 'Catalunya': 'Permanent', 'Spielberg': 'Permanent', 'Silverstone': 'Permanent', 'Hungaroring': 'Permanent', 'Spa-Francorchamps': 'Permanent', 'Zandvoort': 'Permanent', 'Monza': 'Permanent', 'Baku': 'Street', 'Singapore': 'Street', 'Austin': 'Permanent', 'Mexico City': 'Permanent', 'Interlagos': 'Permanent', 'lusail': 'Street'}",Mercedes,RUS,1,INTERMEDIATE,2,28,27,True,85.74040740740739,83.517,28.623999999999995,0.21857264957264777,61.30797655972301,197.44739547233237,322.48999936,0.0,27,1.0,0.0,
2024,Interlagos,15,"{'Sakhir': 'Street', 'Jeddah': 'Street', 'Melbourne': 'Street', 'Suzuka': 'Permanent', 'Shanghai': 'Permanent', 'Miami': 'Street', 'Imola': 'Permanent', 'Monte Carlo': 'Street', 'Montreal': 'Street', 'Catalunya': 'Permanent', 'Spielberg': 'Permanent', 'Silverstone': 'Permanent', 'Hungaroring': 'Permanent', 'Spa-Francorchamps': 'Permanent', 'Zandvoort': 'Permanent', 'Monza': 'Permanent', 'Baku': 'Street', 'Singapore': 'Street', 'Austin': 'Permanent', 'Mexico City': 'Permanent', 'Interlagos': 'Permanent', 'lusail': 'Street'}",Mercedes,RUS,2,INTERMEDIATE,29,32,4,True,133.35925,122.081,39.913,12.314299999999982,61.396322240105604,199.55065610517443,331.0,88.0,0,0.0,4.395250000000001,133.35925
2024,Interlagos,15,"{'Sakhir': 'Street', 'Jeddah': 'Street', 'Melbourne': 'Street', 'Suzuka': 'Permanent', 'Shanghai': 'Permanent', 'Miami': 'Street', 'Imola': 'Permanent', 'Monte Carlo': 'Street', 'Montreal': 'Street', 'Catalunya': 'Permanent', 'Spielberg': 'Permanent', 'Silverstone': 'Permanent', 'Hungaroring': 'Permanent', 'Spa-Francorchamps': 'Permanent', 'Zandvoort': 'Permanent', 'Monza': 'Permanent', 'Baku': 'Street', 'Singapore': 'Street', 'Austin': 'Permanent', 'Mexico City': 'Permanent', 'Interlagos': 'Permanent', 'lusail': 'Street'}",Mercedes,RUS,3,INTERMEDIATE,33,69,37,False,126.9932702702703,81.645,-1462.61,-6.734741820768118,63.18396066154426,201.82901564432743,328.0,0.0,30,0.8108108108108109,1.9719166666666668,298.21471428571425
2024,Interlagos,15,"{'Sakhir': 'Street', 'Jeddah': 'Street', 'Melbourne': 'Street', 'Suzuka': 'Permanent', 'Shanghai': 'Permanent', 'Miami': 'Street', 'Imola': 'Permanent', 'Monte Carlo': 'Street', 'Montreal': 'Street', 'Catalunya': 'Permanent', 'Spielberg': 'Permanent', 'Silverstone': 'Permanent', 'Hungaroring': 'Permanent', 'Spa-Francorchamps': 'Permanent', 'Zandvoort': 'Permanent', 'Monza': 'Permanent', 'Baku': 'Street', 'Singapore': 'Street', 'Austin': 'Permanent', 'Mexico City': 'Permanent', 'Interlagos': 'Permanent', 'lusail': 'Street'}",RB,LAW,1,INTERMEDIATE,2,28,27,True,86.85707407407408,84.034,26.238,0.3121971916971914,,,,,13,0.48148148148148145,3.2654444444444444,86.73292857142857
2024,Interlagos,15,"{'Sakhir': 'Street', 'Jeddah': 'Street', 'Melbourne': 'Street', 'Suzuka': 'Permanent', 'Shanghai': 'Permanent', 'Miami': 'Street', 'Imola': 'Permanent', 'Monte Carlo': 'Street', 'Montreal': 'Street', 'Catalunya': 'Permanent', 'Spielberg': 'Permanent', 'Silverstone': 'Permanent', 'Hungaroring': 'Permanent', 'Spa-Francorchamps': 'Permanent', 'Zandvoort': 'Permanent', 'Monza': 'Permanent', 'Baku': 'Street', 'Singapore': 'Street', 'Austin': 'Permanent', 'Mexico City': 'Permanent', 'Interlagos': 'Permanent', 'lusail': 'Street'}",RB,LAW,2,WET,29,32,4,True,127.7735,112.061,33.466999999999985,9.753999999999973,,,,,1,0.25,5.0155,128.59066666666666
2024,Interlagos,15,"{'Sakhir': 'Street', 'Jeddah': 'Street', 'Melbourne': 'Street', 'Suzuka': 'Permanent', 'Shanghai': 'Permanent', 'Miami': 'Street', 'Imola': 'Permanent', 'Monte Carlo': 'Street', 'Montreal': 'Street', 'Catalunya': 'Permanent', 'Spielberg': 'Permanent', 'Silverstone': 'Permanent', 'Hungaroring': 'Permanent', 'Spa-Francorchamps': 'Permanent', 'Zandvoort': 'Permanent', 'Monza': 'Permanent', 'Baku': 'Street', 'Singapore': 'Street', 'Austin': 'Permanent', 'Mexico City': 'Permanent', 'Interlagos': 'Permanent', 'lusail': 'Street'}",RB,LAW,3,INTERMEDIATE,33,69,37,False,127.36905405405405,82.123,-1451.856,-6.6954345661450745,,,,,25,0.6756756756756757,2.8699189189189194,82.68633333333334
2024,Interlagos,15,"{'Sakhir': 'Street', 'Jeddah': 'Street', 'Melbourne': 'Street', 'Suzuka': 'Permanent', 'Shanghai': 'Permanent', 'Miami': 'Street', 'Imola': 'Permanent', 'Monte Carlo': 'Street', 'Montreal': 'Street', 'Catalunya': 'Permanent', 'Spielberg': 'Permanent', 'Silverstone': 'Permanent', 'Hungaroring': 'Permanent', 'Spa-Francorchamps': 'Permanent', 'Zandvoort': 'Permanent', 'Monza': 'Permanent', 'Baku': 'Street', 'Singapore': 'Street', 'Austin': 'Permanent', 'Mexico City': 'Permanent', 'Interlagos': 'Permanent', 'lusail': 'Street'}",RB,TSU,1,INTERMEDIATE,2,28,27,True,86.24885185185185,84.163,30.683000000000007,0.24669108669108522,62.98876205485352,195.54204931239005,327.0,0.0,5,0.18518518518518517,6.822962962962962,84.93009090909091
2024,Interlagos,15,"{'Sakhir': 'Street', 'Jeddah': 'Street', 'Melbourne': 'Street', 'Suzuka': 'Permanent', 'Shanghai': 'Permanent', 'Miami': 'Street', 'Imola': 'Permanent', 'Monte Carlo': 'Street', 'Montreal': 'Street', 'Catalunya': 'Permanent', 'Spielberg': 'Permanent', 'Silverstone': 'Permanent', 'Hungaroring': 'Permanent', 'Spa-Francorchamps': 'Permanent', 'Zandvoort': 'Permanent', 'Monza': 'Permanent', 'Baku': 'Street', 'Singapore': 'Street', 'Austin': 'Permanent', 'Mexico City': 'Permanent', 'Interlagos': 'Permanent', 'lusail': 'Street'}",RB,TSU,2,WET,29,32,4,True,129.623,114.797,47.67100000000001,15.341399999999993,62.55312182602022,195.7573889549505,327.0,53.0,2,0.5,5.461,115.10499999999999
2024,Interlagos,15,"{'Sakhir': 'Street', 'Jeddah': 'Street', 'Melbourne': 'Street', 'Suzuka': 'Permanent', 'Shanghai': 'Permanent', 'Miami': 'Street', 'Imola': 'Permanent', 'Monte Carlo': 'Street', 'Montreal': 'Street', 'Catalunya': 'Permanent', 'Spielberg': 'Permanent', 'Silverstone': 'Permanent', 'Hungaroring': 'Permanent', 'Spa-Francorchamps': 'Permanent', 'Zandvoort': 'Permanent', 'Monza': 'Permanent', 'Baku': 'Street', 'Singapore': 'Street', 'Austin': 'Permanent', 'Mexico City': 'Permanent', 'Interlagos': 'Permanent', 'lusail': 'Street'}",RB,TSU,3,INTERMEDIATE,33,69,37,False,127.44664864864865,81.828,-1461.874,-6.7490398293029665,62.17395153020564,197.08551234817298,342.0,0.0,15,0.40540540540540543,3.8994864864864867,151.5341818181818
2024,Interlagos,15,"{'Sakhir': 'Street', 'Jeddah': 'Street', 'Melbourne': 'Street', 'Suzuka': 'Permanent', 'Shanghai': 'Permanent', 'Miami': 'Street', 'Imola': 'Permanent', 'Monte Carlo': 'Street', 'Montreal': 'Street', 'Catalunya': 'Permanent', 'Spielberg': 'Permanent', 'Silverstone': 'Permanent', 'Hungaroring': 'Permanent', 'Spa-Francorchamps': 'Permanent', 'Zandvoort': 'Permanent', 'Monza': 'Permanent', 'Baku': 'Street', 'Singapore': 'Street', 'Austin': 'Permanent', 'Mexico City': 'Permanent', 'Interlagos': 'Permanent', 'lusail': 'Street'}",Red Bull,PER,1,INTERMEDIATE,2,27,26,True,86.18538461538462,84.395,15.108000000000004,0.11228444444444378,59.82289833571029,198.66276984362963,334.0,86.0,24,0.9230769230769231,1.4601153846153847,86.163
2024,Interlagos,15,"{'Sakhir': 'Street', 'Jeddah': 'Street', 'Melbourne': 'Street', 'Suzuka': 'Permanent', 'Shanghai': 'Permanent', 'Miami': 'Street', 'Imola': 'Permanent', 'Monte Carlo': 'Street', 'Montreal': 'Street', 'Catalunya': 'Permanent', 'Spielberg': 'Permanent', 'Silverstone': 'Permanent', 'Hungaroring': 'Permanent', 'Spa-Francorchamps': 'Permanent', 'Zandvoort': 'Permanent', 'Monza': 'Permanent', 'Baku': 'Street', 'Singapore': 'Street', 'Austin': 'Permanent', 'Mexico City': 'Permanent', 'Interlagos': 'Permanent', 'lusail': 'Street'}",Red Bull,PER,2,WET,28,32,5,True,123.71900000000001,101.662,36.11099999999999,8.157499999999999,60.56464479192747,188.537826302278,312.0,0.0,5,1.0,1.4736,
2024,Interlagos,15,"{'Sakhir': 'Street', 'Jeddah': 'Street', 'Melbourne': 'Street', 'Suzuka': 'Permanent', 'Shanghai': 'Permanent', 'Miami': 'Street', 'Imola': 'Permanent', 'Monte Carlo': 'Street', 'Montreal': 'Street', 'Catalunya': 'Permanent', 'Spielberg': 'Permanent', 'Silverstone': 'Permanent', 'Hungaroring': 'Permanent', 'Spa-Francorchamps': 'Permanent', 'Zandvoort': 'Permanent', 'Monza': 'Permanent', 'Baku': 'Street', 'Singapore': 'Street', 'Austin': 'Permanent', 'Mexico City': 'Permanent', 'Interlagos': 'Permanent', 'lusail': 'Street'}",Red Bull,PER,3,INTERMEDIATE,33,69,37,False,126.95024324324326,82.143,-1438.337,-6.629706495969639,61.92712037033812,202.52767374823227,318.0,88.0,37,1.0,0.7525945945945945,
2024,Interlagos,15,"{'Sakhir': 'Street', 'Jeddah': 'Street', 'Melbourne': 'Street', 'Suzuka': 'Permanent', 'Shanghai': 'Permanent', 'Miami': 'Street', 'Imola': 'Permanent', 'Monte Carlo': 'Street', 'Montreal': 'Street', 'Catalunya': 'Permanent', 'Spielberg': 'Permanent', 'Silverstone': 'Permanent', 'Hungaroring': 'Permanent', 'Spa-Francorchamps': 'Permanent', 'Zandvoort': 'Permanent', 'Monza': 'Permanent', 'Baku': 'Street', 'Singapore': 'Street', 'Austin': 'Permanent', 'Mexico City': 'Permanent', 'Interlagos': 'Permanent', 'lusail': 'Street'}",Red Bull,VER,1,INTERMEDIATE,2,32,31,True,91.18754838709678,83.43,71.49499999999999,1.0580564516129014,62.248134953951116,198.6300161499714,327.0,0.0,28,0.9032258064516129,1.4269032258064516,116.43333333333334
2024,Interlagos,15,"{'Sakhir': 'Street', 'Jeddah': 'Street', 'Melbourne': 'Street', 'Suzuka': 'Permanent', 'Shanghai': 'Permanent', 'Miami': 'Street', 'Imola': 'Permanent', 'Monte Carlo': 'Street', 'Montreal': 'Street', 'Catalunya': 'Permanent', 'Spielberg': 'Permanent', 'Silverstone': 'Permanent', 'Hungaroring': 'Permanent', 'Spa-Francorchamps': 'Permanent', 'Zandvoort': 'Permanent', 'Monza': 'Permanent', 'Baku': 'Street', 'Singapore': 'Street', 'Austin': 'Permanent', 'Mexico City': 'Permanent', 'Interlagos': 'Permanent', 'lusail': 'Street'}",Red Bull,VER,2,INTERMEDIATE,33,69,37,False,126.715,80.472,-1475.0880000000002,-6.789855618776658,63.88211308604089,203.7375434908747,325.0,89.0,34,0.918918918918919,0.5703783783783783,85.39533333333334
2024,Interlagos,15,"{'Sakhir': 'Street', 'Jeddah': 'Street', 'Melbourne': 'Street', 'Suzuka': 'Permanent', 'Shanghai': 'Permanent', 'Miami': 'Street', 'Imola': 'Permanent', 'Monte Carlo': 'Street', 'Montreal': 'Street', 'Catalunya': 'Permanent', 'Spielberg': 'Permanent', 'Silverstone': 'Permanent', 'Hungaroring': 'Permanent', 'Spa-Francorchamps': 'Permanent', 'Zandvoort': 'Permanent', 'Monza': 'Permanent', 'Baku': 'Street', 'Singapore': 'Street', 'Austin': 'Permanent', 'Mexico City': 'Permanent', 'Interlagos': 'Permanent', 'lusail': 'Street'}",Sauber,BOT,1,INTERMEDIATE,2,32,31,True,92.23841935483871,84.726,62.92400000000001,0.9934120967741945,64.14971217665976,195.6137478582209,331.0,0.0,18,0.5806451612903226,3.9317741935483874,100.43176923076923
2024,Interlagos,15,"{'Sakhir': 'Street', 'Jeddah': 'Street', 'Melbourne': 'Street', 'Suzuka': 'Permanent', 'Shanghai': 'Permanent', 'Miami': 'Street', 'Imola': 'Permanent', 'Monte Carlo': 'Street', 'Montreal': 'Street', 'Catalunya': 'Permanent', 'Spielberg': 'Permanent', 'Silverstone': 'Permanent', 'Hungaroring': 'Permanent', 'Spa-Francorchamps': 'Permanent', 'Zandvoort': 'Permanent', 'Monza': 'Permanent', 'Baku': 'Street', 'Singapore': 'Street', 'Austin': 'Permanent', 'Mexico City': 'Permanent', 'Interlagos': 'Permanent', 'lusail': 'Street'}",Sauber,BOT,2,INTERMEDIATE,33,69,37,False,127.48586486486487,82.877,-1444.452,-6.66422972972971,63.05899518955217,196.75078167996813,327.0,0.0,15,0.40540540540540543,4.038243243243242,151.76727272727274
2024,Interlagos,15,"{'Sakhir': 'Street', 'Jeddah': 'Street', 'Melbourne': 'Street', 'Suzuka': 'Permanent', 'Shanghai': 'Permanent', 'Miami': 'Street', 'Imola': 'Permanent', 'Monte Carlo': 'Street', 'Montreal': 'Street', 'Catalunya': 'Permanent', 'Spielberg': 'Permanent', 'Silverstone': 'Permanent', 'Hungaroring': 'Permanent', 'Spa-Francorchamps': 'Permanent', 'Zandvoort': 'Permanent', 'Monza': 'Permanent', 'Baku': 'Street', 'Singapore': 'Street', 'Austin': 'Permanent', 'Mexico City': 'Permanent', 'Interlagos': 'Permanent', 'lusail': 'Street'}",Sauber,ZHO,1,INTERMEDIATE,2,27,26,True,87.50711538461536,85.053,19.331999999999994,0.12601333333333226,61.98763959614926,193.92827491186816,329.0,0.0,6,0.23076923076923078,7.84776923076923,86.29445000000001
2024,Interlagos,15,"{'Sakhir': 'Street', 'Jeddah': 'Street', 'Melbourne': 'Street', 'Suzuka': 'Permanent', 'Shanghai': 'Permanent', 'Miami': 'Street', 'Imola': 'Permanent', 'Monte Carlo': 'Street', 'Montreal': 'Street', 'Catalunya': 'Permanent', 'Spielberg': 'Permanent', 'Silverstone': 'Permanent', 'Hungaroring': 'Permanent', 'Spa-Francorchamps': 'Permanent', 'Zandvoort': 'Permanent', 'Monza': 'Permanent', 'Baku': 'Street', 'Singapore': 'Street', 'Austin': 'Permanent', 'Mexico City': 'Permanent', 'Interlagos': 'Permanent', 'lusail': 'Street'}",Sauber,ZHO,2,INTERMEDIATE,28,28,1,True,126.376,126.376,0.0,0.0,62.21949330630239,199.7401910380653,322.0,93.0,0,0.0,23.242,126.376
2024,Interlagos,15,"{'Sakhir': 'Street', 'Jeddah': 'Street', 'Melbourne': 'Street', 'Suzuka': 'Permanent', 'Shanghai': 'Permanent', 'Miami': 'Street', 'Imola': 'Permanent', 'Monte Carlo': 'Street', 'Montreal': 'Street', 'Catalunya': 'Permanent', 'Spielberg': 'Permanent', 'Silverstone': 'Permanent', 'Hungaroring': 'Permanent', 'Spa-Francorchamps': 'Permanent', 'Zandvoort': 'Permanent', 'Monza': 'Permanent', 'Baku': 'Street', 'Singapore': 'Street', 'Austin': 'Permanent', 'Mexico City': 'Permanent', 'Interlagos': 'Permanent', 'lusail': 'Street'}",Sauber,ZHO,3,WET,29,31,3,True,141.53666666666666,125.363,21.793000000000006,10.896500000000024,62.869313036415,195.8285113854775,299.0,89.0,0,0.0,57.44733333333334,141.53666666666666
2024,Interlagos,15,"{'Sakhir': 'Street', 'Jeddah': 'Street', 'Melbourne': 'Street', 'Suzuka': 'Permanent', 'Shanghai': 'Permanent', 'Miami': 'Street', 'Imola': 'Permanent', 'Monte Carlo': 'Street', 'Montreal': 'Street', 'Catalunya': 'Permanent', 'Spielberg': 'Permanent', 'Silverstone': 'Permanent', 'Hungaroring': 'Permanent', 'Spa-Francorchamps': 'Permanent', 'Zandvoort': 'Permanent', 'Monza': 'Permanent', 'Baku': 'Street', 'Singapore': 'Street', 'Austin': 'Permanent', 'Mexico City': 'Permanent', 'Interlagos': 'Permanent', 'lusail': 'Street'}",Sauber,ZHO,4,INTERMEDIATE,32,32,1,True,1392.307,1392.307,0.0,0.0,62.97578301319206,197.6185588384293,298.5,90.0,0,0.0,1390.728,1392.307
2024,Interlagos,15,"{'Sakhir': 'Street', 'Jeddah': 'Street', 'Melbourne': 'Street', 'Suzuka': 'Permanent', 'Shanghai': 'Permanent', 'Miami': 'Street', 'Imola': 'Permanent', 'Monte Carlo': 'Street', 'Montreal': 'Street', 'Catalunya': 'Permanent', 'Spielberg': 'Permanent', 'Silverstone': 'Permanent', 'Hungaroring': 'Permanent', 'Spa-Francorchamps': 'Permanent', 'Zandvoort': 'Permanent', 'Monza': 'Permanent', 'Baku': 'Street', 'Singapore': 'Street', 'Austin': 'Permanent', 'Mexico City': 'Permanent', 'Interlagos': 'Permanent', 'lusail': 'Street'}",Sauber,ZHO,5,INTERMEDIATE,33,69,37,False,91.15813513513514,83.058,-90.071,-0.8538632053105735,61.12205181566916,195.70550333014305,327.0,0.0,11,0.2972972972972973,3.9848378378378375,91.64046153846154
2024,Interlagos,15,"{'Sakhir': 'Street', 'Jeddah': 'Street', 'Melbourne': 'Street', 'Suzuka': 'Permanent', 'Shanghai': 'Permanent', 'Miami': 'Street', 'Imola': 'Permanent', 'Monte Carlo': 'Street', 'Montreal': 'Street', 'Catalunya': 'Permanent', 'Spielberg': 'Permanent', 'Silverstone': 'Permanent', 'Hungaroring': 'Permanent', 'Spa-Francorchamps': 'Permanent', 'Zandvoort': 'Permanent', 'Monza': 'Permanent', 'Baku': 'Street', 'Singapore': 'Street', 'Austin': 'Permanent', 'Mexico City': 'Permanent', 'Interlagos': 'Permanent', 'lusail': 'Street'}",Williams,COL,1,INTERMEDIATE,2,26,25,True,85.96120000000002,84.296,1.902000000000001,-0.030394615384617824,,,,,10,0.4,4.28244,85.43693333333333
2024,Interlagos,15,"{'Sakhir': 'Street', 'Jeddah': 'Street', 'Melbourne': 'Street', 'Suzuka': 'Permanent', 'Shanghai': 'Permanent', 'Miami': 'Street', 'Imola': 'Permanent', 'Monte Carlo': 'Street', 'Montreal': 'Street', 'Catalunya': 'Permanent', 'Spielberg': 'Permanent', 'Silverstone': 'Permanent', 'Hungaroring': 'Permanent', 'Spa-Francorchamps': 'Permanent', 'Zandvoort': 'Permanent', 'Monza': 'Permanent', 'Baku': 'Street', 'Singapore': 'Street', 'Austin': 'Permanent', 'Mexico City': 'Permanent', 'Interlagos': 'Permanent', 'lusail': 'Street'}",Williams,COL,2,INTERMEDIATE,27,30,4,False,114.822,102.804,8.73299999999999,2.6863999999999866,,,,,1,0.25,7.319000000000001,118.82800000000002
2024,Jeddah,2,"{'Sakhir': 'Street', 'Jeddah': 'Street', 'Melbourne': 'Street', 'Suzuka': 'Permanent', 'Shanghai': 'Permanent', 'Miami': 'Street', 'Imola': 'Permanent', 'Monte Carlo': 'Street', 'Montreal': 'Street', 'Catalunya': 'Permanent', 'Spielberg': 'Permanent', 'Silverstone': 'Permanent', 'Hungaroring': 'Permanent', 'Spa-Francorchamps': 'Permanent', 'Zandvoort': 'Permanent', 'Monza': 'Permanent', 'Baku': 'Street', 'Singapore': 'Street', 'Austin': 'Permanent', 'Mexico City': 'Permanent', 'Interlagos': 'Permanent', 'lusail': 'Street'}",Alpine,OCO,1,MEDIUM,2,7,6,True,102.86099999999999,96.003,34.22,4.87074285714285,64.70565253813412,213.50684726742736,334.0,64.0,6,1.0,0.7576666666666667,
2024,Jeddah,2,"{'Sakhir': 'Street', 'Jeddah': 'Street', 'Melbourne': 'Street', 'Suzuka': 'Permanent', 'Shanghai': 'Permanent', 'Miami': 'Street', 'Imola': 'Permanent', 'Monte Carlo': 'Street', 'Montreal': 'Street', 'Catalunya': 'Permanent', 'Spielberg': 'Permanent', 'Silverstone': 'Permanent', 'Hungaroring': 'Permanent', 'Spa-Francorchamps': 'Permanent', 'Zandvoort': 'Permanent', 'Monza': 'Permanent', 'Baku': 'Street', 'Singapore': 'Street', 'Austin': 'Permanent', 'Mexico City': 'Permanent', 'Interlagos': 'Permanent', 'lusail': 'Street'}",Alpine,OCO,2,HARD,8,49,42,False,98.23142857142855,93.481,-82.55499999999999,-0.4893671501499054,70.95660298377142,223.77600676954606,340.0,0.0,35,0.8333333333333334,1.514952380952381,105.72242857142858
2024,Jeddah,2,"{'Sakhir': 'Street', 'Jeddah': 'Street', 'Melbourne': 'Street', 'Suzuka': 'Permanent', 'Shanghai': 'Permanent', 'Miami': 'Street', 'Imola': 'Permanent', 'Monte Carlo': 'Street', 'Montreal': 'Street', 'Catalunya': 'Permanent', 'Spielberg': 'Permanent', 'Silverstone': 'Permanent', 'Hungaroring': 'Permanent', 'Spa-Francorchamps': 'Permanent', 'Zandvoort': 'Permanent', 'Monza': 'Permanent', 'Baku': 'Street', 'Singapore': 'Street', 'Austin': 'Permanent', 'Mexico City': 'Permanent', 'Interlagos': 'Permanent', 'lusail': 'Street'}",Aston Martin,ALO,1,MEDIUM,2,7,6,True,100.13066666666667,94.439,31.158999999999992,4.448114285714282,67.16472629248098,218.59307570658763,324.0,75.0,6,1.0,0.9911666666666669,
2024,Jeddah,2,"{'Sakhir': 'Street', 'Jeddah': 'Street', 'Melbourne': 'Street', 'Suzuka': 'Permanent', 'Shanghai': 'Permanent', 'Miami': 'Street', 'Imola': 'Permanent', 'Monte Carlo': 'Street', 'Montreal': 'Street', 'Catalunya': 'Permanent', 'Spielberg': 'Permanent', 'Silverstone': 'Permanent', 'Hungaroring': 'Permanent', 'Spa-Francorchamps': 'Permanent', 'Zandvoort': 'Permanent', 'Monza': 'Permanent', 'Baku': 'Street', 'Singapore': 'Street', 'Austin': 'Permanent', 'Mexico City': 'Permanent', 'Interlagos': 'Permanent', 'lusail': 'Street'}",Aston Martin,ALO,2,HARD,8,50,43,False,97.20327906976745,92.387,-92.513,-0.543354122621566,71.6784996114229,225.43243714941278,327.0,0.0,11,0.2558139534883721,3.3012857142857137,93.26818750000001
2024,Jeddah,2,"{'Sakhir': 'Street', 'Jeddah': 'Street', 'Melbourne': 'Street', 'Suzuka': 'Permanent', 'Shanghai': 'Permanent', 'Miami': 'Street', 'Imola': 'Permanent', 'Monte Carlo': 'Street', 'Montreal': 'Street', 'Catalunya': 'Permanent', 'Spielberg': 'Permanent', 'Silverstone': 'Permanent', 'Hungaroring': 'Permanent', 'Spa-Francorchamps': 'Permanent', 'Zandvoort': 'Permanent', 'Monza': 'Permanent', 'Baku': 'Street', 'Singapore': 'Street', 'Austin': 'Permanent', 'Mexico City': 'Permanent', 'Interlagos': 'Permanent', 'lusail': 'Street'}",Aston Martin,STR,1,MEDIUM,2,5,4,False,95.79475000000001,95.56,-0.5339999999999918,-0.1657000000000145,72.86803503527887,228.68017365623328,312.0,73.0,4,1.0,2.166,
2024,Jeddah,2,"{'Sakhir': 'Street', 'Jeddah': 'Street', 'Melbourne': 'Street', 'Suzuka': 'Permanent', 'Shanghai': 'Permanent', 'Miami': 'Street', 'Imola': 'Permanent', 'Monte Carlo': 'Street', 'Montreal': 'Street', 'Catalunya': 'Permanent', 'Spielberg': 'Permanent', 'Silverstone': 'Permanent', 'Hungaroring': 'Permanent', 'Spa-Francorchamps': 'Permanent', 'Zandvoort': 'Permanent', 'Monza': 'Permanent', 'Baku': 'Street', 'Singapore': 'Street', 'Austin': 'Permanent', 'Mexico City': 'Permanent', 'Interlagos': 'Permanent', 'lusail': 'Street'}",Ferrari,BEA,1,SOFT,2,7,6,True,101.90966666666668,95.515,33.753,4.872399999999992,67.76616491821348,215.84391951165162,337.0,77.0,6,1.0,0.6646666666666666,
2024,Jeddah,2,"{'Sakhir': 'Street', 'Jeddah': 'Street', 'Melbourne': 'Street', 'Suzuka': 'Permanent', 'Shanghai': 'Permanent', 'Miami': 'Street', 'Imola': 'Permanent', 'Monte Carlo': 'Street', 'Montreal': 'Street', 'Catalunya': 'Permanent', 'Spielberg': 'Permanent', 'Silverstone': 'Permanent', 'Hungaroring': 'Permanent', 'Spa-Francorchamps': 'Permanent', 'Zandvoort': 'Permanent', 'Monza': 'Permanent', 'Baku': 'Street', 'Singapore': 'Street', 'Austin': 'Permanent', 'Mexico City': 'Permanent', 'Interlagos': 'Permanent', 'lusail': 'Street'}",Ferrari,BEA,2,HARD,8,50,43,False,97.02030232558138,92.186,-87.40199999999999,-0.5165931742675931,74.63704258254252,227.00620756438778,339.0,0.0,13,0.3023255813953488,4.269651162790698,93.17763333333333
2024,Jeddah,2,"{'Sakhir': 'Street', 'Jeddah': 'Street', 'Melbourne': 'Street', 'Suzuka': 'Permanent', 'Shanghai': 'Permanent', 'Miami': 'Street', 'Imola': 'Permanent', 'Monte Carlo': 'Street', 'Montreal': 'Street', 'Catalunya': 'Permanent', 'Spielberg': 'Permanent', 'Silverstone': 'Permanent', 'Hungaroring': 'Permanent', 'Spa-Francorchamps': 'Permanent', 'Zandvoort': 'Permanent', 'Monza': 'Permanent', 'Baku': 'Street', 'Singapore': 'Street', 'Austin': 'Permanent', 'Mexico City': 'Permanent', 'Interlagos': 'Permanent', 'lusail': 'Street'}",Ferrari,LEC,1,MEDIUM,2,7,6,True,99.56633333333333,94.179,30.652,4.328971428571422,72.62670826157918,220.76027841537325,319.0,71.0,5,0.8333333333333334,1.0426,94.382
2024,Jeddah,2,"{'Sakhir': 'Street', 'Jeddah': 'Street', 'Melbourne': 'Street', 'Suzuka': 'Permanent', 'Shanghai': 'Permanent', 'Miami': 'Street', 'Imola': 'Permanent', 'Monte Carlo': 'Street', 'Montreal': 'Street', 'Catalunya': 'Permanent', 'Spielberg': 'Permanent', 'Silverstone': 'Permanent', 'Hungaroring': 'Permanent', 'Spa-Francorchamps': 'Permanent', 'Zandvoort': 'Permanent', 'Monza': 'Permanent', 'Baku': 'Street', 'Singapore': 'Street', 'Austin': 'Permanent', 'Mexico City': 'Permanent', 'Interlagos': 'Permanent', 'lusail': 'Street'}",Ferrari,LEC,2,HARD,8,50,43,False,96.92634883720929,91.632,-94.774,-0.547718212020538,75.20018028104907,226.6528828178969,334.0,0.0,19,0.4418604651162791,6.690023255813952,92.68516666666666
2024,Jeddah,2,"{'Sakhir': 'Street', 'Jeddah': 'Street', 'Melbourne': 'Street', 'Suzuka': 'Permanent', 'Shanghai': 'Permanent', 'Miami': 'Street', 'Imola': 'Permanent', 'Monte Carlo': 'Street', 'Montreal': 'Street', 'Catalunya': 'Permanent', 'Spielberg': 'Permanent', 'Silverstone': 'Permanent', 'Hungaroring': 'Permanent', 'Spa-Francorchamps': 'Permanent', 'Zandvoort': 'Permanent', 'Monza': 'Permanent', 'Baku': 'Street', 'Singapore': 'Street', 'Austin': 'Permanent', 'Mexico City': 'Permanent', 'Interlagos': 'Permanent', 'lusail': 'Street'}",Haas,HUL,1,MEDIUM,2,33,32,True,100.62718749999999,93.999,-1.2349999999999994,-0.6354186217008808,68.12828581289503,218.67267235016118,330.0,53.0,17,0.53125,3.5467419354838703,94.84806666666667
2024,Jeddah,2,"{'Sakhir': 'Street', 'Jeddah': 'Street', 'Melbourne': 'Street', 'Suzuka': 'Permanent', 'Shanghai': 'Permanent', 'Miami': 'Street', 'Imola': 'Permanent', 'Monte Carlo': 'Street', 'Montreal': 'Street', 'Catalunya': 'Permanent', 'Spielberg': 'Permanent', 'Silverstone': 'Permanent', 'Hungaroring': 'Permanent', 'Spa-Francorchamps': 'Permanent', 'Zandvoort': 'Permanent', 'Monza': 'Permanent', 'Baku': 'Street', 'Singapore': 'Street', 'Austin': 'Permanent', 'Mexico City': 'Permanent', 'Interlagos': 'Permanent', 'lusail': 'Street'}",Haas,HUL,2,HARD,34,50,17,False,93.90888235294116,92.366,-18.781999999999996,-0.4117132352941174,76.84988499660649,234.62188634180512,316.0,0.0,0,0.0,19.009294117647055,93.90888235294116
2024,Jeddah,2,"{'Sakhir': 'Street', 'Jeddah': 'Street', 'Melbourne': 'Street', 'Suzuka': 'Permanent', 'Shanghai': 'Permanent', 'Miami': 'Street', 'Imola': 'Permanent', 'Monte Carlo': 'Street', 'Montreal': 'Street', 'Catalunya': 'Permanent', 'Spielberg': 'Permanent', 'Silverstone': 'Permanent', 'Hungaroring': 'Permanent', 'Spa-Francorchamps': 'Permanent', 'Zandvoort': 'Permanent', 'Monza': 'Permanent', 'Baku': 'Street', 'Singapore': 'Street', 'Austin': 'Permanent', 'Mexico City': 'Permanent', 'Interlagos': 'Permanent', 'lusail': 'Street'}",Haas,MAG,1,MEDIUM,2,7,6,True,102.00233333333334,95.367,34.04199999999999,4.887371428571425,64.59469834747074,215.1899665768154,330.0,73.0,5,0.8333333333333334,0.8058,96.027
2024,Jeddah,2,"{'Sakhir': 'Street', 'Jeddah': 'Street', 'Melbourne': 'Street', 'Suzuka': 'Permanent', 'Shanghai': 'Permanent', 'Miami': 'Street', 'Imola': 'Permanent', 'Monte Carlo': 'Street', 'Montreal': 'Street', 'Catalunya': 'Permanent', 'Spielberg': 'Permanent', 'Silverstone': 'Permanent', 'Hungaroring': 'Permanent', 'Spa-Francorchamps': 'Permanent', 'Zandvoort': 'Permanent', 'Monza': 'Permanent', 'Baku': 'Street', 'Singapore': 'Street', 'Austin': 'Permanent', 'Mexico City': 'Permanent', 'Interlagos': 'Permanent', 'lusail': 'Street'}",Haas,MAG,2,HARD,8,50,43,False,97.9962093023256,92.338,-85.42399999999999,-0.511767743884024,71.67925647661993,224.54017223503197,336.0,0.0,18,0.4186046511627907,4.117999999999999,94.30592
2024,Jeddah,2,"{'Sakhir': 'Street', 'Jeddah': 'Street', 'Melbourne': 'Street', 'Suzuka': 'Permanent', 'Shanghai': 'Permanent', 'Miami': 'Street', 'Imola': 'Permanent', 'Monte Carlo': 'Street', 'Montreal': 'Street', 'Catalunya': 'Permanent', 'Spielberg': 'Permanent', 'Silverstone': 'Permanent', 'Hungaroring': 'Permanent', 'Spa-Francorchamps': 'Permanent', 'Zandvoort': 'Permanent', 'Monza': 'Permanent', 'Baku': 'Street', 'Singapore': 'Street', 'Austin': 'Permanent', 'Mexico City': 'Permanent', 'Interlagos': 'Permanent', 'lusail': 'Street'}",McLaren,NOR,1,MEDIUM,2,37,36,True,99.19030555555554,93.309,1.429000000000002,-0.5511756756756739,70.06529959929884,221.37917222709555,313.0,39.0,20,0.5555555555555556,3.0160833333333326,95.9606875
2024,Jeddah,2,"{'Sakhir': 'Street', 'Jeddah': 'Street', 'Melbourne': 'Street', 'Suzuka': 'Permanent', 'Shanghai': 'Permanent', 'Miami': 'Street', 'Imola': 'Permanent', 'Monte Carlo': 'Street', 'Montreal': 'Street', 'Catalunya': 'Permanent', 'Spielberg': 'Permanent', 'Silverstone': 'Permanent', 'Hungaroring': 'Permanent', 'Spa-Francorchamps': 'Permanent', 'Zandvoort': 'Permanent', 'Monza': 'Permanent', 'Baku': 'Street', 'Singapore': 'Street', 'Austin': 'Permanent', 'Mexico City': 'Permanent', 'Interlagos': 'Permanent', 'lusail': 'Street'}",McLaren,NOR,2,SOFT,38,50,13,False,93.70799999999998,91.944,-18.00800000000001,-0.5733956043956033,76.58113579122775,234.12050573025863,314.0,0.0,5,0.38461538461538464,3.6712499999999992,94.493875
2024,Jeddah,2,"{'Sakhir': 'Street', 'Jeddah': 'Street', 'Melbourne': 'Street', 'Suzuka': 'Permanent', 'Shanghai': 'Permanent', 'Miami': 'Street', 'Imola': 'Permanent', 'Monte Carlo': 'Street', 'Montreal': 'Street', 'Catalunya': 'Permanent', 'Spielberg': 'Permanent', 'Silverstone': 'Permanent', 'Hungaroring': 'Permanent', 'Spa-Francorchamps': 'Permanent', 'Zandvoort': 'Permanent', 'Monza': 'Permanent', 'Baku': 'Street', 'Singapore': 'Street', 'Austin': 'Permanent', 'Mexico City': 'Permanent', 'Interlagos': 'Permanent', 'lusail': 'Street'}",McLaren,PIA,1,MEDIUM,2,7,6,True,99.956,94.379,31.638000000000005,4.521371428571425,69.1564397243126,219.58616955859515,317.0,72.0,6,1.0,1.9518333333333338,
2024,Jeddah,2,"{'Sakhir': 'Street', 'Jeddah': 'Street', 'Melbourne': 'Street', 'Suzuka': 'Permanent', 'Shanghai': 'Permanent', 'Miami': 'Street', 'Imola': 'Permanent', 'Monte Carlo': 'Street', 'Montreal': 'Street', 'Catalunya': 'Permanent', 'Spielberg': 'Permanent', 'Silverstone': 'Permanent', 'Hungaroring': 'Permanent', 'Spa-Francorchamps': 'Permanent', 'Zandvoort': 'Permanent', 'Monza': 'Permanent', 'Baku': 'Street', 'Singapore': 'Street', 'Austin': 'Permanent', 'Mexico City': 'Permanent', 'Interlagos': 'Permanent', 'lusail': 'Street'}",McLaren,PIA,2,HARD,8,50,43,False,97.13579069767442,92.31,-91.60399999999998,-0.535569314406524,70.03017378186284,226.11815836664655,334.0,0.0,28,0.6511627906976745,4.232023809523809,92.65606666666666
2024,Jeddah,2,"{'Sakhir': 'Street', 'Jeddah': 'Street', 'Melbourne': 'Street', 'Suzuka': 'Permanent', 'Shanghai': 'Permanent', 'Miami': 'Street', 'Imola': 'Permanent', 'Monte Carlo': 'Street', 'Montreal': 'Street', 'Catalunya': 'Permanent', 'Spielberg': 'Permanent', 'Silverstone': 'Permanent', 'Hungaroring': 'Permanent', 'Spa-Francorchamps': 'Permanent', 'Zandvoort': 'Permanent', 'Monza': 'Permanent', 'Baku': 'Street', 'Singapore': 'Street', 'Austin': 'Permanent', 'Mexico City': 'Permanent', 'Interlagos': 'Permanent', 'lusail': 'Street'}",Mercedes,HAM,1,MEDIUM,2,36,35,True,99.42720000000001,93.354,0.42600000000000193,-0.5852235294117648,67.76059174724527,220.65941968245465,333.0,48.0,18,0.5142857142857142,2.9673428571428575,95.86058823529413
2024,Jeddah,2,"{'Sakhir': 'Street', 'Jeddah': 'Street', 'Melbourne': 'Street', 'Suzuka': 'Permanent', 'Shanghai': 'Permanent', 'Miami': 'Street', 'Imola': 'Permanent', 'Monte Carlo': 'Street', 'Montreal': 'Street', 'Catalunya': 'Permanent', 'Spielberg': 'Permanent', 'Silverstone': 'Permanent', 'Hungaroring': 'Permanent', 'Spa-Francorchamps': 'Permanent', 'Zandvoort': 'Permanent', 'Monza': 'Permanent', 'Baku': 'Street', 'Singapore': 'Street', 'Austin': 'Permanent', 'Mexico City': 'Permanent', 'Interlagos': 'Permanent', 'lusail': 'Street'}",Mercedes,HAM,2,SOFT,37,50,14,False,93.558,91.746,-16.171000000000006,-0.43473406593407177,74.82716963662693,234.35893812360712,334.0,0.0,13,0.9285714285714286,1.817071428571429,109.485
2024,Jeddah,2,"{'Sakhir': 'Street', 'Jeddah': 'Street', 'Melbourne': 'Street', 'Suzuka': 'Permanent', 'Shanghai': 'Permanent', 'Miami': 'Street', 'Imola': 'Permanent', 'Monte Carlo': 'Street', 'Montreal': 'Street', 'Catalunya': 'Permanent', 'Spielberg': 'Permanent', 'Silverstone': 'Permanent', 'Hungaroring': 'Permanent', 'Spa-Francorchamps': 'Permanent', 'Zandvoort': 'Permanent', 'Monza': 'Permanent', 'Baku': 'Street', 'Singapore': 'Street', 'Austin': 'Permanent', 'Mexico City': 'Permanent', 'Interlagos': 'Permanent', 'lusail': 'Street'}",Mercedes,RUS,1,MEDIUM,2,7,6,True,100.74066666666666,95.033,33.69000000000001,4.802571428571424,66.7140310088046,217.47967126457084,331.0,78.0,5,0.8333333333333334,1.4649999999999999,128.836
2024,Jeddah,2,"{'Sakhir': 'Street', 'Jeddah': 'Street', 'Melbourne': 'Street', 'Suzuka': 'Permanent', 'Shanghai': 'Permanent', 'Miami': 'Street', 'Imola': 'Permanent', 'Monte Carlo': 'Street', 'Montreal': 'Street', 'Catalunya': 'Permanent', 'Spielberg': 'Permanent', 'Silverstone': 'Permanent', 'Hungaroring': 'Permanent', 'Spa-Francorchamps': 'Permanent', 'Zandvoort': 'Permanent', 'Monza': 'Permanent', 'Baku': 'Street', 'Singapore': 'Street', 'Austin': 'Permanent', 'Mexico City': 'Permanent', 'Interlagos': 'Permanent', 'lusail': 'Street'}",Mercedes,RUS,2,HARD,8,50,43,False,97.1699069767442,92.254,-88.431,-0.5210341286620365,70.38326812755808,225.80624740025098,340.0,0.0,42,0.9767441860465116,1.6049069767441864,151.48
2024,Jeddah,2,"{'Sakhir': 'Street', 'Jeddah': 'Street', 'Melbourne': 'Street', 'Suzuka': 'Permanent', 'Shanghai': 'Permanent', 'Miami': 'Street', 'Imola': 'Permanent', 'Monte Carlo': 'Street', 'Montreal': 'Street', 'Catalunya': 'Permanent', 'Spielberg': 'Permanent', 'Silverstone': 'Permanent', 'Hungaroring': 'Permanent', 'Spa-Francorchamps': 'Permanent', 'Zandvoort': 'Permanent', 'Monza': 'Permanent', 'Baku': 'Street', 'Singapore': 'Street', 'Austin': 'Permanent', 'Mexico City': 'Permanent', 'Interlagos': 'Permanent', 'lusail': 'Street'}",RB,RIC,1,MEDIUM,2,7,6,True,102.51533333333333,95.699,34.43899999999999,4.824742857142847,62.70843366203785,213.80083501735615,339.0,72.76785645714286,5,0.8333333333333334,1.3703333333333332,132.474
2024,Jeddah,2,"{'Sakhir': 'Street', 'Jeddah': 'Street', 'Melbourne': 'Street', 'Suzuka': 'Permanent', 'Shanghai': 'Permanent', 'Miami': 'Street', 'Imola': 'Permanent', 'Monte Carlo': 'Street', 'Montreal': 'Street', 'Catalunya': 'Permanent', 'Spielberg': 'Permanent', 'Silverstone': 'Permanent', 'Hungaroring': 'Permanent', 'Spa-Francorchamps': 'Permanent', 'Zandvoort': 'Permanent', 'Monza': 'Permanent', 'Baku': 'Street', 'Singapore': 'Street', 'Austin': 'Permanent', 'Mexico City': 'Permanent', 'Interlagos': 'Permanent', 'lusail': 'Street'}",RB,RIC,2,HARD,8,49,42,False,98.68016666666666,93.323,-98.17599999999999,-0.47631123895956334,67.85127927688903,222.07670605569584,336.0,0.0,34,0.8095238095238095,3.0555238095238093,108.207
2024,Jeddah,2,"{'Sakhir': 'Street', 'Jeddah': 'Street', 'Melbourne': 'Street', 'Suzuka': 'Permanent', 'Shanghai': 'Permanent', 'Miami': 'Street', 'Imola': 'Permanent', 'Monte Carlo': 'Street', 'Montreal': 'Street', 'Catalunya': 'Permanent', 'Spielberg': 'Permanent', 'Silverstone': 'Permanent', 'Hungaroring': 'Permanent', 'Spa-Francorchamps': 'Permanent', 'Zandvoort': 'Permanent', 'Monza': 'Permanent', 'Baku': 'Street', 'Singapore': 'Street', 'Austin': 'Permanent', 'Mexico City': 'Permanent', 'Interlagos': 'Permanent', 'lusail': 'Street'}",RB,TSU,1,MEDIUM,2,7,6,True,101.78866666666666,95.378,34.04099999999998,4.918057142857129,64.72795420183725,215.80306477624598,334.0,78.0,5,0.8333333333333334,1.7313333333333334,130.914
2024,Jeddah,2,"{'Sakhir': 'Street', 'Jeddah': 'Street', 'Melbourne': 'Street', 'Suzuka': 'Permanent', 'Shanghai': 'Permanent', 'Miami': 'Street', 'Imola': 'Permanent', 'Monte Carlo': 'Street', 'Montreal': 'Street', 'Catalunya': 'Permanent', 'Spielberg': 'Permanent', 'Silverstone': 'Permanent', 'Hungaroring': 'Permanent', 'Spa-Francorchamps': 'Permanent', 'Zandvoort': 'Permanent', 'Monza': 'Permanent', 'Baku': 'Street', 'Singapore': 'Street', 'Austin': 'Permanent', 'Mexico City': 'Permanent', 'Interlagos': 'Permanent', 'lusail': 'Street'}",RB,TSU,2,HARD,8,49,42,False,98.46530952380954,93.523,-86.00200000000001,-0.5148251357264377,68.53900764868337,222.9488662398129,341.0,0.0,41,0.9761904761904762,1.184785714285714,94.961
2024,Jeddah,2,"{'Sakhir': 'Street', 'Jeddah': 'Street', 'Melbourne': 'Street', 'Suzuka': 'Permanent', 'Shanghai': 'Permanent', 'Miami': 'Street', 'Imola': 'Permanent', 'Monte Carlo': 'Street', 'Montreal': 'Street', 'Catalunya': 'Permanent', 'Spielberg': 'Permanent', 'Silverstone': 'Permanent', 'Hungaroring': 'Permanent', 'Spa-Francorchamps': 'Permanent', 'Zandvoort': 'Permanent', 'Monza': 'Permanent', 'Baku': 'Street', 'Singapore': 'Street', 'Austin': 'Permanent', 'Mexico City': 'Permanent', 'Interlagos': 'Permanent', 'lusail': 'Street'}",Red Bull,PER,1,MEDIUM,2,7,6,True,99.19299999999998,93.842,30.099999999999994,4.28285714285713,69.35916215413968,221.42808074494073,331.0,66.0,5,0.8333333333333334,2.3626666666666662,124.615
2024,Jeddah,2,"{'Sakhir': 'Street', 'Jeddah': 'Street', 'Melbourne': 'Street', 'Suzuka': 'Permanent', 'Shanghai': 'Permanent', 'Miami': 'Street', 'Imola': 'Permanent', 'Monte Carlo': 'Street', 'Montreal': 'Street', 'Catalunya': 'Permanent', 'Spielberg': 'Permanent', 'Silverstone': 'Permanent', 'Hungaroring': 'Permanent', 'Spa-Francorchamps': 'Permanent', 'Zandvoort': 'Permanent', 'Monza': 'Permanent', 'Baku': 'Street', 'Singapore': 'Street', 'Austin': 'Permanent', 'Mexico City': 'Permanent', 'Interlagos': 'Permanent', 'lusail': 'Street'}",Red Bull,PER,2,HARD,8,50,43,False,96.7333953488372,92.273,-94.538,-0.5358787375415295,72.96723233461545,226.76375130354003,337.0,0.0,9,0.20930232558139536,6.013714285714285,92.7644411764706
2024,Jeddah,2,"{'Sakhir': 'Street', 'Jeddah': 'Street', 'Melbourne': 'Street', 'Suzuka': 'Permanent', 'Shanghai': 'Permanent', 'Miami': 'Street', 'Imola': 'Permanent', 'Monte Carlo': 'Street', 'Montreal': 'Street', 'Catalunya': 'Permanent', 'Spielberg': 'Permanent', 'Silverstone': 'Permanent', 'Hungaroring': 'Permanent', 'Spa-Francorchamps': 'Permanent', 'Zandvoort': 'Permanent', 'Monza': 'Permanent', 'Baku': 'Street', 'Singapore': 'Street', 'Austin': 'Permanent', 'Mexico City': 'Permanent', 'Interlagos': 'Permanent', 'lusail': 'Street'}",Red Bull,VER,1,MEDIUM,2,7,6,True,98.75866666666667,93.676,28.714,4.076285714285702,71.3037495241135,222.6803517082551,309.0,76.0,6,1.0,0.0,
2024,Jeddah,2,"{'Sakhir': 'Street', 'Jeddah': 'Street', 'Melbourne': 'Street', 'Suzuka': 'Permanent', 'Shanghai': 'Permanent', 'Miami': 'Street', 'Imola': 'Permanent', 'Monte Carlo': 'Street', 'Montreal': 'Street', 'Catalunya': 'Permanent', 'Spielberg': 'Permanent', 'Silverstone': 'Permanent', 'Hungaroring': 'Permanent', 'Spa-Francorchamps': 'Permanent', 'Zandvoort': 'Permanent', 'Monza': 'Permanent', 'Baku': 'Street', 'Singapore': 'Street', 'Austin': 'Permanent', 'Mexico City': 'Permanent', 'Interlagos': 'Permanent', 'lusail': 'Street'}",Red Bull,VER,2,HARD,8,50,43,False,96.63293023255815,91.773,-97.31,-0.5369559045605554,73.0258141881547,227.4893738014044,331.0,0.0,43,1.0,0.11365116279069766,
2024,Jeddah,2,"{'Sakhir': 'Street', 'Jeddah': 'Street', 'Melbourne': 'Street', 'Suzuka': 'Permanent', 'Shanghai': 'Permanent', 'Miami': 'Street', 'Imola': 'Permanent', 'Monte Carlo': 'Street', 'Montreal': 'Street', 'Catalunya': 'Permanent', 'Spielberg': 'Permanent', 'Silverstone': 'Permanent', 'Hungaroring': 'Permanent', 'Spa-Francorchamps': 'Permanent', 'Zandvoort': 'Permanent', 'Monza': 'Permanent', 'Baku': 'Street', 'Singapore': 'Street', 'Austin': 'Permanent', 'Mexico City': 'Permanent', 'Interlagos': 'Permanent', 'lusail': 'Street'}",Sauber,BOT,1,SOFT,2,7,6,True,102.98433333333334,96.225,35.10600000000001,4.946685714285711,64.9535166761598,213.3669151001693,342.0,69.0,6,1.0,0.6451666666666667,
2024,Jeddah,2,"{'Sakhir': 'Street', 'Jeddah': 'Street', 'Melbourne': 'Street', 'Suzuka': 'Permanent', 'Shanghai': 'Permanent', 'Miami': 'Street', 'Imola': 'Permanent', 'Monte Carlo': 'Street', 'Montreal': 'Street', 'Catalunya': 'Permanent', 'Spielberg': 'Permanent', 'Silverstone': 'Permanent', 'Hungaroring': 'Permanent', 'Spa-Francorchamps': 'Permanent', 'Zandvoort': 'Permanent', 'Monza': 'Permanent', 'Baku': 'Street', 'Singapore': 'Street', 'Austin': 'Permanent', 'Mexico City': 'Permanent', 'Interlagos': 'Permanent', 'lusail': 'Street'}",Sauber,BOT,2,HARD,8,35,28,True,100.65539285714286,94.857,-79.46799999999999,-0.9524857690202476,69.7889895941394,218.27368346026776,334.0,0.0,24,0.8571428571428571,1.8702142857142856,96.199
2024,Jeddah,2,"{'Sakhir': 'Street', 'Jeddah': 'Street', 'Melbourne': 'Street', 'Suzuka': 'Permanent', 'Shanghai': 'Permanent', 'Miami': 'Street', 'Imola': 'Permanent', 'Monte Carlo': 'Street', 'Montreal': 'Street', 'Catalunya': 'Permanent', 'Spielberg': 'Permanent', 'Silverstone': 'Permanent', 'Hungaroring': 'Permanent', 'Spa-Francorchamps': 'Permanent', 'Zandvoort': 'Permanent', 'Monza': 'Permanent', 'Baku': 'Street', 'Singapore': 'Street', 'Austin': 'Permanent', 'Mexico City': 'Permanent', 'Interlagos': 'Permanent', 'lusail': 'Street'}",Sauber,BOT,3,SOFT,36,49,14,False,94.66242857142858,92.706,-21.542999999999992,-0.611041758241761,77.5813987258367,232.23202149597583,321.0,0.0,0,0.0,17.2795,94.66242857142858
2024,Jeddah,2,"{'Sakhir': 'Street', 'Jeddah': 'Street', 'Melbourne': 'Street', 'Suzuka': 'Permanent', 'Shanghai': 'Permanent', 'Miami': 'Street', 'Imola': 'Permanent', 'Monte Carlo': 'Street', 'Montreal': 'Street', 'Catalunya': 'Permanent', 'Spielberg': 'Permanent', 'Silverstone': 'Permanent', 'Hungaroring': 'Permanent', 'Spa-Francorchamps': 'Permanent', 'Zandvoort': 'Permanent', 'Monza': 'Permanent', 'Baku': 'Street', 'Singapore': 'Street', 'Austin': 'Permanent', 'Mexico City': 'Permanent', 'Interlagos': 'Permanent', 'lusail': 'Street'}",Sauber,ZHO,1,MEDIUM,2,41,40,True,99.497225,93.736,-2.1599999999999966,-0.4773770168855535,68.97191776207845,220.98645682111697,331.0,50.0,15,0.375,6.906325,94.89200000000001
2024,Jeddah,2,"{'Sakhir': 'Street', 'Jeddah': 'Street', 'Melbourne': 'Street', 'Suzuka': 'Permanent', 'Shanghai': 'Permanent', 'Miami': 'Street', 'Imola': 'Permanent', 'Monte Carlo': 'Street', 'Montreal': 'Street', 'Catalunya': 'Permanent', 'Spielberg': 'Permanent', 'Silverstone': 'Permanent', 'Hungaroring': 'Permanent', 'Spa-Francorchamps': 'Permanent', 'Zandvoort': 'Permanent', 'Monza': 'Permanent', 'Baku': 'Street', 'Singapore': 'Street', 'Austin': 'Permanent', 'Mexico City': 'Permanent', 'Interlagos': 'Permanent', 'lusail': 'Street'}",Sauber,ZHO,2,SOFT,42,49,8,False,98.3895,92.208,-45.184,-3.7665476190476137,73.60889423332702,224.41792701727684,313.0,0.0,0,0.0,7.51825,98.3895
2024,Jeddah,2,"{'Sakhir': 'Street', 'Jeddah': 'Street', 'Melbourne': 'Street', 'Suzuka': 'Permanent', 'Shanghai': 'Permanent', 'Miami': 'Street', 'Imola': 'Permanent', 'Monte Carlo': 'Street', 'Montreal': 'Street', 'Catalunya': 'Permanent', 'Spielberg': 'Permanent', 'Silverstone': 'Permanent', 'Hungaroring': 'Permanent', 'Spa-Francorchamps': 'Permanent', 'Zandvoort': 'Permanent', 'Monza': 'Permanent', 'Baku': 'Street', 'Singapore': 'Street', 'Austin': 'Permanent', 'Mexico City': 'Permanent', 'Interlagos': 'Permanent', 'lusail': 'Street'}",Williams,ALB,1,MEDIUM,2,7,6,True,102.04533333333332,95.553,34.06,4.865999999999994,61.24397123712021,215.1043747739144,331.0,71.0,6,1.0,0.6595,
2024,Jeddah,2,"{'Sakhir': 'Street', 'Jeddah': 'Street', 'Melbourne': 'Street', 'Suzuka': 'Permanent', 'Shanghai': 'Permanent', 'Miami': 'Street', 'Imola': 'Permanent', 'Monte Carlo': 'Street', 'Montreal': 'Street', 'Catalunya': 'Permanent', 'Spielberg': 'Permanent', 'Silverstone': 'Permanent', 'Hungaroring': 'Permanent', 'Spa-Francorchamps': 'Permanent', 'Zandvoort': 'Permanent', 'Monza': 'Permanent', 'Baku': 'Street', 'Singapore': 'Street', 'Austin': 'Permanent', 'Mexico City': 'Permanent', 'Interlagos': 'Permanent', 'lusail': 'Street'}",Williams,ALB,2,HARD,8,50,43,False,98.04020930232556,92.307,-87.676,-0.5170465116279077,67.20907486052249,223.99796245892284,344.0,0.0,35,0.813953488372093,1.800558139534884,92.816375
2024,Jeddah,2,"{'Sakhir': 'Street', 'Jeddah': 'Street', 'Melbourne': 'Street', 'Suzuka': 'Permanent', 'Shanghai': 'Permanent', 'Miami': 'Street', 'Imola': 'Permanent', 'Monte Carlo': 'Street', 'Montreal': 'Street', 'Catalunya': 'Permanent', 'Spielberg': 'Permanent', 'Silverstone': 'Permanent', 'Hungaroring': 'Permanent', 'Spa-Francorchamps': 'Permanent', 'Zandvoort': 'Permanent', 'Monza': 'Permanent', 'Baku': 'Street', 'Singapore': 'Street', 'Austin': 'Permanent', 'Mexico City': 'Permanent', 'Interlagos': 'Permanent', 'lusail': 'Street'}",Williams,SAR,1,MEDIUM,2,7,6,True,103.09833333333334,96.203,35.93199999999999,5.066171428571415,61.53379110442534,212.64772969715682,341.0,72.0,6,1.0,0.7186666666666666,
2024,Jeddah,2,"{'Sakhir': 'Street', 'Jeddah': 'Street', 'Melbourne': 'Street', 'Suzuka': 'Permanent', 'Shanghai': 'Permanent', 'Miami': 'Street', 'Imola': 'Permanent', 'Monte Carlo': 'Street', 'Montreal': 'Street', 'Catalunya': 'Permanent', 'Spielberg': 'Permanent', 'Silverstone': 'Permanent', 'Hungaroring': 'Permanent', 'Spa-Francorchamps': 'Permanent', 'Zandvoort': 'Permanent', 'Monza': 'Permanent', 'Baku': 'Street', 'Singapore': 'Street', 'Austin': 'Permanent', 'Mexico City': 'Permanent', 'Interlagos': 'Permanent', 'lusail': 'Street'}",Williams,SAR,2,HARD,8,49,42,False,98.23828571428571,93.026,-84.26200000000001,-0.48912989222915376,68.35987459405412,223.22621002985662,336.0,0.0,41,0.9761904761904762,1.0192439024390245,94.843
2024,Las Vegas,22,"{'Sakhir': 'Street', 'Jeddah': 'Street', 'Melbourne': 'Street', 'Suzuka': 'Permanent', 'Shanghai': 'Permanent', 'Miami': 'Street', 'Imola': 'Permanent', 'Monte Carlo': 'Street', 'Montreal': 'Street', 'Catalunya': 'Permanent', 'Spielberg': 'Permanent', 'Silverstone': 'Permanent', 'Hungaroring': 'Permanent', 'Spa-Francorchamps': 'Permanent', 'Zandvoort': 'Permanent', 'Monza': 'Permanent', 'Baku': 'Street', 'Singapore': 'Street', 'Austin': 'Permanent', 'Mexico City': 'Permanent', 'Interlagos': 'Permanent', 'lusail': 'Street'}",Alpine,GAS,1,MEDIUM,2,10,9,True,100.72488888888888,99.234,6.307000000000002,0.613099999999989,68.39582837577251,220.05252449310646,345.0,70.0,7,0.7777777777777778,2.410888888888889,103.76050000000001
2024,Las Vegas,22,"{'Sakhir': 'Street', 'Jeddah': 'Street', 'Melbourne': 'Street', 'Suzuka': 'Permanent', 'Shanghai': 'Permanent', 'Miami': 'Street', 'Imola': 'Permanent', 'Monte Carlo': 'Street', 'Montreal': 'Street', 'Catalunya': 'Permanent', 'Spielberg': 'Permanent', 'Silverstone': 'Permanent', 'Hungaroring': 'Permanent', 'Spa-Francorchamps': 'Permanent', 'Zandvoort': 'Permanent', 'Monza': 'Permanent', 'Baku': 'Street', 'Singapore': 'Street', 'Austin': 'Permanent', 'Mexico City': 'Permanent', 'Interlagos': 'Permanent', 'lusail': 'Street'}",Alpine,GAS,2,HARD,11,15,5,False,105.02380000000001,98.314,-5.492000000000004,-0.9356999999999968,67.15383274242993,209.9091987688855,361.0,0.0,5,1.0,0.6661999999999999,
2024,Las Vegas,22,"{'Sakhir': 'Street', 'Jeddah': 'Street', 'Melbourne': 'Street', 'Suzuka': 'Permanent', 'Shanghai': 'Permanent', 'Miami': 'Street', 'Imola': 'Permanent', 'Monte Carlo': 'Street', 'Montreal': 'Street', 'Catalunya': 'Permanent', 'Spielberg': 'Permanent', 'Silverstone': 'Permanent', 'Hungaroring': 'Permanent', 'Spa-Francorchamps': 'Permanent', 'Zandvoort': 'Permanent', 'Monza': 'Permanent', 'Baku': 'Street', 'Singapore': 'Street', 'Austin': 'Permanent', 'Mexico City': 'Permanent', 'Interlagos': 'Permanent', 'lusail': 'Street'}",Alpine,OCO,1,MEDIUM,2,11,10,True,100.6249,99.367,5.694999999999993,0.4417030303030366,68.54993385113313,219.89996488657707,350.0,74.0,10,1.0,1.1367,
2024,Las Vegas,22,"{'Sakhir': 'Street', 'Jeddah': 'Street', 'Melbourne': 'Street', 'Suzuka': 'Permanent', 'Shanghai': 'Permanent', 'Miami': 'Street', 'Imola': 'Permanent', 'Monte Carlo': 'Street', 'Montreal': 'Street', 'Catalunya': 'Permanent', 'Spielberg': 'Permanent', 'Silverstone': 'Permanent', 'Hungaroring': 'Permanent', 'Spa-Francorchamps': 'Permanent', 'Zandvoort': 'Permanent', 'Monza': 'Permanent', 'Baku': 'Street', 'Singapore': 'Street', 'Austin': 'Permanent', 'Mexico City': 'Permanent', 'Interlagos': 'Permanent', 'lusail': 'Street'}",Alpine,OCO,2,MEDIUM,12,12,1,True,114.887,114.887,0.0,0.0,66.53922574501995,192.38800292237414,337.0,67.0,0,0.0,5.598,114.887
2024,Las Vegas,22,"{'Sakhir': 'Street', 'Jeddah': 'Street', 'Melbourne': 'Street', 'Suzuka': 'Permanent', 'Shanghai': 'Permanent', 'Miami': 'Street', 'Imola': 'Permanent', 'Monte Carlo': 'Street', 'Montreal': 'Street', 'Catalunya': 'Permanent', 'Spielberg': 'Permanent', 'Silverstone': 'Permanent', 'Hungaroring': 'Permanent', 'Spa-Francorchamps': 'Permanent', 'Zandvoort': 'Permanent', 'Monza': 'Permanent', 'Baku': 'Street', 'Singapore': 'Street', 'Austin': 'Permanent', 'Mexico City': 'Permanent', 'Interlagos': 'Permanent', 'lusail': 'Street'}",Alpine,OCO,3,HARD,13,45,33,True,99.74799999999999,98.207,-12.576000000000008,-0.039484959893045624,69.17995703246467,221.6249794594227,356.0,0.0,23,0.696969696969697,3.1602121212121213,100.7994
2024,Las Vegas,22,"{'Sakhir': 'Street', 'Jeddah': 'Street', 'Melbourne': 'Street', 'Suzuka': 'Permanent', 'Shanghai': 'Permanent', 'Miami': 'Street', 'Imola': 'Permanent', 'Monte Carlo': 'Street', 'Montreal': 'Street', 'Catalunya': 'Permanent', 'Spielberg': 'Permanent', 'Silverstone': 'Permanent', 'Hungaroring': 'Permanent', 'Spa-Francorchamps': 'Permanent', 'Zandvoort': 'Permanent', 'Monza': 'Permanent', 'Baku': 'Street', 'Singapore': 'Street', 'Austin': 'Permanent', 'Mexico City': 'Permanent', 'Interlagos': 'Permanent', 'lusail': 'Street'}",Alpine,OCO,4,SOFT,46,49,4,False,101.30199999999999,96.511,-16.921999999999997,-5.062800000000028,69.02799703540657,218.80030871602483,340.0,0.0,0,0.0,8.8945,101.30199999999999
2024,Las Vegas,22,"{'Sakhir': 'Street', 'Jeddah': 'Street', 'Melbourne': 'Street', 'Suzuka': 'Permanent', 'Shanghai': 'Permanent', 'Miami': 'Street', 'Imola': 'Permanent', 'Monte Carlo': 'Street', 'Montreal': 'Street', 'Catalunya': 'Permanent', 'Spielberg': 'Permanent', 'Silverstone': 'Permanent', 'Hungaroring': 'Permanent', 'Spa-Francorchamps': 'Permanent', 'Zandvoort': 'Permanent', 'Monza': 'Permanent', 'Baku': 'Street', 'Singapore': 'Street', 'Austin': 'Permanent', 'Mexico City': 'Permanent', 'Interlagos': 'Permanent', 'lusail': 'Street'}",Aston Martin,ALO,1,SOFT,2,4,3,True,101.962,100.165,4.537000000000006,2.268500000000018,65.6891426706324,217.373889095713,354.0,73.0,3,1.0,1.1493333333333335,
2024,Las Vegas,22,"{'Sakhir': 'Street', 'Jeddah': 'Street', 'Melbourne': 'Street', 'Suzuka': 'Permanent', 'Shanghai': 'Permanent', 'Miami': 'Street', 'Imola': 'Permanent', 'Monte Carlo': 'Street', 'Montreal': 'Street', 'Catalunya': 'Permanent', 'Spielberg': 'Permanent', 'Silverstone': 'Permanent', 'Hungaroring': 'Permanent', 'Spa-Francorchamps': 'Permanent', 'Zandvoort': 'Permanent', 'Monza': 'Permanent', 'Baku': 'Street', 'Singapore': 'Street', 'Austin': 'Permanent', 'Mexico City': 'Permanent', 'Interlagos': 'Permanent', 'lusail': 'Street'}",Aston Martin,ALO,2,HARD,5,24,20,True,100.6922,98.437,-10.625,-0.11655037593985118,65.69991295171269,219.11637934840323,365.0,0.0,10,0.5,5.739052631578947,101.3901
2024,Las Vegas,22,"{'Sakhir': 'Street', 'Jeddah': 'Street', 'Melbourne': 'Street', 'Suzuka': 'Permanent', 'Shanghai': 'Permanent', 'Miami': 'Street', 'Imola': 'Permanent', 'Monte Carlo': 'Street', 'Montreal': 'Street', 'Catalunya': 'Permanent', 'Spielberg': 'Permanent', 'Silverstone': 'Permanent', 'Hungaroring': 'Permanent', 'Spa-Francorchamps': 'Permanent', 'Zandvoort': 'Permanent', 'Monza': 'Permanent', 'Baku': 'Street', 'Singapore': 'Street', 'Austin': 'Permanent', 'Mexico City': 'Permanent', 'Interlagos': 'Permanent', 'lusail': 'Street'}",Aston Martin,ALO,3,HARD,25,50,26,False,98.56196153846153,96.553,-16.093999999999994,-0.13857128205128305,66.51374015918681,223.62903851092273,358.0,0.0,13,0.5,3.9407692307692312,99.26946153846153
2024,Las Vegas,22,"{'Sakhir': 'Street', 'Jeddah': 'Street', 'Melbourne': 'Street', 'Suzuka': 'Permanent', 'Shanghai': 'Permanent', 'Miami': 'Street', 'Imola': 'Permanent', 'Monte Carlo': 'Street', 'Montreal': 'Street', 'Catalunya': 'Permanent', 'Spielberg': 'Permanent', 'Silverstone': 'Permanent', 'Hungaroring': 'Permanent', 'Spa-Francorchamps': 'Permanent', 'Zandvoort': 'Permanent', 'Monza': 'Permanent', 'Baku': 'Street', 'Singapore': 'Street', 'Austin': 'Permanent', 'Mexico City': 'Permanent', 'Interlagos': 'Permanent', 'lusail': 'Street'}",Aston Martin,STR,1,MEDIUM,2,9,8,True,100.86775,99.006,2.530000000000001,0.1439761904761943,62.70348298021593,218.11684787990546,361.0,76.0,8,1.0,0.7641249999999999,
2024,Las Vegas,22,"{'Sakhir': 'Street', 'Jeddah': 'Street', 'Melbourne': 'Street', 'Suzuka': 'Permanent', 'Shanghai': 'Permanent', 'Miami': 'Street', 'Imola': 'Permanent', 'Monte Carlo': 'Street', 'Montreal': 'Street', 'Catalunya': 'Permanent', 'Spielberg': 'Permanent', 'Silverstone': 'Permanent', 'Hungaroring': 'Permanent', 'Spa-Francorchamps': 'Permanent', 'Zandvoort': 'Permanent', 'Monza': 'Permanent', 'Baku': 'Street', 'Singapore': 'Street', 'Austin': 'Permanent', 'Mexico City': 'Permanent', 'Interlagos': 'Permanent', 'lusail': 'Street'}",Aston Martin,STR,2,HARD,10,28,19,True,100.96873684210526,98.424,-22.700999999999993,-0.36554912280701335,64.26079457744989,218.5780420551976,343.0,0.0,14,0.7368421052631579,3.624052631578947,105.41100000000002
2024,Las Vegas,22,"{'Sakhir': 'Street', 'Jeddah': 'Street', 'Melbourne': 'Street', 'Suzuka': 'Permanent', 'Shanghai': 'Permanent', 'Miami': 'Street', 'Imola': 'Permanent', 'Monte Carlo': 'Street', 'Montreal': 'Street', 'Catalunya': 'Permanent', 'Spielberg': 'Permanent', 'Silverstone': 'Permanent', 'Hungaroring': 'Permanent', 'Spa-Francorchamps': 'Permanent', 'Zandvoort': 'Permanent', 'Monza': 'Permanent', 'Baku': 'Street', 'Singapore': 'Street', 'Austin': 'Permanent', 'Mexico City': 'Permanent', 'Interlagos': 'Permanent', 'lusail': 'Street'}",Aston Martin,STR,3,HARD,29,50,22,False,98.68163636363637,97.179,-17.211000000000013,-0.24871710897798038,65.97927245902406,223.27477747504554,351.0,0.0,5,0.22727272727272727,5.6756190476190485,98.87517647058823
2024,Las Vegas,22,"{'Sakhir': 'Street', 'Jeddah': 'Street', 'Melbourne': 'Street', 'Suzuka': 'Permanent', 'Shanghai': 'Permanent', 'Miami': 'Street', 'Imola': 'Permanent', 'Monte Carlo': 'Street', 'Montreal': 'Street', 'Catalunya': 'Permanent', 'Spielberg': 'Permanent', 'Silverstone': 'Permanent', 'Hungaroring': 'Permanent', 'Spa-Francorchamps': 'Permanent', 'Zandvoort': 'Permanent', 'Monza': 'Permanent', 'Baku': 'Street', 'Singapore': 'Street', 'Austin': 'Permanent', 'Mexico City': 'Permanent', 'Interlagos': 'Permanent', 'lusail': 'Street'}",Ferrari,LEC,1,MEDIUM,2,9,8,True,100.423125,98.329,8.213000000000008,0.9409642857142922,67.05725418831479,219.26682884849856,352.0,70.0,8,1.0,1.554875,
2024,Las Vegas,22,"{'Sakhir': 'Street', 'Jeddah': 'Street', 'Melbourne': 'Street', 'Suzuka': 'Permanent', 'Shanghai': 'Permanent', 'Miami': 'Street', 'Imola': 'Permanent', 'Monte Carlo': 'Street', 'Montreal': 'Street', 'Catalunya': 'Permanent', 'Spielberg': 'Permanent', 'Silverstone': 'Permanent', 'Hungaroring': 'Permanent', 'Spa-Francorchamps': 'Permanent', 'Zandvoort': 'Permanent', 'Monza': 'Permanent', 'Baku': 'Street', 'Singapore': 'Street', 'Austin': 'Permanent', 'Mexico City': 'Permanent', 'Interlagos': 'Permanent', 'lusail': 'Street'}",Ferrari,LEC,2,HARD,10,31,22,True,99.1755909090909,97.13,-11.331000000000003,-0.19517052512704774,68.0788198265153,222.65755671350587,362.0,0.0,14,0.6363636363636364,4.586909090909091,100.658625
2024,Las Vegas,22,"{'Sakhir': 'Street', 'Jeddah': 'Street', 'Melbourne': 'Street', 'Suzuka': 'Permanent', 'Shanghai': 'Permanent', 'Miami': 'Street', 'Imola': 'Permanent', 'Monte Carlo': 'Street', 'Montreal': 'Street', 'Catalunya': 'Permanent', 'Spielberg': 'Permanent', 'Silverstone': 'Permanent', 'Hungaroring': 'Permanent', 'Spa-Francorchamps': 'Permanent', 'Zandvoort': 'Permanent', 'Monza': 'Permanent', 'Baku': 'Street', 'Singapore': 'Street', 'Austin': 'Permanent', 'Mexico City': 'Permanent', 'Interlagos': 'Permanent', 'lusail': 'Street'}",Ferrari,LEC,3,HARD,32,50,19,False,97.42747368421053,95.674,-17.795999999999992,-0.314478947368417,69.55888665881437,226.44644011492065,359.0,0.0,18,0.9473684210526315,1.3707777777777777,96.333
2024,Las Vegas,22,"{'Sakhir': 'Street', 'Jeddah': 'Street', 'Melbourne': 'Street', 'Suzuka': 'Permanent', 'Shanghai': 'Permanent', 'Miami': 'Street', 'Imola': 'Permanent', 'Monte Carlo': 'Street', 'Montreal': 'Street', 'Catalunya': 'Permanent', 'Spielberg': 'Permanent', 'Silverstone': 'Permanent', 'Hungaroring': 'Permanent', 'Spa-Francorchamps': 'Permanent', 'Zandvoort': 'Permanent', 'Monza': 'Permanent', 'Baku': 'Street', 'Singapore': 'Street', 'Austin': 'Permanent', 'Mexico City': 'Permanent', 'Interlagos': 'Permanent', 'lusail': 'Street'}",Ferrari,SAI,1,MEDIUM,2,10,9,True,99.93177777777778,98.394,7.096000000000004,0.6153166666666596,68.72383764962625,220.33513828977686,355.0,72.0,6,0.6666666666666666,2.400111111111111,102.21933333333334
2024,Las Vegas,22,"{'Sakhir': 'Street', 'Jeddah': 'Street', 'Melbourne': 'Street', 'Suzuka': 'Permanent', 'Shanghai': 'Permanent', 'Miami': 'Street', 'Imola': 'Permanent', 'Monte Carlo': 'Street', 'Montreal': 'Street', 'Catalunya': 'Permanent', 'Spielberg': 'Permanent', 'Silverstone': 'Permanent', 'Hungaroring': 'Permanent', 'Spa-Francorchamps': 'Permanent', 'Zandvoort': 'Permanent', 'Monza': 'Permanent', 'Baku': 'Street', 'Singapore': 'Street', 'Austin': 'Permanent', 'Mexico City': 'Permanent', 'Interlagos': 'Permanent', 'lusail': 'Street'}",Ferrari,SAI,2,HARD,11,28,18,True,99.64755555555556,97.477,-11.004000000000005,-0.21447678018575564,69.40955001607675,221.8375840063797,366.0,0.0,17,0.9444444444444444,2.1491111111111114,103.655
2024,Las Vegas,22,"{'Sakhir': 'Street', 'Jeddah': 'Street', 'Melbourne': 'Street', 'Suzuka': 'Permanent', 'Shanghai': 'Permanent', 'Miami': 'Street', 'Imola': 'Permanent', 'Monte Carlo': 'Street', 'Montreal': 'Street', 'Catalunya': 'Permanent', 'Spielberg': 'Permanent', 'Silverstone': 'Permanent', 'Hungaroring': 'Permanent', 'Spa-Francorchamps': 'Permanent', 'Zandvoort': 'Permanent', 'Monza': 'Permanent', 'Baku': 'Street', 'Singapore': 'Street', 'Austin': 'Permanent', 'Mexico City': 'Permanent', 'Interlagos': 'Permanent', 'lusail': 'Street'}",Ferrari,SAI,3,HARD,29,50,22,False,97.2736818181818,95.875,-16.328999999999994,-0.24534443817052484,70.59753107518212,226.92428289274048,355.0,0.0,6,0.2727272727272727,5.015499999999999,97.63262499999999
2024,Las Vegas,22,"{'Sakhir': 'Street', 'Jeddah': 'Street', 'Melbourne': 'Street', 'Suzuka': 'Permanent', 'Shanghai': 'Permanent', 'Miami': 'Street', 'Imola': 'Permanent', 'Monte Carlo': 'Street', 'Montreal': 'Street', 'Catalunya': 'Permanent', 'Spielberg': 'Permanent', 'Silverstone': 'Permanent', 'Hungaroring': 'Permanent', 'Spa-Francorchamps': 'Permanent', 'Zandvoort': 'Permanent', 'Monza': 'Permanent', 'Baku': 'Street', 'Singapore': 'Street', 'Austin': 'Permanent', 'Mexico City': 'Permanent', 'Interlagos': 'Permanent', 'lusail': 'Street'}",Haas,HUL,1,MEDIUM,2,14,13,True,100.77769230769232,98.998,6.680999999999997,0.34432417582417474,65.47800774168641,219.90760871957767,353.0,72.0,10,0.7692307692307693,1.6095833333333331,101.00266666666666
2024,Las Vegas,22,"{'Sakhir': 'Street', 'Jeddah': 'Street', 'Melbourne': 'Street', 'Suzuka': 'Permanent', 'Shanghai': 'Permanent', 'Miami': 'Street', 'Imola': 'Permanent', 'Monte Carlo': 'Street', 'Montreal': 'Street', 'Catalunya': 'Permanent', 'Spielberg': 'Permanent', 'Silverstone': 'Permanent', 'Hungaroring': 'Permanent', 'Spa-Francorchamps': 'Permanent', 'Zandvoort': 'Permanent', 'Monza': 'Permanent', 'Baku': 'Street', 'Singapore': 'Street', 'Austin': 'Permanent', 'Mexico City': 'Permanent', 'Interlagos': 'Permanent', 'lusail': 'Street'}",Haas,HUL,2,HARD,15,33,19,True,99.6796842105263,97.634,-12.066000000000003,-0.16390175438596197,67.1039509839353,221.80946386141346,357.0,0.0,14,0.7368421052631579,1.9004736842105263,99.7202
2024,Las Vegas,22,"{'Sakhir': 'Street', 'Jeddah': 'Street', 'Melbourne': 'Street', 'Suzuka': 'Permanent', 'Shanghai': 'Permanent', 'Miami': 'Street', 'Imola': 'Permanent', 'Monte Carlo': 'Street', 'Montreal': 'Street', 'Catalunya': 'Permanent', 'Spielberg': 'Permanent', 'Silverstone': 'Permanent', 'Hungaroring': 'Permanent', 'Spa-Francorchamps': 'Permanent', 'Zandvoort': 'Permanent', 'Monza': 'Permanent', 'Baku': 'Street', 'Singapore': 'Street', 'Austin': 'Permanent', 'Mexico City': 'Permanent', 'Interlagos': 'Permanent', 'lusail': 'Street'}",Haas,HUL,3,HARD,34,50,17,False,98.41635294117648,96.585,-17.560999999999993,-0.4055759803921594,67.82905017420038,224.71184140264936,358.0,0.0,11,0.6470588235294118,4.121647058823529,96.92066666666666
2024,Las Vegas,22,"{'Sakhir': 'Street', 'Jeddah': 'Street', 'Melbourne': 'Street', 'Suzuka': 'Permanent', 'Shanghai': 'Permanent', 'Miami': 'Street', 'Imola': 'Permanent', 'Monte Carlo': 'Street', 'Montreal': 'Street', 'Catalunya': 'Permanent', 'Spielberg': 'Permanent', 'Silverstone': 'Permanent', 'Hungaroring': 'Permanent', 'Spa-Francorchamps': 'Permanent', 'Zandvoort': 'Permanent', 'Monza': 'Permanent', 'Baku': 'Street', 'Singapore': 'Street', 'Austin': 'Permanent', 'Mexico City': 'Permanent', 'Interlagos': 'Permanent', 'lusail': 'Street'}",Haas,MAG,1,MEDIUM,2,17,16,True,101.3686875,98.923,4.926000000000002,0.25956617647059266,65.17694798777438,218.2685256497605,346.0,59.0,13,0.8125,2.72525,101.91566666666665
2024,Las Vegas,22,"{'Sakhir': 'Street', 'Jeddah': 'Street', 'Melbourne': 'Street', 'Suzuka': 'Permanent', 'Shanghai': 'Permanent', 'Miami': 'Street', 'Imola': 'Permanent', 'Monte Carlo': 'Street', 'Montreal': 'Street', 'Catalunya': 'Permanent', 'Spielberg': 'Permanent', 'Silverstone': 'Permanent', 'Hungaroring': 'Permanent', 'Spa-Francorchamps': 'Permanent', 'Zandvoort': 'Permanent', 'Monza': 'Permanent', 'Baku': 'Street', 'Singapore': 'Street', 'Austin': 'Permanent', 'Mexico City': 'Permanent', 'Interlagos': 'Permanent', 'lusail': 'Street'}",Haas,MAG,2,HARD,18,50,33,False,98.8260303030303,96.557,-20.441999999999993,-0.1734859625668421,67.36390608440405,224.17645431023098,359.0,0.0,17,0.5151515151515151,3.672625,99.4619375
2024,Las Vegas,22,"{'Sakhir': 'Street', 'Jeddah': 'Street', 'Melbourne': 'Street', 'Suzuka': 'Permanent', 'Shanghai': 'Permanent', 'Miami': 'Street', 'Imola': 'Permanent', 'Monte Carlo': 'Street', 'Montreal': 'Street', 'Catalunya': 'Permanent', 'Spielberg': 'Permanent', 'Silverstone': 'Permanent', 'Hungaroring': 'Permanent', 'Spa-Francorchamps': 'Permanent', 'Zandvoort': 'Permanent', 'Monza': 'Permanent', 'Baku': 'Street', 'Singapore': 'Street', 'Austin': 'Permanent', 'Mexico City': 'Permanent', 'Interlagos': 'Permanent', 'lusail': 'Street'}",McLaren,NOR,1,MEDIUM,2,9,8,True,100.25812499999999,98.848,5.332999999999998,0.5408928571428623,64.6445463736921,221.01027372120808,358.0,72.0,8,1.0,0.9533750000000001,
2024,Las Vegas,22,"{'Sakhir': 'Street', 'Jeddah': 'Street', 'Melbourne': 'Street', 'Suzuka': 'Permanent', 'Shanghai': 'Permanent', 'Miami': 'Street', 'Imola': 'Permanent', 'Monte Carlo': 'Street', 'Montreal': 'Street', 'Catalunya': 'Permanent', 'Spielberg': 'Permanent', 'Silverstone': 'Permanent', 'Hungaroring': 'Permanent', 'Spa-Francorchamps': 'Permanent', 'Zandvoort': 'Permanent', 'Monza': 'Permanent', 'Baku': 'Street', 'Singapore': 'Street', 'Austin': 'Permanent', 'Mexico City': 'Permanent', 'Interlagos': 'Permanent', 'lusail': 'Street'}",McLaren,NOR,2,HARD,10,30,21,True,99.76309523809525,97.795,-9.600999999999999,-0.1449571428571441,65.33814593666612,221.00785659500025,358.0,0.0,11,0.5238095238095238,4.114571428571429,99.2032
2024,Las Vegas,22,"{'Sakhir': 'Street', 'Jeddah': 'Street', 'Melbourne': 'Street', 'Suzuka': 'Permanent', 'Shanghai': 'Permanent', 'Miami': 'Street', 'Imola': 'Permanent', 'Monte Carlo': 'Street', 'Montreal': 'Street', 'Catalunya': 'Permanent', 'Spielberg': 'Permanent', 'Silverstone': 'Permanent', 'Hungaroring': 'Permanent', 'Spa-Francorchamps': 'Permanent', 'Zandvoort': 'Permanent', 'Monza': 'Permanent', 'Baku': 'Street', 'Singapore': 'Street', 'Austin': 'Permanent', 'Mexico City': 'Permanent', 'Interlagos': 'Permanent', 'lusail': 'Street'}",McLaren,NOR,3,HARD,31,48,18,True,97.68244444444446,95.527,-12.36099999999999,-0.3049349845201234,67.28891288605517,226.09117775986584,342.0,0.0,0,0.0,10.510166666666668,97.68244444444446
2024,Las Vegas,22,"{'Sakhir': 'Street', 'Jeddah': 'Street', 'Melbourne': 'Street', 'Suzuka': 'Permanent', 'Shanghai': 'Permanent', 'Miami': 'Street', 'Imola': 'Permanent', 'Monte Carlo': 'Street', 'Montreal': 'Street', 'Catalunya': 'Permanent', 'Spielberg': 'Permanent', 'Silverstone': 'Permanent', 'Hungaroring': 'Permanent', 'Spa-Francorchamps': 'Permanent', 'Zandvoort': 'Permanent', 'Monza': 'Permanent', 'Baku': 'Street', 'Singapore': 'Street', 'Austin': 'Permanent', 'Mexico City': 'Permanent', 'Interlagos': 'Permanent', 'lusail': 'Street'}",McLaren,NOR,4,SOFT,49,50,2,False,103.594,94.876,-17.435999999999993,-17.435999999999993,68.42038737939262,213.33601827297346,339.0,0.0,0,0.0,28.200499999999998,103.594
2024,Las Vegas,22,"{'Sakhir': 'Street', 'Jeddah': 'Street', 'Melbourne': 'Street', 'Suzuka': 'Permanent', 'Shanghai': 'Permanent', 'Miami': 'Street', 'Imola': 'Permanent', 'Monte Carlo': 'Street', 'Montreal': 'Street', 'Catalunya': 'Permanent', 'Spielberg': 'Permanent', 'Silverstone': 'Permanent', 'Hungaroring': 'Permanent', 'Spa-Francorchamps': 'Permanent', 'Zandvoort': 'Permanent', 'Monza': 'Permanent', 'Baku': 'Street', 'Singapore': 'Street', 'Austin': 'Permanent', 'Mexico City': 'Permanent', 'Interlagos': 'Permanent', 'lusail': 'Street'}",McLaren,PIA,1,MEDIUM,2,10,9,True,100.53966666666666,99.01,4.935000000000002,0.5270666666666579,66.17417267168209,220.48185558715267,364.0,73.0,9,1.0,0.7716666666666667,
2024,Las Vegas,22,"{'Sakhir': 'Street', 'Jeddah': 'Street', 'Melbourne': 'Street', 'Suzuka': 'Permanent', 'Shanghai': 'Permanent', 'Miami': 'Street', 'Imola': 'Permanent', 'Monte Carlo': 'Street', 'Montreal': 'Street', 'Catalunya': 'Permanent', 'Spielberg': 'Permanent', 'Silverstone': 'Permanent', 'Hungaroring': 'Permanent', 'Spa-Francorchamps': 'Permanent', 'Zandvoort': 'Permanent', 'Monza': 'Permanent', 'Baku': 'Street', 'Singapore': 'Street', 'Austin': 'Permanent', 'Mexico City': 'Permanent', 'Interlagos': 'Permanent', 'lusail': 'Street'}",McLaren,PIA,2,HARD,11,25,15,True,100.51966666666667,97.942,-17.089,-0.4000607142857151,65.66492260395826,219.62046067530363,361.0,0.0,11,0.7333333333333333,2.0354666666666663,103.98675
2024,Las Vegas,22,"{'Sakhir': 'Street', 'Jeddah': 'Street', 'Melbourne': 'Street', 'Suzuka': 'Permanent', 'Shanghai': 'Permanent', 'Miami': 'Street', 'Imola': 'Permanent', 'Monte Carlo': 'Street', 'Montreal': 'Street', 'Catalunya': 'Permanent', 'Spielberg': 'Permanent', 'Silverstone': 'Permanent', 'Hungaroring': 'Permanent', 'Spa-Francorchamps': 'Permanent', 'Zandvoort': 'Permanent', 'Monza': 'Permanent', 'Baku': 'Street', 'Singapore': 'Street', 'Austin': 'Permanent', 'Mexico City': 'Permanent', 'Interlagos': 'Permanent', 'lusail': 'Street'}",McLaren,PIA,3,HARD,26,50,25,False,98.24995999999999,96.598,-15.873999999999995,-0.18260461538461512,66.38806612199427,224.76678041065995,367.0,0.0,7,0.28,10.560160000000002,97.41922222222222
2024,Las Vegas,22,"{'Sakhir': 'Street', 'Jeddah': 'Street', 'Melbourne': 'Street', 'Suzuka': 'Permanent', 'Shanghai': 'Permanent', 'Miami': 'Street', 'Imola': 'Permanent', 'Monte Carlo': 'Street', 'Montreal': 'Street', 'Catalunya': 'Permanent', 'Spielberg': 'Permanent', 'Silverstone': 'Permanent', 'Hungaroring': 'Permanent', 'Spa-Francorchamps': 'Permanent', 'Zandvoort': 'Permanent', 'Monza': 'Permanent', 'Baku': 'Street', 'Singapore': 'Street', 'Austin': 'Permanent', 'Mexico City': 'Permanent', 'Interlagos': 'Permanent', 'lusail': 'Street'}",Mercedes,HAM,1,MEDIUM,2,13,12,True,99.84825000000001,98.648,3.1569999999999965,0.14479370629370772,66.35893862277182,222.41331496464318,364.0,64.0,10,0.8333333333333334,2.1374166666666667,99.0425
2024,Las Vegas,22,"{'Sakhir': 'Street', 'Jeddah': 'Street', 'Melbourne': 'Street', 'Suzuka': 'Permanent', 'Shanghai': 'Permanent', 'Miami': 'Street', 'Imola': 'Permanent', 'Monte Carlo': 'Street', 'Montreal': 'Street', 'Catalunya': 'Permanent', 'Spielberg': 'Permanent', 'Silverstone': 'Permanent', 'Hungaroring': 'Permanent', 'Spa-Francorchamps': 'Permanent', 'Zandvoort': 'Permanent', 'Monza': 'Permanent', 'Baku': 'Street', 'Singapore': 'Street', 'Austin': 'Permanent', 'Mexico City': 'Permanent', 'Interlagos': 'Permanent', 'lusail': 'Street'}",Mercedes,HAM,2,HARD,14,27,14,True,99.30078571428571,97.055,-11.097999999999999,-0.3562571428571416,68.06749557895425,222.49160324501943,360.0,0.0,14,1.0,0.5851428571428572,
2024,Las Vegas,22,"{'Sakhir': 'Street', 'Jeddah': 'Street', 'Melbourne': 'Street', 'Suzuka': 'Permanent', 'Shanghai': 'Permanent', 'Miami': 'Street', 'Imola': 'Permanent', 'Monte Carlo': 'Street', 'Montreal': 'Street', 'Catalunya': 'Permanent', 'Spielberg': 'Permanent', 'Silverstone': 'Permanent', 'Hungaroring': 'Permanent', 'Spa-Francorchamps': 'Permanent', 'Zandvoort': 'Permanent', 'Monza': 'Permanent', 'Baku': 'Street', 'Singapore': 'Street', 'Austin': 'Permanent', 'Mexico City': 'Permanent', 'Interlagos': 'Permanent', 'lusail': 'Street'}",Mercedes,HAM,3,HARD,28,50,23,False,97.20765217391306,95.48,-14.784999999999997,-0.16791501976284645,71.3386221050158,227.78874161114476,351.0,0.0,4,0.17391304347826086,7.358043478260869,96.46121052631578
2024,Las Vegas,22,"{'Sakhir': 'Street', 'Jeddah': 'Street', 'Melbourne': 'Street', 'Suzuka': 'Permanent', 'Shanghai': 'Permanent', 'Miami': 'Street', 'Imola': 'Permanent', 'Monte Carlo': 'Street', 'Montreal': 'Street', 'Catalunya': 'Permanent', 'Spielberg': 'Permanent', 'Silverstone': 'Permanent', 'Hungaroring': 'Permanent', 'Spa-Francorchamps': 'Permanent', 'Zandvoort': 'Permanent', 'Monza': 'Permanent', 'Baku': 'Street', 'Singapore': 'Street', 'Austin': 'Permanent', 'Mexico City': 'Permanent', 'Interlagos': 'Permanent', 'lusail': 'Street'}",Mercedes,RUS,1,MEDIUM,2,12,11,True,99.05900000000001,98.136,4.445000000000007,0.2052454545454589,69.41755047926468,222.6425245307839,335.0,78.0,11,1.0,0.0,
2024,Las Vegas,22,"{'Sakhir': 'Street', 'Jeddah': 'Street', 'Melbourne': 'Street', 'Suzuka': 'Permanent', 'Shanghai': 'Permanent', 'Miami': 'Street', 'Imola': 'Permanent', 'Monte Carlo': 'Street', 'Montreal': 'Street', 'Catalunya': 'Permanent', 'Spielberg': 'Permanent', 'Silverstone': 'Permanent', 'Hungaroring': 'Permanent', 'Spa-Francorchamps': 'Permanent', 'Zandvoort': 'Permanent', 'Monza': 'Permanent', 'Baku': 'Street', 'Singapore': 'Street', 'Austin': 'Permanent', 'Mexico City': 'Permanent', 'Interlagos': 'Permanent', 'lusail': 'Street'}",Mercedes,RUS,2,HARD,13,32,20,True,98.8455,97.359,-12.525000000000006,-0.20203458646616723,69.10164307428299,223.90082857433288,337.0,0.0,19,0.95,0.24855,114.754
2024,Las Vegas,22,"{'Sakhir': 'Street', 'Jeddah': 'Street', 'Melbourne': 'Street', 'Suzuka': 'Permanent', 'Shanghai': 'Permanent', 'Miami': 'Street', 'Imola': 'Permanent', 'Monte Carlo': 'Street', 'Montreal': 'Street', 'Catalunya': 'Permanent', 'Spielberg': 'Permanent', 'Silverstone': 'Permanent', 'Hungaroring': 'Permanent', 'Spa-Francorchamps': 'Permanent', 'Zandvoort': 'Permanent', 'Monza': 'Permanent', 'Baku': 'Street', 'Singapore': 'Street', 'Austin': 'Permanent', 'Mexico City': 'Permanent', 'Interlagos': 'Permanent', 'lusail': 'Street'}",Mercedes,RUS,3,HARD,33,50,18,False,97.5635,95.717,-15.835999999999999,-0.315780185758514,70.42130050842395,227.3051875018044,340.0,0.0,18,1.0,0.0,
2024,Las Vegas,22,"{'Sakhir': 'Street', 'Jeddah': 'Street', 'Melbourne': 'Street', 'Suzuka': 'Permanent', 'Shanghai': 'Permanent', 'Miami': 'Street', 'Imola': 'Permanent', 'Monte Carlo': 'Street', 'Montreal': 'Street', 'Catalunya': 'Permanent', 'Spielberg': 'Permanent', 'Silverstone': 'Permanent', 'Hungaroring': 'Permanent', 'Spa-Francorchamps': 'Permanent', 'Zandvoort': 'Permanent', 'Monza': 'Permanent', 'Baku': 'Street', 'Singapore': 'Street', 'Austin': 'Permanent', 'Mexico City': 'Permanent', 'Interlagos': 'Permanent', 'lusail': 'Street'}",RB,LAW,1,MEDIUM,2,11,10,True,100.8065,99.404,6.259999999999991,0.44873333333333826,66.94163257796929,219.0110965602877,344.0,70.0,10,1.0,2.1367999999999996,
2024,Las Vegas,22,"{'Sakhir': 'Street', 'Jeddah': 'Street', 'Melbourne': 'Street', 'Suzuka': 'Permanent', 'Shanghai': 'Permanent', 'Miami': 'Street', 'Imola': 'Permanent', 'Monte Carlo': 'Street', 'Montreal': 'Street', 'Catalunya': 'Permanent', 'Spielberg': 'Permanent', 'Silverstone': 'Permanent', 'Hungaroring': 'Permanent', 'Spa-Francorchamps': 'Permanent', 'Zandvoort': 'Permanent', 'Monza': 'Permanent', 'Baku': 'Street', 'Singapore': 'Street', 'Austin': 'Permanent', 'Mexico City': 'Permanent', 'Interlagos': 'Permanent', 'lusail': 'Street'}",RB,LAW,2,HARD,12,38,27,True,100.42892592592592,98.737,-12.183999999999997,-0.07174969474969636,66.1638706848944,219.8740788163775,355.0,0.0,25,0.9259259259259259,1.483185185185185,99.367
2024,Las Vegas,22,"{'Sakhir': 'Street', 'Jeddah': 'Street', 'Melbourne': 'Street', 'Suzuka': 'Permanent', 'Shanghai': 'Permanent', 'Miami': 'Street', 'Imola': 'Permanent', 'Monte Carlo': 'Street', 'Montreal': 'Street', 'Catalunya': 'Permanent', 'Spielberg': 'Permanent', 'Silverstone': 'Permanent', 'Hungaroring': 'Permanent', 'Spa-Francorchamps': 'Permanent', 'Zandvoort': 'Permanent', 'Monza': 'Permanent', 'Baku': 'Street', 'Singapore': 'Street', 'Austin': 'Permanent', 'Mexico City': 'Permanent', 'Interlagos': 'Permanent', 'lusail': 'Street'}",RB,LAW,3,HARD,39,50,12,False,98.74466666666666,96.98,-16.96799999999999,-0.6929370629370618,71.51656162160194,224.07449960678974,335.0,0.0,0,0.0,8.823454545454545,98.74466666666666
2024,Las Vegas,22,"{'Sakhir': 'Street', 'Jeddah': 'Street', 'Melbourne': 'Street', 'Suzuka': 'Permanent', 'Shanghai': 'Permanent', 'Miami': 'Street', 'Imola': 'Permanent', 'Monte Carlo': 'Street', 'Montreal': 'Street', 'Catalunya': 'Permanent', 'Spielberg': 'Permanent', 'Silverstone': 'Permanent', 'Hungaroring': 'Permanent', 'Spa-Francorchamps': 'Permanent', 'Zandvoort': 'Permanent', 'Monza': 'Permanent', 'Baku': 'Street', 'Singapore': 'Street', 'Austin': 'Permanent', 'Mexico City': 'Permanent', 'Interlagos': 'Permanent', 'lusail': 'Street'}",RB,TSU,1,MEDIUM,2,10,9,True,100.57433333333333,99.071,5.947000000000003,0.5794333333333279,65.50815980382909,220.1841879861519,359.0,72.0,8,0.8888888888888888,0.9778749999999999,99.973
2024,Las Vegas,22,"{'Sakhir': 'Street', 'Jeddah': 'Street', 'Melbourne': 'Street', 'Suzuka': 'Permanent', 'Shanghai': 'Permanent', 'Miami': 'Street', 'Imola': 'Permanent', 'Monte Carlo': 'Street', 'Montreal': 'Street', 'Catalunya': 'Permanent', 'Spielberg': 'Permanent', 'Silverstone': 'Permanent', 'Hungaroring': 'Permanent', 'Spa-Francorchamps': 'Permanent', 'Zandvoort': 'Permanent', 'Monza': 'Permanent', 'Baku': 'Street', 'Singapore': 'Street', 'Austin': 'Permanent', 'Mexico City': 'Permanent', 'Interlagos': 'Permanent', 'lusail': 'Street'}",RB,TSU,2,HARD,11,29,19,True,100.24063157894734,98.177,-11.27300000000001,-0.18772105263157687,67.31692251570301,220.64795590722463,365.0,0.0,6,0.3157894736842105,6.126944444444445,100.07361538461538
2024,Las Vegas,22,"{'Sakhir': 'Street', 'Jeddah': 'Street', 'Melbourne': 'Street', 'Suzuka': 'Permanent', 'Shanghai': 'Permanent', 'Miami': 'Street', 'Imola': 'Permanent', 'Monte Carlo': 'Street', 'Montreal': 'Street', 'Catalunya': 'Permanent', 'Spielberg': 'Permanent', 'Silverstone': 'Permanent', 'Hungaroring': 'Permanent', 'Spa-Francorchamps': 'Permanent', 'Zandvoort': 'Permanent', 'Monza': 'Permanent', 'Baku': 'Street', 'Singapore': 'Street', 'Austin': 'Permanent', 'Mexico City': 'Permanent', 'Interlagos': 'Permanent', 'lusail': 'Street'}",RB,TSU,3,HARD,30,50,21,False,98.65219047619047,96.957,-17.292,-0.2779337662337666,69.28875080676328,223.64529219012564,356.0,0.0,9,0.42857142857142855,5.282571428571429,99.44449999999999
2024,Las Vegas,22,"{'Sakhir': 'Street', 'Jeddah': 'Street', 'Melbourne': 'Street', 'Suzuka': 'Permanent', 'Shanghai': 'Permanent', 'Miami': 'Street', 'Imola': 'Permanent', 'Monte Carlo': 'Street', 'Montreal': 'Street', 'Catalunya': 'Permanent', 'Spielberg': 'Permanent', 'Silverstone': 'Permanent', 'Hungaroring': 'Permanent', 'Spa-Francorchamps': 'Permanent', 'Zandvoort': 'Permanent', 'Monza': 'Permanent', 'Baku': 'Street', 'Singapore': 'Street', 'Austin': 'Permanent', 'Mexico City': 'Permanent', 'Interlagos': 'Permanent', 'lusail': 'Street'}",Red Bull,PER,1,HARD,2,17,16,True,100.644125,98.882,6.221000000000004,0.21010588235294397,63.87210561785445,219.23205256419556,364.0,64.0,14,0.875,1.5933125000000001,101.231
2024,Las Vegas,22,"{'Sakhir': 'Street', 'Jeddah': 'Street', 'Melbourne': 'Street', 'Suzuka': 'Permanent', 'Shanghai': 'Permanent', 'Miami': 'Street', 'Imola': 'Permanent', 'Monte Carlo': 'Street', 'Montreal': 'Street', 'Catalunya': 'Permanent', 'Spielberg': 'Permanent', 'Silverstone': 'Permanent', 'Hungaroring': 'Permanent', 'Spa-Francorchamps': 'Permanent', 'Zandvoort': 'Permanent', 'Monza': 'Permanent', 'Baku': 'Street', 'Singapore': 'Street', 'Austin': 'Permanent', 'Mexico City': 'Permanent', 'Interlagos': 'Permanent', 'lusail': 'Street'}",Red Bull,PER,2,MEDIUM,18,32,15,True,99.88886666666667,97.883,-12.787999999999997,-0.3016464285714229,66.34627189940946,221.34601209426668,351.0,0.0,7,0.4666666666666667,4.250466666666666,100.538625
2024,Las Vegas,22,"{'Sakhir': 'Street', 'Jeddah': 'Street', 'Melbourne': 'Street', 'Suzuka': 'Permanent', 'Shanghai': 'Permanent', 'Miami': 'Street', 'Imola': 'Permanent', 'Monte Carlo': 'Street', 'Montreal': 'Street', 'Catalunya': 'Permanent', 'Spielberg': 'Permanent', 'Silverstone': 'Permanent', 'Hungaroring': 'Permanent', 'Spa-Francorchamps': 'Permanent', 'Zandvoort': 'Permanent', 'Monza': 'Permanent', 'Baku': 'Street', 'Singapore': 'Street', 'Austin': 'Permanent', 'Mexico City': 'Permanent', 'Interlagos': 'Permanent', 'lusail': 'Street'}",Red Bull,PER,3,HARD,33,50,18,False,98.17511111111112,96.326,-16.555999999999997,-0.3346315789473638,67.93456671356671,224.60981613891815,366.0,0.0,16,0.8888888888888888,1.733611111111111,97.0575
2024,Las Vegas,22,"{'Sakhir': 'Street', 'Jeddah': 'Street', 'Melbourne': 'Street', 'Suzuka': 'Permanent', 'Shanghai': 'Permanent', 'Miami': 'Street', 'Imola': 'Permanent', 'Monte Carlo': 'Street', 'Montreal': 'Street', 'Catalunya': 'Permanent', 'Spielberg': 'Permanent', 'Silverstone': 'Permanent', 'Hungaroring': 'Permanent', 'Spa-Francorchamps': 'Permanent', 'Zandvoort': 'Permanent', 'Monza': 'Permanent', 'Baku': 'Street', 'Singapore': 'Street', 'Austin': 'Permanent', 'Mexico City': 'Permanent', 'Interlagos': 'Permanent', 'lusail': 'Street'}",Red Bull,VER,1,MEDIUM,2,11,10,True,99.721,98.472,4.489999999999995,0.3199878787878838,63.82383832243427,221.40550486497523,355.0,77.0,9,0.9,1.8606000000000003,104.351
2024,Las Vegas,22,"{'Sakhir': 'Street', 'Jeddah': 'Street', 'Melbourne': 'Street', 'Suzuka': 'Permanent', 'Shanghai': 'Permanent', 'Miami': 'Street', 'Imola': 'Permanent', 'Monte Carlo': 'Street', 'Montreal': 'Street', 'Catalunya': 'Permanent', 'Spielberg': 'Permanent', 'Silverstone': 'Permanent', 'Hungaroring': 'Permanent', 'Spa-Francorchamps': 'Permanent', 'Zandvoort': 'Permanent', 'Monza': 'Permanent', 'Baku': 'Street', 'Singapore': 'Street', 'Austin': 'Permanent', 'Mexico City': 'Permanent', 'Interlagos': 'Permanent', 'lusail': 'Street'}",Red Bull,VER,2,HARD,12,27,16,True,99.40268749999998,97.524,-11.909999999999997,-0.2945779411764668,65.4435776659118,222.31637901945012,351.0,0.0,3,0.1875,8.1736875,98.33853846153846
2024,Las Vegas,22,"{'Sakhir': 'Street', 'Jeddah': 'Street', 'Melbourne': 'Street', 'Suzuka': 'Permanent', 'Shanghai': 'Permanent', 'Miami': 'Street', 'Imola': 'Permanent', 'Monte Carlo': 'Street', 'Montreal': 'Street', 'Catalunya': 'Permanent', 'Spielberg': 'Permanent', 'Silverstone': 'Permanent', 'Hungaroring': 'Permanent', 'Spa-Francorchamps': 'Permanent', 'Zandvoort': 'Permanent', 'Monza': 'Permanent', 'Baku': 'Street', 'Singapore': 'Street', 'Austin': 'Permanent', 'Mexico City': 'Permanent', 'Interlagos': 'Permanent', 'lusail': 'Street'}",Red Bull,VER,3,HARD,28,50,23,False,97.78178260869566,96.248,-17.536,-0.23255434782608903,65.94150644751335,226.1458550203883,351.0,0.0,12,0.5217391304347826,3.9491818181818186,98.72554545454545
2024,Las Vegas,22,"{'Sakhir': 'Street', 'Jeddah': 'Street', 'Melbourne': 'Street', 'Suzuka': 'Permanent', 'Shanghai': 'Permanent', 'Miami': 'Street', 'Imola': 'Permanent', 'Monte Carlo': 'Street', 'Montreal': 'Street', 'Catalunya': 'Permanent', 'Spielberg': 'Permanent', 'Silverstone': 'Permanent', 'Hungaroring': 'Permanent', 'Spa-Francorchamps': 'Permanent', 'Zandvoort': 'Permanent', 'Monza': 'Permanent', 'Baku': 'Street', 'Singapore': 'Street', 'Austin': 'Permanent', 'Mexico City': 'Permanent', 'Interlagos': 'Permanent', 'lusail': 'Street'}",Sauber,BOT,1,HARD,2,17,16,True,101.4369375,99.498,5.372,0.28664852941176644,65.87419028966427,217.3252662895883,360.0,60.0,16,1.0,0.8789375,
2024,Las Vegas,22,"{'Sakhir': 'Street', 'Jeddah': 'Street', 'Melbourne': 'Street', 'Suzuka': 'Permanent', 'Shanghai': 'Permanent', 'Miami': 'Street', 'Imola': 'Permanent', 'Monte Carlo': 'Street', 'Montreal': 'Street', 'Catalunya': 'Permanent', 'Spielberg': 'Permanent', 'Silverstone': 'Permanent', 'Hungaroring': 'Permanent', 'Spa-Francorchamps': 'Permanent', 'Zandvoort': 'Permanent', 'Monza': 'Permanent', 'Baku': 'Street', 'Singapore': 'Street', 'Austin': 'Permanent', 'Mexico City': 'Permanent', 'Interlagos': 'Permanent', 'lusail': 'Street'}",Sauber,BOT,2,MEDIUM,18,35,18,True,100.77972222222223,98.594,-7.891000000000005,-0.08790815273477622,67.3669365914955,219.30236987841468,354.0,0.0,15,0.8333333333333334,1.6176666666666666,100.50066666666665
2024,Las Vegas,22,"{'Sakhir': 'Street', 'Jeddah': 'Street', 'Melbourne': 'Street', 'Suzuka': 'Permanent', 'Shanghai': 'Permanent', 'Miami': 'Street', 'Imola': 'Permanent', 'Monte Carlo': 'Street', 'Montreal': 'Street', 'Catalunya': 'Permanent', 'Spielberg': 'Permanent', 'Silverstone': 'Permanent', 'Hungaroring': 'Permanent', 'Spa-Francorchamps': 'Permanent', 'Zandvoort': 'Permanent', 'Monza': 'Permanent', 'Baku': 'Street', 'Singapore': 'Street', 'Austin': 'Permanent', 'Mexico City': 'Permanent', 'Interlagos': 'Permanent', 'lusail': 'Street'}",Sauber,BOT,3,HARD,36,49,14,False,98.9727857142857,96.601,-18.331000000000003,-0.5613252747252796,70.4293715276887,223.54944298698607,339.0,0.0,0,0.0,15.265142857142859,98.9727857142857
2024,Las Vegas,22,"{'Sakhir': 'Street', 'Jeddah': 'Street', 'Melbourne': 'Street', 'Suzuka': 'Permanent', 'Shanghai': 'Permanent', 'Miami': 'Street', 'Imola': 'Permanent', 'Monte Carlo': 'Street', 'Montreal': 'Street', 'Catalunya': 'Permanent', 'Spielberg': 'Permanent', 'Silverstone': 'Permanent', 'Hungaroring': 'Permanent', 'Spa-Francorchamps': 'Permanent', 'Zandvoort': 'Permanent', 'Monza': 'Permanent', 'Baku': 'Street', 'Singapore': 'Street', 'Austin': 'Permanent', 'Mexico City': 'Permanent', 'Interlagos': 'Permanent', 'lusail': 'Street'}",Sauber,ZHO,1,MEDIUM,2,11,10,True,100.6887,99.307,6.102999999999994,0.47341212121212844,64.2365428937131,219.8192976253525,356.0,74.0,10,1.0,0.6487,
2024,Las Vegas,22,"{'Sakhir': 'Street', 'Jeddah': 'Street', 'Melbourne': 'Street', 'Suzuka': 'Permanent', 'Shanghai': 'Permanent', 'Miami': 'Street', 'Imola': 'Permanent', 'Monte Carlo': 'Street', 'Montreal': 'Street', 'Catalunya': 'Permanent', 'Spielberg': 'Permanent', 'Silverstone': 'Permanent', 'Hungaroring': 'Permanent', 'Spa-Francorchamps': 'Permanent', 'Zandvoort': 'Permanent', 'Monza': 'Permanent', 'Baku': 'Street', 'Singapore': 'Street', 'Austin': 'Permanent', 'Mexico City': 'Permanent', 'Interlagos': 'Permanent', 'lusail': 'Street'}",Sauber,ZHO,2,HARD,12,34,23,True,100.45843478260869,98.775,-14.922999999999988,-0.1387747035573127,65.83423350161544,219.92235401276216,356.0,0.0,14,0.6086956521739131,2.9490434782608697,99.69144444444444
2024,Las Vegas,22,"{'Sakhir': 'Street', 'Jeddah': 'Street', 'Melbourne': 'Street', 'Suzuka': 'Permanent', 'Shanghai': 'Permanent', 'Miami': 'Street', 'Imola': 'Permanent', 'Monte Carlo': 'Street', 'Montreal': 'Street', 'Catalunya': 'Permanent', 'Spielberg': 'Permanent', 'Silverstone': 'Permanent', 'Hungaroring': 'Permanent', 'Spa-Francorchamps': 'Permanent', 'Zandvoort': 'Permanent', 'Monza': 'Permanent', 'Baku': 'Street', 'Singapore': 'Street', 'Austin': 'Permanent', 'Mexico City': 'Permanent', 'Interlagos': 'Permanent', 'lusail': 'Street'}",Sauber,ZHO,3,HARD,35,50,16,False,98.2465625,96.324,-17.182999999999993,-0.44013088235294096,69.3362012033014,224.92964408269393,358.0,0.0,6,0.375,4.7649375,99.18289999999999
2024,Las Vegas,22,"{'Sakhir': 'Street', 'Jeddah': 'Street', 'Melbourne': 'Street', 'Suzuka': 'Permanent', 'Shanghai': 'Permanent', 'Miami': 'Street', 'Imola': 'Permanent', 'Monte Carlo': 'Street', 'Montreal': 'Street', 'Catalunya': 'Permanent', 'Spielberg': 'Permanent', 'Silverstone': 'Permanent', 'Hungaroring': 'Permanent', 'Spa-Francorchamps': 'Permanent', 'Zandvoort': 'Permanent', 'Monza': 'Permanent', 'Baku': 'Street', 'Singapore': 'Street', 'Austin': 'Permanent', 'Mexico City': 'Permanent', 'Interlagos': 'Permanent', 'lusail': 'Street'}",Williams,ALB,1,MEDIUM,2,9,8,True,100.77449999999999,98.803,2.1069999999999993,0.09104761904761897,62.053645800157845,219.05473338164143,361.0,65.0,8,1.0,0.58925,
2024,Las Vegas,22,"{'Sakhir': 'Street', 'Jeddah': 'Street', 'Melbourne': 'Street', 'Suzuka': 'Permanent', 'Shanghai': 'Permanent', 'Miami': 'Street', 'Imola': 'Permanent', 'Monte Carlo': 'Street', 'Montreal': 'Street', 'Catalunya': 'Permanent', 'Spielberg': 'Permanent', 'Silverstone': 'Permanent', 'Hungaroring': 'Permanent', 'Spa-Francorchamps': 'Permanent', 'Zandvoort': 'Permanent', 'Monza': 'Permanent', 'Baku': 'Street', 'Singapore': 'Street', 'Austin': 'Permanent', 'Mexico City': 'Permanent', 'Interlagos': 'Permanent', 'lusail': 'Street'}",Williams,ALB,2,HARD,10,25,16,False,100.79237499999999,98.008,-7.667999999999992,-0.15310882352941038,63.70406817652919,219.0113030140484,369.0,0.0,9,0.5625,2.505375,102.84471428571429
2024,Las Vegas,22,"{'Sakhir': 'Street', 'Jeddah': 'Street', 'Melbourne': 'Street', 'Suzuka': 'Permanent', 'Shanghai': 'Permanent', 'Miami': 'Street', 'Imola': 'Permanent', 'Monte Carlo': 'Street', 'Montreal': 'Street', 'Catalunya': 'Permanent', 'Spielberg': 'Permanent', 'Silverstone': 'Permanent', 'Hungaroring': 'Permanent', 'Spa-Francorchamps': 'Permanent', 'Zandvoort': 'Permanent', 'Monza': 'Permanent', 'Baku': 'Street', 'Singapore': 'Street', 'Austin': 'Permanent', 'Mexico City': 'Permanent', 'Interlagos': 'Permanent', 'lusail': 'Street'}",Williams,COL,1,HARD,2,16,15,True,101.17326666666666,99.204,4.019999999999996,0.23956071428571435,60.25482193780553,218.18581706986933,363.0,67.0,15,1.0,0.7337333333333335,
2024,Las Vegas,22,"{'Sakhir': 'Street', 'Jeddah': 'Street', 'Melbourne': 'Street', 'Suzuka': 'Permanent', 'Shanghai': 'Permanent', 'Miami': 'Street', 'Imola': 'Permanent', 'Monte Carlo': 'Street', 'Montreal': 'Street', 'Catalunya': 'Permanent', 'Spielberg': 'Permanent', 'Silverstone': 'Permanent', 'Hungaroring': 'Permanent', 'Spa-Francorchamps': 'Permanent', 'Zandvoort': 'Permanent', 'Monza': 'Permanent', 'Baku': 'Street', 'Singapore': 'Street', 'Austin': 'Permanent', 'Mexico City': 'Permanent', 'Interlagos': 'Permanent', 'lusail': 'Street'}",Williams,COL,2,MEDIUM,17,26,10,True,100.47780000000002,97.866,-12.930999999999997,-0.7914666666666688,64.020530026506,220.2755744094831,343.0,0.0,2,0.2,3.9823999999999997,100.52350000000001
2024,Las Vegas,22,"{'Sakhir': 'Street', 'Jeddah': 'Street', 'Melbourne': 'Street', 'Suzuka': 'Permanent', 'Shanghai': 'Permanent', 'Miami': 'Street', 'Imola': 'Permanent', 'Monte Carlo': 'Street', 'Montreal': 'Street', 'Catalunya': 'Permanent', 'Spielberg': 'Permanent', 'Silverstone': 'Permanent', 'Hungaroring': 'Permanent', 'Spa-Francorchamps': 'Permanent', 'Zandvoort': 'Permanent', 'Monza': 'Permanent', 'Baku': 'Street', 'Singapore': 'Street', 'Austin': 'Permanent', 'Mexico City': 'Permanent', 'Interlagos': 'Permanent', 'lusail': 'Street'}",Williams,COL,3,HARD,27,50,24,False,98.46416666666669,96.867,-12.571000000000012,-0.1566156521739122,65.08846138295087,224.42641802064352,357.0,0.0,17,0.7083333333333334,2.1602916666666667,99.75114285714287
2024,Lusail,23,"{'Sakhir': 'Street', 'Jeddah': 'Street', 'Melbourne': 'Street', 'Suzuka': 'Permanent', 'Shanghai': 'Permanent', 'Miami': 'Street', 'Imola': 'Permanent', 'Monte Carlo': 'Street', 'Montreal': 'Street', 'Catalunya': 'Permanent', 'Spielberg': 'Permanent', 'Silverstone': 'Permanent', 'Hungaroring': 'Permanent', 'Spa-Francorchamps': 'Permanent', 'Zandvoort': 'Permanent', 'Monza': 'Permanent', 'Baku': 'Street', 'Singapore': 'Street', 'Austin': 'Permanent', 'Mexico City': 'Permanent', 'Interlagos': 'Permanent', 'lusail': 'Street'}",Alpine,GAS,1,MEDIUM,2,35,34,True,92.08823529411765,85.122,-32.30999999999999,-0.7057121466768526,68.99132396590004,210.27148498429437,332.0,30.0,27,0.7941176470588235,3.4640000000000004,89.10714285714285
2024,Lusail,23,"{'Sakhir': 'Street', 'Jeddah': 'Street', 'Melbourne': 'Street', 'Suzuka': 'Permanent', 'Shanghai': 'Permanent', 'Miami': 'Street', 'Imola': 'Permanent', 'Monte Carlo': 'Street', 'Montreal': 'Street', 'Catalunya': 'Permanent', 'Spielberg': 'Permanent', 'Silverstone': 'Permanent', 'Hungaroring': 'Permanent', 'Spa-Francorchamps': 'Permanent', 'Zandvoort': 'Permanent', 'Monza': 'Permanent', 'Baku': 'Street', 'Singapore': 'Street', 'Austin': 'Permanent', 'Mexico City': 'Permanent', 'Interlagos': 'Permanent', 'lusail': 'Street'}",Alpine,GAS,2,HARD,36,36,1,True,142.16,142.16,0.0,0.0,55.98308516895852,136.19453278974345,261.0,0.0,0,0.0,23.901,142.16
2024,Lusail,23,"{'Sakhir': 'Street', 'Jeddah': 'Street', 'Melbourne': 'Street', 'Suzuka': 'Permanent', 'Shanghai': 'Permanent', 'Miami': 'Street', 'Imola': 'Permanent', 'Monte Carlo': 'Street', 'Montreal': 'Street', 'Catalunya': 'Permanent', 'Spielberg': 'Permanent', 'Silverstone': 'Permanent', 'Hungaroring': 'Permanent', 'Spa-Francorchamps': 'Permanent', 'Zandvoort': 'Permanent', 'Monza': 'Permanent', 'Baku': 'Street', 'Singapore': 'Street', 'Austin': 'Permanent', 'Mexico City': 'Permanent', 'Interlagos': 'Permanent', 'lusail': 'Street'}",Alpine,GAS,3,HARD,37,37,1,True,141.304,141.304,0.0,0.0,52.436663630354666,136.77412323152512,262.0,47.2055552,0,0.0,3.424,141.304
2024,Lusail,23,"{'Sakhir': 'Street', 'Jeddah': 'Street', 'Melbourne': 'Street', 'Suzuka': 'Permanent', 'Shanghai': 'Permanent', 'Miami': 'Street', 'Imola': 'Permanent', 'Monte Carlo': 'Street', 'Montreal': 'Street', 'Catalunya': 'Permanent', 'Spielberg': 'Permanent', 'Silverstone': 'Permanent', 'Hungaroring': 'Permanent', 'Spa-Francorchamps': 'Permanent', 'Zandvoort': 'Permanent', 'Monza': 'Permanent', 'Baku': 'Street', 'Singapore': 'Street', 'Austin': 'Permanent', 'Mexico City': 'Permanent', 'Interlagos': 'Permanent', 'lusail': 'Street'}",Alpine,GAS,4,HARD,38,57,20,False,96.83644999999999,83.705,-62.650999999999996,-2.8875375939849675,66.26199392982929,200.60280555652622,310.0,37.0,9,0.45,3.4431999999999996,83.98981818181818
2024,Lusail,23,"{'Sakhir': 'Street', 'Jeddah': 'Street', 'Melbourne': 'Street', 'Suzuka': 'Permanent', 'Shanghai': 'Permanent', 'Miami': 'Street', 'Imola': 'Permanent', 'Monte Carlo': 'Street', 'Montreal': 'Street', 'Catalunya': 'Permanent', 'Spielberg': 'Permanent', 'Silverstone': 'Permanent', 'Hungaroring': 'Permanent', 'Spa-Francorchamps': 'Permanent', 'Zandvoort': 'Permanent', 'Monza': 'Permanent', 'Baku': 'Street', 'Singapore': 'Street', 'Austin': 'Permanent', 'Mexico City': 'Permanent', 'Interlagos': 'Permanent', 'lusail': 'Street'}",Aston Martin,ALO,1,MEDIUM,2,35,34,True,92.62411764705884,85.649,-27.38600000000001,-0.7051113827349118,63.579960651247895,208.7426744956171,332.0,51.0,27,0.7941176470588235,1.85846875,86.06628571428571
2024,Lusail,23,"{'Sakhir': 'Street', 'Jeddah': 'Street', 'Melbourne': 'Street', 'Suzuka': 'Permanent', 'Shanghai': 'Permanent', 'Miami': 'Street', 'Imola': 'Permanent', 'Monte Carlo': 'Street', 'Montreal': 'Street', 'Catalunya': 'Permanent', 'Spielberg': 'Permanent', 'Silverstone': 'Permanent', 'Hungaroring': 'Permanent', 'Spa-Francorchamps': 'Permanent', 'Zandvoort': 'Permanent', 'Monza': 'Permanent', 'Baku': 'Street', 'Singapore': 'Street', 'Austin': 'Permanent', 'Mexico City': 'Permanent', 'Interlagos': 'Permanent', 'lusail': 'Street'}",Aston Martin,ALO,2,HARD,36,36,1,True,146.362,146.362,0.0,0.0,39.29800410461348,131.82745856262986,271.0,0.0,1,1.0,1.257,
2024,Lusail,23,"{'Sakhir': 'Street', 'Jeddah': 'Street', 'Melbourne': 'Street', 'Suzuka': 'Permanent', 'Shanghai': 'Permanent', 'Miami': 'Street', 'Imola': 'Permanent', 'Monte Carlo': 'Street', 'Montreal': 'Street', 'Catalunya': 'Permanent', 'Spielberg': 'Permanent', 'Silverstone': 'Permanent', 'Hungaroring': 'Permanent', 'Spa-Francorchamps': 'Permanent', 'Zandvoort': 'Permanent', 'Monza': 'Permanent', 'Baku': 'Street', 'Singapore': 'Street', 'Austin': 'Permanent', 'Mexico City': 'Permanent', 'Interlagos': 'Permanent', 'lusail': 'Street'}",Aston Martin,ALO,3,MEDIUM,37,37,1,True,135.542,135.542,0.0,0.0,43.745036575437425,142.30917774370664,277.0,0.0,0,0.0,6.161,135.542
2024,Lusail,23,"{'Sakhir': 'Street', 'Jeddah': 'Street', 'Melbourne': 'Street', 'Suzuka': 'Permanent', 'Shanghai': 'Permanent', 'Miami': 'Street', 'Imola': 'Permanent', 'Monte Carlo': 'Street', 'Montreal': 'Street', 'Catalunya': 'Permanent', 'Spielberg': 'Permanent', 'Silverstone': 'Permanent', 'Hungaroring': 'Permanent', 'Spa-Francorchamps': 'Permanent', 'Zandvoort': 'Permanent', 'Monza': 'Permanent', 'Baku': 'Street', 'Singapore': 'Street', 'Austin': 'Permanent', 'Mexico City': 'Permanent', 'Interlagos': 'Permanent', 'lusail': 'Street'}",Aston Martin,ALO,4,MEDIUM,38,57,20,False,96.5447,83.667,-60.803,-2.7973624060150404,61.629236305347604,200.5995807818279,330.0,33.0,19,0.95,1.7964000000000002,144.47
2024,Lusail,23,"{'Sakhir': 'Street', 'Jeddah': 'Street', 'Melbourne': 'Street', 'Suzuka': 'Permanent', 'Shanghai': 'Permanent', 'Miami': 'Street', 'Imola': 'Permanent', 'Monte Carlo': 'Street', 'Montreal': 'Street', 'Catalunya': 'Permanent', 'Spielberg': 'Permanent', 'Silverstone': 'Permanent', 'Hungaroring': 'Permanent', 'Spa-Francorchamps': 'Permanent', 'Zandvoort': 'Permanent', 'Monza': 'Permanent', 'Baku': 'Street', 'Singapore': 'Street', 'Austin': 'Permanent', 'Mexico City': 'Permanent', 'Interlagos': 'Permanent', 'lusail': 'Street'}",Aston Martin,STR,2,HARD,2,7,6,True,115.65116666666667,90.935,-50.76899999999999,-12.210771428571457,47.61555637698026,167.2202243058684,302.0,0.0,5,0.8333333333333334,3.3113333333333337,147.099
2024,Lusail,23,"{'Sakhir': 'Street', 'Jeddah': 'Street', 'Melbourne': 'Street', 'Suzuka': 'Permanent', 'Shanghai': 'Permanent', 'Miami': 'Street', 'Imola': 'Permanent', 'Monte Carlo': 'Street', 'Montreal': 'Street', 'Catalunya': 'Permanent', 'Spielberg': 'Permanent', 'Silverstone': 'Permanent', 'Hungaroring': 'Permanent', 'Spa-Francorchamps': 'Permanent', 'Zandvoort': 'Permanent', 'Monza': 'Permanent', 'Baku': 'Street', 'Singapore': 'Street', 'Austin': 'Permanent', 'Mexico City': 'Permanent', 'Interlagos': 'Permanent', 'lusail': 'Street'}",Aston Martin,STR,3,HARD,8,8,1,False,140.862,140.862,0.0,0.0,37.626181156993,137.55934426984302,277.0,0.0,0,0.0,46.286,140.862
2024,Lusail,23,"{'Sakhir': 'Street', 'Jeddah': 'Street', 'Melbourne': 'Street', 'Suzuka': 'Permanent', 'Shanghai': 'Permanent', 'Miami': 'Street', 'Imola': 'Permanent', 'Monte Carlo': 'Street', 'Montreal': 'Street', 'Catalunya': 'Permanent', 'Spielberg': 'Permanent', 'Silverstone': 'Permanent', 'Hungaroring': 'Permanent', 'Spa-Francorchamps': 'Permanent', 'Zandvoort': 'Permanent', 'Monza': 'Permanent', 'Baku': 'Street', 'Singapore': 'Street', 'Austin': 'Permanent', 'Mexico City': 'Permanent', 'Interlagos': 'Permanent', 'lusail': 'Street'}",Ferrari,LEC,1,MEDIUM,2,35,34,True,91.10126470588234,84.653,-43.55999999999999,-0.8103078686019847,72.0061986086572,212.72071697336872,311.0,53.0,26,0.7647058823529411,2.406529411764706,87.628125
2024,Lusail,23,"{'Sakhir': 'Street', 'Jeddah': 'Street', 'Melbourne': 'Street', 'Suzuka': 'Permanent', 'Shanghai': 'Permanent', 'Miami': 'Street', 'Imola': 'Permanent', 'Monte Carlo': 'Street', 'Montreal': 'Street', 'Catalunya': 'Permanent', 'Spielberg': 'Permanent', 'Silverstone': 'Permanent', 'Hungaroring': 'Permanent', 'Spa-Francorchamps': 'Permanent', 'Zandvoort': 'Permanent', 'Monza': 'Permanent', 'Baku': 'Street', 'Singapore': 'Street', 'Austin': 'Permanent', 'Mexico City': 'Permanent', 'Interlagos': 'Permanent', 'lusail': 'Street'}",Ferrari,LEC,2,HARD,36,36,1,True,157.723,157.723,0.0,0.0,43.08356371409965,122.14687558496423,254.0,0.0,0,0.0,9.762,157.723
2024,Lusail,23,"{'Sakhir': 'Street', 'Jeddah': 'Street', 'Melbourne': 'Street', 'Suzuka': 'Permanent', 'Shanghai': 'Permanent', 'Miami': 'Street', 'Imola': 'Permanent', 'Monte Carlo': 'Street', 'Montreal': 'Street', 'Catalunya': 'Permanent', 'Spielberg': 'Permanent', 'Silverstone': 'Permanent', 'Hungaroring': 'Permanent', 'Spa-Francorchamps': 'Permanent', 'Zandvoort': 'Permanent', 'Monza': 'Permanent', 'Baku': 'Street', 'Singapore': 'Street', 'Austin': 'Permanent', 'Mexico City': 'Permanent', 'Interlagos': 'Permanent', 'lusail': 'Street'}",Ferrari,LEC,3,HARD,37,37,1,True,166.965,166.965,0.0,0.0,34.07271545511739,115.66744766422123,242.0,41.0,1,1.0,1.973,
2024,Lusail,23,"{'Sakhir': 'Street', 'Jeddah': 'Street', 'Melbourne': 'Street', 'Suzuka': 'Permanent', 'Shanghai': 'Permanent', 'Miami': 'Street', 'Imola': 'Permanent', 'Monte Carlo': 'Street', 'Montreal': 'Street', 'Catalunya': 'Permanent', 'Spielberg': 'Permanent', 'Silverstone': 'Permanent', 'Hungaroring': 'Permanent', 'Spa-Francorchamps': 'Permanent', 'Zandvoort': 'Permanent', 'Monza': 'Permanent', 'Baku': 'Street', 'Singapore': 'Street', 'Austin': 'Permanent', 'Mexico City': 'Permanent', 'Interlagos': 'Permanent', 'lusail': 'Street'}",Ferrari,LEC,4,HARD,38,57,20,False,96.58919999999999,83.242,-64.791,-2.9526496240601507,67.63996793810048,201.00135191275137,314.0,43.0,8,0.4,3.5011999999999994,83.50858333333333
2024,Lusail,23,"{'Sakhir': 'Street', 'Jeddah': 'Street', 'Melbourne': 'Street', 'Suzuka': 'Permanent', 'Shanghai': 'Permanent', 'Miami': 'Street', 'Imola': 'Permanent', 'Monte Carlo': 'Street', 'Montreal': 'Street', 'Catalunya': 'Permanent', 'Spielberg': 'Permanent', 'Silverstone': 'Permanent', 'Hungaroring': 'Permanent', 'Spa-Francorchamps': 'Permanent', 'Zandvoort': 'Permanent', 'Monza': 'Permanent', 'Baku': 'Street', 'Singapore': 'Street', 'Austin': 'Permanent', 'Mexico City': 'Permanent', 'Interlagos': 'Permanent', 'lusail': 'Street'}",Ferrari,SAI,1,MEDIUM,2,34,33,True,91.65690909090908,84.802,-35.61099999999999,-0.795756350267378,69.49710197713758,211.57186497039558,322.0,45.0,22,0.6666666666666666,2.3733125,87.3009090909091
2024,Lusail,23,"{'Sakhir': 'Street', 'Jeddah': 'Street', 'Melbourne': 'Street', 'Suzuka': 'Permanent', 'Shanghai': 'Permanent', 'Miami': 'Street', 'Imola': 'Permanent', 'Monte Carlo': 'Street', 'Montreal': 'Street', 'Catalunya': 'Permanent', 'Spielberg': 'Permanent', 'Silverstone': 'Permanent', 'Hungaroring': 'Permanent', 'Spa-Francorchamps': 'Permanent', 'Zandvoort': 'Permanent', 'Monza': 'Permanent', 'Baku': 'Street', 'Singapore': 'Street', 'Austin': 'Permanent', 'Mexico City': 'Permanent', 'Interlagos': 'Permanent', 'lusail': 'Street'}",Ferrari,SAI,2,HARD,35,36,2,True,135.8365,123.309,-25.055000000000007,-25.055000000000028,45.09357744772782,142.6291661543306,281.0,0.0,1,0.5,10.5745,148.364
2024,Lusail,23,"{'Sakhir': 'Street', 'Jeddah': 'Street', 'Melbourne': 'Street', 'Suzuka': 'Permanent', 'Shanghai': 'Permanent', 'Miami': 'Street', 'Imola': 'Permanent', 'Monte Carlo': 'Street', 'Montreal': 'Street', 'Catalunya': 'Permanent', 'Spielberg': 'Permanent', 'Silverstone': 'Permanent', 'Hungaroring': 'Permanent', 'Spa-Francorchamps': 'Permanent', 'Zandvoort': 'Permanent', 'Monza': 'Permanent', 'Baku': 'Street', 'Singapore': 'Street', 'Austin': 'Permanent', 'Mexico City': 'Permanent', 'Interlagos': 'Permanent', 'lusail': 'Street'}",Ferrari,SAI,3,HARD,37,37,1,True,133.402,133.402,0.0,0.0,49.62097878916949,146.76215314807018,259.0,46.0,0,0.0,3.837,133.402
2024,Lusail,23,"{'Sakhir': 'Street', 'Jeddah': 'Street', 'Melbourne': 'Street', 'Suzuka': 'Permanent', 'Shanghai': 'Permanent', 'Miami': 'Street', 'Imola': 'Permanent', 'Monte Carlo': 'Street', 'Montreal': 'Street', 'Catalunya': 'Permanent', 'Spielberg': 'Permanent', 'Silverstone': 'Permanent', 'Hungaroring': 'Permanent', 'Spa-Francorchamps': 'Permanent', 'Zandvoort': 'Permanent', 'Monza': 'Permanent', 'Baku': 'Street', 'Singapore': 'Street', 'Austin': 'Permanent', 'Mexico City': 'Permanent', 'Interlagos': 'Permanent', 'lusail': 'Street'}",Ferrari,SAI,4,HARD,38,57,20,False,96.6826,83.465,-62.82499999999999,-2.8545443609022563,64.79035658445693,200.89916055314492,331.0,34.0,19,0.95,0.8814736842105262,84.17
2024,Lusail,23,"{'Sakhir': 'Street', 'Jeddah': 'Street', 'Melbourne': 'Street', 'Suzuka': 'Permanent', 'Shanghai': 'Permanent', 'Miami': 'Street', 'Imola': 'Permanent', 'Monte Carlo': 'Street', 'Montreal': 'Street', 'Catalunya': 'Permanent', 'Spielberg': 'Permanent', 'Silverstone': 'Permanent', 'Hungaroring': 'Permanent', 'Spa-Francorchamps': 'Permanent', 'Zandvoort': 'Permanent', 'Monza': 'Permanent', 'Baku': 'Street', 'Singapore': 'Street', 'Austin': 'Permanent', 'Mexico City': 'Permanent', 'Interlagos': 'Permanent', 'lusail': 'Street'}",Haas,HUL,2,HARD,2,31,30,True,91.8145,86.235,-36.30500000000001,-0.797082313681869,66.33894851452146,210.87759608875842,329.0,0.0,29,0.9666666666666667,2.3195,127.072
2024,Lusail,23,"{'Sakhir': 'Street', 'Jeddah': 'Street', 'Melbourne': 'Street', 'Suzuka': 'Permanent', 'Shanghai': 'Permanent', 'Miami': 'Street', 'Imola': 'Permanent', 'Monte Carlo': 'Street', 'Montreal': 'Street', 'Catalunya': 'Permanent', 'Spielberg': 'Permanent', 'Silverstone': 'Permanent', 'Hungaroring': 'Permanent', 'Spa-Francorchamps': 'Permanent', 'Zandvoort': 'Permanent', 'Monza': 'Permanent', 'Baku': 'Street', 'Singapore': 'Street', 'Austin': 'Permanent', 'Mexico City': 'Permanent', 'Interlagos': 'Permanent', 'lusail': 'Street'}",Haas,HUL,3,MEDIUM,32,36,5,True,104.4442,85.767,9.294000000000011,5.161000000000014,54.578520533657375,185.40490560298755,305.0,0.0,0,0.0,18.187,104.4442
2024,Lusail,23,"{'Sakhir': 'Street', 'Jeddah': 'Street', 'Melbourne': 'Street', 'Suzuka': 'Permanent', 'Shanghai': 'Permanent', 'Miami': 'Street', 'Imola': 'Permanent', 'Monte Carlo': 'Street', 'Montreal': 'Street', 'Catalunya': 'Permanent', 'Spielberg': 'Permanent', 'Silverstone': 'Permanent', 'Hungaroring': 'Permanent', 'Spa-Francorchamps': 'Permanent', 'Zandvoort': 'Permanent', 'Monza': 'Permanent', 'Baku': 'Street', 'Singapore': 'Street', 'Austin': 'Permanent', 'Mexico City': 'Permanent', 'Interlagos': 'Permanent', 'lusail': 'Street'}",Haas,HUL,4,MEDIUM,37,37,1,True,119.627,119.627,0.0,0.0,46.34857205065973,162.49097048195728,289.0,51.0,1,1.0,0.63,
2024,Lusail,23,"{'Sakhir': 'Street', 'Jeddah': 'Street', 'Melbourne': 'Street', 'Suzuka': 'Permanent', 'Shanghai': 'Permanent', 'Miami': 'Street', 'Imola': 'Permanent', 'Monte Carlo': 'Street', 'Montreal': 'Street', 'Catalunya': 'Permanent', 'Spielberg': 'Permanent', 'Silverstone': 'Permanent', 'Hungaroring': 'Permanent', 'Spa-Francorchamps': 'Permanent', 'Zandvoort': 'Permanent', 'Monza': 'Permanent', 'Baku': 'Street', 'Singapore': 'Street', 'Austin': 'Permanent', 'Mexico City': 'Permanent', 'Interlagos': 'Permanent', 'lusail': 'Street'}",Haas,HUL,5,MEDIUM,38,39,2,False,136.477,127.982,-16.99000000000001,-16.990000000000055,40.31399954381252,141.2309887408802,299.0,38.0,2,1.0,1.2585,
2024,Lusail,23,"{'Sakhir': 'Street', 'Jeddah': 'Street', 'Melbourne': 'Street', 'Suzuka': 'Permanent', 'Shanghai': 'Permanent', 'Miami': 'Street', 'Imola': 'Permanent', 'Monte Carlo': 'Street', 'Montreal': 'Street', 'Catalunya': 'Permanent', 'Spielberg': 'Permanent', 'Silverstone': 'Permanent', 'Hungaroring': 'Permanent', 'Spa-Francorchamps': 'Permanent', 'Zandvoort': 'Permanent', 'Monza': 'Permanent', 'Baku': 'Street', 'Singapore': 'Street', 'Austin': 'Permanent', 'Mexico City': 'Permanent', 'Interlagos': 'Permanent', 'lusail': 'Street'}",Haas,MAG,1,MEDIUM,2,27,26,True,93.28753846153849,86.106,-53.29299999999999,-1.2888834188034206,67.32824240651225,207.6205724116128,331.0,29.0,8,0.3076923076923077,6.330879999999999,86.99516666666666
2024,Lusail,23,"{'Sakhir': 'Street', 'Jeddah': 'Street', 'Melbourne': 'Street', 'Suzuka': 'Permanent', 'Shanghai': 'Permanent', 'Miami': 'Street', 'Imola': 'Permanent', 'Monte Carlo': 'Street', 'Montreal': 'Street', 'Catalunya': 'Permanent', 'Spielberg': 'Permanent', 'Silverstone': 'Permanent', 'Hungaroring': 'Permanent', 'Spa-Francorchamps': 'Permanent', 'Zandvoort': 'Permanent', 'Monza': 'Permanent', 'Baku': 'Street', 'Singapore': 'Street', 'Austin': 'Permanent', 'Mexico City': 'Permanent', 'Interlagos': 'Permanent', 'lusail': 'Street'}",Haas,MAG,2,HARD,28,36,9,True,96.57944444444443,85.307,16.673000000000002,2.8823666666666585,63.74559534380889,200.54867317154944,309.0,0.0,4,0.4444444444444444,3.252666666666667,98.194
2024,Lusail,23,"{'Sakhir': 'Street', 'Jeddah': 'Street', 'Melbourne': 'Street', 'Suzuka': 'Permanent', 'Shanghai': 'Permanent', 'Miami': 'Street', 'Imola': 'Permanent', 'Monte Carlo': 'Street', 'Montreal': 'Street', 'Catalunya': 'Permanent', 'Spielberg': 'Permanent', 'Silverstone': 'Permanent', 'Hungaroring': 'Permanent', 'Spa-Francorchamps': 'Permanent', 'Zandvoort': 'Permanent', 'Monza': 'Permanent', 'Baku': 'Street', 'Singapore': 'Street', 'Austin': 'Permanent', 'Mexico City': 'Permanent', 'Interlagos': 'Permanent', 'lusail': 'Street'}",Haas,MAG,3,HARD,37,37,1,True,130.074,130.074,0.0,0.0,49.746119693693124,148.4666019005463,267.0,53.0,1,1.0,0.888,
2024,Lusail,23,"{'Sakhir': 'Street', 'Jeddah': 'Street', 'Melbourne': 'Street', 'Suzuka': 'Permanent', 'Shanghai': 'Permanent', 'Miami': 'Street', 'Imola': 'Permanent', 'Monte Carlo': 'Street', 'Montreal': 'Street', 'Catalunya': 'Permanent', 'Spielberg': 'Permanent', 'Silverstone': 'Permanent', 'Hungaroring': 'Permanent', 'Spa-Francorchamps': 'Permanent', 'Zandvoort': 'Permanent', 'Monza': 'Permanent', 'Baku': 'Street', 'Singapore': 'Street', 'Austin': 'Permanent', 'Mexico City': 'Permanent', 'Interlagos': 'Permanent', 'lusail': 'Street'}",Haas,MAG,4,HARD,38,57,20,False,97.14075,84.259,-61.94900000000001,-2.785802255639098,63.9761593902235,199.6432044835154,334.0,32.0,11,0.55,2.6572,84.56422222222221
2024,Lusail,23,"{'Sakhir': 'Street', 'Jeddah': 'Street', 'Melbourne': 'Street', 'Suzuka': 'Permanent', 'Shanghai': 'Permanent', 'Miami': 'Street', 'Imola': 'Permanent', 'Monte Carlo': 'Street', 'Montreal': 'Street', 'Catalunya': 'Permanent', 'Spielberg': 'Permanent', 'Silverstone': 'Permanent', 'Hungaroring': 'Permanent', 'Spa-Francorchamps': 'Permanent', 'Zandvoort': 'Permanent', 'Monza': 'Permanent', 'Baku': 'Street', 'Singapore': 'Street', 'Austin': 'Permanent', 'Mexico City': 'Permanent', 'Interlagos': 'Permanent', 'lusail': 'Street'}",McLaren,NOR,1,MEDIUM,2,35,34,True,90.74249999999999,84.537,-47.626000000000005,-0.8317715813598161,67.87112886102226,213.4987536049343,324.0,43.0,34,1.0,1.891029411764706,
2024,Lusail,23,"{'Sakhir': 'Street', 'Jeddah': 'Street', 'Melbourne': 'Street', 'Suzuka': 'Permanent', 'Shanghai': 'Permanent', 'Miami': 'Street', 'Imola': 'Permanent', 'Monte Carlo': 'Street', 'Montreal': 'Street', 'Catalunya': 'Permanent', 'Spielberg': 'Permanent', 'Silverstone': 'Permanent', 'Hungaroring': 'Permanent', 'Spa-Francorchamps': 'Permanent', 'Zandvoort': 'Permanent', 'Monza': 'Permanent', 'Baku': 'Street', 'Singapore': 'Street', 'Austin': 'Permanent', 'Mexico City': 'Permanent', 'Interlagos': 'Permanent', 'lusail': 'Street'}",McLaren,NOR,2,HARD,36,36,1,True,170.429,170.429,0.0,0.0,30.386290686666065,113.78192282552597,253.0,0.0,0,0.0,3.025,170.429
2024,Lusail,23,"{'Sakhir': 'Street', 'Jeddah': 'Street', 'Melbourne': 'Street', 'Suzuka': 'Permanent', 'Shanghai': 'Permanent', 'Miami': 'Street', 'Imola': 'Permanent', 'Monte Carlo': 'Street', 'Montreal': 'Street', 'Catalunya': 'Permanent', 'Spielberg': 'Permanent', 'Silverstone': 'Permanent', 'Hungaroring': 'Permanent', 'Spa-Francorchamps': 'Permanent', 'Zandvoort': 'Permanent', 'Monza': 'Permanent', 'Baku': 'Street', 'Singapore': 'Street', 'Austin': 'Permanent', 'Mexico City': 'Permanent', 'Interlagos': 'Permanent', 'lusail': 'Street'}",McLaren,NOR,3,HARD,37,37,1,True,167.29,167.29,0.0,0.0,28.143559908446168,116.00183725307552,238.0,0.0,1,1.0,1.722,
2024,Lusail,23,"{'Sakhir': 'Street', 'Jeddah': 'Street', 'Melbourne': 'Street', 'Suzuka': 'Permanent', 'Shanghai': 'Permanent', 'Miami': 'Street', 'Imola': 'Permanent', 'Monte Carlo': 'Street', 'Montreal': 'Street', 'Catalunya': 'Permanent', 'Spielberg': 'Permanent', 'Silverstone': 'Permanent', 'Hungaroring': 'Permanent', 'Spa-Francorchamps': 'Permanent', 'Zandvoort': 'Permanent', 'Monza': 'Permanent', 'Baku': 'Street', 'Singapore': 'Street', 'Austin': 'Permanent', 'Mexico City': 'Permanent', 'Interlagos': 'Permanent', 'lusail': 'Street'}",McLaren,NOR,4,HARD,38,45,8,True,116.798125,83.473,-61.49600000000001,-9.167416666666659,49.72112715185727,166.59430127849055,324.0,36.645455127272726,8,1.0,0.849875,
2024,Lusail,23,"{'Sakhir': 'Street', 'Jeddah': 'Street', 'Melbourne': 'Street', 'Suzuka': 'Permanent', 'Shanghai': 'Permanent', 'Miami': 'Street', 'Imola': 'Permanent', 'Monte Carlo': 'Street', 'Montreal': 'Street', 'Catalunya': 'Permanent', 'Spielberg': 'Permanent', 'Silverstone': 'Permanent', 'Hungaroring': 'Permanent', 'Spa-Francorchamps': 'Permanent', 'Zandvoort': 'Permanent', 'Monza': 'Permanent', 'Baku': 'Street', 'Singapore': 'Street', 'Austin': 'Permanent', 'Mexico City': 'Permanent', 'Interlagos': 'Permanent', 'lusail': 'Street'}",McLaren,NOR,5,HARD,46,57,12,False,85.84175,82.384,-29.406000000000006,-1.1496118881118855,73.29522470744116,225.88692278633812,328.0,0.0,3,0.25,6.923272727272726,86.36488888888887
2024,Lusail,23,"{'Sakhir': 'Street', 'Jeddah': 'Street', 'Melbourne': 'Street', 'Suzuka': 'Permanent', 'Shanghai': 'Permanent', 'Miami': 'Street', 'Imola': 'Permanent', 'Monte Carlo': 'Street', 'Montreal': 'Street', 'Catalunya': 'Permanent', 'Spielberg': 'Permanent', 'Silverstone': 'Permanent', 'Hungaroring': 'Permanent', 'Spa-Francorchamps': 'Permanent', 'Zandvoort': 'Permanent', 'Monza': 'Permanent', 'Baku': 'Street', 'Singapore': 'Street', 'Austin': 'Permanent', 'Mexico City': 'Permanent', 'Interlagos': 'Permanent', 'lusail': 'Street'}",McLaren,PIA,1,MEDIUM,2,34,33,True,90.93784848484849,84.71,-53.57300000000001,-0.8841798128342228,67.72187925373777,213.10135336755124,326.0,50.0,22,0.6666666666666666,3.5671818181818176,85.29754545454546
2024,Lusail,23,"{'Sakhir': 'Street', 'Jeddah': 'Street', 'Melbourne': 'Street', 'Suzuka': 'Permanent', 'Shanghai': 'Permanent', 'Miami': 'Street', 'Imola': 'Permanent', 'Monte Carlo': 'Street', 'Montreal': 'Street', 'Catalunya': 'Permanent', 'Spielberg': 'Permanent', 'Silverstone': 'Permanent', 'Hungaroring': 'Permanent', 'Spa-Francorchamps': 'Permanent', 'Zandvoort': 'Permanent', 'Monza': 'Permanent', 'Baku': 'Street', 'Singapore': 'Street', 'Austin': 'Permanent', 'Mexico City': 'Permanent', 'Interlagos': 'Permanent', 'lusail': 'Street'}",McLaren,PIA,2,HARD,35,36,2,True,127.88199999999999,127.624,0.5159999999999911,0.5159999999999746,37.30265848612264,151.65888172537504,274.0,0.0,0,0.0,10.5465,127.88199999999999
2024,Lusail,23,"{'Sakhir': 'Street', 'Jeddah': 'Street', 'Melbourne': 'Street', 'Suzuka': 'Permanent', 'Shanghai': 'Permanent', 'Miami': 'Street', 'Imola': 'Permanent', 'Monte Carlo': 'Street', 'Montreal': 'Street', 'Catalunya': 'Permanent', 'Spielberg': 'Permanent', 'Silverstone': 'Permanent', 'Hungaroring': 'Permanent', 'Spa-Francorchamps': 'Permanent', 'Zandvoort': 'Permanent', 'Monza': 'Permanent', 'Baku': 'Street', 'Singapore': 'Street', 'Austin': 'Permanent', 'Mexico City': 'Permanent', 'Interlagos': 'Permanent', 'lusail': 'Street'}",McLaren,PIA,3,HARD,37,37,1,True,165.54,165.54,0.0,0.0,27.359908081262883,117.06464523166935,257.0,46.0,1,1.0,1.666,
2024,Lusail,23,"{'Sakhir': 'Street', 'Jeddah': 'Street', 'Melbourne': 'Street', 'Suzuka': 'Permanent', 'Shanghai': 'Permanent', 'Miami': 'Street', 'Imola': 'Permanent', 'Monte Carlo': 'Street', 'Montreal': 'Street', 'Catalunya': 'Permanent', 'Spielberg': 'Permanent', 'Silverstone': 'Permanent', 'Hungaroring': 'Permanent', 'Spa-Francorchamps': 'Permanent', 'Zandvoort': 'Permanent', 'Monza': 'Permanent', 'Baku': 'Street', 'Singapore': 'Street', 'Austin': 'Permanent', 'Mexico City': 'Permanent', 'Interlagos': 'Permanent', 'lusail': 'Street'}",McLaren,PIA,4,HARD,38,57,20,False,96.5688,83.218,-65.039,-2.9581984962406063,62.39439758920821,200.9791458622864,311.0,39.0,20,1.0,1.2079499999999999,
2024,Lusail,23,"{'Sakhir': 'Street', 'Jeddah': 'Street', 'Melbourne': 'Street', 'Suzuka': 'Permanent', 'Shanghai': 'Permanent', 'Miami': 'Street', 'Imola': 'Permanent', 'Monte Carlo': 'Street', 'Montreal': 'Street', 'Catalunya': 'Permanent', 'Spielberg': 'Permanent', 'Silverstone': 'Permanent', 'Hungaroring': 'Permanent', 'Spa-Francorchamps': 'Permanent', 'Zandvoort': 'Permanent', 'Monza': 'Permanent', 'Baku': 'Street', 'Singapore': 'Street', 'Austin': 'Permanent', 'Mexico City': 'Permanent', 'Interlagos': 'Permanent', 'lusail': 'Street'}",Mercedes,HAM,1,MEDIUM,2,34,33,True,92.83648484848484,85.227,-7.248999999999995,-0.6153118315507999,66.77883973471079,208.5467839635677,329.0,36.0,30,0.9090909090909091,1.8397878787878785,102.47566666666667
2024,Lusail,23,"{'Sakhir': 'Street', 'Jeddah': 'Street', 'Melbourne': 'Street', 'Suzuka': 'Permanent', 'Shanghai': 'Permanent', 'Miami': 'Street', 'Imola': 'Permanent', 'Monte Carlo': 'Street', 'Montreal': 'Street', 'Catalunya': 'Permanent', 'Spielberg': 'Permanent', 'Silverstone': 'Permanent', 'Hungaroring': 'Permanent', 'Spa-Francorchamps': 'Permanent', 'Zandvoort': 'Permanent', 'Monza': 'Permanent', 'Baku': 'Street', 'Singapore': 'Street', 'Austin': 'Permanent', 'Mexico City': 'Permanent', 'Interlagos': 'Permanent', 'lusail': 'Street'}",Mercedes,HAM,2,HARD,35,35,1,True,177.756,177.756,0.0,0.0,30.62051718404007,108.89634422024285,250.0,0.0,0,0.0,11.948,177.756
2024,Lusail,23,"{'Sakhir': 'Street', 'Jeddah': 'Street', 'Melbourne': 'Street', 'Suzuka': 'Permanent', 'Shanghai': 'Permanent', 'Miami': 'Street', 'Imola': 'Permanent', 'Monte Carlo': 'Street', 'Montreal': 'Street', 'Catalunya': 'Permanent', 'Spielberg': 'Permanent', 'Silverstone': 'Permanent', 'Hungaroring': 'Permanent', 'Spa-Francorchamps': 'Permanent', 'Zandvoort': 'Permanent', 'Monza': 'Permanent', 'Baku': 'Street', 'Singapore': 'Street', 'Austin': 'Permanent', 'Mexico City': 'Permanent', 'Interlagos': 'Permanent', 'lusail': 'Street'}",Mercedes,HAM,3,HARD,36,36,1,True,169.975,169.975,0.0,0.0,36.39507823188228,114.25604253404592,192.0,38.0,0,0.0,60.613,169.975
2024,Lusail,23,"{'Sakhir': 'Street', 'Jeddah': 'Street', 'Melbourne': 'Street', 'Suzuka': 'Permanent', 'Shanghai': 'Permanent', 'Miami': 'Street', 'Imola': 'Permanent', 'Monte Carlo': 'Street', 'Montreal': 'Street', 'Catalunya': 'Permanent', 'Spielberg': 'Permanent', 'Silverstone': 'Permanent', 'Hungaroring': 'Permanent', 'Spa-Francorchamps': 'Permanent', 'Zandvoort': 'Permanent', 'Monza': 'Permanent', 'Baku': 'Street', 'Singapore': 'Street', 'Austin': 'Permanent', 'Mexico City': 'Permanent', 'Interlagos': 'Permanent', 'lusail': 'Street'}",Mercedes,HAM,4,HARD,37,47,11,True,101.84736363636365,84.726,-30.927000000000007,-2.5691636363636325,60.4205023029542,190.48498083935786,336.0,42.0,8,0.7272727272727273,14.783636363636363,99.88433333333334
2024,Lusail,23,"{'Sakhir': 'Street', 'Jeddah': 'Street', 'Melbourne': 'Street', 'Suzuka': 'Permanent', 'Shanghai': 'Permanent', 'Miami': 'Street', 'Imola': 'Permanent', 'Monte Carlo': 'Street', 'Montreal': 'Street', 'Catalunya': 'Permanent', 'Spielberg': 'Permanent', 'Silverstone': 'Permanent', 'Hungaroring': 'Permanent', 'Spa-Francorchamps': 'Permanent', 'Zandvoort': 'Permanent', 'Monza': 'Permanent', 'Baku': 'Street', 'Singapore': 'Street', 'Austin': 'Permanent', 'Mexico City': 'Permanent', 'Interlagos': 'Permanent', 'lusail': 'Street'}",Mercedes,HAM,5,HARD,48,57,10,False,86.551,83.865,-17.323999999999998,-0.9421454545454481,73.66915911950035,222.75101695188334,337.0,79.0,3,0.3,6.450399999999999,87.16242857142858
2024,Lusail,23,"{'Sakhir': 'Street', 'Jeddah': 'Street', 'Melbourne': 'Street', 'Suzuka': 'Permanent', 'Shanghai': 'Permanent', 'Miami': 'Street', 'Imola': 'Permanent', 'Monte Carlo': 'Street', 'Montreal': 'Street', 'Catalunya': 'Permanent', 'Spielberg': 'Permanent', 'Silverstone': 'Permanent', 'Hungaroring': 'Permanent', 'Spa-Francorchamps': 'Permanent', 'Zandvoort': 'Permanent', 'Monza': 'Permanent', 'Baku': 'Street', 'Singapore': 'Street', 'Austin': 'Permanent', 'Mexico City': 'Permanent', 'Interlagos': 'Permanent', 'lusail': 'Street'}",Mercedes,RUS,1,MEDIUM,2,23,22,True,94.0414090909091,85.546,-51.784000000000006,-1.8228091473743655,65.81164794077439,206.60423586781585,308.0,56.0,14,0.6363636363636364,2.6634545454545453,86.190625
2024,Lusail,23,"{'Sakhir': 'Street', 'Jeddah': 'Street', 'Melbourne': 'Street', 'Suzuka': 'Permanent', 'Shanghai': 'Permanent', 'Miami': 'Street', 'Imola': 'Permanent', 'Monte Carlo': 'Street', 'Montreal': 'Street', 'Catalunya': 'Permanent', 'Spielberg': 'Permanent', 'Silverstone': 'Permanent', 'Hungaroring': 'Permanent', 'Spa-Francorchamps': 'Permanent', 'Zandvoort': 'Permanent', 'Monza': 'Permanent', 'Baku': 'Street', 'Singapore': 'Street', 'Austin': 'Permanent', 'Mexico City': 'Permanent', 'Interlagos': 'Permanent', 'lusail': 'Street'}",Mercedes,RUS,2,HARD,24,35,12,True,90.54,85.498,1.4579999999999984,0.04907692307692674,68.92234281268746,214.34651047142324,330.0,0.0,9,0.75,1.7517272727272726,95.43566666666668
2024,Lusail,23,"{'Sakhir': 'Street', 'Jeddah': 'Street', 'Melbourne': 'Street', 'Suzuka': 'Permanent', 'Shanghai': 'Permanent', 'Miami': 'Street', 'Imola': 'Permanent', 'Monte Carlo': 'Street', 'Montreal': 'Street', 'Catalunya': 'Permanent', 'Spielberg': 'Permanent', 'Silverstone': 'Permanent', 'Hungaroring': 'Permanent', 'Spa-Francorchamps': 'Permanent', 'Zandvoort': 'Permanent', 'Monza': 'Permanent', 'Baku': 'Street', 'Singapore': 'Street', 'Austin': 'Permanent', 'Mexico City': 'Permanent', 'Interlagos': 'Permanent', 'lusail': 'Street'}",Mercedes,RUS,3,HARD,36,36,1,True,142.188,142.188,0.0,0.0,47.66055683317939,135.91697592346793,267.0,0.0,0,0.0,5.52,142.188
2024,Lusail,23,"{'Sakhir': 'Street', 'Jeddah': 'Street', 'Melbourne': 'Street', 'Suzuka': 'Permanent', 'Shanghai': 'Permanent', 'Miami': 'Street', 'Imola': 'Permanent', 'Monte Carlo': 'Street', 'Montreal': 'Street', 'Catalunya': 'Permanent', 'Spielberg': 'Permanent', 'Silverstone': 'Permanent', 'Hungaroring': 'Permanent', 'Spa-Francorchamps': 'Permanent', 'Zandvoort': 'Permanent', 'Monza': 'Permanent', 'Baku': 'Street', 'Singapore': 'Street', 'Austin': 'Permanent', 'Mexico City': 'Permanent', 'Interlagos': 'Permanent', 'lusail': 'Street'}",Mercedes,RUS,4,HARD,37,37,1,True,134.784,134.784,0.0,0.0,43.81618168278845,143.5724547789842,273.0,44.0,0,0.0,9.055,134.784
2024,Lusail,23,"{'Sakhir': 'Street', 'Jeddah': 'Street', 'Melbourne': 'Street', 'Suzuka': 'Permanent', 'Shanghai': 'Permanent', 'Miami': 'Street', 'Imola': 'Permanent', 'Monte Carlo': 'Street', 'Montreal': 'Street', 'Catalunya': 'Permanent', 'Spielberg': 'Permanent', 'Silverstone': 'Permanent', 'Hungaroring': 'Permanent', 'Spa-Francorchamps': 'Permanent', 'Zandvoort': 'Permanent', 'Monza': 'Permanent', 'Baku': 'Street', 'Singapore': 'Street', 'Austin': 'Permanent', 'Mexico City': 'Permanent', 'Interlagos': 'Permanent', 'lusail': 'Street'}",Mercedes,RUS,5,HARD,38,57,20,False,96.32165,83.355,-62.90299999999999,-2.8693496240601513,64.07275318617326,201.2297700875777,319.0,33.0,19,0.95,1.3646315789473684,106.275
2024,Lusail,23,"{'Sakhir': 'Street', 'Jeddah': 'Street', 'Melbourne': 'Street', 'Suzuka': 'Permanent', 'Shanghai': 'Permanent', 'Miami': 'Street', 'Imola': 'Permanent', 'Monte Carlo': 'Street', 'Montreal': 'Street', 'Catalunya': 'Permanent', 'Spielberg': 'Permanent', 'Silverstone': 'Permanent', 'Hungaroring': 'Permanent', 'Spa-Francorchamps': 'Permanent', 'Zandvoort': 'Permanent', 'Monza': 'Permanent', 'Baku': 'Street', 'Singapore': 'Street', 'Austin': 'Permanent', 'Mexico City': 'Permanent', 'Interlagos': 'Permanent', 'lusail': 'Street'}",RB,LAW,1,MEDIUM,2,35,34,True,93.1340294117647,86.194,-22.092,-0.6421367456073336,68.86118776971867,207.679910466832,329.0,0.0,27,0.7941176470588235,2.2787812499999998,93.65028571428572
2024,Lusail,23,"{'Sakhir': 'Street', 'Jeddah': 'Street', 'Melbourne': 'Street', 'Suzuka': 'Permanent', 'Shanghai': 'Permanent', 'Miami': 'Street', 'Imola': 'Permanent', 'Monte Carlo': 'Street', 'Montreal': 'Street', 'Catalunya': 'Permanent', 'Spielberg': 'Permanent', 'Silverstone': 'Permanent', 'Hungaroring': 'Permanent', 'Spa-Francorchamps': 'Permanent', 'Zandvoort': 'Permanent', 'Monza': 'Permanent', 'Baku': 'Street', 'Singapore': 'Street', 'Austin': 'Permanent', 'Mexico City': 'Permanent', 'Interlagos': 'Permanent', 'lusail': 'Street'}",RB,LAW,2,HARD,36,36,1,True,159.436,159.436,0.0,0.0,42.599318405583006,121.59557971184275,238.0,0.0,0,0.0,18.281,159.436
2024,Lusail,23,"{'Sakhir': 'Street', 'Jeddah': 'Street', 'Melbourne': 'Street', 'Suzuka': 'Permanent', 'Shanghai': 'Permanent', 'Miami': 'Street', 'Imola': 'Permanent', 'Monte Carlo': 'Street', 'Montreal': 'Street', 'Catalunya': 'Permanent', 'Spielberg': 'Permanent', 'Silverstone': 'Permanent', 'Hungaroring': 'Permanent', 'Spa-Francorchamps': 'Permanent', 'Zandvoort': 'Permanent', 'Monza': 'Permanent', 'Baku': 'Street', 'Singapore': 'Street', 'Austin': 'Permanent', 'Mexico City': 'Permanent', 'Interlagos': 'Permanent', 'lusail': 'Street'}",RB,LAW,3,HARD,37,37,1,True,115.739,115.739,0.0,0.0,64.465496299381,166.84251375507782,256.0,79.0,0,0.0,19.745,115.739
2024,Lusail,23,"{'Sakhir': 'Street', 'Jeddah': 'Street', 'Melbourne': 'Street', 'Suzuka': 'Permanent', 'Shanghai': 'Permanent', 'Miami': 'Street', 'Imola': 'Permanent', 'Monte Carlo': 'Street', 'Montreal': 'Street', 'Catalunya': 'Permanent', 'Spielberg': 'Permanent', 'Silverstone': 'Permanent', 'Hungaroring': 'Permanent', 'Spa-Francorchamps': 'Permanent', 'Zandvoort': 'Permanent', 'Monza': 'Permanent', 'Baku': 'Street', 'Singapore': 'Street', 'Austin': 'Permanent', 'Mexico City': 'Permanent', 'Interlagos': 'Permanent', 'lusail': 'Street'}",RB,LAW,4,HARD,38,40,3,True,126.88233333333334,120.647,-13.649999999999991,-6.825000000000006,48.097474895549034,153.20342121757662,312.0,33.0,2,0.6666666666666666,3.1340000000000003,134.297
2024,Lusail,23,"{'Sakhir': 'Street', 'Jeddah': 'Street', 'Melbourne': 'Street', 'Suzuka': 'Permanent', 'Shanghai': 'Permanent', 'Miami': 'Street', 'Imola': 'Permanent', 'Monte Carlo': 'Street', 'Montreal': 'Street', 'Catalunya': 'Permanent', 'Spielberg': 'Permanent', 'Silverstone': 'Permanent', 'Hungaroring': 'Permanent', 'Spa-Francorchamps': 'Permanent', 'Zandvoort': 'Permanent', 'Monza': 'Permanent', 'Baku': 'Street', 'Singapore': 'Street', 'Austin': 'Permanent', 'Mexico City': 'Permanent', 'Interlagos': 'Permanent', 'lusail': 'Street'}",RB,LAW,5,SOFT,41,57,17,False,92.48641176470588,86.076,-49.394999999999996,-1.6817156862745093,69.50508407621045,209.06991880878405,333.0,0.0,13,0.7647058823529411,2.197764705882353,99.685
2024,Lusail,23,"{'Sakhir': 'Street', 'Jeddah': 'Street', 'Melbourne': 'Street', 'Suzuka': 'Permanent', 'Shanghai': 'Permanent', 'Miami': 'Street', 'Imola': 'Permanent', 'Monte Carlo': 'Street', 'Montreal': 'Street', 'Catalunya': 'Permanent', 'Spielberg': 'Permanent', 'Silverstone': 'Permanent', 'Hungaroring': 'Permanent', 'Spa-Francorchamps': 'Permanent', 'Zandvoort': 'Permanent', 'Monza': 'Permanent', 'Baku': 'Street', 'Singapore': 'Street', 'Austin': 'Permanent', 'Mexico City': 'Permanent', 'Interlagos': 'Permanent', 'lusail': 'Street'}",RB,TSU,1,MEDIUM,2,35,34,True,93.15597058823529,86.33,-21.489000000000004,-0.6334000000000012,68.62092635875287,207.47546702199952,326.0,40.0,23,0.6764705882352942,4.477794117647059,86.61745454545455
2024,Lusail,23,"{'Sakhir': 'Street', 'Jeddah': 'Street', 'Melbourne': 'Street', 'Suzuka': 'Permanent', 'Shanghai': 'Permanent', 'Miami': 'Street', 'Imola': 'Permanent', 'Monte Carlo': 'Street', 'Montreal': 'Street', 'Catalunya': 'Permanent', 'Spielberg': 'Permanent', 'Silverstone': 'Permanent', 'Hungaroring': 'Permanent', 'Spa-Francorchamps': 'Permanent', 'Zandvoort': 'Permanent', 'Monza': 'Permanent', 'Baku': 'Street', 'Singapore': 'Street', 'Austin': 'Permanent', 'Mexico City': 'Permanent', 'Interlagos': 'Permanent', 'lusail': 'Street'}",RB,TSU,2,HARD,36,36,1,True,143.242,143.242,0.0,0.0,50.38350546055901,135.06059561237336,250.0,0.0,0,0.0,15.169,143.242
2024,Lusail,23,"{'Sakhir': 'Street', 'Jeddah': 'Street', 'Melbourne': 'Street', 'Suzuka': 'Permanent', 'Shanghai': 'Permanent', 'Miami': 'Street', 'Imola': 'Permanent', 'Monte Carlo': 'Street', 'Montreal': 'Street', 'Catalunya': 'Permanent', 'Spielberg': 'Permanent', 'Silverstone': 'Permanent', 'Hungaroring': 'Permanent', 'Spa-Francorchamps': 'Permanent', 'Zandvoort': 'Permanent', 'Monza': 'Permanent', 'Baku': 'Street', 'Singapore': 'Street', 'Austin': 'Permanent', 'Mexico City': 'Permanent', 'Interlagos': 'Permanent', 'lusail': 'Street'}",RB,TSU,3,HARD,37,37,1,True,118.996,118.996,0.0,0.0,59.14413711391251,162.95033290844862,264.0,58.585713371428575,0,0.0,8.887,118.996
2024,Lusail,23,"{'Sakhir': 'Street', 'Jeddah': 'Street', 'Melbourne': 'Street', 'Suzuka': 'Permanent', 'Shanghai': 'Permanent', 'Miami': 'Street', 'Imola': 'Permanent', 'Monte Carlo': 'Street', 'Montreal': 'Street', 'Catalunya': 'Permanent', 'Spielberg': 'Permanent', 'Silverstone': 'Permanent', 'Hungaroring': 'Permanent', 'Spa-Francorchamps': 'Permanent', 'Zandvoort': 'Permanent', 'Monza': 'Permanent', 'Baku': 'Street', 'Singapore': 'Street', 'Austin': 'Permanent', 'Mexico City': 'Permanent', 'Interlagos': 'Permanent', 'lusail': 'Street'}",RB,TSU,4,HARD,38,40,3,True,131.92333333333332,119.241,-27.54100000000001,-13.770499999999986,47.49323731369523,147.12481067311043,311.0,30.0,2,0.6666666666666666,2.004,146.782
2024,Lusail,23,"{'Sakhir': 'Street', 'Jeddah': 'Street', 'Melbourne': 'Street', 'Suzuka': 'Permanent', 'Shanghai': 'Permanent', 'Miami': 'Street', 'Imola': 'Permanent', 'Monte Carlo': 'Street', 'Montreal': 'Street', 'Catalunya': 'Permanent', 'Spielberg': 'Permanent', 'Silverstone': 'Permanent', 'Hungaroring': 'Permanent', 'Spa-Francorchamps': 'Permanent', 'Zandvoort': 'Permanent', 'Monza': 'Permanent', 'Baku': 'Street', 'Singapore': 'Street', 'Austin': 'Permanent', 'Mexico City': 'Permanent', 'Interlagos': 'Permanent', 'lusail': 'Street'}",RB,TSU,5,SOFT,41,57,17,False,92.55070588235294,86.144,-47.85300000000001,-1.686360294117642,69.87870481262753,209.30249226750277,329.0,0.0,13,0.7647058823529411,2.981588235294118,99.19675
2024,Lusail,23,"{'Sakhir': 'Street', 'Jeddah': 'Street', 'Melbourne': 'Street', 'Suzuka': 'Permanent', 'Shanghai': 'Permanent', 'Miami': 'Street', 'Imola': 'Permanent', 'Monte Carlo': 'Street', 'Montreal': 'Street', 'Catalunya': 'Permanent', 'Spielberg': 'Permanent', 'Silverstone': 'Permanent', 'Hungaroring': 'Permanent', 'Spa-Francorchamps': 'Permanent', 'Zandvoort': 'Permanent', 'Monza': 'Permanent', 'Baku': 'Street', 'Singapore': 'Street', 'Austin': 'Permanent', 'Mexico City': 'Permanent', 'Interlagos': 'Permanent', 'lusail': 'Street'}",Red Bull,PER,1,MEDIUM,2,35,34,True,91.7934705882353,85.288,-37.072,-0.7463914438502657,68.30156259682214,210.8279421010411,328.0,48.0,11,0.3235294117647059,6.023970588235294,86.7758695652174
2024,Lusail,23,"{'Sakhir': 'Street', 'Jeddah': 'Street', 'Melbourne': 'Street', 'Suzuka': 'Permanent', 'Shanghai': 'Permanent', 'Miami': 'Street', 'Imola': 'Permanent', 'Monte Carlo': 'Street', 'Montreal': 'Street', 'Catalunya': 'Permanent', 'Spielberg': 'Permanent', 'Silverstone': 'Permanent', 'Hungaroring': 'Permanent', 'Spa-Francorchamps': 'Permanent', 'Zandvoort': 'Permanent', 'Monza': 'Permanent', 'Baku': 'Street', 'Singapore': 'Street', 'Austin': 'Permanent', 'Mexico City': 'Permanent', 'Interlagos': 'Permanent', 'lusail': 'Street'}",Red Bull,PER,2,HARD,36,36,1,True,143.642,143.642,0.0,0.0,48.06794372538238,135.02928755455895,253.0,0.0,0,0.0,10.943,143.642
2024,Lusail,23,"{'Sakhir': 'Street', 'Jeddah': 'Street', 'Melbourne': 'Street', 'Suzuka': 'Permanent', 'Shanghai': 'Permanent', 'Miami': 'Street', 'Imola': 'Permanent', 'Monte Carlo': 'Street', 'Montreal': 'Street', 'Catalunya': 'Permanent', 'Spielberg': 'Permanent', 'Silverstone': 'Permanent', 'Hungaroring': 'Permanent', 'Spa-Francorchamps': 'Permanent', 'Zandvoort': 'Permanent', 'Monza': 'Permanent', 'Baku': 'Street', 'Singapore': 'Street', 'Austin': 'Permanent', 'Mexico City': 'Permanent', 'Interlagos': 'Permanent', 'lusail': 'Street'}",Red Bull,PER,3,HARD,37,37,1,True,158.29,158.29,0.0,0.0,39.12762990174584,122.43442580131202,267.0,46.0,1,1.0,1.334,
2024,Lusail,23,"{'Sakhir': 'Street', 'Jeddah': 'Street', 'Melbourne': 'Street', 'Suzuka': 'Permanent', 'Shanghai': 'Permanent', 'Miami': 'Street', 'Imola': 'Permanent', 'Monte Carlo': 'Street', 'Montreal': 'Street', 'Catalunya': 'Permanent', 'Spielberg': 'Permanent', 'Silverstone': 'Permanent', 'Hungaroring': 'Permanent', 'Spa-Francorchamps': 'Permanent', 'Zandvoort': 'Permanent', 'Monza': 'Permanent', 'Baku': 'Street', 'Singapore': 'Street', 'Austin': 'Permanent', 'Mexico City': 'Permanent', 'Interlagos': 'Permanent', 'lusail': 'Street'}",Red Bull,PER,4,HARD,38,38,1,False,147.063,147.063,0.0,0.0,37.72707823852723,132.7652566600012,259.0,48.0,1,1.0,0.714,
2024,Lusail,23,"{'Sakhir': 'Street', 'Jeddah': 'Street', 'Melbourne': 'Street', 'Suzuka': 'Permanent', 'Shanghai': 'Permanent', 'Miami': 'Street', 'Imola': 'Permanent', 'Monte Carlo': 'Street', 'Montreal': 'Street', 'Catalunya': 'Permanent', 'Spielberg': 'Permanent', 'Silverstone': 'Permanent', 'Hungaroring': 'Permanent', 'Spa-Francorchamps': 'Permanent', 'Zandvoort': 'Permanent', 'Monza': 'Permanent', 'Baku': 'Street', 'Singapore': 'Street', 'Austin': 'Permanent', 'Mexico City': 'Permanent', 'Interlagos': 'Permanent', 'lusail': 'Street'}",Red Bull,VER,1,MEDIUM,2,35,34,True,90.69476470588233,84.35,-48.95,-0.8452803666921304,67.60823995245896,213.46098279991395,308.0,51.0,34,1.0,0.0,
2024,Lusail,23,"{'Sakhir': 'Street', 'Jeddah': 'Street', 'Melbourne': 'Street', 'Suzuka': 'Permanent', 'Shanghai': 'Permanent', 'Miami': 'Street', 'Imola': 'Permanent', 'Monte Carlo': 'Street', 'Montreal': 'Street', 'Catalunya': 'Permanent', 'Spielberg': 'Permanent', 'Silverstone': 'Permanent', 'Hungaroring': 'Permanent', 'Spa-Francorchamps': 'Permanent', 'Zandvoort': 'Permanent', 'Monza': 'Permanent', 'Baku': 'Street', 'Singapore': 'Street', 'Austin': 'Permanent', 'Mexico City': 'Permanent', 'Interlagos': 'Permanent', 'lusail': 'Street'}",Red Bull,VER,2,HARD,36,36,1,True,169.155,169.155,0.0,0.0,30.316325152792324,114.26825580627512,255.0,0.0,1,1.0,0.0,
2024,Lusail,23,"{'Sakhir': 'Street', 'Jeddah': 'Street', 'Melbourne': 'Street', 'Suzuka': 'Permanent', 'Shanghai': 'Permanent', 'Miami': 'Street', 'Imola': 'Permanent', 'Monte Carlo': 'Street', 'Montreal': 'Street', 'Catalunya': 'Permanent', 'Spielberg': 'Permanent', 'Silverstone': 'Permanent', 'Hungaroring': 'Permanent', 'Spa-Francorchamps': 'Permanent', 'Zandvoort': 'Permanent', 'Monza': 'Permanent', 'Baku': 'Street', 'Singapore': 'Street', 'Austin': 'Permanent', 'Mexico City': 'Permanent', 'Interlagos': 'Permanent', 'lusail': 'Street'}",Red Bull,VER,3,HARD,37,37,1,True,168.652,168.652,0.0,0.0,26.083146454927498,115.19132165882263,207.0,57.0,1,1.0,0.0,
2024,Lusail,23,"{'Sakhir': 'Street', 'Jeddah': 'Street', 'Melbourne': 'Street', 'Suzuka': 'Permanent', 'Shanghai': 'Permanent', 'Miami': 'Street', 'Imola': 'Permanent', 'Monte Carlo': 'Street', 'Montreal': 'Street', 'Catalunya': 'Permanent', 'Spielberg': 'Permanent', 'Silverstone': 'Permanent', 'Hungaroring': 'Permanent', 'Spa-Francorchamps': 'Permanent', 'Zandvoort': 'Permanent', 'Monza': 'Permanent', 'Baku': 'Street', 'Singapore': 'Street', 'Austin': 'Permanent', 'Mexico City': 'Permanent', 'Interlagos': 'Permanent', 'lusail': 'Street'}",Red Bull,VER,4,HARD,38,57,20,False,96.62750000000001,82.905,-67.313,-3.026398496240606,63.227914010928025,200.60924121419586,303.0,44.0,20,1.0,0.0,
2024,Lusail,23,"{'Sakhir': 'Street', 'Jeddah': 'Street', 'Melbourne': 'Street', 'Suzuka': 'Permanent', 'Shanghai': 'Permanent', 'Miami': 'Street', 'Imola': 'Permanent', 'Monte Carlo': 'Street', 'Montreal': 'Street', 'Catalunya': 'Permanent', 'Spielberg': 'Permanent', 'Silverstone': 'Permanent', 'Hungaroring': 'Permanent', 'Spa-Francorchamps': 'Permanent', 'Zandvoort': 'Permanent', 'Monza': 'Permanent', 'Baku': 'Street', 'Singapore': 'Street', 'Austin': 'Permanent', 'Mexico City': 'Permanent', 'Interlagos': 'Permanent', 'lusail': 'Street'}",Sauber,BOT,1,MEDIUM,2,24,23,True,94.60278260869568,86.295,-53.870000000000005,-1.5846541501976297,66.17708076114873,204.85438146266637,328.0,31.0,18,0.782608695652174,1.5472608695652175,87.3874
2024,Lusail,23,"{'Sakhir': 'Street', 'Jeddah': 'Street', 'Melbourne': 'Street', 'Suzuka': 'Permanent', 'Shanghai': 'Permanent', 'Miami': 'Street', 'Imola': 'Permanent', 'Monte Carlo': 'Street', 'Montreal': 'Street', 'Catalunya': 'Permanent', 'Spielberg': 'Permanent', 'Silverstone': 'Permanent', 'Hungaroring': 'Permanent', 'Spa-Francorchamps': 'Permanent', 'Zandvoort': 'Permanent', 'Monza': 'Permanent', 'Baku': 'Street', 'Singapore': 'Street', 'Austin': 'Permanent', 'Mexico City': 'Permanent', 'Interlagos': 'Permanent', 'lusail': 'Street'}",Sauber,BOT,2,HARD,25,35,11,True,96.2819090909091,86.288,38.635999999999996,2.1643363636363633,63.0376273718733,201.10086954646434,307.0,0.0,2,0.18181818181818182,13.934181818181816,91.1471111111111
2024,Lusail,23,"{'Sakhir': 'Street', 'Jeddah': 'Street', 'Melbourne': 'Street', 'Suzuka': 'Permanent', 'Shanghai': 'Permanent', 'Miami': 'Street', 'Imola': 'Permanent', 'Monte Carlo': 'Street', 'Montreal': 'Street', 'Catalunya': 'Permanent', 'Spielberg': 'Permanent', 'Silverstone': 'Permanent', 'Hungaroring': 'Permanent', 'Spa-Francorchamps': 'Permanent', 'Zandvoort': 'Permanent', 'Monza': 'Permanent', 'Baku': 'Street', 'Singapore': 'Street', 'Austin': 'Permanent', 'Mexico City': 'Permanent', 'Interlagos': 'Permanent', 'lusail': 'Street'}",Sauber,BOT,3,MEDIUM,36,36,1,True,171.06,171.06,0.0,0.0,34.23693176581664,113.71590592144925,227.0,0.0,1,1.0,1.513,
2024,Lusail,23,"{'Sakhir': 'Street', 'Jeddah': 'Street', 'Melbourne': 'Street', 'Suzuka': 'Permanent', 'Shanghai': 'Permanent', 'Miami': 'Street', 'Imola': 'Permanent', 'Monte Carlo': 'Street', 'Montreal': 'Street', 'Catalunya': 'Permanent', 'Spielberg': 'Permanent', 'Silverstone': 'Permanent', 'Hungaroring': 'Permanent', 'Spa-Francorchamps': 'Permanent', 'Zandvoort': 'Permanent', 'Monza': 'Permanent', 'Baku': 'Street', 'Singapore': 'Street', 'Austin': 'Permanent', 'Mexico City': 'Permanent', 'Interlagos': 'Permanent', 'lusail': 'Street'}",Sauber,BOT,4,MEDIUM,37,57,21,False,94.16471428571427,85.533,-33.019000000000005,-1.4550961038961026,64.88039766482075,205.45460413188633,328.0,42.16999936,16,0.7619047619047619,2.7953809523809516,86.9402
2024,Lusail,23,"{'Sakhir': 'Street', 'Jeddah': 'Street', 'Melbourne': 'Street', 'Suzuka': 'Permanent', 'Shanghai': 'Permanent', 'Miami': 'Street', 'Imola': 'Permanent', 'Monte Carlo': 'Street', 'Montreal': 'Street', 'Catalunya': 'Permanent', 'Spielberg': 'Permanent', 'Silverstone': 'Permanent', 'Hungaroring': 'Permanent', 'Spa-Francorchamps': 'Permanent', 'Zandvoort': 'Permanent', 'Monza': 'Permanent', 'Baku': 'Street', 'Singapore': 'Street', 'Austin': 'Permanent', 'Mexico City': 'Permanent', 'Interlagos': 'Permanent', 'lusail': 'Street'}",Sauber,ZHO,1,MEDIUM,2,35,34,True,92.37123529411762,85.659,-29.968999999999994,-0.6699480519480497,66.18710230991915,209.54641823274764,329.0,39.0,28,0.8235294117647058,1.929529411764706,86.61083333333333
2024,Lusail,23,"{'Sakhir': 'Street', 'Jeddah': 'Street', 'Melbourne': 'Street', 'Suzuka': 'Permanent', 'Shanghai': 'Permanent', 'Miami': 'Street', 'Imola': 'Permanent', 'Monte Carlo': 'Street', 'Montreal': 'Street', 'Catalunya': 'Permanent', 'Spielberg': 'Permanent', 'Silverstone': 'Permanent', 'Hungaroring': 'Permanent', 'Spa-Francorchamps': 'Permanent', 'Zandvoort': 'Permanent', 'Monza': 'Permanent', 'Baku': 'Street', 'Singapore': 'Street', 'Austin': 'Permanent', 'Mexico City': 'Permanent', 'Interlagos': 'Permanent', 'lusail': 'Street'}",Sauber,ZHO,2,HARD,36,36,1,True,146.39,146.39,0.0,0.0,42.03692791954876,132.0821743858541,250.0,0.0,1,1.0,2.893,
2024,Lusail,23,"{'Sakhir': 'Street', 'Jeddah': 'Street', 'Melbourne': 'Street', 'Suzuka': 'Permanent', 'Shanghai': 'Permanent', 'Miami': 'Street', 'Imola': 'Permanent', 'Monte Carlo': 'Street', 'Montreal': 'Street', 'Catalunya': 'Permanent', 'Spielberg': 'Permanent', 'Silverstone': 'Permanent', 'Hungaroring': 'Permanent', 'Spa-Francorchamps': 'Permanent', 'Zandvoort': 'Permanent', 'Monza': 'Permanent', 'Baku': 'Street', 'Singapore': 'Street', 'Austin': 'Permanent', 'Mexico City': 'Permanent', 'Interlagos': 'Permanent', 'lusail': 'Street'}",Sauber,ZHO,3,HARD,37,37,1,True,129.664,129.664,0.0,0.0,47.87235299050889,150.97860982592206,277.0,45.0,0,0.0,5.802,129.664
2024,Lusail,23,"{'Sakhir': 'Street', 'Jeddah': 'Street', 'Melbourne': 'Street', 'Suzuka': 'Permanent', 'Shanghai': 'Permanent', 'Miami': 'Street', 'Imola': 'Permanent', 'Monte Carlo': 'Street', 'Montreal': 'Street', 'Catalunya': 'Permanent', 'Spielberg': 'Permanent', 'Silverstone': 'Permanent', 'Hungaroring': 'Permanent', 'Spa-Francorchamps': 'Permanent', 'Zandvoort': 'Permanent', 'Monza': 'Permanent', 'Baku': 'Street', 'Singapore': 'Street', 'Austin': 'Permanent', 'Mexico City': 'Permanent', 'Interlagos': 'Permanent', 'lusail': 'Street'}",Sauber,ZHO,4,HARD,38,57,20,False,96.99815,83.889,-62.54299999999999,-2.8470593984962416,63.86236675561059,199.83792699999617,306.0,33.0,10,0.5,2.88045,84.3267
2024,Lusail,23,"{'Sakhir': 'Street', 'Jeddah': 'Street', 'Melbourne': 'Street', 'Suzuka': 'Permanent', 'Shanghai': 'Permanent', 'Miami': 'Street', 'Imola': 'Permanent', 'Monte Carlo': 'Street', 'Montreal': 'Street', 'Catalunya': 'Permanent', 'Spielberg': 'Permanent', 'Silverstone': 'Permanent', 'Hungaroring': 'Permanent', 'Spa-Francorchamps': 'Permanent', 'Zandvoort': 'Permanent', 'Monza': 'Permanent', 'Baku': 'Street', 'Singapore': 'Street', 'Austin': 'Permanent', 'Mexico City': 'Permanent', 'Interlagos': 'Permanent', 'lusail': 'Street'}",Williams,ALB,1,MEDIUM,2,35,34,True,92.99561764705882,86.303,-24.37899999999999,-0.6135194805194789,64.96259237564952,207.9409936064392,326.0,34.0,33,0.9705882352941176,1.3380588235294117,121.917
2024,Lusail,23,"{'Sakhir': 'Street', 'Jeddah': 'Street', 'Melbourne': 'Street', 'Suzuka': 'Permanent', 'Shanghai': 'Permanent', 'Miami': 'Street', 'Imola': 'Permanent', 'Monte Carlo': 'Street', 'Montreal': 'Street', 'Catalunya': 'Permanent', 'Spielberg': 'Permanent', 'Silverstone': 'Permanent', 'Hungaroring': 'Permanent', 'Spa-Francorchamps': 'Permanent', 'Zandvoort': 'Permanent', 'Monza': 'Permanent', 'Baku': 'Street', 'Singapore': 'Street', 'Austin': 'Permanent', 'Mexico City': 'Permanent', 'Interlagos': 'Permanent', 'lusail': 'Street'}",Williams,ALB,2,SOFT,36,36,1,True,142.739,142.739,0.0,0.0,37.479073069125256,135.88983346353612,250.0,0.0,1,1.0,2.658,
2024,Lusail,23,"{'Sakhir': 'Street', 'Jeddah': 'Street', 'Melbourne': 'Street', 'Suzuka': 'Permanent', 'Shanghai': 'Permanent', 'Miami': 'Street', 'Imola': 'Permanent', 'Monte Carlo': 'Street', 'Montreal': 'Street', 'Catalunya': 'Permanent', 'Spielberg': 'Permanent', 'Silverstone': 'Permanent', 'Hungaroring': 'Permanent', 'Spa-Francorchamps': 'Permanent', 'Zandvoort': 'Permanent', 'Monza': 'Permanent', 'Baku': 'Street', 'Singapore': 'Street', 'Austin': 'Permanent', 'Mexico City': 'Permanent', 'Interlagos': 'Permanent', 'lusail': 'Street'}",Williams,ALB,3,SOFT,37,37,1,True,118.603,118.603,0.0,0.0,45.652349239094015,162.80184848921382,282.0,56.0,1,1.0,2.929,
2024,Lusail,23,"{'Sakhir': 'Street', 'Jeddah': 'Street', 'Melbourne': 'Street', 'Suzuka': 'Permanent', 'Shanghai': 'Permanent', 'Miami': 'Street', 'Imola': 'Permanent', 'Monte Carlo': 'Street', 'Montreal': 'Street', 'Catalunya': 'Permanent', 'Spielberg': 'Permanent', 'Silverstone': 'Permanent', 'Hungaroring': 'Permanent', 'Spa-Francorchamps': 'Permanent', 'Zandvoort': 'Permanent', 'Monza': 'Permanent', 'Baku': 'Street', 'Singapore': 'Street', 'Austin': 'Permanent', 'Mexico City': 'Permanent', 'Interlagos': 'Permanent', 'lusail': 'Street'}",Williams,ALB,4,SOFT,38,55,18,True,99.78733333333332,85.559,-54.07799999999999,-2.896503611971099,58.4329247657792,194.2704096382815,326.0,27.0,13,0.7222222222222222,2.513888888888889,88.06219999999999
2024,Lusail,23,"{'Sakhir': 'Street', 'Jeddah': 'Street', 'Melbourne': 'Street', 'Suzuka': 'Permanent', 'Shanghai': 'Permanent', 'Miami': 'Street', 'Imola': 'Permanent', 'Monte Carlo': 'Street', 'Montreal': 'Street', 'Catalunya': 'Permanent', 'Spielberg': 'Permanent', 'Silverstone': 'Permanent', 'Hungaroring': 'Permanent', 'Spa-Francorchamps': 'Permanent', 'Zandvoort': 'Permanent', 'Monza': 'Permanent', 'Baku': 'Street', 'Singapore': 'Street', 'Austin': 'Permanent', 'Mexico City': 'Permanent', 'Interlagos': 'Permanent', 'lusail': 'Street'}",Williams,ALB,5,SOFT,56,56,1,False,123.543,123.543,0.0,0.0,51.26065757368707,158.78577704108926,288.0,0.0,0,0.0,37.485,123.543
2024,Melbourne,3,"{'Sakhir': 'Street', 'Jeddah': 'Street', 'Melbourne': 'Street', 'Suzuka': 'Permanent', 'Shanghai': 'Permanent', 'Miami': 'Street', 'Imola': 'Permanent', 'Monte Carlo': 'Street', 'Montreal': 'Street', 'Catalunya': 'Permanent', 'Spielberg': 'Permanent', 'Silverstone': 'Permanent', 'Hungaroring': 'Permanent', 'Spa-Francorchamps': 'Permanent', 'Zandvoort': 'Permanent', 'Monza': 'Permanent', 'Baku': 'Street', 'Singapore': 'Street', 'Austin': 'Permanent', 'Mexico City': 'Permanent', 'Interlagos': 'Permanent', 'lusail': 'Street'}",Alpine,GAS,1,MEDIUM,2,17,16,True,86.3173125,83.445,33.138999999999996,0.777698529411764,69.49095747118778,217.93570557922126,337.0,0.0,16,1.0,0.5780000000000001,
2024,Melbourne,3,"{'Sakhir': 'Street', 'Jeddah': 'Street', 'Melbourne': 'Street', 'Suzuka': 'Permanent', 'Shanghai': 'Permanent', 'Miami': 'Street', 'Imola': 'Permanent', 'Monte Carlo': 'Street', 'Montreal': 'Street', 'Catalunya': 'Permanent', 'Spielberg': 'Permanent', 'Silverstone': 'Permanent', 'Hungaroring': 'Permanent', 'Spa-Francorchamps': 'Permanent', 'Zandvoort': 'Permanent', 'Monza': 'Permanent', 'Baku': 'Street', 'Singapore': 'Street', 'Austin': 'Permanent', 'Mexico City': 'Permanent', 'Interlagos': 'Permanent', 'lusail': 'Street'}",Alpine,GAS,2,HARD,18,41,24,True,84.42770833333334,82.674,14.705999999999989,0.16990130434782666,72.98057377300272,223.0084495472976,329.0,0.0,21,0.875,2.9626250000000005,83.75833333333333
2024,Melbourne,3,"{'Sakhir': 'Street', 'Jeddah': 'Street', 'Melbourne': 'Street', 'Suzuka': 'Permanent', 'Shanghai': 'Permanent', 'Miami': 'Street', 'Imola': 'Permanent', 'Monte Carlo': 'Street', 'Montreal': 'Street', 'Catalunya': 'Permanent', 'Spielberg': 'Permanent', 'Silverstone': 'Permanent', 'Hungaroring': 'Permanent', 'Spa-Francorchamps': 'Permanent', 'Zandvoort': 'Permanent', 'Monza': 'Permanent', 'Baku': 'Street', 'Singapore': 'Street', 'Austin': 'Permanent', 'Mexico City': 'Permanent', 'Interlagos': 'Permanent', 'lusail': 'Street'}",Alpine,GAS,3,HARD,42,57,16,False,84.884375,81.09,32.647999999999996,0.7796588235294154,72.43368183300711,222.00950113374824,326.0,29.0,0,0.0,19.8783125,84.884375
2024,Melbourne,3,"{'Sakhir': 'Street', 'Jeddah': 'Street', 'Melbourne': 'Street', 'Suzuka': 'Permanent', 'Shanghai': 'Permanent', 'Miami': 'Street', 'Imola': 'Permanent', 'Monte Carlo': 'Street', 'Montreal': 'Street', 'Catalunya': 'Permanent', 'Spielberg': 'Permanent', 'Silverstone': 'Permanent', 'Hungaroring': 'Permanent', 'Spa-Francorchamps': 'Permanent', 'Zandvoort': 'Permanent', 'Monza': 'Permanent', 'Baku': 'Street', 'Singapore': 'Street', 'Austin': 'Permanent', 'Mexico City': 'Permanent', 'Interlagos': 'Permanent', 'lusail': 'Street'}",Alpine,OCO,1,MEDIUM,2,9,8,True,85.44775,82.98,13.267999999999986,1.0573809523809508,70.92925381627148,220.2719973019645,330.0,0.0,7,0.875,1.3478750000000002,97.948
2024,Melbourne,3,"{'Sakhir': 'Street', 'Jeddah': 'Street', 'Melbourne': 'Street', 'Suzuka': 'Permanent', 'Shanghai': 'Permanent', 'Miami': 'Street', 'Imola': 'Permanent', 'Monte Carlo': 'Street', 'Montreal': 'Street', 'Catalunya': 'Permanent', 'Spielberg': 'Permanent', 'Silverstone': 'Permanent', 'Hungaroring': 'Permanent', 'Spa-Francorchamps': 'Permanent', 'Zandvoort': 'Permanent', 'Monza': 'Permanent', 'Baku': 'Street', 'Singapore': 'Street', 'Austin': 'Permanent', 'Mexico City': 'Permanent', 'Interlagos': 'Permanent', 'lusail': 'Street'}",Alpine,OCO,2,HARD,10,16,7,True,87.92728571428572,82.882,21.226000000000013,2.2649642857142758,69.35095312729328,213.01691102967948,326.0,0.0,7,1.0,0.6437142857142858,
2024,Melbourne,3,"{'Sakhir': 'Street', 'Jeddah': 'Street', 'Melbourne': 'Street', 'Suzuka': 'Permanent', 'Shanghai': 'Permanent', 'Miami': 'Street', 'Imola': 'Permanent', 'Monte Carlo': 'Street', 'Montreal': 'Street', 'Catalunya': 'Permanent', 'Spielberg': 'Permanent', 'Silverstone': 'Permanent', 'Hungaroring': 'Permanent', 'Spa-Francorchamps': 'Permanent', 'Zandvoort': 'Permanent', 'Monza': 'Permanent', 'Baku': 'Street', 'Singapore': 'Street', 'Austin': 'Permanent', 'Mexico City': 'Permanent', 'Interlagos': 'Permanent', 'lusail': 'Street'}",Alpine,OCO,3,HARD,17,42,26,True,84.62092307692306,82.587,-8.86800000000001,-0.045418803418805255,72.81068844959657,223.01697294729547,335.0,0.0,21,0.8076923076923077,3.003576923076923,90.97739999999999
2024,Melbourne,3,"{'Sakhir': 'Street', 'Jeddah': 'Street', 'Melbourne': 'Street', 'Suzuka': 'Permanent', 'Shanghai': 'Permanent', 'Miami': 'Street', 'Imola': 'Permanent', 'Monte Carlo': 'Street', 'Montreal': 'Street', 'Catalunya': 'Permanent', 'Spielberg': 'Permanent', 'Silverstone': 'Permanent', 'Hungaroring': 'Permanent', 'Spa-Francorchamps': 'Permanent', 'Zandvoort': 'Permanent', 'Monza': 'Permanent', 'Baku': 'Street', 'Singapore': 'Street', 'Austin': 'Permanent', 'Mexico City': 'Permanent', 'Interlagos': 'Permanent', 'lusail': 'Street'}",Alpine,OCO,4,HARD,43,57,15,False,85.68813333333333,81.354,35.941,1.0930821428571438,71.57924662535011,220.24063436727857,317.0,11.0,13,0.8666666666666667,2.185466666666667,102.8055
2024,Melbourne,3,"{'Sakhir': 'Street', 'Jeddah': 'Street', 'Melbourne': 'Street', 'Suzuka': 'Permanent', 'Shanghai': 'Permanent', 'Miami': 'Street', 'Imola': 'Permanent', 'Monte Carlo': 'Street', 'Montreal': 'Street', 'Catalunya': 'Permanent', 'Spielberg': 'Permanent', 'Silverstone': 'Permanent', 'Hungaroring': 'Permanent', 'Spa-Francorchamps': 'Permanent', 'Zandvoort': 'Permanent', 'Monza': 'Permanent', 'Baku': 'Street', 'Singapore': 'Street', 'Austin': 'Permanent', 'Mexico City': 'Permanent', 'Interlagos': 'Permanent', 'lusail': 'Street'}",Aston Martin,ALO,1,HARD,2,17,16,True,84.780125,82.608,24.32499999999999,0.5343058823529396,72.51331769590776,220.63259909732858,331.0,0.0,12,0.75,3.4925,82.981
2024,Melbourne,3,"{'Sakhir': 'Street', 'Jeddah': 'Street', 'Melbourne': 'Street', 'Suzuka': 'Permanent', 'Shanghai': 'Permanent', 'Miami': 'Street', 'Imola': 'Permanent', 'Monte Carlo': 'Street', 'Montreal': 'Street', 'Catalunya': 'Permanent', 'Spielberg': 'Permanent', 'Silverstone': 'Permanent', 'Hungaroring': 'Permanent', 'Spa-Francorchamps': 'Permanent', 'Zandvoort': 'Permanent', 'Monza': 'Permanent', 'Baku': 'Street', 'Singapore': 'Street', 'Austin': 'Permanent', 'Mexico City': 'Permanent', 'Interlagos': 'Permanent', 'lusail': 'Street'}",Aston Martin,ALO,2,MEDIUM,18,41,24,True,83.77158333333334,81.98,8.265,0.09803739130434849,72.66243798544313,224.37814815456025,327.0,0.0,9,0.375,5.094,84.3498
2024,Melbourne,3,"{'Sakhir': 'Street', 'Jeddah': 'Street', 'Melbourne': 'Street', 'Suzuka': 'Permanent', 'Shanghai': 'Permanent', 'Miami': 'Street', 'Imola': 'Permanent', 'Monte Carlo': 'Street', 'Montreal': 'Street', 'Catalunya': 'Permanent', 'Spielberg': 'Permanent', 'Silverstone': 'Permanent', 'Hungaroring': 'Permanent', 'Spa-Francorchamps': 'Permanent', 'Zandvoort': 'Permanent', 'Monza': 'Permanent', 'Baku': 'Street', 'Singapore': 'Street', 'Austin': 'Permanent', 'Mexico City': 'Permanent', 'Interlagos': 'Permanent', 'lusail': 'Street'}",Aston Martin,ALO,3,HARD,42,58,17,False,85.07835294117648,80.493,41.11400000000002,1.0114877450980413,70.61154611164679,221.18889002028877,305.0,57.0,0,0.0,14.703882352941175,85.07835294117648
2024,Melbourne,3,"{'Sakhir': 'Street', 'Jeddah': 'Street', 'Melbourne': 'Street', 'Suzuka': 'Permanent', 'Shanghai': 'Permanent', 'Miami': 'Street', 'Imola': 'Permanent', 'Monte Carlo': 'Street', 'Montreal': 'Street', 'Catalunya': 'Permanent', 'Spielberg': 'Permanent', 'Silverstone': 'Permanent', 'Hungaroring': 'Permanent', 'Spa-Francorchamps': 'Permanent', 'Zandvoort': 'Permanent', 'Monza': 'Permanent', 'Baku': 'Street', 'Singapore': 'Street', 'Austin': 'Permanent', 'Mexico City': 'Permanent', 'Interlagos': 'Permanent', 'lusail': 'Street'}",Aston Martin,STR,1,MEDIUM,2,8,7,True,85.278,83.019,13.810999999999993,1.4518571428571363,71.55751011170753,218.95059065999797,329.0,0.0,7,1.0,0.8552857142857143,
2024,Melbourne,3,"{'Sakhir': 'Street', 'Jeddah': 'Street', 'Melbourne': 'Street', 'Suzuka': 'Permanent', 'Shanghai': 'Permanent', 'Miami': 'Street', 'Imola': 'Permanent', 'Monte Carlo': 'Street', 'Montreal': 'Street', 'Catalunya': 'Permanent', 'Spielberg': 'Permanent', 'Silverstone': 'Permanent', 'Hungaroring': 'Permanent', 'Spa-Francorchamps': 'Permanent', 'Zandvoort': 'Permanent', 'Monza': 'Permanent', 'Baku': 'Street', 'Singapore': 'Street', 'Austin': 'Permanent', 'Mexico City': 'Permanent', 'Interlagos': 'Permanent', 'lusail': 'Street'}",Aston Martin,STR,2,HARD,9,37,29,True,84.60737931034481,82.628,9.581000000000003,0.0016625615763532899,71.08516948908299,222.63115552492263,332.0,0.0,14,0.4827586206896552,3.528379310344827,84.09486666666666
2024,Melbourne,3,"{'Sakhir': 'Street', 'Jeddah': 'Street', 'Melbourne': 'Street', 'Suzuka': 'Permanent', 'Shanghai': 'Permanent', 'Miami': 'Street', 'Imola': 'Permanent', 'Monte Carlo': 'Street', 'Montreal': 'Street', 'Catalunya': 'Permanent', 'Spielberg': 'Permanent', 'Silverstone': 'Permanent', 'Hungaroring': 'Permanent', 'Spa-Francorchamps': 'Permanent', 'Zandvoort': 'Permanent', 'Monza': 'Permanent', 'Baku': 'Street', 'Singapore': 'Street', 'Austin': 'Permanent', 'Mexico City': 'Permanent', 'Interlagos': 'Permanent', 'lusail': 'Street'}",Aston Martin,STR,3,HARD,38,58,21,False,84.60333333333332,80.93,31.92,0.6249610389610387,69.24202750993103,222.64894622554618,326.0,71.0,1,0.047619047619047616,12.464190476190478,84.44115000000001
2024,Melbourne,3,"{'Sakhir': 'Street', 'Jeddah': 'Street', 'Melbourne': 'Street', 'Suzuka': 'Permanent', 'Shanghai': 'Permanent', 'Miami': 'Street', 'Imola': 'Permanent', 'Monte Carlo': 'Street', 'Montreal': 'Street', 'Catalunya': 'Permanent', 'Spielberg': 'Permanent', 'Silverstone': 'Permanent', 'Hungaroring': 'Permanent', 'Spa-Francorchamps': 'Permanent', 'Zandvoort': 'Permanent', 'Monza': 'Permanent', 'Baku': 'Street', 'Singapore': 'Street', 'Austin': 'Permanent', 'Mexico City': 'Permanent', 'Interlagos': 'Permanent', 'lusail': 'Street'}",Ferrari,LEC,1,MEDIUM,2,9,8,True,84.414625,82.519,13.022000000000006,1.1038690476190494,73.65596332148809,223.50060604695298,332.0,0.0,8,1.0,0.529625,
2024,Melbourne,3,"{'Sakhir': 'Street', 'Jeddah': 'Street', 'Melbourne': 'Street', 'Suzuka': 'Permanent', 'Shanghai': 'Permanent', 'Miami': 'Street', 'Imola': 'Permanent', 'Monte Carlo': 'Street', 'Montreal': 'Street', 'Catalunya': 'Permanent', 'Spielberg': 'Permanent', 'Silverstone': 'Permanent', 'Hungaroring': 'Permanent', 'Spa-Francorchamps': 'Permanent', 'Zandvoort': 'Permanent', 'Monza': 'Permanent', 'Baku': 'Street', 'Singapore': 'Street', 'Austin': 'Permanent', 'Mexico City': 'Permanent', 'Interlagos': 'Permanent', 'lusail': 'Street'}",Ferrari,LEC,2,HARD,10,34,25,True,83.69952,81.722,8.100999999999999,-0.008681538461537758,76.84835340010741,225.42429152007523,330.0,0.0,10,0.4,4.25475,82.95459999999999
2024,Melbourne,3,"{'Sakhir': 'Street', 'Jeddah': 'Street', 'Melbourne': 'Street', 'Suzuka': 'Permanent', 'Shanghai': 'Permanent', 'Miami': 'Street', 'Imola': 'Permanent', 'Monte Carlo': 'Street', 'Montreal': 'Street', 'Catalunya': 'Permanent', 'Spielberg': 'Permanent', 'Silverstone': 'Permanent', 'Hungaroring': 'Permanent', 'Spa-Francorchamps': 'Permanent', 'Zandvoort': 'Permanent', 'Monza': 'Permanent', 'Baku': 'Street', 'Singapore': 'Street', 'Austin': 'Permanent', 'Mexico City': 'Permanent', 'Interlagos': 'Permanent', 'lusail': 'Street'}",Ferrari,LEC,3,HARD,35,58,24,False,82.12016666666666,79.813,22.04400000000001,0.18865565217391383,77.40617363574745,229.11679729561354,327.0,55.0,1,0.041666666666666664,7.959625,80.90821739130435
2024,Melbourne,3,"{'Sakhir': 'Street', 'Jeddah': 'Street', 'Melbourne': 'Street', 'Suzuka': 'Permanent', 'Shanghai': 'Permanent', 'Miami': 'Street', 'Imola': 'Permanent', 'Monte Carlo': 'Street', 'Montreal': 'Street', 'Catalunya': 'Permanent', 'Spielberg': 'Permanent', 'Silverstone': 'Permanent', 'Hungaroring': 'Permanent', 'Spa-Francorchamps': 'Permanent', 'Zandvoort': 'Permanent', 'Monza': 'Permanent', 'Baku': 'Street', 'Singapore': 'Street', 'Austin': 'Permanent', 'Mexico City': 'Permanent', 'Interlagos': 'Permanent', 'lusail': 'Street'}",Ferrari,SAI,1,MEDIUM,2,16,15,True,83.29679999999999,81.715,13.710000000000008,0.3194892857142853,77.5063332536302,226.1430472473779,323.0,0.0,15,1.0,0.025533333333333335,
2024,Melbourne,3,"{'Sakhir': 'Street', 'Jeddah': 'Street', 'Melbourne': 'Street', 'Suzuka': 'Permanent', 'Shanghai': 'Permanent', 'Miami': 'Street', 'Imola': 'Permanent', 'Monte Carlo': 'Street', 'Montreal': 'Street', 'Catalunya': 'Permanent', 'Spielberg': 'Permanent', 'Silverstone': 'Permanent', 'Hungaroring': 'Permanent', 'Spa-Francorchamps': 'Permanent', 'Zandvoort': 'Permanent', 'Monza': 'Permanent', 'Baku': 'Street', 'Singapore': 'Street', 'Austin': 'Permanent', 'Mexico City': 'Permanent', 'Interlagos': 'Permanent', 'lusail': 'Street'}",Ferrari,SAI,2,HARD,17,41,25,True,83.32628000000001,81.078,-8.254999999999995,-0.1453007692307691,76.49494323428544,226.22306891996442,325.0,0.0,25,1.0,0.011080000000000001,
2024,Melbourne,3,"{'Sakhir': 'Street', 'Jeddah': 'Street', 'Melbourne': 'Street', 'Suzuka': 'Permanent', 'Shanghai': 'Permanent', 'Miami': 'Street', 'Imola': 'Permanent', 'Monte Carlo': 'Street', 'Montreal': 'Street', 'Catalunya': 'Permanent', 'Spielberg': 'Permanent', 'Silverstone': 'Permanent', 'Hungaroring': 'Permanent', 'Spa-Francorchamps': 'Permanent', 'Zandvoort': 'Permanent', 'Monza': 'Permanent', 'Baku': 'Street', 'Singapore': 'Street', 'Austin': 'Permanent', 'Mexico City': 'Permanent', 'Interlagos': 'Permanent', 'lusail': 'Street'}",Ferrari,SAI,3,HARD,42,58,17,False,82.69758823529412,80.031,24.147999999999996,0.49291666666666695,75.65195379320038,227.96636519753037,312.0,25.0,17,1.0,0.0,
2024,Melbourne,3,"{'Sakhir': 'Street', 'Jeddah': 'Street', 'Melbourne': 'Street', 'Suzuka': 'Permanent', 'Shanghai': 'Permanent', 'Miami': 'Street', 'Imola': 'Permanent', 'Monte Carlo': 'Street', 'Montreal': 'Street', 'Catalunya': 'Permanent', 'Spielberg': 'Permanent', 'Silverstone': 'Permanent', 'Hungaroring': 'Permanent', 'Spa-Francorchamps': 'Permanent', 'Zandvoort': 'Permanent', 'Monza': 'Permanent', 'Baku': 'Street', 'Singapore': 'Street', 'Austin': 'Permanent', 'Mexico City': 'Permanent', 'Interlagos': 'Permanent', 'lusail': 'Street'}",Haas,HUL,1,HARD,2,17,16,True,86.0113125,83.576,29.79100000000001,0.6824867647058832,69.22836992387714,218.98630622196544,336.0,0.0,10,0.625,3.0620625,84.16233333333334
2024,Melbourne,3,"{'Sakhir': 'Street', 'Jeddah': 'Street', 'Melbourne': 'Street', 'Suzuka': 'Permanent', 'Shanghai': 'Permanent', 'Miami': 'Street', 'Imola': 'Permanent', 'Monte Carlo': 'Street', 'Montreal': 'Street', 'Catalunya': 'Permanent', 'Spielberg': 'Permanent', 'Silverstone': 'Permanent', 'Hungaroring': 'Permanent', 'Spa-Francorchamps': 'Permanent', 'Zandvoort': 'Permanent', 'Monza': 'Permanent', 'Baku': 'Street', 'Singapore': 'Street', 'Austin': 'Permanent', 'Mexico City': 'Permanent', 'Interlagos': 'Permanent', 'lusail': 'Street'}",Haas,HUL,2,MEDIUM,18,35,18,True,83.96994444444445,82.152,9.36,0.20842414860681022,72.567786457907,225.36476645024194,330.0,0.0,8,0.4444444444444444,3.710222222222222,84.94030000000001
2024,Melbourne,3,"{'Sakhir': 'Street', 'Jeddah': 'Street', 'Melbourne': 'Street', 'Suzuka': 'Permanent', 'Shanghai': 'Permanent', 'Miami': 'Street', 'Imola': 'Permanent', 'Monte Carlo': 'Street', 'Montreal': 'Street', 'Catalunya': 'Permanent', 'Spielberg': 'Permanent', 'Silverstone': 'Permanent', 'Hungaroring': 'Permanent', 'Spa-Francorchamps': 'Permanent', 'Zandvoort': 'Permanent', 'Monza': 'Permanent', 'Baku': 'Street', 'Singapore': 'Street', 'Austin': 'Permanent', 'Mexico City': 'Permanent', 'Interlagos': 'Permanent', 'lusail': 'Street'}",Haas,HUL,3,HARD,36,58,23,False,84.64504347826086,81.145,21.932000000000002,0.5402747035573103,70.46159721029682,222.95903977121148,333.0,11.0,13,0.5652173913043478,4.044608695652173,88.29979999999999
2024,Melbourne,3,"{'Sakhir': 'Street', 'Jeddah': 'Street', 'Melbourne': 'Street', 'Suzuka': 'Permanent', 'Shanghai': 'Permanent', 'Miami': 'Street', 'Imola': 'Permanent', 'Monte Carlo': 'Street', 'Montreal': 'Street', 'Catalunya': 'Permanent', 'Spielberg': 'Permanent', 'Silverstone': 'Permanent', 'Hungaroring': 'Permanent', 'Spa-Francorchamps': 'Permanent', 'Zandvoort': 'Permanent', 'Monza': 'Permanent', 'Baku': 'Street', 'Singapore': 'Street', 'Austin': 'Permanent', 'Mexico City': 'Permanent', 'Interlagos': 'Permanent', 'lusail': 'Street'}",Haas,MAG,1,MEDIUM,2,7,6,True,86.20033333333333,83.529,13.696999999999989,2.002399999999995,69.2167842698836,217.77399487412907,333.0,0.0,6,1.0,0.9221666666666667,
2024,Melbourne,3,"{'Sakhir': 'Street', 'Jeddah': 'Street', 'Melbourne': 'Street', 'Suzuka': 'Permanent', 'Shanghai': 'Permanent', 'Miami': 'Street', 'Imola': 'Permanent', 'Monte Carlo': 'Street', 'Montreal': 'Street', 'Catalunya': 'Permanent', 'Spielberg': 'Permanent', 'Silverstone': 'Permanent', 'Hungaroring': 'Permanent', 'Spa-Francorchamps': 'Permanent', 'Zandvoort': 'Permanent', 'Monza': 'Permanent', 'Baku': 'Street', 'Singapore': 'Street', 'Austin': 'Permanent', 'Mexico City': 'Permanent', 'Interlagos': 'Permanent', 'lusail': 'Street'}",Haas,MAG,2,HARD,8,33,26,True,84.98634615384616,82.809,7.8230000000000075,0.018941880341878856,71.32279093176099,221.47612049468034,335.0,0.0,24,0.9230769230769231,1.8108076923076923,90.599
2024,Melbourne,3,"{'Sakhir': 'Street', 'Jeddah': 'Street', 'Melbourne': 'Street', 'Suzuka': 'Permanent', 'Shanghai': 'Permanent', 'Miami': 'Street', 'Imola': 'Permanent', 'Monte Carlo': 'Street', 'Montreal': 'Street', 'Catalunya': 'Permanent', 'Spielberg': 'Permanent', 'Silverstone': 'Permanent', 'Hungaroring': 'Permanent', 'Spa-Francorchamps': 'Permanent', 'Zandvoort': 'Permanent', 'Monza': 'Permanent', 'Baku': 'Street', 'Singapore': 'Street', 'Austin': 'Permanent', 'Mexico City': 'Permanent', 'Interlagos': 'Permanent', 'lusail': 'Street'}",Haas,MAG,3,HARD,34,57,24,False,83.69208333333333,81.082,23.405,0.27397043478260963,71.83043470447353,224.96764610678193,338.0,44.0,13,0.5416666666666666,2.8778333333333337,85.48472727272727
2024,Melbourne,3,"{'Sakhir': 'Street', 'Jeddah': 'Street', 'Melbourne': 'Street', 'Suzuka': 'Permanent', 'Shanghai': 'Permanent', 'Miami': 'Street', 'Imola': 'Permanent', 'Monte Carlo': 'Street', 'Montreal': 'Street', 'Catalunya': 'Permanent', 'Spielberg': 'Permanent', 'Silverstone': 'Permanent', 'Hungaroring': 'Permanent', 'Spa-Francorchamps': 'Permanent', 'Zandvoort': 'Permanent', 'Monza': 'Permanent', 'Baku': 'Street', 'Singapore': 'Street', 'Austin': 'Permanent', 'Mexico City': 'Permanent', 'Interlagos': 'Permanent', 'lusail': 'Street'}",McLaren,NOR,1,MEDIUM,2,14,13,True,83.96638461538461,82.609,14.915999999999997,0.5146318681318699,73.05632002773098,224.25649563506465,324.0,0.0,8,0.6153846153846154,3.1531538461538466,85.9394
2024,Melbourne,3,"{'Sakhir': 'Street', 'Jeddah': 'Street', 'Melbourne': 'Street', 'Suzuka': 'Permanent', 'Shanghai': 'Permanent', 'Miami': 'Street', 'Imola': 'Permanent', 'Monte Carlo': 'Street', 'Montreal': 'Street', 'Catalunya': 'Permanent', 'Spielberg': 'Permanent', 'Silverstone': 'Permanent', 'Hungaroring': 'Permanent', 'Spa-Francorchamps': 'Permanent', 'Zandvoort': 'Permanent', 'Monza': 'Permanent', 'Baku': 'Street', 'Singapore': 'Street', 'Austin': 'Permanent', 'Mexico City': 'Permanent', 'Interlagos': 'Permanent', 'lusail': 'Street'}",McLaren,NOR,2,HARD,15,40,26,True,83.4166923076923,81.446,7.817999999999998,-0.0979254700854711,71.88070361706986,225.14129222922378,315.0,0.0,17,0.6538461538461539,4.133153846153847,85.18533333333333
2024,Melbourne,3,"{'Sakhir': 'Street', 'Jeddah': 'Street', 'Melbourne': 'Street', 'Suzuka': 'Permanent', 'Shanghai': 'Permanent', 'Miami': 'Street', 'Imola': 'Permanent', 'Monte Carlo': 'Street', 'Montreal': 'Street', 'Catalunya': 'Permanent', 'Spielberg': 'Permanent', 'Silverstone': 'Permanent', 'Hungaroring': 'Permanent', 'Spa-Francorchamps': 'Permanent', 'Zandvoort': 'Permanent', 'Monza': 'Permanent', 'Baku': 'Street', 'Singapore': 'Street', 'Austin': 'Permanent', 'Mexico City': 'Permanent', 'Interlagos': 'Permanent', 'lusail': 'Street'}",McLaren,NOR,3,HARD,41,58,18,False,82.36477777777777,79.915,24.079000000000008,0.4059339525283807,72.24269034641978,228.341136886887,323.0,41.0,2,0.1111111111111111,3.9081111111111113,82.61193750000001
2024,Melbourne,3,"{'Sakhir': 'Street', 'Jeddah': 'Street', 'Melbourne': 'Street', 'Suzuka': 'Permanent', 'Shanghai': 'Permanent', 'Miami': 'Street', 'Imola': 'Permanent', 'Monte Carlo': 'Street', 'Montreal': 'Street', 'Catalunya': 'Permanent', 'Spielberg': 'Permanent', 'Silverstone': 'Permanent', 'Hungaroring': 'Permanent', 'Spa-Francorchamps': 'Permanent', 'Zandvoort': 'Permanent', 'Monza': 'Permanent', 'Baku': 'Street', 'Singapore': 'Street', 'Austin': 'Permanent', 'Mexico City': 'Permanent', 'Interlagos': 'Permanent', 'lusail': 'Street'}",McLaren,PIA,1,MEDIUM,2,9,8,True,84.511,82.581,13.269000000000005,1.138976190476195,70.45837694128305,223.07987422675535,330.0,0.0,8,1.0,0.8296250000000001,
2024,Melbourne,3,"{'Sakhir': 'Street', 'Jeddah': 'Street', 'Melbourne': 'Street', 'Suzuka': 'Permanent', 'Shanghai': 'Permanent', 'Miami': 'Street', 'Imola': 'Permanent', 'Monte Carlo': 'Street', 'Montreal': 'Street', 'Catalunya': 'Permanent', 'Spielberg': 'Permanent', 'Silverstone': 'Permanent', 'Hungaroring': 'Permanent', 'Spa-Francorchamps': 'Permanent', 'Zandvoort': 'Permanent', 'Monza': 'Permanent', 'Baku': 'Street', 'Singapore': 'Street', 'Austin': 'Permanent', 'Mexico City': 'Permanent', 'Interlagos': 'Permanent', 'lusail': 'Street'}",McLaren,PIA,2,HARD,10,39,30,True,83.66566666666667,81.597,8.982,0.002921913236928987,71.27502899358196,224.67804822279376,330.0,0.0,24,0.8,2.610866666666667,87.46699999999998
2024,Melbourne,3,"{'Sakhir': 'Street', 'Jeddah': 'Street', 'Melbourne': 'Street', 'Suzuka': 'Permanent', 'Shanghai': 'Permanent', 'Miami': 'Street', 'Imola': 'Permanent', 'Monte Carlo': 'Street', 'Montreal': 'Street', 'Catalunya': 'Permanent', 'Spielberg': 'Permanent', 'Silverstone': 'Permanent', 'Hungaroring': 'Permanent', 'Spa-Francorchamps': 'Permanent', 'Zandvoort': 'Permanent', 'Monza': 'Permanent', 'Baku': 'Street', 'Singapore': 'Street', 'Austin': 'Permanent', 'Mexico City': 'Permanent', 'Interlagos': 'Permanent', 'lusail': 'Street'}",McLaren,PIA,3,HARD,40,58,19,False,83.44836842105263,80.199,37.43299999999999,0.6359263157894745,71.0138751230959,225.41829947286706,330.0,43.0,2,0.10526315789473684,10.112421052631579,83.36264705882354
2024,Melbourne,3,"{'Sakhir': 'Street', 'Jeddah': 'Street', 'Melbourne': 'Street', 'Suzuka': 'Permanent', 'Shanghai': 'Permanent', 'Miami': 'Street', 'Imola': 'Permanent', 'Monte Carlo': 'Street', 'Montreal': 'Street', 'Catalunya': 'Permanent', 'Spielberg': 'Permanent', 'Silverstone': 'Permanent', 'Hungaroring': 'Permanent', 'Spa-Francorchamps': 'Permanent', 'Zandvoort': 'Permanent', 'Monza': 'Permanent', 'Baku': 'Street', 'Singapore': 'Street', 'Austin': 'Permanent', 'Mexico City': 'Permanent', 'Interlagos': 'Permanent', 'lusail': 'Street'}",Mercedes,HAM,1,SOFT,2,7,6,True,85.69000000000001,83.07,12.802999999999997,1.840571428571421,72.65562852427507,215.8317743345084,331.0,0.0,6,1.0,0.6668333333333334,
2024,Melbourne,3,"{'Sakhir': 'Street', 'Jeddah': 'Street', 'Melbourne': 'Street', 'Suzuka': 'Permanent', 'Shanghai': 'Permanent', 'Miami': 'Street', 'Imola': 'Permanent', 'Monte Carlo': 'Street', 'Montreal': 'Street', 'Catalunya': 'Permanent', 'Spielberg': 'Permanent', 'Silverstone': 'Permanent', 'Hungaroring': 'Permanent', 'Spa-Francorchamps': 'Permanent', 'Zandvoort': 'Permanent', 'Monza': 'Permanent', 'Baku': 'Street', 'Singapore': 'Street', 'Austin': 'Permanent', 'Mexico City': 'Permanent', 'Interlagos': 'Permanent', 'lusail': 'Street'}",Mercedes,HAM,2,HARD,8,15,8,False,83.82475,82.444,-4.022999999999996,-0.3562619047619025,71.67505088220273,224.5070459385315,327.0,79.0,7,0.875,2.846625,88.164
2024,Melbourne,3,"{'Sakhir': 'Street', 'Jeddah': 'Street', 'Melbourne': 'Street', 'Suzuka': 'Permanent', 'Shanghai': 'Permanent', 'Miami': 'Street', 'Imola': 'Permanent', 'Monte Carlo': 'Street', 'Montreal': 'Street', 'Catalunya': 'Permanent', 'Spielberg': 'Permanent', 'Silverstone': 'Permanent', 'Hungaroring': 'Permanent', 'Spa-Francorchamps': 'Permanent', 'Zandvoort': 'Permanent', 'Monza': 'Permanent', 'Baku': 'Street', 'Singapore': 'Street', 'Austin': 'Permanent', 'Mexico City': 'Permanent', 'Interlagos': 'Permanent', 'lusail': 'Street'}",Mercedes,RUS,1,MEDIUM,2,8,7,True,85.13285714285713,82.764,13.573000000000008,1.418607142857135,75.59379524645084,221.08104102457432,324.0,0.0,5,0.7142857142857143,2.217142857142857,89.842
2024,Melbourne,3,"{'Sakhir': 'Street', 'Jeddah': 'Street', 'Melbourne': 'Street', 'Suzuka': 'Permanent', 'Shanghai': 'Permanent', 'Miami': 'Street', 'Imola': 'Permanent', 'Monte Carlo': 'Street', 'Montreal': 'Street', 'Catalunya': 'Permanent', 'Spielberg': 'Permanent', 'Silverstone': 'Permanent', 'Hungaroring': 'Permanent', 'Spa-Francorchamps': 'Permanent', 'Zandvoort': 'Permanent', 'Monza': 'Permanent', 'Baku': 'Street', 'Singapore': 'Street', 'Austin': 'Permanent', 'Mexico City': 'Permanent', 'Interlagos': 'Permanent', 'lusail': 'Street'}",Mercedes,RUS,2,HARD,9,45,37,True,83.87721621621621,82.097,8.012,-0.04555405405405404,74.18626255550777,224.9363875247935,331.0,0.0,9,0.24324324324324326,5.227918918918919,84.12546428571429
2024,Melbourne,3,"{'Sakhir': 'Street', 'Jeddah': 'Street', 'Melbourne': 'Street', 'Suzuka': 'Permanent', 'Shanghai': 'Permanent', 'Miami': 'Street', 'Imola': 'Permanent', 'Monte Carlo': 'Street', 'Montreal': 'Street', 'Catalunya': 'Permanent', 'Spielberg': 'Permanent', 'Silverstone': 'Permanent', 'Hungaroring': 'Permanent', 'Spa-Francorchamps': 'Permanent', 'Zandvoort': 'Permanent', 'Monza': 'Permanent', 'Baku': 'Street', 'Singapore': 'Street', 'Austin': 'Permanent', 'Mexico City': 'Permanent', 'Interlagos': 'Permanent', 'lusail': 'Street'}",Mercedes,RUS,3,HARD,46,56,11,False,81.22154545454545,80.284,-5.778999999999996,-0.2470090909090926,77.18961242448601,231.86544804536106,326.0,79.0,10,0.9090909090909091,1.245818181818182,86.434
2024,Melbourne,3,"{'Sakhir': 'Street', 'Jeddah': 'Street', 'Melbourne': 'Street', 'Suzuka': 'Permanent', 'Shanghai': 'Permanent', 'Miami': 'Street', 'Imola': 'Permanent', 'Monte Carlo': 'Street', 'Montreal': 'Street', 'Catalunya': 'Permanent', 'Spielberg': 'Permanent', 'Silverstone': 'Permanent', 'Hungaroring': 'Permanent', 'Spa-Francorchamps': 'Permanent', 'Zandvoort': 'Permanent', 'Monza': 'Permanent', 'Baku': 'Street', 'Singapore': 'Street', 'Austin': 'Permanent', 'Mexico City': 'Permanent', 'Interlagos': 'Permanent', 'lusail': 'Street'}",RB,RIC,1,SOFT,2,5,4,True,87.89175,83.84,13.980000000000004,4.219499999999996,65.29024830556503,214.05253275882254,334.0,0.0,4,1.0,0.61325,
2024,Melbourne,3,"{'Sakhir': 'Street', 'Jeddah': 'Street', 'Melbourne': 'Street', 'Suzuka': 'Permanent', 'Shanghai': 'Permanent', 'Miami': 'Street', 'Imola': 'Permanent', 'Monte Carlo': 'Street', 'Montreal': 'Street', 'Catalunya': 'Permanent', 'Spielberg': 'Permanent', 'Silverstone': 'Permanent', 'Hungaroring': 'Permanent', 'Spa-Francorchamps': 'Permanent', 'Zandvoort': 'Permanent', 'Monza': 'Permanent', 'Baku': 'Street', 'Singapore': 'Street', 'Austin': 'Permanent', 'Mexico City': 'Permanent', 'Interlagos': 'Permanent', 'lusail': 'Street'}",RB,RIC,2,HARD,6,29,24,True,85.15075,82.83,6.765000000000001,0.063879130434783,71.1034653361924,221.2261464784728,328.0,0.0,6,0.25,4.104,85.66555555555556
2024,Melbourne,3,"{'Sakhir': 'Street', 'Jeddah': 'Street', 'Melbourne': 'Street', 'Suzuka': 'Permanent', 'Shanghai': 'Permanent', 'Miami': 'Street', 'Imola': 'Permanent', 'Monte Carlo': 'Street', 'Montreal': 'Street', 'Catalunya': 'Permanent', 'Spielberg': 'Permanent', 'Silverstone': 'Permanent', 'Hungaroring': 'Permanent', 'Spa-Francorchamps': 'Permanent', 'Zandvoort': 'Permanent', 'Monza': 'Permanent', 'Baku': 'Street', 'Singapore': 'Street', 'Austin': 'Permanent', 'Mexico City': 'Permanent', 'Interlagos': 'Permanent', 'lusail': 'Street'}",RB,RIC,3,HARD,30,57,28,False,83.76860714285714,81.239,23.38199999999999,0.1642372742200358,72.30567001263734,224.8542001014255,330.0,53.0,10,0.35714285714285715,3.750571428571429,84.22749999999999
2024,Melbourne,3,"{'Sakhir': 'Street', 'Jeddah': 'Street', 'Melbourne': 'Street', 'Suzuka': 'Permanent', 'Shanghai': 'Permanent', 'Miami': 'Street', 'Imola': 'Permanent', 'Monte Carlo': 'Street', 'Montreal': 'Street', 'Catalunya': 'Permanent', 'Spielberg': 'Permanent', 'Silverstone': 'Permanent', 'Hungaroring': 'Permanent', 'Spa-Francorchamps': 'Permanent', 'Zandvoort': 'Permanent', 'Monza': 'Permanent', 'Baku': 'Street', 'Singapore': 'Street', 'Austin': 'Permanent', 'Mexico City': 'Permanent', 'Interlagos': 'Permanent', 'lusail': 'Street'}",RB,TSU,1,MEDIUM,2,9,8,True,85.20675,82.864,14.402999999999992,1.1920952380952357,70.88088761460139,220.33173108298539,332.0,0.0,8,1.0,1.0755,
2024,Melbourne,3,"{'Sakhir': 'Street', 'Jeddah': 'Street', 'Melbourne': 'Street', 'Suzuka': 'Permanent', 'Shanghai': 'Permanent', 'Miami': 'Street', 'Imola': 'Permanent', 'Monte Carlo': 'Street', 'Montreal': 'Street', 'Catalunya': 'Permanent', 'Spielberg': 'Permanent', 'Silverstone': 'Permanent', 'Hungaroring': 'Permanent', 'Spa-Francorchamps': 'Permanent', 'Zandvoort': 'Permanent', 'Monza': 'Permanent', 'Baku': 'Street', 'Singapore': 'Street', 'Austin': 'Permanent', 'Mexico City': 'Permanent', 'Interlagos': 'Permanent', 'lusail': 'Street'}",RB,TSU,2,HARD,10,36,27,True,84.71925925925926,82.673,7.26400000000001,-0.008713675213675354,72.22727943570352,222.51760228391177,315.0,0.0,26,0.9629629629629629,2.0071153846153846,83.252
2024,Melbourne,3,"{'Sakhir': 'Street', 'Jeddah': 'Street', 'Melbourne': 'Street', 'Suzuka': 'Permanent', 'Shanghai': 'Permanent', 'Miami': 'Street', 'Imola': 'Permanent', 'Monte Carlo': 'Street', 'Montreal': 'Street', 'Catalunya': 'Permanent', 'Spielberg': 'Permanent', 'Silverstone': 'Permanent', 'Hungaroring': 'Permanent', 'Spa-Francorchamps': 'Permanent', 'Zandvoort': 'Permanent', 'Monza': 'Permanent', 'Baku': 'Street', 'Singapore': 'Street', 'Austin': 'Permanent', 'Mexico City': 'Permanent', 'Interlagos': 'Permanent', 'lusail': 'Street'}",RB,TSU,3,HARD,37,58,22,False,84.54840909090909,81.134,24.897999999999996,0.513679841897233,72.18040344552526,222.8176607442686,334.0,43.0,4,0.18181818181818182,4.355090909090909,85.07900000000001
2024,Melbourne,3,"{'Sakhir': 'Street', 'Jeddah': 'Street', 'Melbourne': 'Street', 'Suzuka': 'Permanent', 'Shanghai': 'Permanent', 'Miami': 'Street', 'Imola': 'Permanent', 'Monte Carlo': 'Street', 'Montreal': 'Street', 'Catalunya': 'Permanent', 'Spielberg': 'Permanent', 'Silverstone': 'Permanent', 'Hungaroring': 'Permanent', 'Spa-Francorchamps': 'Permanent', 'Zandvoort': 'Permanent', 'Monza': 'Permanent', 'Baku': 'Street', 'Singapore': 'Street', 'Austin': 'Permanent', 'Mexico City': 'Permanent', 'Interlagos': 'Permanent', 'lusail': 'Street'}",Red Bull,PER,1,MEDIUM,2,14,13,True,84.37046153846154,82.68,15.311999999999998,0.5150549450549482,72.01686161058697,222.94052295415602,332.0,0.0,7,0.5384615384615384,3.1437692307692306,85.772
2024,Melbourne,3,"{'Sakhir': 'Street', 'Jeddah': 'Street', 'Melbourne': 'Street', 'Suzuka': 'Permanent', 'Shanghai': 'Permanent', 'Miami': 'Street', 'Imola': 'Permanent', 'Monte Carlo': 'Street', 'Montreal': 'Street', 'Catalunya': 'Permanent', 'Spielberg': 'Permanent', 'Silverstone': 'Permanent', 'Hungaroring': 'Permanent', 'Spa-Francorchamps': 'Permanent', 'Zandvoort': 'Permanent', 'Monza': 'Permanent', 'Baku': 'Street', 'Singapore': 'Street', 'Austin': 'Permanent', 'Mexico City': 'Permanent', 'Interlagos': 'Permanent', 'lusail': 'Street'}",Red Bull,PER,2,HARD,15,35,21,True,84.40509523809524,81.495,11.530999999999992,-0.09265324675324545,71.50376886029972,222.8164622586561,339.0,0.0,11,0.5238095238095238,5.1083333333333325,82.2031
2024,Melbourne,3,"{'Sakhir': 'Street', 'Jeddah': 'Street', 'Melbourne': 'Street', 'Suzuka': 'Permanent', 'Shanghai': 'Permanent', 'Miami': 'Street', 'Imola': 'Permanent', 'Monte Carlo': 'Street', 'Montreal': 'Street', 'Catalunya': 'Permanent', 'Spielberg': 'Permanent', 'Silverstone': 'Permanent', 'Hungaroring': 'Permanent', 'Spa-Francorchamps': 'Permanent', 'Zandvoort': 'Permanent', 'Monza': 'Permanent', 'Baku': 'Street', 'Singapore': 'Street', 'Austin': 'Permanent', 'Mexico City': 'Permanent', 'Interlagos': 'Permanent', 'lusail': 'Street'}",Red Bull,PER,3,HARD,36,58,23,False,83.53917391304348,80.388,34.07000000000001,0.4748873517786559,72.22985370333954,225.41786911553427,315.0,21.0,3,0.13043478260869565,10.644772727272725,83.58709999999999
2024,Melbourne,3,"{'Sakhir': 'Street', 'Jeddah': 'Street', 'Melbourne': 'Street', 'Suzuka': 'Permanent', 'Shanghai': 'Permanent', 'Miami': 'Street', 'Imola': 'Permanent', 'Monte Carlo': 'Street', 'Montreal': 'Street', 'Catalunya': 'Permanent', 'Spielberg': 'Permanent', 'Silverstone': 'Permanent', 'Hungaroring': 'Permanent', 'Spa-Francorchamps': 'Permanent', 'Zandvoort': 'Permanent', 'Monza': 'Permanent', 'Baku': 'Street', 'Singapore': 'Street', 'Austin': 'Permanent', 'Mexico City': 'Permanent', 'Interlagos': 'Permanent', 'lusail': 'Street'}",Red Bull,VER,1,MEDIUM,2,3,2,False,83.607,83.115,-0.9840000000000089,-0.9840000000000197,74.18453419815003,225.45367678069354,320.0,80.0,2,1.0,0.342,
2024,Melbourne,3,"{'Sakhir': 'Street', 'Jeddah': 'Street', 'Melbourne': 'Street', 'Suzuka': 'Permanent', 'Shanghai': 'Permanent', 'Miami': 'Street', 'Imola': 'Permanent', 'Monte Carlo': 'Street', 'Montreal': 'Street', 'Catalunya': 'Permanent', 'Spielberg': 'Permanent', 'Silverstone': 'Permanent', 'Hungaroring': 'Permanent', 'Spa-Francorchamps': 'Permanent', 'Zandvoort': 'Permanent', 'Monza': 'Permanent', 'Baku': 'Street', 'Singapore': 'Street', 'Austin': 'Permanent', 'Mexico City': 'Permanent', 'Interlagos': 'Permanent', 'lusail': 'Street'}",Sauber,BOT,1,MEDIUM,2,8,7,True,89.76942857142856,83.122,42.301,4.544714285714273,67.54261389861774,209.35303314320186,327.0,0.0,7,1.0,1.0201428571428572,
2024,Melbourne,3,"{'Sakhir': 'Street', 'Jeddah': 'Street', 'Melbourne': 'Street', 'Suzuka': 'Permanent', 'Shanghai': 'Permanent', 'Miami': 'Street', 'Imola': 'Permanent', 'Monte Carlo': 'Street', 'Montreal': 'Street', 'Catalunya': 'Permanent', 'Spielberg': 'Permanent', 'Silverstone': 'Permanent', 'Hungaroring': 'Permanent', 'Spa-Francorchamps': 'Permanent', 'Zandvoort': 'Permanent', 'Monza': 'Permanent', 'Baku': 'Street', 'Singapore': 'Street', 'Austin': 'Permanent', 'Mexico City': 'Permanent', 'Interlagos': 'Permanent', 'lusail': 'Street'}",Sauber,BOT,2,HARD,9,36,28,True,84.70010714285715,82.34,8.604,0.0092487684729094,74.61029354919835,222.63531493741385,321.0,0.0,3,0.10714285714285714,11.696678571428569,83.85691999999999
2024,Melbourne,3,"{'Sakhir': 'Street', 'Jeddah': 'Street', 'Melbourne': 'Street', 'Suzuka': 'Permanent', 'Shanghai': 'Permanent', 'Miami': 'Street', 'Imola': 'Permanent', 'Monte Carlo': 'Street', 'Montreal': 'Street', 'Catalunya': 'Permanent', 'Spielberg': 'Permanent', 'Silverstone': 'Permanent', 'Hungaroring': 'Permanent', 'Spa-Francorchamps': 'Permanent', 'Zandvoort': 'Permanent', 'Monza': 'Permanent', 'Baku': 'Street', 'Singapore': 'Street', 'Austin': 'Permanent', 'Mexico City': 'Permanent', 'Interlagos': 'Permanent', 'lusail': 'Street'}",Sauber,BOT,3,HARD,37,57,21,False,84.4960476190476,81.422,30.61800000000001,0.4530415584415589,73.39444562654424,223.13811126017586,324.0,21.0,8,0.38095238095238093,7.077095238095239,85.79846153846152
2024,Melbourne,3,"{'Sakhir': 'Street', 'Jeddah': 'Street', 'Melbourne': 'Street', 'Suzuka': 'Permanent', 'Shanghai': 'Permanent', 'Miami': 'Street', 'Imola': 'Permanent', 'Monte Carlo': 'Street', 'Montreal': 'Street', 'Catalunya': 'Permanent', 'Spielberg': 'Permanent', 'Silverstone': 'Permanent', 'Hungaroring': 'Permanent', 'Spa-Francorchamps': 'Permanent', 'Zandvoort': 'Permanent', 'Monza': 'Permanent', 'Baku': 'Street', 'Singapore': 'Street', 'Austin': 'Permanent', 'Mexico City': 'Permanent', 'Interlagos': 'Permanent', 'lusail': 'Street'}",Sauber,ZHO,1,SOFT,2,6,5,True,87.0682,83.912,14.561999999999998,2.9373000000000027,68.54599653806449,216.05922668890926,332.0,0.0,5,1.0,0.6459999999999999,
2024,Melbourne,3,"{'Sakhir': 'Street', 'Jeddah': 'Street', 'Melbourne': 'Street', 'Suzuka': 'Permanent', 'Shanghai': 'Permanent', 'Miami': 'Street', 'Imola': 'Permanent', 'Monte Carlo': 'Street', 'Montreal': 'Street', 'Catalunya': 'Permanent', 'Spielberg': 'Permanent', 'Silverstone': 'Permanent', 'Hungaroring': 'Permanent', 'Spa-Francorchamps': 'Permanent', 'Zandvoort': 'Permanent', 'Monza': 'Permanent', 'Baku': 'Street', 'Singapore': 'Street', 'Austin': 'Permanent', 'Mexico City': 'Permanent', 'Interlagos': 'Permanent', 'lusail': 'Street'}",Sauber,ZHO,2,HARD,7,35,29,True,85.49896551724139,82.602,25.426999999999992,0.10646502463054057,72.81176179577317,220.8621892499612,308.0,0.0,4,0.13793103448275862,5.267172413793103,85.77348
2024,Melbourne,3,"{'Sakhir': 'Street', 'Jeddah': 'Street', 'Melbourne': 'Street', 'Suzuka': 'Permanent', 'Shanghai': 'Permanent', 'Miami': 'Street', 'Imola': 'Permanent', 'Monte Carlo': 'Street', 'Montreal': 'Street', 'Catalunya': 'Permanent', 'Spielberg': 'Permanent', 'Silverstone': 'Permanent', 'Hungaroring': 'Permanent', 'Spa-Francorchamps': 'Permanent', 'Zandvoort': 'Permanent', 'Monza': 'Permanent', 'Baku': 'Street', 'Singapore': 'Street', 'Austin': 'Permanent', 'Mexico City': 'Permanent', 'Interlagos': 'Permanent', 'lusail': 'Street'}",Sauber,ZHO,3,HARD,36,57,22,False,84.43790909090909,81.327,30.04400000000001,0.3898351214003395,72.59498285089688,223.17501625966617,313.0,18.0,16,0.7272727272727273,3.139363636363636,83.84216666666667
2024,Melbourne,3,"{'Sakhir': 'Street', 'Jeddah': 'Street', 'Melbourne': 'Street', 'Suzuka': 'Permanent', 'Shanghai': 'Permanent', 'Miami': 'Street', 'Imola': 'Permanent', 'Monte Carlo': 'Street', 'Montreal': 'Street', 'Catalunya': 'Permanent', 'Spielberg': 'Permanent', 'Silverstone': 'Permanent', 'Hungaroring': 'Permanent', 'Spa-Francorchamps': 'Permanent', 'Zandvoort': 'Permanent', 'Monza': 'Permanent', 'Baku': 'Street', 'Singapore': 'Street', 'Austin': 'Permanent', 'Mexico City': 'Permanent', 'Interlagos': 'Permanent', 'lusail': 'Street'}",Williams,ALB,1,MEDIUM,2,6,5,True,86.67139999999999,83.438,13.325000000000003,2.6960000000000077,64.93624902347935,216.04359403236165,332.0,0.0,5,1.0,0.5178,
2024,Melbourne,3,"{'Sakhir': 'Street', 'Jeddah': 'Street', 'Melbourne': 'Street', 'Suzuka': 'Permanent', 'Shanghai': 'Permanent', 'Miami': 'Street', 'Imola': 'Permanent', 'Monte Carlo': 'Street', 'Montreal': 'Street', 'Catalunya': 'Permanent', 'Spielberg': 'Permanent', 'Silverstone': 'Permanent', 'Hungaroring': 'Permanent', 'Spa-Francorchamps': 'Permanent', 'Zandvoort': 'Permanent', 'Monza': 'Permanent', 'Baku': 'Street', 'Singapore': 'Street', 'Austin': 'Permanent', 'Mexico City': 'Permanent', 'Interlagos': 'Permanent', 'lusail': 'Street'}",Williams,ALB,2,HARD,7,27,21,True,85.22995238095238,82.607,8.992999999999995,0.11445974025974022,68.75665738413403,220.6892957192837,311.0,0.0,1,0.047619047619047616,5.14685,84.27615
2024,Melbourne,3,"{'Sakhir': 'Street', 'Jeddah': 'Street', 'Melbourne': 'Street', 'Suzuka': 'Permanent', 'Shanghai': 'Permanent', 'Miami': 'Street', 'Imola': 'Permanent', 'Monte Carlo': 'Street', 'Montreal': 'Street', 'Catalunya': 'Permanent', 'Spielberg': 'Permanent', 'Silverstone': 'Permanent', 'Hungaroring': 'Permanent', 'Spa-Francorchamps': 'Permanent', 'Zandvoort': 'Permanent', 'Monza': 'Permanent', 'Baku': 'Street', 'Singapore': 'Street', 'Austin': 'Permanent', 'Mexico City': 'Permanent', 'Interlagos': 'Permanent', 'lusail': 'Street'}",Williams,ALB,3,HARD,28,57,30,False,83.76379999999999,81.618,21.198999999999998,0.12401245828698607,69.05742000667335,224.59071600765648,325.0,43.0,9,0.3,4.426766666666667,83.03180952380951
2024,Mexico City,20,"{'Sakhir': 'Street', 'Jeddah': 'Street', 'Melbourne': 'Street', 'Suzuka': 'Permanent', 'Shanghai': 'Permanent', 'Miami': 'Street', 'Imola': 'Permanent', 'Monte Carlo': 'Street', 'Montreal': 'Street', 'Catalunya': 'Permanent', 'Spielberg': 'Permanent', 'Silverstone': 'Permanent', 'Hungaroring': 'Permanent', 'Spa-Francorchamps': 'Permanent', 'Zandvoort': 'Permanent', 'Monza': 'Permanent', 'Baku': 'Street', 'Singapore': 'Street', 'Austin': 'Permanent', 'Mexico City': 'Permanent', 'Interlagos': 'Permanent', 'lusail': 'Street'}",Alpine,GAS,1,MEDIUM,2,28,27,True,92.00237037037039,82.301,-49.64,-1.5127057387057405,49.441875863123364,165.6028820621389,352.0,31.0,24,0.8888888888888888,1.6963703703703703,85.13166666666666
2024,Mexico City,20,"{'Sakhir': 'Street', 'Jeddah': 'Street', 'Melbourne': 'Street', 'Suzuka': 'Permanent', 'Shanghai': 'Permanent', 'Miami': 'Street', 'Imola': 'Permanent', 'Monte Carlo': 'Street', 'Montreal': 'Street', 'Catalunya': 'Permanent', 'Spielberg': 'Permanent', 'Silverstone': 'Permanent', 'Hungaroring': 'Permanent', 'Spa-Francorchamps': 'Permanent', 'Zandvoort': 'Permanent', 'Monza': 'Permanent', 'Baku': 'Street', 'Singapore': 'Street', 'Austin': 'Permanent', 'Mexico City': 'Permanent', 'Interlagos': 'Permanent', 'lusail': 'Street'}",Alpine,GAS,2,HARD,29,70,42,False,82.62395238095237,81.274,-20.703000000000003,-0.08525970342759973,55.98250723593087,185.06950169098832,353.0,0.0,10,0.23809523809523808,8.429666666666668,82.63228125
2024,Mexico City,20,"{'Sakhir': 'Street', 'Jeddah': 'Street', 'Melbourne': 'Street', 'Suzuka': 'Permanent', 'Shanghai': 'Permanent', 'Miami': 'Street', 'Imola': 'Permanent', 'Monte Carlo': 'Street', 'Montreal': 'Street', 'Catalunya': 'Permanent', 'Spielberg': 'Permanent', 'Silverstone': 'Permanent', 'Hungaroring': 'Permanent', 'Spa-Francorchamps': 'Permanent', 'Zandvoort': 'Permanent', 'Monza': 'Permanent', 'Baku': 'Street', 'Singapore': 'Street', 'Austin': 'Permanent', 'Mexico City': 'Permanent', 'Interlagos': 'Permanent', 'lusail': 'Street'}",Alpine,OCO,1,HARD,2,48,47,True,88.35025531914893,82.938,-50.66299999999998,-0.5415005781683623,51.32411442368251,173.07384331323,357.0,21.0,37,0.7872340425531915,1.6502553191489362,83.1505
2024,Mexico City,20,"{'Sakhir': 'Street', 'Jeddah': 'Street', 'Melbourne': 'Street', 'Suzuka': 'Permanent', 'Shanghai': 'Permanent', 'Miami': 'Street', 'Imola': 'Permanent', 'Monte Carlo': 'Street', 'Montreal': 'Street', 'Catalunya': 'Permanent', 'Spielberg': 'Permanent', 'Silverstone': 'Permanent', 'Hungaroring': 'Permanent', 'Spa-Francorchamps': 'Permanent', 'Zandvoort': 'Permanent', 'Monza': 'Permanent', 'Baku': 'Street', 'Singapore': 'Street', 'Austin': 'Permanent', 'Mexico City': 'Permanent', 'Interlagos': 'Permanent', 'lusail': 'Street'}",Alpine,OCO,2,MEDIUM,49,70,22,False,82.19336363636364,80.659,-20.22399999999999,-0.22892151326933927,57.02084946406703,186.05834183585299,352.0,0.0,16,0.7272727272727273,3.3956363636363633,84.35699999999999
2024,Mexico City,20,"{'Sakhir': 'Street', 'Jeddah': 'Street', 'Melbourne': 'Street', 'Suzuka': 'Permanent', 'Shanghai': 'Permanent', 'Miami': 'Street', 'Imola': 'Permanent', 'Monte Carlo': 'Street', 'Montreal': 'Street', 'Catalunya': 'Permanent', 'Spielberg': 'Permanent', 'Silverstone': 'Permanent', 'Hungaroring': 'Permanent', 'Spa-Francorchamps': 'Permanent', 'Zandvoort': 'Permanent', 'Monza': 'Permanent', 'Baku': 'Street', 'Singapore': 'Street', 'Austin': 'Permanent', 'Mexico City': 'Permanent', 'Interlagos': 'Permanent', 'lusail': 'Street'}",Aston Martin,ALO,1,MEDIUM,2,15,14,False,100.03307142857143,82.722,-49.221999999999994,-4.545879120879124,37.58787159989724,152.20917849395047,350.0,28.0,9,0.6428571428571429,2.126857142857143,120.41580000000002
2024,Mexico City,20,"{'Sakhir': 'Street', 'Jeddah': 'Street', 'Melbourne': 'Street', 'Suzuka': 'Permanent', 'Shanghai': 'Permanent', 'Miami': 'Street', 'Imola': 'Permanent', 'Monte Carlo': 'Street', 'Montreal': 'Street', 'Catalunya': 'Permanent', 'Spielberg': 'Permanent', 'Silverstone': 'Permanent', 'Hungaroring': 'Permanent', 'Spa-Francorchamps': 'Permanent', 'Zandvoort': 'Permanent', 'Monza': 'Permanent', 'Baku': 'Street', 'Singapore': 'Street', 'Austin': 'Permanent', 'Mexico City': 'Permanent', 'Interlagos': 'Permanent', 'lusail': 'Street'}",Aston Martin,STR,1,MEDIUM,2,26,25,True,92.85228000000001,82.941,-49.727000000000004,-1.722743846153846,46.47825796251243,164.39466348479576,355.0,20.0,17,0.68,2.32572,102.34537499999999
2024,Mexico City,20,"{'Sakhir': 'Street', 'Jeddah': 'Street', 'Melbourne': 'Street', 'Suzuka': 'Permanent', 'Shanghai': 'Permanent', 'Miami': 'Street', 'Imola': 'Permanent', 'Monte Carlo': 'Street', 'Montreal': 'Street', 'Catalunya': 'Permanent', 'Spielberg': 'Permanent', 'Silverstone': 'Permanent', 'Hungaroring': 'Permanent', 'Spa-Francorchamps': 'Permanent', 'Zandvoort': 'Permanent', 'Monza': 'Permanent', 'Baku': 'Street', 'Singapore': 'Street', 'Austin': 'Permanent', 'Mexico City': 'Permanent', 'Interlagos': 'Permanent', 'lusail': 'Street'}",Aston Martin,STR,2,HARD,27,70,44,False,82.6290909090909,81.311,-20.019999999999996,-0.0918968287526437,54.40927676667558,184.76841208913487,352.0,0.0,11,0.25,5.587000000000001,82.67860606060607
2024,Mexico City,20,"{'Sakhir': 'Street', 'Jeddah': 'Street', 'Melbourne': 'Street', 'Suzuka': 'Permanent', 'Shanghai': 'Permanent', 'Miami': 'Street', 'Imola': 'Permanent', 'Monte Carlo': 'Street', 'Montreal': 'Street', 'Catalunya': 'Permanent', 'Spielberg': 'Permanent', 'Silverstone': 'Permanent', 'Hungaroring': 'Permanent', 'Spa-Francorchamps': 'Permanent', 'Zandvoort': 'Permanent', 'Monza': 'Permanent', 'Baku': 'Street', 'Singapore': 'Street', 'Austin': 'Permanent', 'Mexico City': 'Permanent', 'Interlagos': 'Permanent', 'lusail': 'Street'}",Ferrari,LEC,1,MEDIUM,2,31,30,True,90.26389999999999,81.262,-52.259000000000015,-1.3318961067853137,50.878174797640135,168.999104463902,351.0,30.0,20,0.6666666666666666,2.8627,82.65029999999999
2024,Mexico City,20,"{'Sakhir': 'Street', 'Jeddah': 'Street', 'Melbourne': 'Street', 'Suzuka': 'Permanent', 'Shanghai': 'Permanent', 'Miami': 'Street', 'Imola': 'Permanent', 'Monte Carlo': 'Street', 'Montreal': 'Street', 'Catalunya': 'Permanent', 'Spielberg': 'Permanent', 'Silverstone': 'Permanent', 'Hungaroring': 'Permanent', 'Spa-Francorchamps': 'Permanent', 'Zandvoort': 'Permanent', 'Monza': 'Permanent', 'Baku': 'Street', 'Singapore': 'Street', 'Austin': 'Permanent', 'Mexico City': 'Permanent', 'Interlagos': 'Permanent', 'lusail': 'Street'}",Ferrari,LEC,2,HARD,32,69,38,True,81.42015789473685,80.156,-15.818999999999988,-0.05454075938286608,59.416787454489885,187.66960904014437,343.0,0.0,1,0.02631578947368421,7.152,81.38048648648648
2024,Mexico City,20,"{'Sakhir': 'Street', 'Jeddah': 'Street', 'Melbourne': 'Street', 'Suzuka': 'Permanent', 'Shanghai': 'Permanent', 'Miami': 'Street', 'Imola': 'Permanent', 'Monte Carlo': 'Street', 'Montreal': 'Street', 'Catalunya': 'Permanent', 'Spielberg': 'Permanent', 'Silverstone': 'Permanent', 'Hungaroring': 'Permanent', 'Spa-Francorchamps': 'Permanent', 'Zandvoort': 'Permanent', 'Monza': 'Permanent', 'Baku': 'Street', 'Singapore': 'Street', 'Austin': 'Permanent', 'Mexico City': 'Permanent', 'Interlagos': 'Permanent', 'lusail': 'Street'}",Ferrari,LEC,3,SOFT,70,71,2,False,88.739,78.336,-20.805999999999997,-20.80600000000001,60.540801881692616,173.11475682066393,333.0,0.0,0,0.0,31.005,88.739
2024,Mexico City,20,"{'Sakhir': 'Street', 'Jeddah': 'Street', 'Melbourne': 'Street', 'Suzuka': 'Permanent', 'Shanghai': 'Permanent', 'Miami': 'Street', 'Imola': 'Permanent', 'Monte Carlo': 'Street', 'Montreal': 'Street', 'Catalunya': 'Permanent', 'Spielberg': 'Permanent', 'Silverstone': 'Permanent', 'Hungaroring': 'Permanent', 'Spa-Francorchamps': 'Permanent', 'Zandvoort': 'Permanent', 'Monza': 'Permanent', 'Baku': 'Street', 'Singapore': 'Street', 'Austin': 'Permanent', 'Mexico City': 'Permanent', 'Interlagos': 'Permanent', 'lusail': 'Street'}",Ferrari,SAI,1,MEDIUM,2,32,31,True,89.82238709677418,81.284,-52.82900000000001,-1.2869657258064533,51.2658321074408,169.77485233453584,351.0,27.0,31,1.0,0.27041935483870966,
2024,Mexico City,20,"{'Sakhir': 'Street', 'Jeddah': 'Street', 'Melbourne': 'Street', 'Suzuka': 'Permanent', 'Shanghai': 'Permanent', 'Miami': 'Street', 'Imola': 'Permanent', 'Monte Carlo': 'Street', 'Montreal': 'Street', 'Catalunya': 'Permanent', 'Spielberg': 'Permanent', 'Silverstone': 'Permanent', 'Hungaroring': 'Permanent', 'Spa-Francorchamps': 'Permanent', 'Zandvoort': 'Permanent', 'Monza': 'Permanent', 'Baku': 'Street', 'Singapore': 'Street', 'Austin': 'Permanent', 'Mexico City': 'Permanent', 'Interlagos': 'Permanent', 'lusail': 'Street'}",Ferrari,SAI,2,HARD,33,71,39,False,81.1303076923077,80.137,-19.22800000000001,-0.09068704453441286,58.430947599105274,188.14482361747062,336.0,0.0,39,1.0,0.0,
2024,Mexico City,20,"{'Sakhir': 'Street', 'Jeddah': 'Street', 'Melbourne': 'Street', 'Suzuka': 'Permanent', 'Shanghai': 'Permanent', 'Miami': 'Street', 'Imola': 'Permanent', 'Monte Carlo': 'Street', 'Montreal': 'Street', 'Catalunya': 'Permanent', 'Spielberg': 'Permanent', 'Silverstone': 'Permanent', 'Hungaroring': 'Permanent', 'Spa-Francorchamps': 'Permanent', 'Zandvoort': 'Permanent', 'Monza': 'Permanent', 'Baku': 'Street', 'Singapore': 'Street', 'Austin': 'Permanent', 'Mexico City': 'Permanent', 'Interlagos': 'Permanent', 'lusail': 'Street'}",Haas,HUL,1,MEDIUM,2,29,28,True,91.62203571428572,82.413,-50.434,-1.4311316365626656,47.616595865622095,166.53472025640752,355.0,30.0,19,0.6785714285714286,2.349321428571429,83.92233333333334
2024,Mexico City,20,"{'Sakhir': 'Street', 'Jeddah': 'Street', 'Melbourne': 'Street', 'Suzuka': 'Permanent', 'Shanghai': 'Permanent', 'Miami': 'Street', 'Imola': 'Permanent', 'Monte Carlo': 'Street', 'Montreal': 'Street', 'Catalunya': 'Permanent', 'Spielberg': 'Permanent', 'Silverstone': 'Permanent', 'Hungaroring': 'Permanent', 'Spa-Francorchamps': 'Permanent', 'Zandvoort': 'Permanent', 'Monza': 'Permanent', 'Baku': 'Street', 'Singapore': 'Street', 'Austin': 'Permanent', 'Mexico City': 'Permanent', 'Interlagos': 'Permanent', 'lusail': 'Street'}",Haas,HUL,2,HARD,30,70,41,False,82.3050487804878,80.748,-15.61800000000001,-0.0793341463414609,54.91245195469014,186.2537459272899,357.0,0.0,13,0.3170731707317073,5.281574999999999,81.69257142857143
2024,Mexico City,20,"{'Sakhir': 'Street', 'Jeddah': 'Street', 'Melbourne': 'Street', 'Suzuka': 'Permanent', 'Shanghai': 'Permanent', 'Miami': 'Street', 'Imola': 'Permanent', 'Monte Carlo': 'Street', 'Montreal': 'Street', 'Catalunya': 'Permanent', 'Spielberg': 'Permanent', 'Silverstone': 'Permanent', 'Hungaroring': 'Permanent', 'Spa-Francorchamps': 'Permanent', 'Zandvoort': 'Permanent', 'Monza': 'Permanent', 'Baku': 'Street', 'Singapore': 'Street', 'Austin': 'Permanent', 'Mexico City': 'Permanent', 'Interlagos': 'Permanent', 'lusail': 'Street'}",Haas,MAG,1,MEDIUM,2,30,29,True,91.30965517241378,82.232,-50.557,-1.3438507389162573,47.55898293918843,166.84569502222197,358.0,30.0,20,0.6896551724137931,2.7964482758620686,89.20788888888889
2024,Mexico City,20,"{'Sakhir': 'Street', 'Jeddah': 'Street', 'Melbourne': 'Street', 'Suzuka': 'Permanent', 'Shanghai': 'Permanent', 'Miami': 'Street', 'Imola': 'Permanent', 'Monte Carlo': 'Street', 'Montreal': 'Street', 'Catalunya': 'Permanent', 'Spielberg': 'Permanent', 'Silverstone': 'Permanent', 'Hungaroring': 'Permanent', 'Spa-Francorchamps': 'Permanent', 'Zandvoort': 'Permanent', 'Monza': 'Permanent', 'Baku': 'Street', 'Singapore': 'Street', 'Austin': 'Permanent', 'Mexico City': 'Permanent', 'Interlagos': 'Permanent', 'lusail': 'Street'}",Haas,MAG,2,HARD,31,71,41,False,81.82143902439024,80.637,-20.299999999999997,-0.10053710801393506,55.39803704325306,187.00373395624587,355.0,0.0,7,0.17073170731707318,5.4861707317073165,81.16902941176471
2024,Mexico City,20,"{'Sakhir': 'Street', 'Jeddah': 'Street', 'Melbourne': 'Street', 'Suzuka': 'Permanent', 'Shanghai': 'Permanent', 'Miami': 'Street', 'Imola': 'Permanent', 'Monte Carlo': 'Street', 'Montreal': 'Street', 'Catalunya': 'Permanent', 'Spielberg': 'Permanent', 'Silverstone': 'Permanent', 'Hungaroring': 'Permanent', 'Spa-Francorchamps': 'Permanent', 'Zandvoort': 'Permanent', 'Monza': 'Permanent', 'Baku': 'Street', 'Singapore': 'Street', 'Austin': 'Permanent', 'Mexico City': 'Permanent', 'Interlagos': 'Permanent', 'lusail': 'Street'}",McLaren,NOR,1,MEDIUM,2,30,29,True,90.82413793103449,81.724,-52.66699999999999,-1.4228108374384234,47.857481354180216,167.74181541643264,354.0,28.0,24,0.8275862068965517,2.061571428571429,83.19160000000001
2024,Mexico City,20,"{'Sakhir': 'Street', 'Jeddah': 'Street', 'Melbourne': 'Street', 'Suzuka': 'Permanent', 'Shanghai': 'Permanent', 'Miami': 'Street', 'Imola': 'Permanent', 'Monte Carlo': 'Street', 'Montreal': 'Street', 'Catalunya': 'Permanent', 'Spielberg': 'Permanent', 'Silverstone': 'Permanent', 'Hungaroring': 'Permanent', 'Spa-Francorchamps': 'Permanent', 'Zandvoort': 'Permanent', 'Monza': 'Permanent', 'Baku': 'Street', 'Singapore': 'Street', 'Austin': 'Permanent', 'Mexico City': 'Permanent', 'Interlagos': 'Permanent', 'lusail': 'Street'}",McLaren,NOR,2,HARD,31,71,41,False,80.90978048780488,79.691,-19.536,-0.09020871080139145,55.29233936469763,188.64230936429882,354.0,0.0,6,0.14634146341463414,4.837829268292683,81.02868571428571
2024,Mexico City,20,"{'Sakhir': 'Street', 'Jeddah': 'Street', 'Melbourne': 'Street', 'Suzuka': 'Permanent', 'Shanghai': 'Permanent', 'Miami': 'Street', 'Imola': 'Permanent', 'Monte Carlo': 'Street', 'Montreal': 'Street', 'Catalunya': 'Permanent', 'Spielberg': 'Permanent', 'Silverstone': 'Permanent', 'Hungaroring': 'Permanent', 'Spa-Francorchamps': 'Permanent', 'Zandvoort': 'Permanent', 'Monza': 'Permanent', 'Baku': 'Street', 'Singapore': 'Street', 'Austin': 'Permanent', 'Mexico City': 'Permanent', 'Interlagos': 'Permanent', 'lusail': 'Street'}",McLaren,PIA,1,MEDIUM,2,39,38,True,89.05842105263157,82.231,-52.98200000000001,-0.8277907867381566,48.70876243484167,171.33389803687163,361.0,23.0,32,0.8421052631578947,1.7838684210526314,82.92450000000001
2024,Mexico City,20,"{'Sakhir': 'Street', 'Jeddah': 'Street', 'Melbourne': 'Street', 'Suzuka': 'Permanent', 'Shanghai': 'Permanent', 'Miami': 'Street', 'Imola': 'Permanent', 'Monte Carlo': 'Street', 'Montreal': 'Street', 'Catalunya': 'Permanent', 'Spielberg': 'Permanent', 'Silverstone': 'Permanent', 'Hungaroring': 'Permanent', 'Spa-Francorchamps': 'Permanent', 'Zandvoort': 'Permanent', 'Monza': 'Permanent', 'Baku': 'Street', 'Singapore': 'Street', 'Austin': 'Permanent', 'Mexico City': 'Permanent', 'Interlagos': 'Permanent', 'lusail': 'Street'}",McLaren,PIA,2,HARD,40,71,32,False,81.34578125,80.064,-18.187999999999988,-0.133270344574779,55.30620515872739,188.01095881783306,355.0,0.0,13,0.40625,4.13096875,80.46715789473686
2024,Mexico City,20,"{'Sakhir': 'Street', 'Jeddah': 'Street', 'Melbourne': 'Street', 'Suzuka': 'Permanent', 'Shanghai': 'Permanent', 'Miami': 'Street', 'Imola': 'Permanent', 'Monte Carlo': 'Street', 'Montreal': 'Street', 'Catalunya': 'Permanent', 'Spielberg': 'Permanent', 'Silverstone': 'Permanent', 'Hungaroring': 'Permanent', 'Spa-Francorchamps': 'Permanent', 'Zandvoort': 'Permanent', 'Monza': 'Permanent', 'Baku': 'Street', 'Singapore': 'Street', 'Austin': 'Permanent', 'Mexico City': 'Permanent', 'Interlagos': 'Permanent', 'lusail': 'Street'}",Mercedes,HAM,1,MEDIUM,2,28,27,True,91.81107407407409,81.998,-51.41499999999999,-1.5804206349206364,49.328650544609346,165.98591320778738,348.0,29.0,22,0.8148148148148148,1.9739629629629634,95.0042
2024,Mexico City,20,"{'Sakhir': 'Street', 'Jeddah': 'Street', 'Melbourne': 'Street', 'Suzuka': 'Permanent', 'Shanghai': 'Permanent', 'Miami': 'Street', 'Imola': 'Permanent', 'Monte Carlo': 'Street', 'Montreal': 'Street', 'Catalunya': 'Permanent', 'Spielberg': 'Permanent', 'Silverstone': 'Permanent', 'Hungaroring': 'Permanent', 'Spa-Francorchamps': 'Permanent', 'Zandvoort': 'Permanent', 'Monza': 'Permanent', 'Baku': 'Street', 'Singapore': 'Street', 'Austin': 'Permanent', 'Mexico City': 'Permanent', 'Interlagos': 'Permanent', 'lusail': 'Street'}",Mercedes,HAM,2,HARD,29,71,43,False,81.61502325581395,80.371,-20.702000000000012,-0.08145288432497827,56.23059226400082,187.04889808286097,359.0,0.0,31,0.7209302325581395,4.657558139534884,80.95875
2024,Mexico City,20,"{'Sakhir': 'Street', 'Jeddah': 'Street', 'Melbourne': 'Street', 'Suzuka': 'Permanent', 'Shanghai': 'Permanent', 'Miami': 'Street', 'Imola': 'Permanent', 'Monte Carlo': 'Street', 'Montreal': 'Street', 'Catalunya': 'Permanent', 'Spielberg': 'Permanent', 'Silverstone': 'Permanent', 'Hungaroring': 'Permanent', 'Spa-Francorchamps': 'Permanent', 'Zandvoort': 'Permanent', 'Monza': 'Permanent', 'Baku': 'Street', 'Singapore': 'Street', 'Austin': 'Permanent', 'Mexico City': 'Permanent', 'Interlagos': 'Permanent', 'lusail': 'Street'}",Mercedes,RUS,1,MEDIUM,2,31,30,True,90.58956666666664,82.04,-52.444,-1.3211379310344833,49.025746621639044,168.33759749646737,352.0,30.0,10,0.3333333333333333,4.4998,90.2696
2024,Mexico City,20,"{'Sakhir': 'Street', 'Jeddah': 'Street', 'Melbourne': 'Street', 'Suzuka': 'Permanent', 'Shanghai': 'Permanent', 'Miami': 'Street', 'Imola': 'Permanent', 'Monte Carlo': 'Street', 'Montreal': 'Street', 'Catalunya': 'Permanent', 'Spielberg': 'Permanent', 'Silverstone': 'Permanent', 'Hungaroring': 'Permanent', 'Spa-Francorchamps': 'Permanent', 'Zandvoort': 'Permanent', 'Monza': 'Permanent', 'Baku': 'Street', 'Singapore': 'Street', 'Austin': 'Permanent', 'Mexico City': 'Permanent', 'Interlagos': 'Permanent', 'lusail': 'Street'}",Mercedes,RUS,2,HARD,32,71,40,False,81.792925,80.731,-21.02300000000001,-0.07980103189493505,58.26039836963519,186.6405594579263,359.0,0.0,5,0.125,18.140717948717946,81.23362857142858
2024,Mexico City,20,"{'Sakhir': 'Street', 'Jeddah': 'Street', 'Melbourne': 'Street', 'Suzuka': 'Permanent', 'Shanghai': 'Permanent', 'Miami': 'Street', 'Imola': 'Permanent', 'Monte Carlo': 'Street', 'Montreal': 'Street', 'Catalunya': 'Permanent', 'Spielberg': 'Permanent', 'Silverstone': 'Permanent', 'Hungaroring': 'Permanent', 'Spa-Francorchamps': 'Permanent', 'Zandvoort': 'Permanent', 'Monza': 'Permanent', 'Baku': 'Street', 'Singapore': 'Street', 'Austin': 'Permanent', 'Mexico City': 'Permanent', 'Interlagos': 'Permanent', 'lusail': 'Street'}",RB,LAW,1,HARD,2,39,38,True,89.53681578947366,82.693,-52.06099999999999,-0.8159418973629522,53.14230205159809,170.19153074573643,350.0,31.0,34,0.8947368421052632,2.3004736842105267,83.03425
2024,Mexico City,20,"{'Sakhir': 'Street', 'Jeddah': 'Street', 'Melbourne': 'Street', 'Suzuka': 'Permanent', 'Shanghai': 'Permanent', 'Miami': 'Street', 'Imola': 'Permanent', 'Monte Carlo': 'Street', 'Montreal': 'Street', 'Catalunya': 'Permanent', 'Spielberg': 'Permanent', 'Silverstone': 'Permanent', 'Hungaroring': 'Permanent', 'Spa-Francorchamps': 'Permanent', 'Zandvoort': 'Permanent', 'Monza': 'Permanent', 'Baku': 'Street', 'Singapore': 'Street', 'Austin': 'Permanent', 'Mexico City': 'Permanent', 'Interlagos': 'Permanent', 'lusail': 'Street'}",RB,LAW,2,MEDIUM,40,65,26,True,83.08057692307692,81.302,-12.74799999999999,-0.11131931623931679,58.661330257025114,183.47935094761078,349.0,0.0,25,0.9615384615384616,1.4043846153846151,82.777
2024,Mexico City,20,"{'Sakhir': 'Street', 'Jeddah': 'Street', 'Melbourne': 'Street', 'Suzuka': 'Permanent', 'Shanghai': 'Permanent', 'Miami': 'Street', 'Imola': 'Permanent', 'Monte Carlo': 'Street', 'Montreal': 'Street', 'Catalunya': 'Permanent', 'Spielberg': 'Permanent', 'Silverstone': 'Permanent', 'Hungaroring': 'Permanent', 'Spa-Francorchamps': 'Permanent', 'Zandvoort': 'Permanent', 'Monza': 'Permanent', 'Baku': 'Street', 'Singapore': 'Street', 'Austin': 'Permanent', 'Mexico City': 'Permanent', 'Interlagos': 'Permanent', 'lusail': 'Street'}",RB,LAW,3,SOFT,66,70,5,False,87.36720000000001,79.502,-23.89999999999999,-4.544499999999988,56.667044985335124,174.7807370422573,354.0,0.0,3,0.6,2.384,94.209
2024,Mexico City,20,"{'Sakhir': 'Street', 'Jeddah': 'Street', 'Melbourne': 'Street', 'Suzuka': 'Permanent', 'Shanghai': 'Permanent', 'Miami': 'Street', 'Imola': 'Permanent', 'Monte Carlo': 'Street', 'Montreal': 'Street', 'Catalunya': 'Permanent', 'Spielberg': 'Permanent', 'Silverstone': 'Permanent', 'Hungaroring': 'Permanent', 'Spa-Francorchamps': 'Permanent', 'Zandvoort': 'Permanent', 'Monza': 'Permanent', 'Baku': 'Street', 'Singapore': 'Street', 'Austin': 'Permanent', 'Mexico City': 'Permanent', 'Interlagos': 'Permanent', 'lusail': 'Street'}",Red Bull,PER,1,HARD,2,20,19,True,95.57136842105263,82.367,-47.459,-2.718326315789474,44.19935336081236,159.1327607837045,354.0,30.0,17,0.8947368421052632,1.2862105263157897,87.138
2024,Mexico City,20,"{'Sakhir': 'Street', 'Jeddah': 'Street', 'Melbourne': 'Street', 'Suzuka': 'Permanent', 'Shanghai': 'Permanent', 'Miami': 'Street', 'Imola': 'Permanent', 'Monte Carlo': 'Street', 'Montreal': 'Street', 'Catalunya': 'Permanent', 'Spielberg': 'Permanent', 'Silverstone': 'Permanent', 'Hungaroring': 'Permanent', 'Spa-Francorchamps': 'Permanent', 'Zandvoort': 'Permanent', 'Monza': 'Permanent', 'Baku': 'Street', 'Singapore': 'Street', 'Austin': 'Permanent', 'Mexico City': 'Permanent', 'Interlagos': 'Permanent', 'lusail': 'Street'}",Red Bull,PER,2,MEDIUM,21,43,23,True,84.29539130434782,81.659,-19.183000000000007,-0.1107332015810294,54.25583688286105,180.46529478521808,335.0,0.0,13,0.5652173913043478,6.470739130434782,85.2732
2024,Mexico City,20,"{'Sakhir': 'Street', 'Jeddah': 'Street', 'Melbourne': 'Street', 'Suzuka': 'Permanent', 'Shanghai': 'Permanent', 'Miami': 'Street', 'Imola': 'Permanent', 'Monte Carlo': 'Street', 'Montreal': 'Street', 'Catalunya': 'Permanent', 'Spielberg': 'Permanent', 'Silverstone': 'Permanent', 'Hungaroring': 'Permanent', 'Spa-Francorchamps': 'Permanent', 'Zandvoort': 'Permanent', 'Monza': 'Permanent', 'Baku': 'Street', 'Singapore': 'Street', 'Austin': 'Permanent', 'Mexico City': 'Permanent', 'Interlagos': 'Permanent', 'lusail': 'Street'}",Red Bull,PER,3,MEDIUM,44,68,25,True,82.70667999999999,80.97,-14.358000000000004,-0.07608923076923257,55.09640820068003,184.37641132129147,349.0,0.0,10,0.4,6.41268,82.23213333333332
2024,Mexico City,20,"{'Sakhir': 'Street', 'Jeddah': 'Street', 'Melbourne': 'Street', 'Suzuka': 'Permanent', 'Shanghai': 'Permanent', 'Miami': 'Street', 'Imola': 'Permanent', 'Monte Carlo': 'Street', 'Montreal': 'Street', 'Catalunya': 'Permanent', 'Spielberg': 'Permanent', 'Silverstone': 'Permanent', 'Hungaroring': 'Permanent', 'Spa-Francorchamps': 'Permanent', 'Zandvoort': 'Permanent', 'Monza': 'Permanent', 'Baku': 'Street', 'Singapore': 'Street', 'Austin': 'Permanent', 'Mexico City': 'Permanent', 'Interlagos': 'Permanent', 'lusail': 'Street'}",Red Bull,PER,4,SOFT,69,70,2,False,89.713,79.209,-21.007999999999996,-21.007999999999992,58.64051436851379,169.5391305838446,327.0,0.0,0,0.0,13.9255,89.713
2024,Mexico City,20,"{'Sakhir': 'Street', 'Jeddah': 'Street', 'Melbourne': 'Street', 'Suzuka': 'Permanent', 'Shanghai': 'Permanent', 'Miami': 'Street', 'Imola': 'Permanent', 'Monte Carlo': 'Street', 'Montreal': 'Street', 'Catalunya': 'Permanent', 'Spielberg': 'Permanent', 'Silverstone': 'Permanent', 'Hungaroring': 'Permanent', 'Spa-Francorchamps': 'Permanent', 'Zandvoort': 'Permanent', 'Monza': 'Permanent', 'Baku': 'Street', 'Singapore': 'Street', 'Austin': 'Permanent', 'Mexico City': 'Permanent', 'Interlagos': 'Permanent', 'lusail': 'Street'}",Red Bull,VER,1,MEDIUM,2,26,25,True,92.26612000000002,81.442,-52.69699999999999,-1.8810530769230769,47.82777458310878,165.2478482423855,346.0,30.0,16,0.64,2.22588,82.75833333333334
2024,Mexico City,20,"{'Sakhir': 'Street', 'Jeddah': 'Street', 'Melbourne': 'Street', 'Suzuka': 'Permanent', 'Shanghai': 'Permanent', 'Miami': 'Street', 'Imola': 'Permanent', 'Monte Carlo': 'Street', 'Montreal': 'Street', 'Catalunya': 'Permanent', 'Spielberg': 'Permanent', 'Silverstone': 'Permanent', 'Hungaroring': 'Permanent', 'Spa-Francorchamps': 'Permanent', 'Zandvoort': 'Permanent', 'Monza': 'Permanent', 'Baku': 'Street', 'Singapore': 'Street', 'Austin': 'Permanent', 'Mexico City': 'Permanent', 'Interlagos': 'Permanent', 'lusail': 'Street'}",Red Bull,VER,2,HARD,27,71,45,False,82.30324444444445,80.872,-40.328,-0.13629104084321325,56.15533486281661,185.4360000549045,356.0,0.0,11,0.24444444444444444,8.321977777777779,82.40911764705884
2024,Mexico City,20,"{'Sakhir': 'Street', 'Jeddah': 'Street', 'Melbourne': 'Street', 'Suzuka': 'Permanent', 'Shanghai': 'Permanent', 'Miami': 'Street', 'Imola': 'Permanent', 'Monte Carlo': 'Street', 'Montreal': 'Street', 'Catalunya': 'Permanent', 'Spielberg': 'Permanent', 'Silverstone': 'Permanent', 'Hungaroring': 'Permanent', 'Spa-Francorchamps': 'Permanent', 'Zandvoort': 'Permanent', 'Monza': 'Permanent', 'Baku': 'Street', 'Singapore': 'Street', 'Austin': 'Permanent', 'Mexico City': 'Permanent', 'Interlagos': 'Permanent', 'lusail': 'Street'}",Sauber,BOT,1,HARD,2,49,48,True,88.20289583333333,82.879,-51.99199999999999,-0.5289218953538871,50.93777830000723,173.29990804816916,355.0,30.0,35,0.7291666666666666,2.242625,91.08284615384613
2024,Mexico City,20,"{'Sakhir': 'Street', 'Jeddah': 'Street', 'Melbourne': 'Street', 'Suzuka': 'Permanent', 'Shanghai': 'Permanent', 'Miami': 'Street', 'Imola': 'Permanent', 'Monte Carlo': 'Street', 'Montreal': 'Street', 'Catalunya': 'Permanent', 'Spielberg': 'Permanent', 'Silverstone': 'Permanent', 'Hungaroring': 'Permanent', 'Spa-Francorchamps': 'Permanent', 'Zandvoort': 'Permanent', 'Monza': 'Permanent', 'Baku': 'Street', 'Singapore': 'Street', 'Austin': 'Permanent', 'Mexico City': 'Permanent', 'Interlagos': 'Permanent', 'lusail': 'Street'}",Sauber,BOT,2,MEDIUM,50,70,21,False,82.55919047619048,81.085,-18.186999999999998,-0.21168571428571448,58.4639497670622,185.82665431473495,324.0,0.0,1,0.047619047619047616,12.239761904761906,82.4996
2024,Mexico City,20,"{'Sakhir': 'Street', 'Jeddah': 'Street', 'Melbourne': 'Street', 'Suzuka': 'Permanent', 'Shanghai': 'Permanent', 'Miami': 'Street', 'Imola': 'Permanent', 'Monte Carlo': 'Street', 'Montreal': 'Street', 'Catalunya': 'Permanent', 'Spielberg': 'Permanent', 'Silverstone': 'Permanent', 'Hungaroring': 'Permanent', 'Spa-Francorchamps': 'Permanent', 'Zandvoort': 'Permanent', 'Monza': 'Permanent', 'Baku': 'Street', 'Singapore': 'Street', 'Austin': 'Permanent', 'Mexico City': 'Permanent', 'Interlagos': 'Permanent', 'lusail': 'Street'}",Sauber,ZHO,1,HARD,2,43,42,True,89.18183333333334,82.904,-50.18799999999999,-0.6559453042703173,49.25390710779109,171.53373469664857,356.0,24.0,35,0.8333333333333334,2.0592857142857146,83.45114285714286
2024,Mexico City,20,"{'Sakhir': 'Street', 'Jeddah': 'Street', 'Melbourne': 'Street', 'Suzuka': 'Permanent', 'Shanghai': 'Permanent', 'Miami': 'Street', 'Imola': 'Permanent', 'Monte Carlo': 'Street', 'Montreal': 'Street', 'Catalunya': 'Permanent', 'Spielberg': 'Permanent', 'Silverstone': 'Permanent', 'Hungaroring': 'Permanent', 'Spa-Francorchamps': 'Permanent', 'Zandvoort': 'Permanent', 'Monza': 'Permanent', 'Baku': 'Street', 'Singapore': 'Street', 'Austin': 'Permanent', 'Mexico City': 'Permanent', 'Interlagos': 'Permanent', 'lusail': 'Street'}",Sauber,ZHO,2,MEDIUM,44,70,27,False,82.94637037037036,81.553,-20.230000000000004,-0.14994139194139378,55.263814138047444,184.49600163948958,348.0,0.0,6,0.2222222222222222,8.157148148148147,83.21128571428572
2024,Mexico City,20,"{'Sakhir': 'Street', 'Jeddah': 'Street', 'Melbourne': 'Street', 'Suzuka': 'Permanent', 'Shanghai': 'Permanent', 'Miami': 'Street', 'Imola': 'Permanent', 'Monte Carlo': 'Street', 'Montreal': 'Street', 'Catalunya': 'Permanent', 'Spielberg': 'Permanent', 'Silverstone': 'Permanent', 'Hungaroring': 'Permanent', 'Spa-Francorchamps': 'Permanent', 'Zandvoort': 'Permanent', 'Monza': 'Permanent', 'Baku': 'Street', 'Singapore': 'Street', 'Austin': 'Permanent', 'Mexico City': 'Permanent', 'Interlagos': 'Permanent', 'lusail': 'Street'}",Williams,COL,1,HARD,2,47,46,True,88.30704347826088,82.551,-50.38300000000001,-0.5784076472402092,48.10923686036102,172.92709146421208,353.0,22.0,33,0.717391304347826,2.193108695652174,83.28176923076923
2024,Mexico City,20,"{'Sakhir': 'Street', 'Jeddah': 'Street', 'Melbourne': 'Street', 'Suzuka': 'Permanent', 'Shanghai': 'Permanent', 'Miami': 'Street', 'Imola': 'Permanent', 'Monte Carlo': 'Street', 'Montreal': 'Street', 'Catalunya': 'Permanent', 'Spielberg': 'Permanent', 'Silverstone': 'Permanent', 'Hungaroring': 'Permanent', 'Spa-Francorchamps': 'Permanent', 'Zandvoort': 'Permanent', 'Monza': 'Permanent', 'Baku': 'Street', 'Singapore': 'Street', 'Austin': 'Permanent', 'Mexico City': 'Permanent', 'Interlagos': 'Permanent', 'lusail': 'Street'}",Williams,COL,2,MEDIUM,48,70,23,False,82.29108695652174,80.09,-21.322000000000003,-0.18120158102766923,54.76946056681839,185.17315816781684,352.0,0.0,14,0.6086956521739131,3.5558695652173924,83.27666666666667
2024,Miami,6,"{'Sakhir': 'Street', 'Jeddah': 'Street', 'Melbourne': 'Street', 'Suzuka': 'Permanent', 'Shanghai': 'Permanent', 'Miami': 'Street', 'Imola': 'Permanent', 'Monte Carlo': 'Street', 'Montreal': 'Street', 'Catalunya': 'Permanent', 'Spielberg': 'Permanent', 'Silverstone': 'Permanent', 'Hungaroring': 'Permanent', 'Spa-Francorchamps': 'Permanent', 'Zandvoort': 'Permanent', 'Monza': 'Permanent', 'Baku': 'Street', 'Singapore': 'Street', 'Austin': 'Permanent', 'Mexico City': 'Permanent', 'Interlagos': 'Permanent', 'lusail': 'Street'}",Alpine,GAS,1,MEDIUM,2,12,11,True,94.67036363636362,93.789,4.717999999999989,0.2587272727272698,62.91757957012885,204.1061343143555,348.0,60.0,10,0.9090909090909091,0.8647,94.498
2024,Miami,6,"{'Sakhir': 'Street', 'Jeddah': 'Street', 'Melbourne': 'Street', 'Suzuka': 'Permanent', 'Shanghai': 'Permanent', 'Miami': 'Street', 'Imola': 'Permanent', 'Monte Carlo': 'Street', 'Montreal': 'Street', 'Catalunya': 'Permanent', 'Spielberg': 'Permanent', 'Silverstone': 'Permanent', 'Hungaroring': 'Permanent', 'Spa-Francorchamps': 'Permanent', 'Zandvoort': 'Permanent', 'Monza': 'Permanent', 'Baku': 'Street', 'Singapore': 'Street', 'Austin': 'Permanent', 'Mexico City': 'Permanent', 'Interlagos': 'Permanent', 'lusail': 'Street'}",Alpine,GAS,2,HARD,13,57,45,False,96.66895555555556,92.055,-15.593999999999994,-0.18103069828722035,61.321036265543015,199.28251156390263,351.0,0.0,30,0.6666666666666666,2.028577777777778,95.02660000000002
2024,Miami,6,"{'Sakhir': 'Street', 'Jeddah': 'Street', 'Melbourne': 'Street', 'Suzuka': 'Permanent', 'Shanghai': 'Permanent', 'Miami': 'Street', 'Imola': 'Permanent', 'Monte Carlo': 'Street', 'Montreal': 'Street', 'Catalunya': 'Permanent', 'Spielberg': 'Permanent', 'Silverstone': 'Permanent', 'Hungaroring': 'Permanent', 'Spa-Francorchamps': 'Permanent', 'Zandvoort': 'Permanent', 'Monza': 'Permanent', 'Baku': 'Street', 'Singapore': 'Street', 'Austin': 'Permanent', 'Mexico City': 'Permanent', 'Interlagos': 'Permanent', 'lusail': 'Street'}",Alpine,OCO,1,MEDIUM,2,22,21,True,94.58261904761905,93.545,6.918999999999997,0.07523636363636459,64.78007504114349,203.48921453519284,345.0,56.0,20,0.9523809523809523,1.4185238095238095,102.357
2024,Miami,6,"{'Sakhir': 'Street', 'Jeddah': 'Street', 'Melbourne': 'Street', 'Suzuka': 'Permanent', 'Shanghai': 'Permanent', 'Miami': 'Street', 'Imola': 'Permanent', 'Monte Carlo': 'Street', 'Montreal': 'Street', 'Catalunya': 'Permanent', 'Spielberg': 'Permanent', 'Silverstone': 'Permanent', 'Hungaroring': 'Permanent', 'Spa-Francorchamps': 'Permanent', 'Zandvoort': 'Permanent', 'Monza': 'Permanent', 'Baku': 'Street', 'Singapore': 'Street', 'Austin': 'Permanent', 'Mexico City': 'Permanent', 'Interlagos': 'Permanent', 'lusail': 'Street'}",Alpine,OCO,2,HARD,23,57,35,False,97.13297142857144,92.037,-19.461,-0.48117366946778706,62.68290786844344,198.12164177551406,343.0,0.0,33,0.9428571428571428,1.7332571428571428,93.4065
2024,Miami,6,"{'Sakhir': 'Street', 'Jeddah': 'Street', 'Melbourne': 'Street', 'Suzuka': 'Permanent', 'Shanghai': 'Permanent', 'Miami': 'Street', 'Imola': 'Permanent', 'Monte Carlo': 'Street', 'Montreal': 'Street', 'Catalunya': 'Permanent', 'Spielberg': 'Permanent', 'Silverstone': 'Permanent', 'Hungaroring': 'Permanent', 'Spa-Francorchamps': 'Permanent', 'Zandvoort': 'Permanent', 'Monza': 'Permanent', 'Baku': 'Street', 'Singapore': 'Street', 'Austin': 'Permanent', 'Mexico City': 'Permanent', 'Interlagos': 'Permanent', 'lusail': 'Street'}",Aston Martin,ALO,1,HARD,2,22,21,True,94.77347619047619,93.751,6.822000000000003,0.0955441558441576,60.191763055157075,202.80666767409178,342.0,50.0,18,0.8571428571428571,1.5930952380952381,96.90333333333335
2024,Miami,6,"{'Sakhir': 'Street', 'Jeddah': 'Street', 'Melbourne': 'Street', 'Suzuka': 'Permanent', 'Shanghai': 'Permanent', 'Miami': 'Street', 'Imola': 'Permanent', 'Monte Carlo': 'Street', 'Montreal': 'Street', 'Catalunya': 'Permanent', 'Spielberg': 'Permanent', 'Silverstone': 'Permanent', 'Hungaroring': 'Permanent', 'Spa-Francorchamps': 'Permanent', 'Zandvoort': 'Permanent', 'Monza': 'Permanent', 'Baku': 'Street', 'Singapore': 'Street', 'Austin': 'Permanent', 'Mexico City': 'Permanent', 'Interlagos': 'Permanent', 'lusail': 'Street'}",Aston Martin,ALO,2,MEDIUM,23,57,35,False,96.96331428571428,91.727,-16.778999999999996,-0.4808971988795527,58.23190193016175,198.05918364517356,351.0,0.0,26,0.7428571428571429,1.7886969696969697,94.21388888888889
2024,Miami,6,"{'Sakhir': 'Street', 'Jeddah': 'Street', 'Melbourne': 'Street', 'Suzuka': 'Permanent', 'Shanghai': 'Permanent', 'Miami': 'Street', 'Imola': 'Permanent', 'Monte Carlo': 'Street', 'Montreal': 'Street', 'Catalunya': 'Permanent', 'Spielberg': 'Permanent', 'Silverstone': 'Permanent', 'Hungaroring': 'Permanent', 'Spa-Francorchamps': 'Permanent', 'Zandvoort': 'Permanent', 'Monza': 'Permanent', 'Baku': 'Street', 'Singapore': 'Street', 'Austin': 'Permanent', 'Mexico City': 'Permanent', 'Interlagos': 'Permanent', 'lusail': 'Street'}",Aston Martin,STR,1,MEDIUM,2,11,10,True,94.7882,93.768,5.677000000000007,0.31105454545454575,59.35322076099139,202.79675559573886,349.0,56.0,10,1.0,0.6601000000000001,
2024,Miami,6,"{'Sakhir': 'Street', 'Jeddah': 'Street', 'Melbourne': 'Street', 'Suzuka': 'Permanent', 'Shanghai': 'Permanent', 'Miami': 'Street', 'Imola': 'Permanent', 'Monte Carlo': 'Street', 'Montreal': 'Street', 'Catalunya': 'Permanent', 'Spielberg': 'Permanent', 'Silverstone': 'Permanent', 'Hungaroring': 'Permanent', 'Spa-Francorchamps': 'Permanent', 'Zandvoort': 'Permanent', 'Monza': 'Permanent', 'Baku': 'Street', 'Singapore': 'Street', 'Austin': 'Permanent', 'Mexico City': 'Permanent', 'Interlagos': 'Permanent', 'lusail': 'Street'}",Aston Martin,STR,2,HARD,12,28,17,True,96.90623529411765,93.362,6.4609999999999985,0.2220955882352951,60.16608274797301,198.50510734845685,337.0,0.0,14,0.8235294117647058,2.6947058823529413,102.272
2024,Miami,6,"{'Sakhir': 'Street', 'Jeddah': 'Street', 'Melbourne': 'Street', 'Suzuka': 'Permanent', 'Shanghai': 'Permanent', 'Miami': 'Street', 'Imola': 'Permanent', 'Monte Carlo': 'Street', 'Montreal': 'Street', 'Catalunya': 'Permanent', 'Spielberg': 'Permanent', 'Silverstone': 'Permanent', 'Hungaroring': 'Permanent', 'Spa-Francorchamps': 'Permanent', 'Zandvoort': 'Permanent', 'Monza': 'Permanent', 'Baku': 'Street', 'Singapore': 'Street', 'Austin': 'Permanent', 'Mexico City': 'Permanent', 'Interlagos': 'Permanent', 'lusail': 'Street'}",Aston Martin,STR,3,MEDIUM,29,57,29,False,96.47437931034483,91.588,-45.68899999999999,-0.7243852216748791,57.78584019834556,198.7655205611913,356.0,0.0,27,0.9310344827586207,1.149392857142857,93.57849999999999
2024,Miami,6,"{'Sakhir': 'Street', 'Jeddah': 'Street', 'Melbourne': 'Street', 'Suzuka': 'Permanent', 'Shanghai': 'Permanent', 'Miami': 'Street', 'Imola': 'Permanent', 'Monte Carlo': 'Street', 'Montreal': 'Street', 'Catalunya': 'Permanent', 'Spielberg': 'Permanent', 'Silverstone': 'Permanent', 'Hungaroring': 'Permanent', 'Spa-Francorchamps': 'Permanent', 'Zandvoort': 'Permanent', 'Monza': 'Permanent', 'Baku': 'Street', 'Singapore': 'Street', 'Austin': 'Permanent', 'Mexico City': 'Permanent', 'Interlagos': 'Permanent', 'lusail': 'Street'}",Ferrari,LEC,1,MEDIUM,2,19,18,True,93.47822222222221,92.689,4.922000000000011,0.05665015479876414,65.15058075481092,205.22317905836405,334.0,53.0,18,1.0,0.6743888888888888,
2024,Miami,6,"{'Sakhir': 'Street', 'Jeddah': 'Street', 'Melbourne': 'Street', 'Suzuka': 'Permanent', 'Shanghai': 'Permanent', 'Miami': 'Street', 'Imola': 'Permanent', 'Monte Carlo': 'Street', 'Montreal': 'Street', 'Catalunya': 'Permanent', 'Spielberg': 'Permanent', 'Silverstone': 'Permanent', 'Hungaroring': 'Permanent', 'Spa-Francorchamps': 'Permanent', 'Zandvoort': 'Permanent', 'Monza': 'Permanent', 'Baku': 'Street', 'Singapore': 'Street', 'Austin': 'Permanent', 'Mexico City': 'Permanent', 'Interlagos': 'Permanent', 'lusail': 'Street'}",Ferrari,LEC,2,HARD,20,57,38,False,96.88134210526316,91.084,-14.783000000000001,-0.42983685304738223,63.57872136069318,198.6384850146916,329.0,0.0,33,0.868421052631579,2.675945945945946,95.453
2024,Miami,6,"{'Sakhir': 'Street', 'Jeddah': 'Street', 'Melbourne': 'Street', 'Suzuka': 'Permanent', 'Shanghai': 'Permanent', 'Miami': 'Street', 'Imola': 'Permanent', 'Monte Carlo': 'Street', 'Montreal': 'Street', 'Catalunya': 'Permanent', 'Spielberg': 'Permanent', 'Silverstone': 'Permanent', 'Hungaroring': 'Permanent', 'Spa-Francorchamps': 'Permanent', 'Zandvoort': 'Permanent', 'Monza': 'Permanent', 'Baku': 'Street', 'Singapore': 'Street', 'Austin': 'Permanent', 'Mexico City': 'Permanent', 'Interlagos': 'Permanent', 'lusail': 'Street'}",Ferrari,SAI,1,MEDIUM,2,27,26,True,93.77957692307692,92.455,4.292000000000002,0.09404341880341717,65.20698091583438,204.64428915784555,347.0,40.0,25,0.9615384615384616,1.4560384615384616,107.406
2024,Miami,6,"{'Sakhir': 'Street', 'Jeddah': 'Street', 'Melbourne': 'Street', 'Suzuka': 'Permanent', 'Shanghai': 'Permanent', 'Miami': 'Street', 'Imola': 'Permanent', 'Monte Carlo': 'Street', 'Montreal': 'Street', 'Catalunya': 'Permanent', 'Spielberg': 'Permanent', 'Silverstone': 'Permanent', 'Hungaroring': 'Permanent', 'Spa-Francorchamps': 'Permanent', 'Zandvoort': 'Permanent', 'Monza': 'Permanent', 'Baku': 'Street', 'Singapore': 'Street', 'Austin': 'Permanent', 'Mexico City': 'Permanent', 'Interlagos': 'Permanent', 'lusail': 'Street'}",Ferrari,SAI,2,HARD,28,57,30,False,97.52599999999998,90.928,-25.781000000000006,-1.0053935483870966,62.41043140132016,197.13627947882358,344.0,0.0,16,0.5333333333333333,2.329862068965517,91.54942857142858
2024,Miami,6,"{'Sakhir': 'Street', 'Jeddah': 'Street', 'Melbourne': 'Street', 'Suzuka': 'Permanent', 'Shanghai': 'Permanent', 'Miami': 'Street', 'Imola': 'Permanent', 'Monte Carlo': 'Street', 'Montreal': 'Street', 'Catalunya': 'Permanent', 'Spielberg': 'Permanent', 'Silverstone': 'Permanent', 'Hungaroring': 'Permanent', 'Spa-Francorchamps': 'Permanent', 'Zandvoort': 'Permanent', 'Monza': 'Permanent', 'Baku': 'Street', 'Singapore': 'Street', 'Austin': 'Permanent', 'Mexico City': 'Permanent', 'Interlagos': 'Permanent', 'lusail': 'Street'}",Haas,HUL,1,MEDIUM,2,12,11,True,94.84863636363637,93.561,6.481999999999999,0.37720000000000464,62.2773877290472,202.96017151562552,339.0,58.0,9,0.8181818181818182,2.0015454545454543,94.215
2024,Miami,6,"{'Sakhir': 'Street', 'Jeddah': 'Street', 'Melbourne': 'Street', 'Suzuka': 'Permanent', 'Shanghai': 'Permanent', 'Miami': 'Street', 'Imola': 'Permanent', 'Monte Carlo': 'Street', 'Montreal': 'Street', 'Catalunya': 'Permanent', 'Spielberg': 'Permanent', 'Silverstone': 'Permanent', 'Hungaroring': 'Permanent', 'Spa-Francorchamps': 'Permanent', 'Zandvoort': 'Permanent', 'Monza': 'Permanent', 'Baku': 'Street', 'Singapore': 'Street', 'Austin': 'Permanent', 'Mexico City': 'Permanent', 'Interlagos': 'Permanent', 'lusail': 'Street'}",Haas,HUL,2,HARD,13,28,16,True,96.95806250000001,92.922,6.834000000000003,0.3042250000000009,60.50393506733038,199.05866733005075,339.0,0.0,8,0.5,3.5746875,95.324
2024,Miami,6,"{'Sakhir': 'Street', 'Jeddah': 'Street', 'Melbourne': 'Street', 'Suzuka': 'Permanent', 'Shanghai': 'Permanent', 'Miami': 'Street', 'Imola': 'Permanent', 'Monte Carlo': 'Street', 'Montreal': 'Street', 'Catalunya': 'Permanent', 'Spielberg': 'Permanent', 'Silverstone': 'Permanent', 'Hungaroring': 'Permanent', 'Spa-Francorchamps': 'Permanent', 'Zandvoort': 'Permanent', 'Monza': 'Permanent', 'Baku': 'Street', 'Singapore': 'Street', 'Austin': 'Permanent', 'Mexico City': 'Permanent', 'Interlagos': 'Permanent', 'lusail': 'Street'}",Haas,HUL,3,MEDIUM,29,57,29,False,96.40834482758619,91.941,-45.798000000000016,-0.7295743842364546,59.04593411930229,199.44281976809899,349.0,0.0,26,0.896551724137931,1.478896551724138,97.827
2024,Miami,6,"{'Sakhir': 'Street', 'Jeddah': 'Street', 'Melbourne': 'Street', 'Suzuka': 'Permanent', 'Shanghai': 'Permanent', 'Miami': 'Street', 'Imola': 'Permanent', 'Monte Carlo': 'Street', 'Montreal': 'Street', 'Catalunya': 'Permanent', 'Spielberg': 'Permanent', 'Silverstone': 'Permanent', 'Hungaroring': 'Permanent', 'Spa-Francorchamps': 'Permanent', 'Zandvoort': 'Permanent', 'Monza': 'Permanent', 'Baku': 'Street', 'Singapore': 'Street', 'Austin': 'Permanent', 'Mexico City': 'Permanent', 'Interlagos': 'Permanent', 'lusail': 'Street'}",Haas,MAG,1,HARD,2,22,21,True,95.04071428571429,93.856,7.599000000000004,0.06746883116883276,61.222027414415486,202.75717707364365,348.0,45.0,10,0.47619047619047616,2.8073333333333332,95.13318181818182
2024,Miami,6,"{'Sakhir': 'Street', 'Jeddah': 'Street', 'Melbourne': 'Street', 'Suzuka': 'Permanent', 'Shanghai': 'Permanent', 'Miami': 'Street', 'Imola': 'Permanent', 'Monte Carlo': 'Street', 'Montreal': 'Street', 'Catalunya': 'Permanent', 'Spielberg': 'Permanent', 'Silverstone': 'Permanent', 'Hungaroring': 'Permanent', 'Spa-Francorchamps': 'Permanent', 'Zandvoort': 'Permanent', 'Monza': 'Permanent', 'Baku': 'Street', 'Singapore': 'Street', 'Austin': 'Permanent', 'Mexico City': 'Permanent', 'Interlagos': 'Permanent', 'lusail': 'Street'}",Haas,MAG,2,MEDIUM,23,28,6,True,104.831,93.148,37.338999999999984,5.3879428571428445,54.313715392779564,183.77718579414667,346.0,0.0,5,0.8333333333333334,4.452333333333333,146.123
2024,Miami,6,"{'Sakhir': 'Street', 'Jeddah': 'Street', 'Melbourne': 'Street', 'Suzuka': 'Permanent', 'Shanghai': 'Permanent', 'Miami': 'Street', 'Imola': 'Permanent', 'Monte Carlo': 'Street', 'Montreal': 'Street', 'Catalunya': 'Permanent', 'Spielberg': 'Permanent', 'Silverstone': 'Permanent', 'Hungaroring': 'Permanent', 'Spa-Francorchamps': 'Permanent', 'Zandvoort': 'Permanent', 'Monza': 'Permanent', 'Baku': 'Street', 'Singapore': 'Street', 'Austin': 'Permanent', 'Mexico City': 'Permanent', 'Interlagos': 'Permanent', 'lusail': 'Street'}",Haas,MAG,3,MEDIUM,29,31,3,True,116.30166666666668,100.373,-44.89,-22.444999999999983,49.70909814942803,165.90206516741057,320.0,0.0,0,0.0,28.641666666666666,116.30166666666668
2024,Miami,6,"{'Sakhir': 'Street', 'Jeddah': 'Street', 'Melbourne': 'Street', 'Suzuka': 'Permanent', 'Shanghai': 'Permanent', 'Miami': 'Street', 'Imola': 'Permanent', 'Monte Carlo': 'Street', 'Montreal': 'Street', 'Catalunya': 'Permanent', 'Spielberg': 'Permanent', 'Silverstone': 'Permanent', 'Hungaroring': 'Permanent', 'Spa-Francorchamps': 'Permanent', 'Zandvoort': 'Permanent', 'Monza': 'Permanent', 'Baku': 'Street', 'Singapore': 'Street', 'Austin': 'Permanent', 'Mexico City': 'Permanent', 'Interlagos': 'Permanent', 'lusail': 'Street'}",Haas,MAG,4,MEDIUM,32,57,26,False,93.30342307692308,91.774,-21.951999999999998,-0.16126393162393157,63.481965938909035,206.37546181511993,344.0,0.0,13,0.5,5.713807692307691,93.9336923076923
2024,Miami,6,"{'Sakhir': 'Street', 'Jeddah': 'Street', 'Melbourne': 'Street', 'Suzuka': 'Permanent', 'Shanghai': 'Permanent', 'Miami': 'Street', 'Imola': 'Permanent', 'Monte Carlo': 'Street', 'Montreal': 'Street', 'Catalunya': 'Permanent', 'Spielberg': 'Permanent', 'Silverstone': 'Permanent', 'Hungaroring': 'Permanent', 'Spa-Francorchamps': 'Permanent', 'Zandvoort': 'Permanent', 'Monza': 'Permanent', 'Baku': 'Street', 'Singapore': 'Street', 'Austin': 'Permanent', 'Mexico City': 'Permanent', 'Interlagos': 'Permanent', 'lusail': 'Street'}",McLaren,NOR,1,MEDIUM,2,29,28,True,94.95442857142855,91.982,39.165000000000006,0.2975068418171901,59.4130216527395,202.00977918235552,344.0,41.0,21,0.75,2.050814814814815,94.56371428571428
2024,Miami,6,"{'Sakhir': 'Street', 'Jeddah': 'Street', 'Melbourne': 'Street', 'Suzuka': 'Permanent', 'Shanghai': 'Permanent', 'Miami': 'Street', 'Imola': 'Permanent', 'Monte Carlo': 'Street', 'Montreal': 'Street', 'Catalunya': 'Permanent', 'Spielberg': 'Permanent', 'Silverstone': 'Permanent', 'Hungaroring': 'Permanent', 'Spa-Francorchamps': 'Permanent', 'Zandvoort': 'Permanent', 'Monza': 'Permanent', 'Baku': 'Street', 'Singapore': 'Street', 'Austin': 'Permanent', 'Mexico City': 'Permanent', 'Interlagos': 'Permanent', 'lusail': 'Street'}",McLaren,NOR,2,HARD,30,57,28,False,96.15117857142856,90.98,-46.43999999999998,-0.9368590585659533,58.156077731763816,199.99005647877772,321.0,0.0,28,1.0,0.0,
2024,Miami,6,"{'Sakhir': 'Street', 'Jeddah': 'Street', 'Melbourne': 'Street', 'Suzuka': 'Permanent', 'Shanghai': 'Permanent', 'Miami': 'Street', 'Imola': 'Permanent', 'Monte Carlo': 'Street', 'Montreal': 'Street', 'Catalunya': 'Permanent', 'Spielberg': 'Permanent', 'Silverstone': 'Permanent', 'Hungaroring': 'Permanent', 'Spa-Francorchamps': 'Permanent', 'Zandvoort': 'Permanent', 'Monza': 'Permanent', 'Baku': 'Street', 'Singapore': 'Street', 'Austin': 'Permanent', 'Mexico City': 'Permanent', 'Interlagos': 'Permanent', 'lusail': 'Street'}",McLaren,PIA,1,MEDIUM,2,27,26,True,93.70269230769229,92.453,4.775000000000006,0.10156239316239077,62.35232140751752,204.83580003165716,340.0,51.0,19,0.7307692307692307,2.2159615384615385,94.93542857142857
2024,Miami,6,"{'Sakhir': 'Street', 'Jeddah': 'Street', 'Melbourne': 'Street', 'Suzuka': 'Permanent', 'Shanghai': 'Permanent', 'Miami': 'Street', 'Imola': 'Permanent', 'Monte Carlo': 'Street', 'Montreal': 'Street', 'Catalunya': 'Permanent', 'Spielberg': 'Permanent', 'Silverstone': 'Permanent', 'Hungaroring': 'Permanent', 'Spa-Francorchamps': 'Permanent', 'Zandvoort': 'Permanent', 'Monza': 'Permanent', 'Baku': 'Street', 'Singapore': 'Street', 'Austin': 'Permanent', 'Mexico City': 'Permanent', 'Interlagos': 'Permanent', 'lusail': 'Street'}",McLaren,PIA,2,HARD,28,40,13,True,106.42153846153846,91.372,-14.683999999999997,-3.4426098901098863,49.90243736387517,180.85428299784851,339.0,0.0,13,1.0,1.0427692307692307,
2024,Miami,6,"{'Sakhir': 'Street', 'Jeddah': 'Street', 'Melbourne': 'Street', 'Suzuka': 'Permanent', 'Shanghai': 'Permanent', 'Miami': 'Street', 'Imola': 'Permanent', 'Monte Carlo': 'Street', 'Montreal': 'Street', 'Catalunya': 'Permanent', 'Spielberg': 'Permanent', 'Silverstone': 'Permanent', 'Hungaroring': 'Permanent', 'Spa-Francorchamps': 'Permanent', 'Zandvoort': 'Permanent', 'Monza': 'Permanent', 'Baku': 'Street', 'Singapore': 'Street', 'Austin': 'Permanent', 'Mexico City': 'Permanent', 'Interlagos': 'Permanent', 'lusail': 'Street'}",McLaren,PIA,3,MEDIUM,41,57,17,False,93.11964705882353,90.634,-21.572999999999993,-0.32847058823529496,60.09725488889353,206.06135304232075,352.0,0.0,13,0.7647058823529411,1.779235294117647,96.438
2024,Miami,6,"{'Sakhir': 'Street', 'Jeddah': 'Street', 'Melbourne': 'Street', 'Suzuka': 'Permanent', 'Shanghai': 'Permanent', 'Miami': 'Street', 'Imola': 'Permanent', 'Monte Carlo': 'Street', 'Montreal': 'Street', 'Catalunya': 'Permanent', 'Spielberg': 'Permanent', 'Silverstone': 'Permanent', 'Hungaroring': 'Permanent', 'Spa-Francorchamps': 'Permanent', 'Zandvoort': 'Permanent', 'Monza': 'Permanent', 'Baku': 'Street', 'Singapore': 'Street', 'Austin': 'Permanent', 'Mexico City': 'Permanent', 'Interlagos': 'Permanent', 'lusail': 'Street'}",Mercedes,HAM,1,HARD,2,26,25,True,94.60624,92.852,4.083000000000013,0.10499307692307672,62.40680208707999,203.6443396668839,343.0,39.0,11,0.44,5.032478260869565,93.96535714285713
2024,Miami,6,"{'Sakhir': 'Street', 'Jeddah': 'Street', 'Melbourne': 'Street', 'Suzuka': 'Permanent', 'Shanghai': 'Permanent', 'Miami': 'Street', 'Imola': 'Permanent', 'Monte Carlo': 'Street', 'Montreal': 'Street', 'Catalunya': 'Permanent', 'Spielberg': 'Permanent', 'Silverstone': 'Permanent', 'Hungaroring': 'Permanent', 'Spa-Francorchamps': 'Permanent', 'Zandvoort': 'Permanent', 'Monza': 'Permanent', 'Baku': 'Street', 'Singapore': 'Street', 'Austin': 'Permanent', 'Mexico City': 'Permanent', 'Interlagos': 'Permanent', 'lusail': 'Street'}",Mercedes,HAM,2,MEDIUM,27,57,31,False,96.81874193548387,91.233,-14.340999999999994,-0.7828665322580642,57.90599137578356,198.56610077770688,350.0,0.0,27,0.8709677419354839,1.4331000000000003,108.04050000000001
2024,Miami,6,"{'Sakhir': 'Street', 'Jeddah': 'Street', 'Melbourne': 'Street', 'Suzuka': 'Permanent', 'Shanghai': 'Permanent', 'Miami': 'Street', 'Imola': 'Permanent', 'Monte Carlo': 'Street', 'Montreal': 'Street', 'Catalunya': 'Permanent', 'Spielberg': 'Permanent', 'Silverstone': 'Permanent', 'Hungaroring': 'Permanent', 'Spa-Francorchamps': 'Permanent', 'Zandvoort': 'Permanent', 'Monza': 'Permanent', 'Baku': 'Street', 'Singapore': 'Street', 'Austin': 'Permanent', 'Mexico City': 'Permanent', 'Interlagos': 'Permanent', 'lusail': 'Street'}",Mercedes,RUS,1,MEDIUM,2,24,23,True,94.74439130434781,93.326,3.674999999999997,0.16229051383399243,61.16058424733705,202.76279017538803,348.0,56.0,20,0.8695652173913043,1.672181818181818,98.90233333333333
2024,Miami,6,"{'Sakhir': 'Street', 'Jeddah': 'Street', 'Melbourne': 'Street', 'Suzuka': 'Permanent', 'Shanghai': 'Permanent', 'Miami': 'Street', 'Imola': 'Permanent', 'Monte Carlo': 'Street', 'Montreal': 'Street', 'Catalunya': 'Permanent', 'Spielberg': 'Permanent', 'Silverstone': 'Permanent', 'Hungaroring': 'Permanent', 'Spa-Francorchamps': 'Permanent', 'Zandvoort': 'Permanent', 'Monza': 'Permanent', 'Baku': 'Street', 'Singapore': 'Street', 'Austin': 'Permanent', 'Mexico City': 'Permanent', 'Interlagos': 'Permanent', 'lusail': 'Street'}",Mercedes,RUS,2,HARD,25,57,33,False,97.08839393939394,91.921,-14.698999999999998,-0.5793693181818165,58.967654028491125,198.2682654387573,345.0,0.0,19,0.5757575757575758,2.91103125,92.377
2024,Miami,6,"{'Sakhir': 'Street', 'Jeddah': 'Street', 'Melbourne': 'Street', 'Suzuka': 'Permanent', 'Shanghai': 'Permanent', 'Miami': 'Street', 'Imola': 'Permanent', 'Monte Carlo': 'Street', 'Montreal': 'Street', 'Catalunya': 'Permanent', 'Spielberg': 'Permanent', 'Silverstone': 'Permanent', 'Hungaroring': 'Permanent', 'Spa-Francorchamps': 'Permanent', 'Zandvoort': 'Permanent', 'Monza': 'Permanent', 'Baku': 'Street', 'Singapore': 'Street', 'Austin': 'Permanent', 'Mexico City': 'Permanent', 'Interlagos': 'Permanent', 'lusail': 'Street'}",RB,RIC,1,HARD,2,28,27,True,95.58496296296298,93.215,17.836,0.1659902319902303,61.41724957894718,201.1553276688467,342.0,56.0,24,0.8888888888888888,1.2081851851851853,102.372
2024,Miami,6,"{'Sakhir': 'Street', 'Jeddah': 'Street', 'Melbourne': 'Street', 'Suzuka': 'Permanent', 'Shanghai': 'Permanent', 'Miami': 'Street', 'Imola': 'Permanent', 'Monte Carlo': 'Street', 'Montreal': 'Street', 'Catalunya': 'Permanent', 'Spielberg': 'Permanent', 'Silverstone': 'Permanent', 'Hungaroring': 'Permanent', 'Spa-Francorchamps': 'Permanent', 'Zandvoort': 'Permanent', 'Monza': 'Permanent', 'Baku': 'Street', 'Singapore': 'Street', 'Austin': 'Permanent', 'Mexico City': 'Permanent', 'Interlagos': 'Permanent', 'lusail': 'Street'}",RB,RIC,2,MEDIUM,29,57,29,False,97.01282758620692,92.122,-45.44199999999999,-0.7566886699507387,60.8886956847824,197.93614394975882,348.0,0.0,29,1.0,0.944448275862069,
2024,Miami,6,"{'Sakhir': 'Street', 'Jeddah': 'Street', 'Melbourne': 'Street', 'Suzuka': 'Permanent', 'Shanghai': 'Permanent', 'Miami': 'Street', 'Imola': 'Permanent', 'Monte Carlo': 'Street', 'Montreal': 'Street', 'Catalunya': 'Permanent', 'Spielberg': 'Permanent', 'Silverstone': 'Permanent', 'Hungaroring': 'Permanent', 'Spa-Francorchamps': 'Permanent', 'Zandvoort': 'Permanent', 'Monza': 'Permanent', 'Baku': 'Street', 'Singapore': 'Street', 'Austin': 'Permanent', 'Mexico City': 'Permanent', 'Interlagos': 'Permanent', 'lusail': 'Street'}",RB,TSU,1,MEDIUM,2,28,27,True,94.99414814814816,93.08,13.332999999999998,0.1379768009768002,62.226285072448526,202.1738647937867,348.0,57.0,26,0.9629629629629629,1.4307407407407406,107.67
2024,Miami,6,"{'Sakhir': 'Street', 'Jeddah': 'Street', 'Melbourne': 'Street', 'Suzuka': 'Permanent', 'Shanghai': 'Permanent', 'Miami': 'Street', 'Imola': 'Permanent', 'Monte Carlo': 'Street', 'Montreal': 'Street', 'Catalunya': 'Permanent', 'Spielberg': 'Permanent', 'Silverstone': 'Permanent', 'Hungaroring': 'Permanent', 'Spa-Francorchamps': 'Permanent', 'Zandvoort': 'Permanent', 'Monza': 'Permanent', 'Baku': 'Street', 'Singapore': 'Street', 'Austin': 'Permanent', 'Mexico City': 'Permanent', 'Interlagos': 'Permanent', 'lusail': 'Street'}",RB,TSU,2,HARD,29,57,29,False,96.90220689655173,91.682,-46.24600000000001,-0.8722995073891641,61.38756338313797,198.5509267602645,343.0,0.0,13,0.4482758620689655,4.304896551724138,95.53231249999999
2024,Miami,6,"{'Sakhir': 'Street', 'Jeddah': 'Street', 'Melbourne': 'Street', 'Suzuka': 'Permanent', 'Shanghai': 'Permanent', 'Miami': 'Street', 'Imola': 'Permanent', 'Monte Carlo': 'Street', 'Montreal': 'Street', 'Catalunya': 'Permanent', 'Spielberg': 'Permanent', 'Silverstone': 'Permanent', 'Hungaroring': 'Permanent', 'Spa-Francorchamps': 'Permanent', 'Zandvoort': 'Permanent', 'Monza': 'Permanent', 'Baku': 'Street', 'Singapore': 'Street', 'Austin': 'Permanent', 'Mexico City': 'Permanent', 'Interlagos': 'Permanent', 'lusail': 'Street'}",Red Bull,PER,1,MEDIUM,2,17,16,True,93.78875,93.147,5.804000000000002,0.14082647058823664,61.93657855588601,204.5344289117576,327.0,61.0,11,0.6875,2.436375,94.65979999999999
2024,Miami,6,"{'Sakhir': 'Street', 'Jeddah': 'Street', 'Melbourne': 'Street', 'Suzuka': 'Permanent', 'Shanghai': 'Permanent', 'Miami': 'Street', 'Imola': 'Permanent', 'Monte Carlo': 'Street', 'Montreal': 'Street', 'Catalunya': 'Permanent', 'Spielberg': 'Permanent', 'Silverstone': 'Permanent', 'Hungaroring': 'Permanent', 'Spa-Francorchamps': 'Permanent', 'Zandvoort': 'Permanent', 'Monza': 'Permanent', 'Baku': 'Street', 'Singapore': 'Street', 'Austin': 'Permanent', 'Mexico City': 'Permanent', 'Interlagos': 'Permanent', 'lusail': 'Street'}",Red Bull,PER,2,HARD,18,28,11,True,96.65718181818183,92.161,0.48699999999999477,-0.03339999999999696,59.89553490607168,198.65428385750442,341.0,0.0,4,0.36363636363636365,3.5633333333333335,94.72657142857143
2024,Miami,6,"{'Sakhir': 'Street', 'Jeddah': 'Street', 'Melbourne': 'Street', 'Suzuka': 'Permanent', 'Shanghai': 'Permanent', 'Miami': 'Street', 'Imola': 'Permanent', 'Monte Carlo': 'Street', 'Montreal': 'Street', 'Catalunya': 'Permanent', 'Spielberg': 'Permanent', 'Silverstone': 'Permanent', 'Hungaroring': 'Permanent', 'Spa-Francorchamps': 'Permanent', 'Zandvoort': 'Permanent', 'Monza': 'Permanent', 'Baku': 'Street', 'Singapore': 'Street', 'Austin': 'Permanent', 'Mexico City': 'Permanent', 'Interlagos': 'Permanent', 'lusail': 'Street'}",Red Bull,PER,3,MEDIUM,29,57,29,False,96.63431034482757,90.855,-46.846999999999994,-0.9102108374384247,59.269262139920755,198.96045130441843,345.0,0.0,22,0.7586206896551724,2.482464285714286,98.11671428571428
2024,Miami,6,"{'Sakhir': 'Street', 'Jeddah': 'Street', 'Melbourne': 'Street', 'Suzuka': 'Permanent', 'Shanghai': 'Permanent', 'Miami': 'Street', 'Imola': 'Permanent', 'Monte Carlo': 'Street', 'Montreal': 'Street', 'Catalunya': 'Permanent', 'Spielberg': 'Permanent', 'Silverstone': 'Permanent', 'Hungaroring': 'Permanent', 'Spa-Francorchamps': 'Permanent', 'Zandvoort': 'Permanent', 'Monza': 'Permanent', 'Baku': 'Street', 'Singapore': 'Street', 'Austin': 'Permanent', 'Mexico City': 'Permanent', 'Interlagos': 'Permanent', 'lusail': 'Street'}",Red Bull,VER,1,MEDIUM,2,23,22,True,93.85940909090908,92.53,18.845,0.20767080745341507,62.90484839250798,204.79063868784436,319.0,53.0,22,1.0,0.0,
2024,Miami,6,"{'Sakhir': 'Street', 'Jeddah': 'Street', 'Melbourne': 'Street', 'Suzuka': 'Permanent', 'Shanghai': 'Permanent', 'Miami': 'Street', 'Imola': 'Permanent', 'Monte Carlo': 'Street', 'Montreal': 'Street', 'Catalunya': 'Permanent', 'Spielberg': 'Permanent', 'Silverstone': 'Permanent', 'Hungaroring': 'Permanent', 'Spa-Francorchamps': 'Permanent', 'Zandvoort': 'Permanent', 'Monza': 'Permanent', 'Baku': 'Street', 'Singapore': 'Street', 'Austin': 'Permanent', 'Mexico City': 'Permanent', 'Interlagos': 'Permanent', 'lusail': 'Street'}",Red Bull,VER,2,HARD,24,57,34,False,97.00714705882353,91.261,-15.388000000000005,-0.6146067226890747,59.79119827012106,198.28806915852306,322.0,0.0,9,0.2647058823529412,7.078529411764706,96.43124
2024,Miami,6,"{'Sakhir': 'Street', 'Jeddah': 'Street', 'Melbourne': 'Street', 'Suzuka': 'Permanent', 'Shanghai': 'Permanent', 'Miami': 'Street', 'Imola': 'Permanent', 'Monte Carlo': 'Street', 'Montreal': 'Street', 'Catalunya': 'Permanent', 'Spielberg': 'Permanent', 'Silverstone': 'Permanent', 'Hungaroring': 'Permanent', 'Spa-Francorchamps': 'Permanent', 'Zandvoort': 'Permanent', 'Monza': 'Permanent', 'Baku': 'Street', 'Singapore': 'Street', 'Austin': 'Permanent', 'Mexico City': 'Permanent', 'Interlagos': 'Permanent', 'lusail': 'Street'}",Sauber,BOT,1,SOFT,2,11,10,True,95.1163,93.828,3.8530000000000086,0.23709696969697913,62.64496077433187,202.51742106937905,345.0,53.0,10,1.0,0.8495000000000001,
2024,Miami,6,"{'Sakhir': 'Street', 'Jeddah': 'Street', 'Melbourne': 'Street', 'Suzuka': 'Permanent', 'Shanghai': 'Permanent', 'Miami': 'Street', 'Imola': 'Permanent', 'Monte Carlo': 'Street', 'Montreal': 'Street', 'Catalunya': 'Permanent', 'Spielberg': 'Permanent', 'Silverstone': 'Permanent', 'Hungaroring': 'Permanent', 'Spa-Francorchamps': 'Permanent', 'Zandvoort': 'Permanent', 'Monza': 'Permanent', 'Baku': 'Street', 'Singapore': 'Street', 'Austin': 'Permanent', 'Mexico City': 'Permanent', 'Interlagos': 'Permanent', 'lusail': 'Street'}",Sauber,BOT,2,HARD,12,29,18,True,98.84683333333334,93.4,21.176999999999992,0.7882920536635737,59.83743714348944,194.88052036360145,324.0,0.0,1,0.05555555555555555,4.214166666666666,98.96794117647059
2024,Miami,6,"{'Sakhir': 'Street', 'Jeddah': 'Street', 'Melbourne': 'Street', 'Suzuka': 'Permanent', 'Shanghai': 'Permanent', 'Miami': 'Street', 'Imola': 'Permanent', 'Monte Carlo': 'Street', 'Montreal': 'Street', 'Catalunya': 'Permanent', 'Spielberg': 'Permanent', 'Silverstone': 'Permanent', 'Hungaroring': 'Permanent', 'Spa-Francorchamps': 'Permanent', 'Zandvoort': 'Permanent', 'Monza': 'Permanent', 'Baku': 'Street', 'Singapore': 'Street', 'Austin': 'Permanent', 'Mexico City': 'Permanent', 'Interlagos': 'Permanent', 'lusail': 'Street'}",Sauber,BOT,3,MEDIUM,30,57,28,False,95.21578571428572,92.098,-26.796000000000006,-0.46697318007662564,61.48906722575948,202.13657690557133,339.0,0.0,26,0.9285714285714286,2.0993214285714283,111.0005
2024,Miami,6,"{'Sakhir': 'Street', 'Jeddah': 'Street', 'Melbourne': 'Street', 'Suzuka': 'Permanent', 'Shanghai': 'Permanent', 'Miami': 'Street', 'Imola': 'Permanent', 'Monte Carlo': 'Street', 'Montreal': 'Street', 'Catalunya': 'Permanent', 'Spielberg': 'Permanent', 'Silverstone': 'Permanent', 'Hungaroring': 'Permanent', 'Spa-Francorchamps': 'Permanent', 'Zandvoort': 'Permanent', 'Monza': 'Permanent', 'Baku': 'Street', 'Singapore': 'Street', 'Austin': 'Permanent', 'Mexico City': 'Permanent', 'Interlagos': 'Permanent', 'lusail': 'Street'}",Sauber,ZHO,1,MEDIUM,2,28,27,True,95.47944444444445,93.485,16.843000000000004,0.1800079365079377,61.36097082686333,201.7560010174359,345.0,41.0,22,0.8148148148148148,3.2966296296296296,95.4666
2024,Miami,6,"{'Sakhir': 'Street', 'Jeddah': 'Street', 'Melbourne': 'Street', 'Suzuka': 'Permanent', 'Shanghai': 'Permanent', 'Miami': 'Street', 'Imola': 'Permanent', 'Monte Carlo': 'Street', 'Montreal': 'Street', 'Catalunya': 'Permanent', 'Spielberg': 'Permanent', 'Silverstone': 'Permanent', 'Hungaroring': 'Permanent', 'Spa-Francorchamps': 'Permanent', 'Zandvoort': 'Permanent', 'Monza': 'Permanent', 'Baku': 'Street', 'Singapore': 'Street', 'Austin': 'Permanent', 'Mexico City': 'Permanent', 'Interlagos': 'Permanent', 'lusail': 'Street'}",Sauber,ZHO,2,SOFT,29,57,29,False,97.13324137931035,91.991,-46.36200000000001,-0.7773965517241388,59.98925213576633,198.2263586816477,351.0,0.0,25,0.8620689655172413,1.2705714285714287,97.33774999999999
2024,Miami,6,"{'Sakhir': 'Street', 'Jeddah': 'Street', 'Melbourne': 'Street', 'Suzuka': 'Permanent', 'Shanghai': 'Permanent', 'Miami': 'Street', 'Imola': 'Permanent', 'Monte Carlo': 'Street', 'Montreal': 'Street', 'Catalunya': 'Permanent', 'Spielberg': 'Permanent', 'Silverstone': 'Permanent', 'Hungaroring': 'Permanent', 'Spa-Francorchamps': 'Permanent', 'Zandvoort': 'Permanent', 'Monza': 'Permanent', 'Baku': 'Street', 'Singapore': 'Street', 'Austin': 'Permanent', 'Mexico City': 'Permanent', 'Interlagos': 'Permanent', 'lusail': 'Street'}",Williams,ALB,1,MEDIUM,2,10,9,True,94.87366666666667,93.889,4.676000000000002,0.3168166666666571,57.87630257788908,202.8246043643769,355.0,56.0,9,1.0,0.8445555555555555,
2024,Miami,6,"{'Sakhir': 'Street', 'Jeddah': 'Street', 'Melbourne': 'Street', 'Suzuka': 'Permanent', 'Shanghai': 'Permanent', 'Miami': 'Street', 'Imola': 'Permanent', 'Monte Carlo': 'Street', 'Montreal': 'Street', 'Catalunya': 'Permanent', 'Spielberg': 'Permanent', 'Silverstone': 'Permanent', 'Hungaroring': 'Permanent', 'Spa-Francorchamps': 'Permanent', 'Zandvoort': 'Permanent', 'Monza': 'Permanent', 'Baku': 'Street', 'Singapore': 'Street', 'Austin': 'Permanent', 'Mexico City': 'Permanent', 'Interlagos': 'Permanent', 'lusail': 'Street'}",Williams,ALB,2,HARD,11,53,43,True,97.37358139534882,92.552,-1.215999999999994,-0.08293204469948812,55.08254960350414,197.552686582389,350.0,0.0,39,0.9069767441860465,1.37290243902439,106.12075
2024,Miami,6,"{'Sakhir': 'Street', 'Jeddah': 'Street', 'Melbourne': 'Street', 'Suzuka': 'Permanent', 'Shanghai': 'Permanent', 'Miami': 'Street', 'Imola': 'Permanent', 'Monte Carlo': 'Street', 'Montreal': 'Street', 'Catalunya': 'Permanent', 'Spielberg': 'Permanent', 'Silverstone': 'Permanent', 'Hungaroring': 'Permanent', 'Spa-Francorchamps': 'Permanent', 'Zandvoort': 'Permanent', 'Monza': 'Permanent', 'Baku': 'Street', 'Singapore': 'Street', 'Austin': 'Permanent', 'Mexico City': 'Permanent', 'Interlagos': 'Permanent', 'lusail': 'Street'}",Williams,ALB,3,SOFT,54,57,4,False,95.2705,90.849,-15.62599999999999,-4.566400000000017,59.40479552185956,200.83519051578335,328.0,0.0,0,0.0,24.27075,95.2705
2024,Miami,6,"{'Sakhir': 'Street', 'Jeddah': 'Street', 'Melbourne': 'Street', 'Suzuka': 'Permanent', 'Shanghai': 'Permanent', 'Miami': 'Street', 'Imola': 'Permanent', 'Monte Carlo': 'Street', 'Montreal': 'Street', 'Catalunya': 'Permanent', 'Spielberg': 'Permanent', 'Silverstone': 'Permanent', 'Hungaroring': 'Permanent', 'Spa-Francorchamps': 'Permanent', 'Zandvoort': 'Permanent', 'Monza': 'Permanent', 'Baku': 'Street', 'Singapore': 'Street', 'Austin': 'Permanent', 'Mexico City': 'Permanent', 'Interlagos': 'Permanent', 'lusail': 'Street'}",Williams,SAR,1,MEDIUM,2,11,10,True,94.99780000000001,93.833,4.0249999999999915,0.22870303030303227,59.05524063544463,202.06859266247864,350.0,56.0,10,1.0,0.8968999999999999,
2024,Miami,6,"{'Sakhir': 'Street', 'Jeddah': 'Street', 'Melbourne': 'Street', 'Suzuka': 'Permanent', 'Shanghai': 'Permanent', 'Miami': 'Street', 'Imola': 'Permanent', 'Monte Carlo': 'Street', 'Montreal': 'Street', 'Catalunya': 'Permanent', 'Spielberg': 'Permanent', 'Silverstone': 'Permanent', 'Hungaroring': 'Permanent', 'Spa-Francorchamps': 'Permanent', 'Zandvoort': 'Permanent', 'Monza': 'Permanent', 'Baku': 'Street', 'Singapore': 'Street', 'Austin': 'Permanent', 'Mexico City': 'Permanent', 'Interlagos': 'Permanent', 'lusail': 'Street'}",Williams,SAR,2,HARD,12,27,16,False,95.57762500000001,93.452,-15.292999999999992,-0.20618235294117304,59.29793766402984,201.18352068623932,334.0,0.0,15,0.9375,1.84875,108.848
2024,Monte Carlo,9,"{'Sakhir': 'Street', 'Jeddah': 'Street', 'Melbourne': 'Street', 'Suzuka': 'Permanent', 'Shanghai': 'Permanent', 'Miami': 'Street', 'Imola': 'Permanent', 'Monte Carlo': 'Street', 'Montreal': 'Street', 'Catalunya': 'Permanent', 'Spielberg': 'Permanent', 'Silverstone': 'Permanent', 'Hungaroring': 'Permanent', 'Spa-Francorchamps': 'Permanent', 'Zandvoort': 'Permanent', 'Monza': 'Permanent', 'Baku': 'Street', 'Singapore': 'Street', 'Austin': 'Permanent', 'Mexico City': 'Permanent', 'Interlagos': 'Permanent', 'lusail': 'Street'}",Alpine,GAS,2,MEDIUM,2,77,76,False,81.02763157894736,75.625,-63.992999999999995,-0.11834064251537886,53.07071425205036,171.6424457631005,333.0,0.0,26,0.34210526315789475,5.332513157894738,80.73774
2024,Monte Carlo,9,"{'Sakhir': 'Street', 'Jeddah': 'Street', 'Melbourne': 'Street', 'Suzuka': 'Permanent', 'Shanghai': 'Permanent', 'Miami': 'Street', 'Imola': 'Permanent', 'Monte Carlo': 'Street', 'Montreal': 'Street', 'Catalunya': 'Permanent', 'Spielberg': 'Permanent', 'Silverstone': 'Permanent', 'Hungaroring': 'Permanent', 'Spa-Francorchamps': 'Permanent', 'Zandvoort': 'Permanent', 'Monza': 'Permanent', 'Baku': 'Street', 'Singapore': 'Street', 'Austin': 'Permanent', 'Mexico City': 'Permanent', 'Interlagos': 'Permanent', 'lusail': 'Street'}",Aston Martin,ALO,2,MEDIUM,2,76,75,False,81.14965333333333,77.939,-45.518,-0.1041679374110964,50.893627723106384,170.87436785874306,327.0,0.0,20,0.26666666666666666,9.10491891891892,80.89276363636361
2024,Monte Carlo,9,"{'Sakhir': 'Street', 'Jeddah': 'Street', 'Melbourne': 'Street', 'Suzuka': 'Permanent', 'Shanghai': 'Permanent', 'Miami': 'Street', 'Imola': 'Permanent', 'Monte Carlo': 'Street', 'Montreal': 'Street', 'Catalunya': 'Permanent', 'Spielberg': 'Permanent', 'Silverstone': 'Permanent', 'Hungaroring': 'Permanent', 'Spa-Francorchamps': 'Permanent', 'Zandvoort': 'Permanent', 'Monza': 'Permanent', 'Baku': 'Street', 'Singapore': 'Street', 'Austin': 'Permanent', 'Mexico City': 'Permanent', 'Interlagos': 'Permanent', 'lusail': 'Street'}",Aston Martin,STR,2,MEDIUM,2,42,41,True,82.82460975609757,79.016,-37.782,-0.21359425087107894,48.97415862525413,166.56472643909999,313.0,0.0,40,0.975609756097561,1.4718292682926828,134.844
2024,Monte Carlo,9,"{'Sakhir': 'Street', 'Jeddah': 'Street', 'Melbourne': 'Street', 'Suzuka': 'Permanent', 'Shanghai': 'Permanent', 'Miami': 'Street', 'Imola': 'Permanent', 'Monte Carlo': 'Street', 'Montreal': 'Street', 'Catalunya': 'Permanent', 'Spielberg': 'Permanent', 'Silverstone': 'Permanent', 'Hungaroring': 'Permanent', 'Spa-Francorchamps': 'Permanent', 'Zandvoort': 'Permanent', 'Monza': 'Permanent', 'Baku': 'Street', 'Singapore': 'Street', 'Austin': 'Permanent', 'Mexico City': 'Permanent', 'Interlagos': 'Permanent', 'lusail': 'Street'}",Aston Martin,STR,3,HARD,43,48,6,True,84.27033333333334,78.062,26.357,3.7087999999999948,55.81808550440407,175.24893613299017,331.0,0.0,0,0.0,16.869500000000002,84.27033333333334
2024,Monte Carlo,9,"{'Sakhir': 'Street', 'Jeddah': 'Street', 'Melbourne': 'Street', 'Suzuka': 'Permanent', 'Shanghai': 'Permanent', 'Miami': 'Street', 'Imola': 'Permanent', 'Monte Carlo': 'Street', 'Montreal': 'Street', 'Catalunya': 'Permanent', 'Spielberg': 'Permanent', 'Silverstone': 'Permanent', 'Hungaroring': 'Permanent', 'Spa-Francorchamps': 'Permanent', 'Zandvoort': 'Permanent', 'Monza': 'Permanent', 'Baku': 'Street', 'Singapore': 'Street', 'Austin': 'Permanent', 'Mexico City': 'Permanent', 'Interlagos': 'Permanent', 'lusail': 'Street'}",Aston Martin,STR,4,SOFT,49,76,28,False,78.48007142857145,76.71,-0.465999999999994,0.012941981390260496,56.62288386009452,178.71639646278388,333.0,40.0,21,0.75,3.017928571428571,77.98814285714286
2024,Monte Carlo,9,"{'Sakhir': 'Street', 'Jeddah': 'Street', 'Melbourne': 'Street', 'Suzuka': 'Permanent', 'Shanghai': 'Permanent', 'Miami': 'Street', 'Imola': 'Permanent', 'Monte Carlo': 'Street', 'Montreal': 'Street', 'Catalunya': 'Permanent', 'Spielberg': 'Permanent', 'Silverstone': 'Permanent', 'Hungaroring': 'Permanent', 'Spa-Francorchamps': 'Permanent', 'Zandvoort': 'Permanent', 'Monza': 'Permanent', 'Baku': 'Street', 'Singapore': 'Street', 'Austin': 'Permanent', 'Mexico City': 'Permanent', 'Interlagos': 'Permanent', 'lusail': 'Street'}",Ferrari,LEC,2,HARD,2,78,77,False,79.73018181818182,75.162,-99.221,-0.1643013828276976,52.99134771133455,163.93556651470928,313.0,0.0,77,1.0,0.0,
2024,Monte Carlo,9,"{'Sakhir': 'Street', 'Jeddah': 'Street', 'Melbourne': 'Street', 'Suzuka': 'Permanent', 'Shanghai': 'Permanent', 'Miami': 'Street', 'Imola': 'Permanent', 'Monte Carlo': 'Street', 'Montreal': 'Street', 'Catalunya': 'Permanent', 'Spielberg': 'Permanent', 'Silverstone': 'Permanent', 'Hungaroring': 'Permanent', 'Spa-Francorchamps': 'Permanent', 'Zandvoort': 'Permanent', 'Monza': 'Permanent', 'Baku': 'Street', 'Singapore': 'Street', 'Austin': 'Permanent', 'Mexico City': 'Permanent', 'Interlagos': 'Permanent', 'lusail': 'Street'}",Ferrari,SAI,2,HARD,2,78,77,False,79.74568831168833,74.726,-95.59199999999998,-0.1581743519638248,52.327499121909575,169.13506490965577,337.0,0.0,63,0.8181818181818182,1.8184545454545453,77.62192857142858
2024,Monte Carlo,9,"{'Sakhir': 'Street', 'Jeddah': 'Street', 'Melbourne': 'Street', 'Suzuka': 'Permanent', 'Shanghai': 'Permanent', 'Miami': 'Street', 'Imola': 'Permanent', 'Monte Carlo': 'Street', 'Montreal': 'Street', 'Catalunya': 'Permanent', 'Spielberg': 'Permanent', 'Silverstone': 'Permanent', 'Hungaroring': 'Permanent', 'Spa-Francorchamps': 'Permanent', 'Zandvoort': 'Permanent', 'Monza': 'Permanent', 'Baku': 'Street', 'Singapore': 'Street', 'Austin': 'Permanent', 'Mexico City': 'Permanent', 'Interlagos': 'Permanent', 'lusail': 'Street'}",McLaren,NOR,2,HARD,2,78,77,False,79.69041558441558,75.742,-90.36999999999999,-0.15394084862505758,52.610243870569334,171.95925344878256,329.0,0.0,75,0.974025974025974,1.1552133333333334,77.55449999999999
2024,Monte Carlo,9,"{'Sakhir': 'Street', 'Jeddah': 'Street', 'Melbourne': 'Street', 'Suzuka': 'Permanent', 'Shanghai': 'Permanent', 'Miami': 'Street', 'Imola': 'Permanent', 'Monte Carlo': 'Street', 'Montreal': 'Street', 'Catalunya': 'Permanent', 'Spielberg': 'Permanent', 'Silverstone': 'Permanent', 'Hungaroring': 'Permanent', 'Spa-Francorchamps': 'Permanent', 'Zandvoort': 'Permanent', 'Monza': 'Permanent', 'Baku': 'Street', 'Singapore': 'Street', 'Austin': 'Permanent', 'Mexico City': 'Permanent', 'Interlagos': 'Permanent', 'lusail': 'Street'}",McLaren,PIA,2,HARD,2,78,77,False,79.7917142857143,76.281,-99.001,-0.15896805825753046,51.79249958745937,171.98680523455758,330.0,0.0,66,0.8571428571428571,2.0834155844155844,85.84863636363637
2024,Monte Carlo,9,"{'Sakhir': 'Street', 'Jeddah': 'Street', 'Melbourne': 'Street', 'Suzuka': 'Permanent', 'Shanghai': 'Permanent', 'Miami': 'Street', 'Imola': 'Permanent', 'Monte Carlo': 'Street', 'Montreal': 'Street', 'Catalunya': 'Permanent', 'Spielberg': 'Permanent', 'Silverstone': 'Permanent', 'Hungaroring': 'Permanent', 'Spa-Francorchamps': 'Permanent', 'Zandvoort': 'Permanent', 'Monza': 'Permanent', 'Baku': 'Street', 'Singapore': 'Street', 'Austin': 'Permanent', 'Mexico City': 'Permanent', 'Interlagos': 'Permanent', 'lusail': 'Street'}",Mercedes,HAM,2,MEDIUM,2,51,50,True,81.58906,77.398,-57.60300000000001,-0.23054496998799467,51.38161784425096,170.6611552007112,333.0,0.0,20,0.4,3.22286,81.43556666666667
2024,Monte Carlo,9,"{'Sakhir': 'Street', 'Jeddah': 'Street', 'Melbourne': 'Street', 'Suzuka': 'Permanent', 'Shanghai': 'Permanent', 'Miami': 'Street', 'Imola': 'Permanent', 'Monte Carlo': 'Street', 'Montreal': 'Street', 'Catalunya': 'Permanent', 'Spielberg': 'Permanent', 'Silverstone': 'Permanent', 'Hungaroring': 'Permanent', 'Spa-Francorchamps': 'Permanent', 'Zandvoort': 'Permanent', 'Monza': 'Permanent', 'Baku': 'Street', 'Singapore': 'Street', 'Austin': 'Permanent', 'Mexico City': 'Permanent', 'Interlagos': 'Permanent', 'lusail': 'Street'}",Mercedes,HAM,3,HARD,52,78,27,False,75.82240740740743,74.165,-3.346999999999994,-0.053023199023200115,56.4614131139891,176.1696246226005,337.0,0.0,16,0.5925925925925926,3.8199629629629634,76.03618181818182
2024,Monte Carlo,9,"{'Sakhir': 'Street', 'Jeddah': 'Street', 'Melbourne': 'Street', 'Suzuka': 'Permanent', 'Shanghai': 'Permanent', 'Miami': 'Street', 'Imola': 'Permanent', 'Monte Carlo': 'Street', 'Montreal': 'Street', 'Catalunya': 'Permanent', 'Spielberg': 'Permanent', 'Silverstone': 'Permanent', 'Hungaroring': 'Permanent', 'Spa-Francorchamps': 'Permanent', 'Zandvoort': 'Permanent', 'Monza': 'Permanent', 'Baku': 'Street', 'Singapore': 'Street', 'Austin': 'Permanent', 'Mexico City': 'Permanent', 'Interlagos': 'Permanent', 'lusail': 'Street'}",Mercedes,RUS,2,MEDIUM,2,78,77,False,79.67505194805194,75.228,-85.863,-0.16799760765550154,53.41229287938669,171.67993282418638,334.0,0.0,4,0.05194805194805195,12.326467532467532,79.46212328767125
2024,Monte Carlo,9,"{'Sakhir': 'Street', 'Jeddah': 'Street', 'Melbourne': 'Street', 'Suzuka': 'Permanent', 'Shanghai': 'Permanent', 'Miami': 'Street', 'Imola': 'Permanent', 'Monte Carlo': 'Street', 'Montreal': 'Street', 'Catalunya': 'Permanent', 'Spielberg': 'Permanent', 'Silverstone': 'Permanent', 'Hungaroring': 'Permanent', 'Spa-Francorchamps': 'Permanent', 'Zandvoort': 'Permanent', 'Monza': 'Permanent', 'Baku': 'Street', 'Singapore': 'Street', 'Austin': 'Permanent', 'Mexico City': 'Permanent', 'Interlagos': 'Permanent', 'lusail': 'Street'}",RB,RIC,2,HARD,2,76,75,False,81.22948000000001,77.172,-51.178,-0.11099746799431087,52.17604765020744,171.37733816373893,343.0,0.0,74,0.9866666666666667,0.8652533333333334,130.108
2024,Monte Carlo,9,"{'Sakhir': 'Street', 'Jeddah': 'Street', 'Melbourne': 'Street', 'Suzuka': 'Permanent', 'Shanghai': 'Permanent', 'Miami': 'Street', 'Imola': 'Permanent', 'Monte Carlo': 'Street', 'Montreal': 'Street', 'Catalunya': 'Permanent', 'Spielberg': 'Permanent', 'Silverstone': 'Permanent', 'Hungaroring': 'Permanent', 'Spa-Francorchamps': 'Permanent', 'Zandvoort': 'Permanent', 'Monza': 'Permanent', 'Baku': 'Street', 'Singapore': 'Street', 'Austin': 'Permanent', 'Mexico City': 'Permanent', 'Interlagos': 'Permanent', 'lusail': 'Street'}",RB,TSU,2,HARD,2,77,76,False,80.8741052631579,74.72,-73.55699999999999,-0.1342003827751189,50.92192687003939,171.29959652557898,338.0,0.0,13,0.17105263157894737,22.100573770491803,80.63649206349207
2024,Monte Carlo,9,"{'Sakhir': 'Street', 'Jeddah': 'Street', 'Melbourne': 'Street', 'Suzuka': 'Permanent', 'Shanghai': 'Permanent', 'Miami': 'Street', 'Imola': 'Permanent', 'Monte Carlo': 'Street', 'Montreal': 'Street', 'Catalunya': 'Permanent', 'Spielberg': 'Permanent', 'Silverstone': 'Permanent', 'Hungaroring': 'Permanent', 'Spa-Francorchamps': 'Permanent', 'Zandvoort': 'Permanent', 'Monza': 'Permanent', 'Baku': 'Street', 'Singapore': 'Street', 'Austin': 'Permanent', 'Mexico City': 'Permanent', 'Interlagos': 'Permanent', 'lusail': 'Street'}",Red Bull,VER,2,MEDIUM,2,52,51,True,81.56292156862744,78.074,-63.53800000000001,-0.22806117647058802,52.748947676976684,170.79531571246656,311.0,0.0,51,1.0,1.7285098039215685,
2024,Monte Carlo,9,"{'Sakhir': 'Street', 'Jeddah': 'Street', 'Melbourne': 'Street', 'Suzuka': 'Permanent', 'Shanghai': 'Permanent', 'Miami': 'Street', 'Imola': 'Permanent', 'Monte Carlo': 'Street', 'Montreal': 'Street', 'Catalunya': 'Permanent', 'Spielberg': 'Permanent', 'Silverstone': 'Permanent', 'Hungaroring': 'Permanent', 'Spa-Francorchamps': 'Permanent', 'Zandvoort': 'Permanent', 'Monza': 'Permanent', 'Baku': 'Street', 'Singapore': 'Street', 'Austin': 'Permanent', 'Mexico City': 'Permanent', 'Interlagos': 'Permanent', 'lusail': 'Street'}",Red Bull,VER,3,HARD,53,78,26,False,75.79823076923077,74.569,-2.475999999999999,-0.019020170940171652,54.4462591617403,176.77152845551402,311.0,33.0,19,0.7307692307692307,3.3234230769230773,75.84299999999999
2024,Monte Carlo,9,"{'Sakhir': 'Street', 'Jeddah': 'Street', 'Melbourne': 'Street', 'Suzuka': 'Permanent', 'Shanghai': 'Permanent', 'Miami': 'Street', 'Imola': 'Permanent', 'Monte Carlo': 'Street', 'Montreal': 'Street', 'Catalunya': 'Permanent', 'Spielberg': 'Permanent', 'Silverstone': 'Permanent', 'Hungaroring': 'Permanent', 'Spa-Francorchamps': 'Permanent', 'Zandvoort': 'Permanent', 'Monza': 'Permanent', 'Baku': 'Street', 'Singapore': 'Street', 'Austin': 'Permanent', 'Mexico City': 'Permanent', 'Interlagos': 'Permanent', 'lusail': 'Street'}",Sauber,BOT,2,MEDIUM,2,15,14,True,86.30492857142859,81.221,-18.459000000000003,-0.8269736263736257,47.6137576023532,165.3258816930326,309.0,46.0,13,0.9285714285714286,0.7440714285714284,116.358
2024,Monte Carlo,9,"{'Sakhir': 'Street', 'Jeddah': 'Street', 'Melbourne': 'Street', 'Suzuka': 'Permanent', 'Shanghai': 'Permanent', 'Miami': 'Street', 'Imola': 'Permanent', 'Monte Carlo': 'Street', 'Montreal': 'Street', 'Catalunya': 'Permanent', 'Spielberg': 'Permanent', 'Silverstone': 'Permanent', 'Hungaroring': 'Permanent', 'Spa-Francorchamps': 'Permanent', 'Zandvoort': 'Permanent', 'Monza': 'Permanent', 'Baku': 'Street', 'Singapore': 'Street', 'Austin': 'Permanent', 'Mexico City': 'Permanent', 'Interlagos': 'Permanent', 'lusail': 'Street'}",Sauber,BOT,3,HARD,16,76,61,False,79.83647540983607,76.561,-1.2379999999999995,-0.032049867794817256,52.855751936061104,173.28948075035936,338.0,0.0,52,0.8524590163934426,1.8231147540983605,79.16644444444445
2024,Monte Carlo,9,"{'Sakhir': 'Street', 'Jeddah': 'Street', 'Melbourne': 'Street', 'Suzuka': 'Permanent', 'Shanghai': 'Permanent', 'Miami': 'Street', 'Imola': 'Permanent', 'Monte Carlo': 'Street', 'Montreal': 'Street', 'Catalunya': 'Permanent', 'Spielberg': 'Permanent', 'Silverstone': 'Permanent', 'Hungaroring': 'Permanent', 'Spa-Francorchamps': 'Permanent', 'Zandvoort': 'Permanent', 'Monza': 'Permanent', 'Baku': 'Street', 'Singapore': 'Street', 'Austin': 'Permanent', 'Mexico City': 'Permanent', 'Interlagos': 'Permanent', 'lusail': 'Street'}",Sauber,ZHO,2,HARD,2,70,69,True,81.89976811594202,77.936,-11.233000000000004,-0.05119112166605639,50.692072326084016,169.14566750011846,324.0,0.0,56,0.8115942028985508,2.6196376811594204,83.4016923076923
2024,Monte Carlo,9,"{'Sakhir': 'Street', 'Jeddah': 'Street', 'Melbourne': 'Street', 'Suzuka': 'Permanent', 'Shanghai': 'Permanent', 'Miami': 'Street', 'Imola': 'Permanent', 'Monte Carlo': 'Street', 'Montreal': 'Street', 'Catalunya': 'Permanent', 'Spielberg': 'Permanent', 'Silverstone': 'Permanent', 'Hungaroring': 'Permanent', 'Spa-Francorchamps': 'Permanent', 'Zandvoort': 'Permanent', 'Monza': 'Permanent', 'Baku': 'Street', 'Singapore': 'Street', 'Austin': 'Permanent', 'Mexico City': 'Permanent', 'Interlagos': 'Permanent', 'lusail': 'Street'}",Sauber,ZHO,3,SOFT,71,76,6,False,78.91283333333334,74.718,-8.122,-1.5134571428571484,,,,,0,0.0,43.60883333333334,78.91283333333334
2024,Monte Carlo,9,"{'Sakhir': 'Street', 'Jeddah': 'Street', 'Melbourne': 'Street', 'Suzuka': 'Permanent', 'Shanghai': 'Permanent', 'Miami': 'Street', 'Imola': 'Permanent', 'Monte Carlo': 'Street', 'Montreal': 'Street', 'Catalunya': 'Permanent', 'Spielberg': 'Permanent', 'Silverstone': 'Permanent', 'Hungaroring': 'Permanent', 'Spa-Francorchamps': 'Permanent', 'Zandvoort': 'Permanent', 'Monza': 'Permanent', 'Baku': 'Street', 'Singapore': 'Street', 'Austin': 'Permanent', 'Mexico City': 'Permanent', 'Interlagos': 'Permanent', 'lusail': 'Street'}",Williams,ALB,2,HARD,2,77,76,False,80.9840657894737,77.06,-65.195,-0.11618068352699866,45.605775602145684,169.28294671433994,337.0,0.0,60,0.7894736842105263,2.093106666666667,83.5554375
2024,Monte Carlo,9,"{'Sakhir': 'Street', 'Jeddah': 'Street', 'Melbourne': 'Street', 'Suzuka': 'Permanent', 'Shanghai': 'Permanent', 'Miami': 'Street', 'Imola': 'Permanent', 'Monte Carlo': 'Street', 'Montreal': 'Street', 'Catalunya': 'Permanent', 'Spielberg': 'Permanent', 'Silverstone': 'Permanent', 'Hungaroring': 'Permanent', 'Spa-Francorchamps': 'Permanent', 'Zandvoort': 'Permanent', 'Monza': 'Permanent', 'Baku': 'Street', 'Singapore': 'Street', 'Austin': 'Permanent', 'Mexico City': 'Permanent', 'Interlagos': 'Permanent', 'lusail': 'Street'}",Williams,SAR,2,HARD,2,57,56,True,82.49337500000001,79.511,-23.489000000000004,-0.07526476418318466,45.06397165460642,167.00932058616507,327.0,0.0,46,0.8214285714285714,2.0986363636363636,82.8444
2024,Monte Carlo,9,"{'Sakhir': 'Street', 'Jeddah': 'Street', 'Melbourne': 'Street', 'Suzuka': 'Permanent', 'Shanghai': 'Permanent', 'Miami': 'Street', 'Imola': 'Permanent', 'Monte Carlo': 'Street', 'Montreal': 'Street', 'Catalunya': 'Permanent', 'Spielberg': 'Permanent', 'Silverstone': 'Permanent', 'Hungaroring': 'Permanent', 'Spa-Francorchamps': 'Permanent', 'Zandvoort': 'Permanent', 'Monza': 'Permanent', 'Baku': 'Street', 'Singapore': 'Street', 'Austin': 'Permanent', 'Mexico City': 'Permanent', 'Interlagos': 'Permanent', 'lusail': 'Street'}",Williams,SAR,3,MEDIUM,58,76,19,False,77.26805263157897,75.525,-2.6119999999999948,-0.009375438596487113,,,,,4,0.21052631578947367,9.645842105263156,76.67886666666666
2024,Montreal,9,"{'Sakhir': 'Street', 'Jeddah': 'Street', 'Melbourne': 'Street', 'Suzuka': 'Permanent', 'Shanghai': 'Permanent', 'Miami': 'Street', 'Imola': 'Permanent', 'Monte Carlo': 'Street', 'Montreal': 'Street', 'Catalunya': 'Permanent', 'Spielberg': 'Permanent', 'Silverstone': 'Permanent', 'Hungaroring': 'Permanent', 'Spa-Francorchamps': 'Permanent', 'Zandvoort': 'Permanent', 'Monza': 'Permanent', 'Baku': 'Street', 'Singapore': 'Street', 'Austin': 'Permanent', 'Mexico City': 'Permanent', 'Interlagos': 'Permanent', 'lusail': 'Street'}",Alpine,GAS,1,INTERMEDIATE,2,25,24,True,93.23966666666666,85.084,25.767999999999986,-0.24028173913043444,50.99402432411943,167.20220992752766,325.0,0.0,23,0.9583333333333334,1.123695652173913,87.756
2024,Montreal,9,"{'Sakhir': 'Street', 'Jeddah': 'Street', 'Melbourne': 'Street', 'Suzuka': 'Permanent', 'Shanghai': 'Permanent', 'Miami': 'Street', 'Imola': 'Permanent', 'Monte Carlo': 'Street', 'Montreal': 'Street', 'Catalunya': 'Permanent', 'Spielberg': 'Permanent', 'Silverstone': 'Permanent', 'Hungaroring': 'Permanent', 'Spa-Francorchamps': 'Permanent', 'Zandvoort': 'Permanent', 'Monza': 'Permanent', 'Baku': 'Street', 'Singapore': 'Street', 'Austin': 'Permanent', 'Mexico City': 'Permanent', 'Interlagos': 'Permanent', 'lusail': 'Street'}",Alpine,GAS,2,INTERMEDIATE,26,40,15,True,95.2558,86.753,-11.13300000000001,-1.3600499999999978,49.34036589082479,163.79202782713358,327.0,0.0,15,1.0,0.7296000000000001,
2024,Montreal,9,"{'Sakhir': 'Street', 'Jeddah': 'Street', 'Melbourne': 'Street', 'Suzuka': 'Permanent', 'Shanghai': 'Permanent', 'Miami': 'Street', 'Imola': 'Permanent', 'Monte Carlo': 'Street', 'Montreal': 'Street', 'Catalunya': 'Permanent', 'Spielberg': 'Permanent', 'Silverstone': 'Permanent', 'Hungaroring': 'Permanent', 'Spa-Francorchamps': 'Permanent', 'Zandvoort': 'Permanent', 'Monza': 'Permanent', 'Baku': 'Street', 'Singapore': 'Street', 'Austin': 'Permanent', 'Mexico City': 'Permanent', 'Interlagos': 'Permanent', 'lusail': 'Street'}",Alpine,GAS,3,HARD,41,70,30,False,86.35660000000001,77.013,-23.536,-0.30631813125695284,56.9282021612033,179.8206365836183,333.0,42.0,27,0.9,1.685551724137931,88.617
2024,Montreal,9,"{'Sakhir': 'Street', 'Jeddah': 'Street', 'Melbourne': 'Street', 'Suzuka': 'Permanent', 'Shanghai': 'Permanent', 'Miami': 'Street', 'Imola': 'Permanent', 'Monte Carlo': 'Street', 'Montreal': 'Street', 'Catalunya': 'Permanent', 'Spielberg': 'Permanent', 'Silverstone': 'Permanent', 'Hungaroring': 'Permanent', 'Spa-Francorchamps': 'Permanent', 'Zandvoort': 'Permanent', 'Monza': 'Permanent', 'Baku': 'Street', 'Singapore': 'Street', 'Austin': 'Permanent', 'Mexico City': 'Permanent', 'Interlagos': 'Permanent', 'lusail': 'Street'}",Alpine,OCO,1,INTERMEDIATE,2,44,43,True,93.13451162790697,84.927,-1.4860000000000042,-0.13161476895198063,50.883013047695584,166.9378198761633,331.0,0.0,40,0.9302325581395349,1.7037906976744188,94.50733333333334
2024,Montreal,9,"{'Sakhir': 'Street', 'Jeddah': 'Street', 'Melbourne': 'Street', 'Suzuka': 'Permanent', 'Shanghai': 'Permanent', 'Miami': 'Street', 'Imola': 'Permanent', 'Monte Carlo': 'Street', 'Montreal': 'Street', 'Catalunya': 'Permanent', 'Spielberg': 'Permanent', 'Silverstone': 'Permanent', 'Hungaroring': 'Permanent', 'Spa-Francorchamps': 'Permanent', 'Zandvoort': 'Permanent', 'Monza': 'Permanent', 'Baku': 'Street', 'Singapore': 'Street', 'Austin': 'Permanent', 'Mexico City': 'Permanent', 'Interlagos': 'Permanent', 'lusail': 'Street'}",Alpine,OCO,2,MEDIUM,45,70,26,False,86.71269230769232,77.012,-16.247,-0.4498516239316266,57.90379158127116,179.00169993886,330.0,48.0,23,0.8846153846153846,1.6172692307692307,78.17233333333333
2024,Montreal,9,"{'Sakhir': 'Street', 'Jeddah': 'Street', 'Melbourne': 'Street', 'Suzuka': 'Permanent', 'Shanghai': 'Permanent', 'Miami': 'Street', 'Imola': 'Permanent', 'Monte Carlo': 'Street', 'Montreal': 'Street', 'Catalunya': 'Permanent', 'Spielberg': 'Permanent', 'Silverstone': 'Permanent', 'Hungaroring': 'Permanent', 'Spa-Francorchamps': 'Permanent', 'Zandvoort': 'Permanent', 'Monza': 'Permanent', 'Baku': 'Street', 'Singapore': 'Street', 'Austin': 'Permanent', 'Mexico City': 'Permanent', 'Interlagos': 'Permanent', 'lusail': 'Street'}",Aston Martin,ALO,1,INTERMEDIATE,2,25,24,True,91.51916666666666,85.451,18.201999999999998,-0.27436782608695426,49.89131249034756,169.5340435922292,306.0,0.0,4,0.16666666666666666,10.162416666666667,90.3262
2024,Montreal,9,"{'Sakhir': 'Street', 'Jeddah': 'Street', 'Melbourne': 'Street', 'Suzuka': 'Permanent', 'Shanghai': 'Permanent', 'Miami': 'Street', 'Imola': 'Permanent', 'Monte Carlo': 'Street', 'Montreal': 'Street', 'Catalunya': 'Permanent', 'Spielberg': 'Permanent', 'Silverstone': 'Permanent', 'Hungaroring': 'Permanent', 'Spa-Francorchamps': 'Permanent', 'Zandvoort': 'Permanent', 'Monza': 'Permanent', 'Baku': 'Street', 'Singapore': 'Street', 'Austin': 'Permanent', 'Mexico City': 'Permanent', 'Interlagos': 'Permanent', 'lusail': 'Street'}",Aston Martin,ALO,2,INTERMEDIATE,26,44,19,True,95.22636842105264,84.453,-18.988,-1.6948894736842068,46.362010282845134,163.0524039839546,327.0,0.0,5,0.2631578947368421,6.990842105263158,94.05285714285715
2024,Montreal,9,"{'Sakhir': 'Street', 'Jeddah': 'Street', 'Melbourne': 'Street', 'Suzuka': 'Permanent', 'Shanghai': 'Permanent', 'Miami': 'Street', 'Imola': 'Permanent', 'Monte Carlo': 'Street', 'Montreal': 'Street', 'Catalunya': 'Permanent', 'Spielberg': 'Permanent', 'Silverstone': 'Permanent', 'Hungaroring': 'Permanent', 'Spa-Francorchamps': 'Permanent', 'Zandvoort': 'Permanent', 'Monza': 'Permanent', 'Baku': 'Street', 'Singapore': 'Street', 'Austin': 'Permanent', 'Mexico City': 'Permanent', 'Interlagos': 'Permanent', 'lusail': 'Street'}",Aston Martin,ALO,3,HARD,45,70,26,False,86.55334615384616,76.303,-17.153999999999996,-0.5305870085470104,55.52024396181188,178.48123635238437,311.0,43.0,6,0.23076923076923078,9.81373076923077,82.4594
2024,Montreal,9,"{'Sakhir': 'Street', 'Jeddah': 'Street', 'Melbourne': 'Street', 'Suzuka': 'Permanent', 'Shanghai': 'Permanent', 'Miami': 'Street', 'Imola': 'Permanent', 'Monte Carlo': 'Street', 'Montreal': 'Street', 'Catalunya': 'Permanent', 'Spielberg': 'Permanent', 'Silverstone': 'Permanent', 'Hungaroring': 'Permanent', 'Spa-Francorchamps': 'Permanent', 'Zandvoort': 'Permanent', 'Monza': 'Permanent', 'Baku': 'Street', 'Singapore': 'Street', 'Austin': 'Permanent', 'Mexico City': 'Permanent', 'Interlagos': 'Permanent', 'lusail': 'Street'}",Aston Martin,STR,1,INTERMEDIATE,2,25,24,True,92.72775000000001,86.27,22.176000000000002,-0.2633408695652169,49.77350060518944,167.77978753723582,310.0,0.0,20,0.8333333333333334,1.9712500000000002,86.64675
2024,Montreal,9,"{'Sakhir': 'Street', 'Jeddah': 'Street', 'Melbourne': 'Street', 'Suzuka': 'Permanent', 'Shanghai': 'Permanent', 'Miami': 'Street', 'Imola': 'Permanent', 'Monte Carlo': 'Street', 'Montreal': 'Street', 'Catalunya': 'Permanent', 'Spielberg': 'Permanent', 'Silverstone': 'Permanent', 'Hungaroring': 'Permanent', 'Spa-Francorchamps': 'Permanent', 'Zandvoort': 'Permanent', 'Monza': 'Permanent', 'Baku': 'Street', 'Singapore': 'Street', 'Austin': 'Permanent', 'Mexico City': 'Permanent', 'Interlagos': 'Permanent', 'lusail': 'Street'}",Aston Martin,STR,2,INTERMEDIATE,26,44,19,True,93.87657894736842,85.264,-11.058000000000007,-1.2193631578947357,48.654924431993756,164.8834537602587,313.0,0.0,14,0.7368421052631579,2.0186842105263154,102.1336
2024,Montreal,9,"{'Sakhir': 'Street', 'Jeddah': 'Street', 'Melbourne': 'Street', 'Suzuka': 'Permanent', 'Shanghai': 'Permanent', 'Miami': 'Street', 'Imola': 'Permanent', 'Monte Carlo': 'Street', 'Montreal': 'Street', 'Catalunya': 'Permanent', 'Spielberg': 'Permanent', 'Silverstone': 'Permanent', 'Hungaroring': 'Permanent', 'Spa-Francorchamps': 'Permanent', 'Zandvoort': 'Permanent', 'Monza': 'Permanent', 'Baku': 'Street', 'Singapore': 'Street', 'Austin': 'Permanent', 'Mexico City': 'Permanent', 'Interlagos': 'Permanent', 'lusail': 'Street'}",Aston Martin,STR,3,HARD,45,70,26,False,86.51342307692309,76.762,-16.012,-0.47345538461538567,56.53737736118081,179.0604793358771,333.0,40.0,17,0.6538461538461539,2.639730769230769,78.62355555555557
2024,Montreal,9,"{'Sakhir': 'Street', 'Jeddah': 'Street', 'Melbourne': 'Street', 'Suzuka': 'Permanent', 'Shanghai': 'Permanent', 'Miami': 'Street', 'Imola': 'Permanent', 'Monte Carlo': 'Street', 'Montreal': 'Street', 'Catalunya': 'Permanent', 'Spielberg': 'Permanent', 'Silverstone': 'Permanent', 'Hungaroring': 'Permanent', 'Spa-Francorchamps': 'Permanent', 'Zandvoort': 'Permanent', 'Monza': 'Permanent', 'Baku': 'Street', 'Singapore': 'Street', 'Austin': 'Permanent', 'Mexico City': 'Permanent', 'Interlagos': 'Permanent', 'lusail': 'Street'}",Ferrari,LEC,1,INTERMEDIATE,2,25,24,True,93.13749999999999,86.623,22.840999999999994,-0.2081130434782547,55.31472046539863,167.23009097834824,310.0,0.0,20,0.8333333333333334,1.8150833333333332,87.73125
2024,Montreal,9,"{'Sakhir': 'Street', 'Jeddah': 'Street', 'Melbourne': 'Street', 'Suzuka': 'Permanent', 'Shanghai': 'Permanent', 'Miami': 'Street', 'Imola': 'Permanent', 'Monte Carlo': 'Street', 'Montreal': 'Street', 'Catalunya': 'Permanent', 'Spielberg': 'Permanent', 'Silverstone': 'Permanent', 'Hungaroring': 'Permanent', 'Spa-Francorchamps': 'Permanent', 'Zandvoort': 'Permanent', 'Monza': 'Permanent', 'Baku': 'Street', 'Singapore': 'Street', 'Austin': 'Permanent', 'Mexico City': 'Permanent', 'Interlagos': 'Permanent', 'lusail': 'Street'}",Ferrari,LEC,2,INTERMEDIATE,26,28,3,True,118.544,105.291,27.159000000000006,13.57950000000001,41.92068220270721,130.9954220008606,278.0,0.0,1,0.3333333333333333,3.2426666666666666,108.441
2024,Montreal,9,"{'Sakhir': 'Street', 'Jeddah': 'Street', 'Melbourne': 'Street', 'Suzuka': 'Permanent', 'Shanghai': 'Permanent', 'Miami': 'Street', 'Imola': 'Permanent', 'Monte Carlo': 'Street', 'Montreal': 'Street', 'Catalunya': 'Permanent', 'Spielberg': 'Permanent', 'Silverstone': 'Permanent', 'Hungaroring': 'Permanent', 'Spa-Francorchamps': 'Permanent', 'Zandvoort': 'Permanent', 'Monza': 'Permanent', 'Baku': 'Street', 'Singapore': 'Street', 'Austin': 'Permanent', 'Mexico City': 'Permanent', 'Interlagos': 'Permanent', 'lusail': 'Street'}",Ferrari,LEC,3,HARD,29,31,3,True,112.75733333333335,99.909,33.748000000000005,16.874000000000024,40.701224945091724,141.29162044563935,300.0,0.0,0,0.0,27.62166666666667,112.75733333333335
2024,Montreal,9,"{'Sakhir': 'Street', 'Jeddah': 'Street', 'Melbourne': 'Street', 'Suzuka': 'Permanent', 'Shanghai': 'Permanent', 'Miami': 'Street', 'Imola': 'Permanent', 'Monte Carlo': 'Street', 'Montreal': 'Street', 'Catalunya': 'Permanent', 'Spielberg': 'Permanent', 'Silverstone': 'Permanent', 'Hungaroring': 'Permanent', 'Spa-Francorchamps': 'Permanent', 'Zandvoort': 'Permanent', 'Monza': 'Permanent', 'Baku': 'Street', 'Singapore': 'Street', 'Austin': 'Permanent', 'Mexico City': 'Permanent', 'Interlagos': 'Permanent', 'lusail': 'Street'}",Ferrari,LEC,4,INTERMEDIATE,32,40,9,False,88.85466666666667,86.012,-8.113,-0.7233666666666704,56.8296502084637,177.74720293412727,310.0,50.0,0,0.0,66.64811111111112,88.85466666666667
2024,Montreal,9,"{'Sakhir': 'Street', 'Jeddah': 'Street', 'Melbourne': 'Street', 'Suzuka': 'Permanent', 'Shanghai': 'Permanent', 'Miami': 'Street', 'Imola': 'Permanent', 'Monte Carlo': 'Street', 'Montreal': 'Street', 'Catalunya': 'Permanent', 'Spielberg': 'Permanent', 'Silverstone': 'Permanent', 'Hungaroring': 'Permanent', 'Spa-Francorchamps': 'Permanent', 'Zandvoort': 'Permanent', 'Monza': 'Permanent', 'Baku': 'Street', 'Singapore': 'Street', 'Austin': 'Permanent', 'Mexico City': 'Permanent', 'Interlagos': 'Permanent', 'lusail': 'Street'}",Ferrari,SAI,1,INTERMEDIATE,2,25,24,True,93.289625,86.527,29.070000000000007,-0.16519347826086833,51.2467407831945,167.1525937487804,329.0,0.0,24,1.0,1.1524166666666666,
2024,Montreal,9,"{'Sakhir': 'Street', 'Jeddah': 'Street', 'Melbourne': 'Street', 'Suzuka': 'Permanent', 'Shanghai': 'Permanent', 'Miami': 'Street', 'Imola': 'Permanent', 'Monte Carlo': 'Street', 'Montreal': 'Street', 'Catalunya': 'Permanent', 'Spielberg': 'Permanent', 'Silverstone': 'Permanent', 'Hungaroring': 'Permanent', 'Spa-Francorchamps': 'Permanent', 'Zandvoort': 'Permanent', 'Monza': 'Permanent', 'Baku': 'Street', 'Singapore': 'Street', 'Austin': 'Permanent', 'Mexico City': 'Permanent', 'Interlagos': 'Permanent', 'lusail': 'Street'}",Ferrari,SAI,2,INTERMEDIATE,26,43,18,True,93.71261111111112,85.861,-9.384999999999991,-1.1334004127966961,51.391896293920425,166.28928591502623,316.0,0.0,18,1.0,1.0372777777777777,
2024,Montreal,9,"{'Sakhir': 'Street', 'Jeddah': 'Street', 'Melbourne': 'Street', 'Suzuka': 'Permanent', 'Shanghai': 'Permanent', 'Miami': 'Street', 'Imola': 'Permanent', 'Monte Carlo': 'Street', 'Montreal': 'Street', 'Catalunya': 'Permanent', 'Spielberg': 'Permanent', 'Silverstone': 'Permanent', 'Hungaroring': 'Permanent', 'Spa-Francorchamps': 'Permanent', 'Zandvoort': 'Permanent', 'Monza': 'Permanent', 'Baku': 'Street', 'Singapore': 'Street', 'Austin': 'Permanent', 'Mexico City': 'Permanent', 'Interlagos': 'Permanent', 'lusail': 'Street'}",Ferrari,SAI,3,MEDIUM,44,52,9,False,82.78122222222221,78.957,-12.229,-1.21556666666667,60.27959832248968,187.79109464086835,337.0,52.0,9,1.0,1.304,
2024,Montreal,9,"{'Sakhir': 'Street', 'Jeddah': 'Street', 'Melbourne': 'Street', 'Suzuka': 'Permanent', 'Shanghai': 'Permanent', 'Miami': 'Street', 'Imola': 'Permanent', 'Monte Carlo': 'Street', 'Montreal': 'Street', 'Catalunya': 'Permanent', 'Spielberg': 'Permanent', 'Silverstone': 'Permanent', 'Hungaroring': 'Permanent', 'Spa-Francorchamps': 'Permanent', 'Zandvoort': 'Permanent', 'Monza': 'Permanent', 'Baku': 'Street', 'Singapore': 'Street', 'Austin': 'Permanent', 'Mexico City': 'Permanent', 'Interlagos': 'Permanent', 'lusail': 'Street'}",Haas,HUL,1,WET,2,12,11,True,97.15518181818183,94.17,13.503,0.4797363636363628,47.75833603671421,160.77421548841565,305.0,0.0,7,0.6363636363636364,3.2763,95.5625
2024,Montreal,9,"{'Sakhir': 'Street', 'Jeddah': 'Street', 'Melbourne': 'Street', 'Suzuka': 'Permanent', 'Shanghai': 'Permanent', 'Miami': 'Street', 'Imola': 'Permanent', 'Monte Carlo': 'Street', 'Montreal': 'Street', 'Catalunya': 'Permanent', 'Spielberg': 'Permanent', 'Silverstone': 'Permanent', 'Hungaroring': 'Permanent', 'Spa-Francorchamps': 'Permanent', 'Zandvoort': 'Permanent', 'Monza': 'Permanent', 'Baku': 'Street', 'Singapore': 'Street', 'Austin': 'Permanent', 'Mexico City': 'Permanent', 'Interlagos': 'Permanent', 'lusail': 'Street'}",Haas,HUL,2,INTERMEDIATE,13,25,13,True,91.42469230769231,86.137,29.703000000000003,0.948725274725279,52.395724900925906,170.8961472440011,320.0,0.0,5,0.38461538461538464,5.064076923076923,93.3545
2024,Montreal,9,"{'Sakhir': 'Street', 'Jeddah': 'Street', 'Melbourne': 'Street', 'Suzuka': 'Permanent', 'Shanghai': 'Permanent', 'Miami': 'Street', 'Imola': 'Permanent', 'Monte Carlo': 'Street', 'Montreal': 'Street', 'Catalunya': 'Permanent', 'Spielberg': 'Permanent', 'Silverstone': 'Permanent', 'Hungaroring': 'Permanent', 'Spa-Francorchamps': 'Permanent', 'Zandvoort': 'Permanent', 'Monza': 'Permanent', 'Baku': 'Street', 'Singapore': 'Street', 'Austin': 'Permanent', 'Mexico City': 'Permanent', 'Interlagos': 'Permanent', 'lusail': 'Street'}",Haas,HUL,3,INTERMEDIATE,26,44,19,True,92.72131578947368,85.789,-8.457999999999998,-0.8744982456140314,49.409335755608,168.29094048043063,324.0,0.0,13,0.6842105263157895,2.2348421052631573,96.92133333333334
2024,Montreal,9,"{'Sakhir': 'Street', 'Jeddah': 'Street', 'Melbourne': 'Street', 'Suzuka': 'Permanent', 'Shanghai': 'Permanent', 'Miami': 'Street', 'Imola': 'Permanent', 'Monte Carlo': 'Street', 'Montreal': 'Street', 'Catalunya': 'Permanent', 'Spielberg': 'Permanent', 'Silverstone': 'Permanent', 'Hungaroring': 'Permanent', 'Spa-Francorchamps': 'Permanent', 'Zandvoort': 'Permanent', 'Monza': 'Permanent', 'Baku': 'Street', 'Singapore': 'Street', 'Austin': 'Permanent', 'Mexico City': 'Permanent', 'Interlagos': 'Permanent', 'lusail': 'Street'}",Haas,HUL,4,MEDIUM,45,70,26,False,86.2955,76.683,-13.914000000000001,-0.4224051282051291,54.81456161464972,180.45606752508854,334.0,44.0,23,0.8846153846153846,1.1555416666666665,84.31966666666666
2024,Montreal,9,"{'Sakhir': 'Street', 'Jeddah': 'Street', 'Melbourne': 'Street', 'Suzuka': 'Permanent', 'Shanghai': 'Permanent', 'Miami': 'Street', 'Imola': 'Permanent', 'Monte Carlo': 'Street', 'Montreal': 'Street', 'Catalunya': 'Permanent', 'Spielberg': 'Permanent', 'Silverstone': 'Permanent', 'Hungaroring': 'Permanent', 'Spa-Francorchamps': 'Permanent', 'Zandvoort': 'Permanent', 'Monza': 'Permanent', 'Baku': 'Street', 'Singapore': 'Street', 'Austin': 'Permanent', 'Mexico City': 'Permanent', 'Interlagos': 'Permanent', 'lusail': 'Street'}",Haas,MAG,1,WET,2,7,6,True,98.59016666666668,93.993,18.62599999999999,2.5509428571428514,46.97396757927581,157.3634993145888,302.0,0.0,6,1.0,1.5196666666666667,
2024,Montreal,9,"{'Sakhir': 'Street', 'Jeddah': 'Street', 'Melbourne': 'Street', 'Suzuka': 'Permanent', 'Shanghai': 'Permanent', 'Miami': 'Street', 'Imola': 'Permanent', 'Monte Carlo': 'Street', 'Montreal': 'Street', 'Catalunya': 'Permanent', 'Spielberg': 'Permanent', 'Silverstone': 'Permanent', 'Hungaroring': 'Permanent', 'Spa-Francorchamps': 'Permanent', 'Zandvoort': 'Permanent', 'Monza': 'Permanent', 'Baku': 'Street', 'Singapore': 'Street', 'Austin': 'Permanent', 'Mexico City': 'Permanent', 'Interlagos': 'Permanent', 'lusail': 'Street'}",Haas,MAG,2,INTERMEDIATE,8,25,18,True,91.89166666666668,87.144,31.214000000000013,0.266303405572757,50.27327223058435,169.70767310280175,329.0,0.0,16,0.8888888888888888,1.7955,92.412
2024,Montreal,9,"{'Sakhir': 'Street', 'Jeddah': 'Street', 'Melbourne': 'Street', 'Suzuka': 'Permanent', 'Shanghai': 'Permanent', 'Miami': 'Street', 'Imola': 'Permanent', 'Monte Carlo': 'Street', 'Montreal': 'Street', 'Catalunya': 'Permanent', 'Spielberg': 'Permanent', 'Silverstone': 'Permanent', 'Hungaroring': 'Permanent', 'Spa-Francorchamps': 'Permanent', 'Zandvoort': 'Permanent', 'Monza': 'Permanent', 'Baku': 'Street', 'Singapore': 'Street', 'Austin': 'Permanent', 'Mexico City': 'Permanent', 'Interlagos': 'Permanent', 'lusail': 'Street'}",Haas,MAG,3,INTERMEDIATE,26,41,16,True,94.91625,86.231,-10.311000000000007,-1.258723529411762,47.31275101388757,164.50411604200653,318.0,0.0,15,0.9375,1.2484375,101.625
2024,Montreal,9,"{'Sakhir': 'Street', 'Jeddah': 'Street', 'Melbourne': 'Street', 'Suzuka': 'Permanent', 'Shanghai': 'Permanent', 'Miami': 'Street', 'Imola': 'Permanent', 'Monte Carlo': 'Street', 'Montreal': 'Street', 'Catalunya': 'Permanent', 'Spielberg': 'Permanent', 'Silverstone': 'Permanent', 'Hungaroring': 'Permanent', 'Spa-Francorchamps': 'Permanent', 'Zandvoort': 'Permanent', 'Monza': 'Permanent', 'Baku': 'Street', 'Singapore': 'Street', 'Austin': 'Permanent', 'Mexico City': 'Permanent', 'Interlagos': 'Permanent', 'lusail': 'Street'}",Haas,MAG,4,MEDIUM,42,54,13,True,87.91438461538459,79.511,26.775999999999996,0.8858736263736285,53.369681375669884,176.95206527433513,337.0,0.0,11,0.8461538461538461,3.1897692307692305,91.881
2024,Montreal,9,"{'Sakhir': 'Street', 'Jeddah': 'Street', 'Melbourne': 'Street', 'Suzuka': 'Permanent', 'Shanghai': 'Permanent', 'Miami': 'Street', 'Imola': 'Permanent', 'Monte Carlo': 'Street', 'Montreal': 'Street', 'Catalunya': 'Permanent', 'Spielberg': 'Permanent', 'Silverstone': 'Permanent', 'Hungaroring': 'Permanent', 'Spa-Francorchamps': 'Permanent', 'Zandvoort': 'Permanent', 'Monza': 'Permanent', 'Baku': 'Street', 'Singapore': 'Street', 'Austin': 'Permanent', 'Mexico City': 'Permanent', 'Interlagos': 'Permanent', 'lusail': 'Street'}",Haas,MAG,5,MEDIUM,55,70,16,False,85.01343750000001,76.499,-22.415000000000006,-1.9504014705882304,56.86292919911478,182.8910084778783,349.0,50.0,10,0.625,4.497866666666667,83.02083333333334
2024,Montreal,9,"{'Sakhir': 'Street', 'Jeddah': 'Street', 'Melbourne': 'Street', 'Suzuka': 'Permanent', 'Shanghai': 'Permanent', 'Miami': 'Street', 'Imola': 'Permanent', 'Monte Carlo': 'Street', 'Montreal': 'Street', 'Catalunya': 'Permanent', 'Spielberg': 'Permanent', 'Silverstone': 'Permanent', 'Hungaroring': 'Permanent', 'Spa-Francorchamps': 'Permanent', 'Zandvoort': 'Permanent', 'Monza': 'Permanent', 'Baku': 'Street', 'Singapore': 'Street', 'Austin': 'Permanent', 'Mexico City': 'Permanent', 'Interlagos': 'Permanent', 'lusail': 'Street'}",McLaren,NOR,1,INTERMEDIATE,2,26,25,True,91.52192000000001,84.429,43.428,0.04444384615384345,52.296656684456416,169.7015555096393,329.0,0.0,14,0.56,3.0974,90.34181818181818
2024,Montreal,9,"{'Sakhir': 'Street', 'Jeddah': 'Street', 'Melbourne': 'Street', 'Suzuka': 'Permanent', 'Shanghai': 'Permanent', 'Miami': 'Street', 'Imola': 'Permanent', 'Monte Carlo': 'Street', 'Montreal': 'Street', 'Catalunya': 'Permanent', 'Spielberg': 'Permanent', 'Silverstone': 'Permanent', 'Hungaroring': 'Permanent', 'Spa-Francorchamps': 'Permanent', 'Zandvoort': 'Permanent', 'Monza': 'Permanent', 'Baku': 'Street', 'Singapore': 'Street', 'Austin': 'Permanent', 'Mexico City': 'Permanent', 'Interlagos': 'Permanent', 'lusail': 'Street'}",McLaren,NOR,2,INTERMEDIATE,27,47,21,True,93.113,83.272,-31.777,-1.6013129870129823,50.673002284697695,167.5710589343599,323.0,0.0,21,1.0,1.0607619047619048,
2024,Montreal,9,"{'Sakhir': 'Street', 'Jeddah': 'Street', 'Melbourne': 'Street', 'Suzuka': 'Permanent', 'Shanghai': 'Permanent', 'Miami': 'Street', 'Imola': 'Permanent', 'Monte Carlo': 'Street', 'Montreal': 'Street', 'Catalunya': 'Permanent', 'Spielberg': 'Permanent', 'Silverstone': 'Permanent', 'Hungaroring': 'Permanent', 'Spa-Francorchamps': 'Permanent', 'Zandvoort': 'Permanent', 'Monza': 'Permanent', 'Baku': 'Street', 'Singapore': 'Street', 'Austin': 'Permanent', 'Mexico City': 'Permanent', 'Interlagos': 'Permanent', 'lusail': 'Street'}",McLaren,NOR,3,MEDIUM,48,70,23,False,87.02882608695653,75.558,-11.906000000000006,-0.8343685770750982,54.85201968975807,178.79499554948072,324.0,32.0,13,0.5652173913043478,2.7083478260869565,80.50230000000002
2024,Montreal,9,"{'Sakhir': 'Street', 'Jeddah': 'Street', 'Melbourne': 'Street', 'Suzuka': 'Permanent', 'Shanghai': 'Permanent', 'Miami': 'Street', 'Imola': 'Permanent', 'Monte Carlo': 'Street', 'Montreal': 'Street', 'Catalunya': 'Permanent', 'Spielberg': 'Permanent', 'Silverstone': 'Permanent', 'Hungaroring': 'Permanent', 'Spa-Francorchamps': 'Permanent', 'Zandvoort': 'Permanent', 'Monza': 'Permanent', 'Baku': 'Street', 'Singapore': 'Street', 'Austin': 'Permanent', 'Mexico City': 'Permanent', 'Interlagos': 'Permanent', 'lusail': 'Street'}",McLaren,PIA,1,INTERMEDIATE,2,25,24,True,90.67583333333334,85.351,14.882000000000005,-0.29175478260869575,52.65529469736257,171.94545376259398,327.0,0.0,6,0.25,5.095739130434782,89.34755555555554
2024,Montreal,9,"{'Sakhir': 'Street', 'Jeddah': 'Street', 'Melbourne': 'Street', 'Suzuka': 'Permanent', 'Shanghai': 'Permanent', 'Miami': 'Street', 'Imola': 'Permanent', 'Monte Carlo': 'Street', 'Montreal': 'Street', 'Catalunya': 'Permanent', 'Spielberg': 'Permanent', 'Silverstone': 'Permanent', 'Hungaroring': 'Permanent', 'Spa-Francorchamps': 'Permanent', 'Zandvoort': 'Permanent', 'Monza': 'Permanent', 'Baku': 'Street', 'Singapore': 'Street', 'Austin': 'Permanent', 'Mexico City': 'Permanent', 'Interlagos': 'Permanent', 'lusail': 'Street'}",McLaren,PIA,2,INTERMEDIATE,26,44,19,True,95.57047368421053,83.938,-12.052999999999997,-1.9783263157894706,47.81999878145938,163.14128124063637,329.0,0.0,19,1.0,1.2707368421052632,
2024,Montreal,9,"{'Sakhir': 'Street', 'Jeddah': 'Street', 'Melbourne': 'Street', 'Suzuka': 'Permanent', 'Shanghai': 'Permanent', 'Miami': 'Street', 'Imola': 'Permanent', 'Monte Carlo': 'Street', 'Montreal': 'Street', 'Catalunya': 'Permanent', 'Spielberg': 'Permanent', 'Silverstone': 'Permanent', 'Hungaroring': 'Permanent', 'Spa-Francorchamps': 'Permanent', 'Zandvoort': 'Permanent', 'Monza': 'Permanent', 'Baku': 'Street', 'Singapore': 'Street', 'Austin': 'Permanent', 'Mexico City': 'Permanent', 'Interlagos': 'Permanent', 'lusail': 'Street'}",McLaren,PIA,3,MEDIUM,45,70,26,False,86.83111538461539,76.247,-15.995999999999995,-0.4845808547008527,54.166543059957846,179.15776413016567,330.0,34.0,22,0.8461538461538461,2.49756,80.61025
2024,Montreal,9,"{'Sakhir': 'Street', 'Jeddah': 'Street', 'Melbourne': 'Street', 'Suzuka': 'Permanent', 'Shanghai': 'Permanent', 'Miami': 'Street', 'Imola': 'Permanent', 'Monte Carlo': 'Street', 'Montreal': 'Street', 'Catalunya': 'Permanent', 'Spielberg': 'Permanent', 'Silverstone': 'Permanent', 'Hungaroring': 'Permanent', 'Spa-Francorchamps': 'Permanent', 'Zandvoort': 'Permanent', 'Monza': 'Permanent', 'Baku': 'Street', 'Singapore': 'Street', 'Austin': 'Permanent', 'Mexico City': 'Permanent', 'Interlagos': 'Permanent', 'lusail': 'Street'}",Mercedes,HAM,1,INTERMEDIATE,2,25,24,True,91.42858333333334,85.298,16.72999999999999,-0.29407999999999584,50.958937951892295,171.56969530773938,330.0,0.0,24,1.0,0.8012083333333333,
2024,Montreal,9,"{'Sakhir': 'Street', 'Jeddah': 'Street', 'Melbourne': 'Street', 'Suzuka': 'Permanent', 'Shanghai': 'Permanent', 'Miami': 'Street', 'Imola': 'Permanent', 'Monte Carlo': 'Street', 'Montreal': 'Street', 'Catalunya': 'Permanent', 'Spielberg': 'Permanent', 'Silverstone': 'Permanent', 'Hungaroring': 'Permanent', 'Spa-Francorchamps': 'Permanent', 'Zandvoort': 'Permanent', 'Monza': 'Permanent', 'Baku': 'Street', 'Singapore': 'Street', 'Austin': 'Permanent', 'Mexico City': 'Permanent', 'Interlagos': 'Permanent', 'lusail': 'Street'}",Mercedes,HAM,2,INTERMEDIATE,26,43,18,True,95.20561111111111,83.88,-13.665000000000006,-1.8383395252837964,48.26106141939305,163.35482604788942,333.0,0.0,16,0.8888888888888888,2.1345555555555555,112.082
2024,Montreal,9,"{'Sakhir': 'Street', 'Jeddah': 'Street', 'Melbourne': 'Street', 'Suzuka': 'Permanent', 'Shanghai': 'Permanent', 'Miami': 'Street', 'Imola': 'Permanent', 'Monte Carlo': 'Street', 'Montreal': 'Street', 'Catalunya': 'Permanent', 'Spielberg': 'Permanent', 'Silverstone': 'Permanent', 'Hungaroring': 'Permanent', 'Spa-Francorchamps': 'Permanent', 'Zandvoort': 'Permanent', 'Monza': 'Permanent', 'Baku': 'Street', 'Singapore': 'Street', 'Austin': 'Permanent', 'Mexico City': 'Permanent', 'Interlagos': 'Permanent', 'lusail': 'Street'}",Mercedes,HAM,3,MEDIUM,44,54,11,True,85.68681818181818,77.435,29.039999999999992,0.760554545454544,58.432037217040545,181.13161753338042,307.0,0.0,1,0.09090909090909091,4.963636363636364,84.914
2024,Montreal,9,"{'Sakhir': 'Street', 'Jeddah': 'Street', 'Melbourne': 'Street', 'Suzuka': 'Permanent', 'Shanghai': 'Permanent', 'Miami': 'Street', 'Imola': 'Permanent', 'Monte Carlo': 'Street', 'Montreal': 'Street', 'Catalunya': 'Permanent', 'Spielberg': 'Permanent', 'Silverstone': 'Permanent', 'Hungaroring': 'Permanent', 'Spa-Francorchamps': 'Permanent', 'Zandvoort': 'Permanent', 'Monza': 'Permanent', 'Baku': 'Street', 'Singapore': 'Street', 'Austin': 'Permanent', 'Mexico City': 'Permanent', 'Interlagos': 'Permanent', 'lusail': 'Street'}",Mercedes,HAM,4,HARD,55,70,16,False,87.00874999999999,74.856,-31.77000000000001,-2.990220588235297,57.263759438794295,177.83777814485418,337.0,40.0,15,0.9375,1.6366874999999999,106.626
2024,Montreal,9,"{'Sakhir': 'Street', 'Jeddah': 'Street', 'Melbourne': 'Street', 'Suzuka': 'Permanent', 'Shanghai': 'Permanent', 'Miami': 'Street', 'Imola': 'Permanent', 'Monte Carlo': 'Street', 'Montreal': 'Street', 'Catalunya': 'Permanent', 'Spielberg': 'Permanent', 'Silverstone': 'Permanent', 'Hungaroring': 'Permanent', 'Spa-Francorchamps': 'Permanent', 'Zandvoort': 'Permanent', 'Monza': 'Permanent', 'Baku': 'Street', 'Singapore': 'Street', 'Austin': 'Permanent', 'Mexico City': 'Permanent', 'Interlagos': 'Permanent', 'lusail': 'Street'}",Mercedes,RUS,1,INTERMEDIATE,2,25,24,True,90.82966666666668,86.014,16.266000000000005,-0.14200260869565132,53.308520298053125,171.4102076630645,311.0,0.0,24,1.0,0.22937500000000002,
2024,Montreal,9,"{'Sakhir': 'Street', 'Jeddah': 'Street', 'Melbourne': 'Street', 'Suzuka': 'Permanent', 'Shanghai': 'Permanent', 'Miami': 'Street', 'Imola': 'Permanent', 'Monte Carlo': 'Street', 'Montreal': 'Street', 'Catalunya': 'Permanent', 'Spielberg': 'Permanent', 'Silverstone': 'Permanent', 'Hungaroring': 'Permanent', 'Spa-Francorchamps': 'Permanent', 'Zandvoort': 'Permanent', 'Monza': 'Permanent', 'Baku': 'Street', 'Singapore': 'Street', 'Austin': 'Permanent', 'Mexico City': 'Permanent', 'Interlagos': 'Permanent', 'lusail': 'Street'}",Mercedes,RUS,2,INTERMEDIATE,26,45,20,True,95.03425,83.694,-10.394000000000005,-1.7934804511278193,49.56669119184132,163.9140762655196,307.0,0.0,16,0.8,2.222,91.3445
2024,Montreal,9,"{'Sakhir': 'Street', 'Jeddah': 'Street', 'Melbourne': 'Street', 'Suzuka': 'Permanent', 'Shanghai': 'Permanent', 'Miami': 'Street', 'Imola': 'Permanent', 'Monte Carlo': 'Street', 'Montreal': 'Street', 'Catalunya': 'Permanent', 'Spielberg': 'Permanent', 'Silverstone': 'Permanent', 'Hungaroring': 'Permanent', 'Spa-Francorchamps': 'Permanent', 'Zandvoort': 'Permanent', 'Monza': 'Permanent', 'Baku': 'Street', 'Singapore': 'Street', 'Austin': 'Permanent', 'Mexico City': 'Permanent', 'Interlagos': 'Permanent', 'lusail': 'Street'}",Mercedes,RUS,3,HARD,46,54,9,True,85.59055555555555,78.145,30.945999999999998,1.7529833333333278,58.69965367118808,181.37479574433556,329.0,0.0,5,0.5555555555555556,2.6423333333333328,82.96424999999999
2024,Montreal,9,"{'Sakhir': 'Street', 'Jeddah': 'Street', 'Melbourne': 'Street', 'Suzuka': 'Permanent', 'Shanghai': 'Permanent', 'Miami': 'Street', 'Imola': 'Permanent', 'Monte Carlo': 'Street', 'Montreal': 'Street', 'Catalunya': 'Permanent', 'Spielberg': 'Permanent', 'Silverstone': 'Permanent', 'Hungaroring': 'Permanent', 'Spa-Francorchamps': 'Permanent', 'Zandvoort': 'Permanent', 'Monza': 'Permanent', 'Baku': 'Street', 'Singapore': 'Street', 'Austin': 'Permanent', 'Mexico City': 'Permanent', 'Interlagos': 'Permanent', 'lusail': 'Street'}",Mercedes,RUS,4,MEDIUM,55,70,16,False,87.3505625,74.895,-33.67100000000001,-3.105883823529412,55.91225666875505,177.3519389431167,334.0,44.0,14,0.875,2.1323125000000003,115.8245
2024,Montreal,9,"{'Sakhir': 'Street', 'Jeddah': 'Street', 'Melbourne': 'Street', 'Suzuka': 'Permanent', 'Shanghai': 'Permanent', 'Miami': 'Street', 'Imola': 'Permanent', 'Monte Carlo': 'Street', 'Montreal': 'Street', 'Catalunya': 'Permanent', 'Spielberg': 'Permanent', 'Silverstone': 'Permanent', 'Hungaroring': 'Permanent', 'Spa-Francorchamps': 'Permanent', 'Zandvoort': 'Permanent', 'Monza': 'Permanent', 'Baku': 'Street', 'Singapore': 'Street', 'Austin': 'Permanent', 'Mexico City': 'Permanent', 'Interlagos': 'Permanent', 'lusail': 'Street'}",RB,RIC,1,INTERMEDIATE,2,26,25,True,93.72588,85.962,31.554000000000002,0.011412307692305518,50.40001501000349,166.35144560170968,315.0,0.0,4,0.16,13.628719999999998,93.43509523809523
2024,Montreal,9,"{'Sakhir': 'Street', 'Jeddah': 'Street', 'Melbourne': 'Street', 'Suzuka': 'Permanent', 'Shanghai': 'Permanent', 'Miami': 'Street', 'Imola': 'Permanent', 'Monte Carlo': 'Street', 'Montreal': 'Street', 'Catalunya': 'Permanent', 'Spielberg': 'Permanent', 'Silverstone': 'Permanent', 'Hungaroring': 'Permanent', 'Spa-Francorchamps': 'Permanent', 'Zandvoort': 'Permanent', 'Monza': 'Permanent', 'Baku': 'Street', 'Singapore': 'Street', 'Austin': 'Permanent', 'Mexico City': 'Permanent', 'Interlagos': 'Permanent', 'lusail': 'Street'}",RB,RIC,2,INTERMEDIATE,27,43,17,True,93.34947058823529,85.748,-3.158999999999992,-1.1684362745098056,49.98977567493431,166.64530325167368,315.0,0.0,15,0.8823529411764706,2.066294117647059,105.4335
2024,Montreal,9,"{'Sakhir': 'Street', 'Jeddah': 'Street', 'Melbourne': 'Street', 'Suzuka': 'Permanent', 'Shanghai': 'Permanent', 'Miami': 'Street', 'Imola': 'Permanent', 'Monte Carlo': 'Street', 'Montreal': 'Street', 'Catalunya': 'Permanent', 'Spielberg': 'Permanent', 'Silverstone': 'Permanent', 'Hungaroring': 'Permanent', 'Spa-Francorchamps': 'Permanent', 'Zandvoort': 'Permanent', 'Monza': 'Permanent', 'Baku': 'Street', 'Singapore': 'Street', 'Austin': 'Permanent', 'Mexico City': 'Permanent', 'Interlagos': 'Permanent', 'lusail': 'Street'}",RB,RIC,3,MEDIUM,44,70,27,False,86.4891111111111,77.076,-15.656999999999996,-0.4135384615384632,55.4414663552792,179.62763508329175,343.0,42.0,16,0.5925925925925926,2.11484,84.04127272727273
2024,Montreal,9,"{'Sakhir': 'Street', 'Jeddah': 'Street', 'Melbourne': 'Street', 'Suzuka': 'Permanent', 'Shanghai': 'Permanent', 'Miami': 'Street', 'Imola': 'Permanent', 'Monte Carlo': 'Street', 'Montreal': 'Street', 'Catalunya': 'Permanent', 'Spielberg': 'Permanent', 'Silverstone': 'Permanent', 'Hungaroring': 'Permanent', 'Spa-Francorchamps': 'Permanent', 'Zandvoort': 'Permanent', 'Monza': 'Permanent', 'Baku': 'Street', 'Singapore': 'Street', 'Austin': 'Permanent', 'Mexico City': 'Permanent', 'Interlagos': 'Permanent', 'lusail': 'Street'}",RB,TSU,1,INTERMEDIATE,2,44,43,True,93.12679069767441,84.661,-0.5679999999999978,-0.12478329809725297,48.82160518927625,166.93534379244852,326.0,0.0,40,0.9302325581395349,2.1002790697674416,107.20800000000001
2024,Montreal,9,"{'Sakhir': 'Street', 'Jeddah': 'Street', 'Melbourne': 'Street', 'Suzuka': 'Permanent', 'Shanghai': 'Permanent', 'Miami': 'Street', 'Imola': 'Permanent', 'Monte Carlo': 'Street', 'Montreal': 'Street', 'Catalunya': 'Permanent', 'Spielberg': 'Permanent', 'Silverstone': 'Permanent', 'Hungaroring': 'Permanent', 'Spa-Francorchamps': 'Permanent', 'Zandvoort': 'Permanent', 'Monza': 'Permanent', 'Baku': 'Street', 'Singapore': 'Street', 'Austin': 'Permanent', 'Mexico City': 'Permanent', 'Interlagos': 'Permanent', 'lusail': 'Street'}",RB,TSU,2,MEDIUM,45,70,26,False,87.74861538461538,77.309,-15.638000000000005,-0.33896478632478666,54.605891581653054,178.95449682426758,338.0,0.0,20,0.7692307692307693,3.941884615384615,84.09616666666666
2024,Montreal,9,"{'Sakhir': 'Street', 'Jeddah': 'Street', 'Melbourne': 'Street', 'Suzuka': 'Permanent', 'Shanghai': 'Permanent', 'Miami': 'Street', 'Imola': 'Permanent', 'Monte Carlo': 'Street', 'Montreal': 'Street', 'Catalunya': 'Permanent', 'Spielberg': 'Permanent', 'Silverstone': 'Permanent', 'Hungaroring': 'Permanent', 'Spa-Francorchamps': 'Permanent', 'Zandvoort': 'Permanent', 'Monza': 'Permanent', 'Baku': 'Street', 'Singapore': 'Street', 'Austin': 'Permanent', 'Mexico City': 'Permanent', 'Interlagos': 'Permanent', 'lusail': 'Street'}",Red Bull,PER,1,INTERMEDIATE,2,25,24,True,93.75245833333334,86.184,33.635999999999996,-0.12006304347825826,48.31722880173839,166.43894765144378,313.0,0.0,20,0.8333333333333334,1.9032083333333334,87.67125
2024,Montreal,9,"{'Sakhir': 'Street', 'Jeddah': 'Street', 'Melbourne': 'Street', 'Suzuka': 'Permanent', 'Shanghai': 'Permanent', 'Miami': 'Street', 'Imola': 'Permanent', 'Monte Carlo': 'Street', 'Montreal': 'Street', 'Catalunya': 'Permanent', 'Spielberg': 'Permanent', 'Silverstone': 'Permanent', 'Hungaroring': 'Permanent', 'Spa-Francorchamps': 'Permanent', 'Zandvoort': 'Permanent', 'Monza': 'Permanent', 'Baku': 'Street', 'Singapore': 'Street', 'Austin': 'Permanent', 'Mexico City': 'Permanent', 'Interlagos': 'Permanent', 'lusail': 'Street'}",Red Bull,PER,2,INTERMEDIATE,26,43,18,True,93.01216666666667,85.233,-10.070999999999998,-0.9824860681114548,47.932173770724305,167.42034053051606,333.0,0.0,17,0.9444444444444444,1.1502777777777777,112.077
2024,Montreal,9,"{'Sakhir': 'Street', 'Jeddah': 'Street', 'Melbourne': 'Street', 'Suzuka': 'Permanent', 'Shanghai': 'Permanent', 'Miami': 'Street', 'Imola': 'Permanent', 'Monte Carlo': 'Street', 'Montreal': 'Street', 'Catalunya': 'Permanent', 'Spielberg': 'Permanent', 'Silverstone': 'Permanent', 'Hungaroring': 'Permanent', 'Spa-Francorchamps': 'Permanent', 'Zandvoort': 'Permanent', 'Monza': 'Permanent', 'Baku': 'Street', 'Singapore': 'Street', 'Austin': 'Permanent', 'Mexico City': 'Permanent', 'Interlagos': 'Permanent', 'lusail': 'Street'}",Red Bull,PER,3,MEDIUM,44,51,8,False,83.30375,78.819,-15.260999999999996,-1.7616190476190392,55.89092277985004,186.41764881162632,337.0,53.0,6,0.75,1.375,82.15899999999999
2024,Montreal,9,"{'Sakhir': 'Street', 'Jeddah': 'Street', 'Melbourne': 'Street', 'Suzuka': 'Permanent', 'Shanghai': 'Permanent', 'Miami': 'Street', 'Imola': 'Permanent', 'Monte Carlo': 'Street', 'Montreal': 'Street', 'Catalunya': 'Permanent', 'Spielberg': 'Permanent', 'Silverstone': 'Permanent', 'Hungaroring': 'Permanent', 'Spa-Francorchamps': 'Permanent', 'Zandvoort': 'Permanent', 'Monza': 'Permanent', 'Baku': 'Street', 'Singapore': 'Street', 'Austin': 'Permanent', 'Mexico City': 'Permanent', 'Interlagos': 'Permanent', 'lusail': 'Street'}",Red Bull,VER,1,INTERMEDIATE,2,25,24,True,90.765125,86.001,16.224000000000004,-0.156781304347824,53.2656826060745,170.9084968471731,311.0,0.0,20,0.8333333333333334,2.533375,93.52775
2024,Montreal,9,"{'Sakhir': 'Street', 'Jeddah': 'Street', 'Melbourne': 'Street', 'Suzuka': 'Permanent', 'Shanghai': 'Permanent', 'Miami': 'Street', 'Imola': 'Permanent', 'Monte Carlo': 'Street', 'Montreal': 'Street', 'Catalunya': 'Permanent', 'Spielberg': 'Permanent', 'Silverstone': 'Permanent', 'Hungaroring': 'Permanent', 'Spa-Francorchamps': 'Permanent', 'Zandvoort': 'Permanent', 'Monza': 'Permanent', 'Baku': 'Street', 'Singapore': 'Street', 'Austin': 'Permanent', 'Mexico City': 'Permanent', 'Interlagos': 'Permanent', 'lusail': 'Street'}",Red Bull,VER,2,INTERMEDIATE,26,45,20,True,94.84549999999999,84.079,-9.237000000000009,-1.7989593984962442,49.33160366605748,164.13325729566625,307.0,0.0,19,0.95,0.9719,109.849
2024,Montreal,9,"{'Sakhir': 'Street', 'Jeddah': 'Street', 'Melbourne': 'Street', 'Suzuka': 'Permanent', 'Shanghai': 'Permanent', 'Miami': 'Street', 'Imola': 'Permanent', 'Monte Carlo': 'Street', 'Montreal': 'Street', 'Catalunya': 'Permanent', 'Spielberg': 'Permanent', 'Silverstone': 'Permanent', 'Hungaroring': 'Permanent', 'Spa-Francorchamps': 'Permanent', 'Zandvoort': 'Permanent', 'Monza': 'Permanent', 'Baku': 'Street', 'Singapore': 'Street', 'Austin': 'Permanent', 'Mexico City': 'Permanent', 'Interlagos': 'Permanent', 'lusail': 'Street'}",Red Bull,VER,3,MEDIUM,46,70,25,False,86.70643999999999,75.569,-15.25399999999999,-0.6033476923076927,56.48357793028925,180.94773718298168,311.0,33.0,23,0.92,1.65632,86.864
2024,Montreal,9,"{'Sakhir': 'Street', 'Jeddah': 'Street', 'Melbourne': 'Street', 'Suzuka': 'Permanent', 'Shanghai': 'Permanent', 'Miami': 'Street', 'Imola': 'Permanent', 'Monte Carlo': 'Street', 'Montreal': 'Street', 'Catalunya': 'Permanent', 'Spielberg': 'Permanent', 'Silverstone': 'Permanent', 'Hungaroring': 'Permanent', 'Spa-Francorchamps': 'Permanent', 'Zandvoort': 'Permanent', 'Monza': 'Permanent', 'Baku': 'Street', 'Singapore': 'Street', 'Austin': 'Permanent', 'Mexico City': 'Permanent', 'Interlagos': 'Permanent', 'lusail': 'Street'}",Sauber,BOT,1,INTERMEDIATE,2,42,41,True,93.55043902439024,85.784,-0.23199999999999932,-0.10832038327525938,49.087889347241365,166.56504371749284,332.0,0.0,30,0.7317073170731707,2.003842105263158,92.68945454545455
2024,Montreal,9,"{'Sakhir': 'Street', 'Jeddah': 'Street', 'Melbourne': 'Street', 'Suzuka': 'Permanent', 'Shanghai': 'Permanent', 'Miami': 'Street', 'Imola': 'Permanent', 'Monte Carlo': 'Street', 'Montreal': 'Street', 'Catalunya': 'Permanent', 'Spielberg': 'Permanent', 'Silverstone': 'Permanent', 'Hungaroring': 'Permanent', 'Spa-Francorchamps': 'Permanent', 'Zandvoort': 'Permanent', 'Monza': 'Permanent', 'Baku': 'Street', 'Singapore': 'Street', 'Austin': 'Permanent', 'Mexico City': 'Permanent', 'Interlagos': 'Permanent', 'lusail': 'Street'}",Sauber,BOT,2,MEDIUM,43,70,28,False,86.8228214285714,77.25,-19.77499999999999,-0.36428927203064937,55.945820430508135,179.5615860049946,338.0,45.0,13,0.4642857142857143,4.2776538461538465,87.21106666666667
2024,Montreal,9,"{'Sakhir': 'Street', 'Jeddah': 'Street', 'Melbourne': 'Street', 'Suzuka': 'Permanent', 'Shanghai': 'Permanent', 'Miami': 'Street', 'Imola': 'Permanent', 'Monte Carlo': 'Street', 'Montreal': 'Street', 'Catalunya': 'Permanent', 'Spielberg': 'Permanent', 'Silverstone': 'Permanent', 'Hungaroring': 'Permanent', 'Spa-Francorchamps': 'Permanent', 'Zandvoort': 'Permanent', 'Monza': 'Permanent', 'Baku': 'Street', 'Singapore': 'Street', 'Austin': 'Permanent', 'Mexico City': 'Permanent', 'Interlagos': 'Permanent', 'lusail': 'Street'}",Sauber,ZHO,1,INTERMEDIATE,2,24,23,True,93.55804347826087,87.715,8.123999999999995,-0.3798013833992125,49.144057017789294,167.2335821923097,308.0,0.0,5,0.21739130434782608,5.612565217391304,93.41477777777777
2024,Montreal,9,"{'Sakhir': 'Street', 'Jeddah': 'Street', 'Melbourne': 'Street', 'Suzuka': 'Permanent', 'Shanghai': 'Permanent', 'Miami': 'Street', 'Imola': 'Permanent', 'Monte Carlo': 'Street', 'Montreal': 'Street', 'Catalunya': 'Permanent', 'Spielberg': 'Permanent', 'Silverstone': 'Permanent', 'Hungaroring': 'Permanent', 'Spa-Francorchamps': 'Permanent', 'Zandvoort': 'Permanent', 'Monza': 'Permanent', 'Baku': 'Street', 'Singapore': 'Street', 'Austin': 'Permanent', 'Mexico City': 'Permanent', 'Interlagos': 'Permanent', 'lusail': 'Street'}",Sauber,ZHO,2,INTERMEDIATE,25,44,20,True,95.5515,87.01,32.39200000000001,-0.19635488721804448,48.724315870510644,163.46917487155403,312.0,0.0,10,0.5,5.6403,99.571
2024,Montreal,9,"{'Sakhir': 'Street', 'Jeddah': 'Street', 'Melbourne': 'Street', 'Suzuka': 'Permanent', 'Shanghai': 'Permanent', 'Miami': 'Street', 'Imola': 'Permanent', 'Monte Carlo': 'Street', 'Montreal': 'Street', 'Catalunya': 'Permanent', 'Spielberg': 'Permanent', 'Silverstone': 'Permanent', 'Hungaroring': 'Permanent', 'Spa-Francorchamps': 'Permanent', 'Zandvoort': 'Permanent', 'Monza': 'Permanent', 'Baku': 'Street', 'Singapore': 'Street', 'Austin': 'Permanent', 'Mexico City': 'Permanent', 'Interlagos': 'Permanent', 'lusail': 'Street'}",Sauber,ZHO,3,MEDIUM,45,52,8,True,93.94749999999999,82.032,15.509,0.051571428571439745,48.356798905857765,165.43590763968453,316.0,0.0,0,0.0,86.26233333333334,93.94749999999999
2024,Montreal,9,"{'Sakhir': 'Street', 'Jeddah': 'Street', 'Melbourne': 'Street', 'Suzuka': 'Permanent', 'Shanghai': 'Permanent', 'Miami': 'Street', 'Imola': 'Permanent', 'Monte Carlo': 'Street', 'Montreal': 'Street', 'Catalunya': 'Permanent', 'Spielberg': 'Permanent', 'Silverstone': 'Permanent', 'Hungaroring': 'Permanent', 'Spa-Francorchamps': 'Permanent', 'Zandvoort': 'Permanent', 'Monza': 'Permanent', 'Baku': 'Street', 'Singapore': 'Street', 'Austin': 'Permanent', 'Mexico City': 'Permanent', 'Interlagos': 'Permanent', 'lusail': 'Street'}",Sauber,ZHO,4,MEDIUM,53,69,17,False,86.08511764705884,77.325,-44.184,-2.1031397058823504,56.67737088604635,181.1722853070216,324.0,53.0,0,0.0,101.19571428571427,86.08511764705884
2024,Montreal,9,"{'Sakhir': 'Street', 'Jeddah': 'Street', 'Melbourne': 'Street', 'Suzuka': 'Permanent', 'Shanghai': 'Permanent', 'Miami': 'Street', 'Imola': 'Permanent', 'Monte Carlo': 'Street', 'Montreal': 'Street', 'Catalunya': 'Permanent', 'Spielberg': 'Permanent', 'Silverstone': 'Permanent', 'Hungaroring': 'Permanent', 'Spa-Francorchamps': 'Permanent', 'Zandvoort': 'Permanent', 'Monza': 'Permanent', 'Baku': 'Street', 'Singapore': 'Street', 'Austin': 'Permanent', 'Mexico City': 'Permanent', 'Interlagos': 'Permanent', 'lusail': 'Street'}",Williams,ALB,1,INTERMEDIATE,2,25,24,True,92.94725000000001,85.842,22.61,-0.25264869565216924,44.44817256171734,167.31341666699174,330.0,0.0,17,0.7083333333333334,2.258833333333333,95.19014285714286
2024,Montreal,9,"{'Sakhir': 'Street', 'Jeddah': 'Street', 'Melbourne': 'Street', 'Suzuka': 'Permanent', 'Shanghai': 'Permanent', 'Miami': 'Street', 'Imola': 'Permanent', 'Monte Carlo': 'Street', 'Montreal': 'Street', 'Catalunya': 'Permanent', 'Spielberg': 'Permanent', 'Silverstone': 'Permanent', 'Hungaroring': 'Permanent', 'Spa-Francorchamps': 'Permanent', 'Zandvoort': 'Permanent', 'Monza': 'Permanent', 'Baku': 'Street', 'Singapore': 'Street', 'Austin': 'Permanent', 'Mexico City': 'Permanent', 'Interlagos': 'Permanent', 'lusail': 'Street'}",Williams,ALB,2,INTERMEDIATE,26,44,19,True,93.67347368421053,85.222,-8.504999999999995,-1.1263070175438552,44.52436446499323,165.58365624349105,318.0,0.0,18,0.9473684210526315,2.1254736842105264,111.701
2024,Montreal,9,"{'Sakhir': 'Street', 'Jeddah': 'Street', 'Melbourne': 'Street', 'Suzuka': 'Permanent', 'Shanghai': 'Permanent', 'Miami': 'Street', 'Imola': 'Permanent', 'Monte Carlo': 'Street', 'Montreal': 'Street', 'Catalunya': 'Permanent', 'Spielberg': 'Permanent', 'Silverstone': 'Permanent', 'Hungaroring': 'Permanent', 'Spa-Francorchamps': 'Permanent', 'Zandvoort': 'Permanent', 'Monza': 'Permanent', 'Baku': 'Street', 'Singapore': 'Street', 'Austin': 'Permanent', 'Mexico City': 'Permanent', 'Interlagos': 'Permanent', 'lusail': 'Street'}",Williams,ALB,3,MEDIUM,45,52,8,False,82.840375,79.359,-9.652000000000001,-1.2173214285714267,53.24942321873279,187.24954982544494,337.0,52.0,8,1.0,0.6461250000000001,
2024,Montreal,9,"{'Sakhir': 'Street', 'Jeddah': 'Street', 'Melbourne': 'Street', 'Suzuka': 'Permanent', 'Shanghai': 'Permanent', 'Miami': 'Street', 'Imola': 'Permanent', 'Monte Carlo': 'Street', 'Montreal': 'Street', 'Catalunya': 'Permanent', 'Spielberg': 'Permanent', 'Silverstone': 'Permanent', 'Hungaroring': 'Permanent', 'Spa-Francorchamps': 'Permanent', 'Zandvoort': 'Permanent', 'Monza': 'Permanent', 'Baku': 'Street', 'Singapore': 'Street', 'Austin': 'Permanent', 'Mexico City': 'Permanent', 'Interlagos': 'Permanent', 'lusail': 'Street'}",Williams,SAR,1,INTERMEDIATE,2,23,22,False,93.0379090909091,86.484,-12.578000000000003,-0.7959446640316192,45.2675259697079,167.30864063921643,327.0,0.0,15,0.6818181818181818,4.03109090909091,95.59257142857143
2024,Monza,16,"{'Sakhir': 'Street', 'Jeddah': 'Street', 'Melbourne': 'Street', 'Suzuka': 'Permanent', 'Shanghai': 'Permanent', 'Miami': 'Street', 'Imola': 'Permanent', 'Monte Carlo': 'Street', 'Montreal': 'Street', 'Catalunya': 'Permanent', 'Spielberg': 'Permanent', 'Silverstone': 'Permanent', 'Hungaroring': 'Permanent', 'Spa-Francorchamps': 'Permanent', 'Zandvoort': 'Permanent', 'Monza': 'Permanent', 'Baku': 'Street', 'Singapore': 'Street', 'Austin': 'Permanent', 'Mexico City': 'Permanent', 'Interlagos': 'Permanent', 'lusail': 'Street'}",Alpine,GAS,1,MEDIUM,2,10,9,True,87.00200000000001,85.82,4.929000000000002,0.34701666666666586,73.71768415933064,238.33209932554604,351.0,58.0,9,1.0,0.9375555555555556,
2024,Monza,16,"{'Sakhir': 'Street', 'Jeddah': 'Street', 'Melbourne': 'Street', 'Suzuka': 'Permanent', 'Shanghai': 'Permanent', 'Miami': 'Street', 'Imola': 'Permanent', 'Monte Carlo': 'Street', 'Montreal': 'Street', 'Catalunya': 'Permanent', 'Spielberg': 'Permanent', 'Silverstone': 'Permanent', 'Hungaroring': 'Permanent', 'Spa-Francorchamps': 'Permanent', 'Zandvoort': 'Permanent', 'Monza': 'Permanent', 'Baku': 'Street', 'Singapore': 'Street', 'Austin': 'Permanent', 'Mexico City': 'Permanent', 'Interlagos': 'Permanent', 'lusail': 'Street'}",Alpine,GAS,2,HARD,11,30,20,True,86.8752,84.816,-14.673000000000002,-0.15833533834586377,75.31564763548731,238.27459896252705,345.0,0.0,13,0.65,2.8695999999999997,88.14399999999999
2024,Monza,16,"{'Sakhir': 'Street', 'Jeddah': 'Street', 'Melbourne': 'Street', 'Suzuka': 'Permanent', 'Shanghai': 'Permanent', 'Miami': 'Street', 'Imola': 'Permanent', 'Monte Carlo': 'Street', 'Montreal': 'Street', 'Catalunya': 'Permanent', 'Spielberg': 'Permanent', 'Silverstone': 'Permanent', 'Hungaroring': 'Permanent', 'Spa-Francorchamps': 'Permanent', 'Zandvoort': 'Permanent', 'Monza': 'Permanent', 'Baku': 'Street', 'Singapore': 'Street', 'Austin': 'Permanent', 'Mexico City': 'Permanent', 'Interlagos': 'Permanent', 'lusail': 'Street'}",Alpine,GAS,3,HARD,31,52,22,False,85.62163636363636,83.755,-21.784000000000006,-0.28304347826086956,75.55826826079354,241.9971916982039,350.0,0.0,5,0.22727272727272727,5.854181818181818,85.78676470588235
2024,Monza,16,"{'Sakhir': 'Street', 'Jeddah': 'Street', 'Melbourne': 'Street', 'Suzuka': 'Permanent', 'Shanghai': 'Permanent', 'Miami': 'Street', 'Imola': 'Permanent', 'Monte Carlo': 'Street', 'Montreal': 'Street', 'Catalunya': 'Permanent', 'Spielberg': 'Permanent', 'Silverstone': 'Permanent', 'Hungaroring': 'Permanent', 'Spa-Francorchamps': 'Permanent', 'Zandvoort': 'Permanent', 'Monza': 'Permanent', 'Baku': 'Street', 'Singapore': 'Street', 'Austin': 'Permanent', 'Mexico City': 'Permanent', 'Interlagos': 'Permanent', 'lusail': 'Street'}",Alpine,OCO,1,HARD,2,31,30,True,86.47866666666667,85.369,3.9200000000000017,0.03817174638487223,74.61333635725791,239.56671378879145,357.0,59.0,22,0.7333333333333333,2.0583,86.727375
2024,Monza,16,"{'Sakhir': 'Street', 'Jeddah': 'Street', 'Melbourne': 'Street', 'Suzuka': 'Permanent', 'Shanghai': 'Permanent', 'Miami': 'Street', 'Imola': 'Permanent', 'Monte Carlo': 'Street', 'Montreal': 'Street', 'Catalunya': 'Permanent', 'Spielberg': 'Permanent', 'Silverstone': 'Permanent', 'Hungaroring': 'Permanent', 'Spa-Francorchamps': 'Permanent', 'Zandvoort': 'Permanent', 'Monza': 'Permanent', 'Baku': 'Street', 'Singapore': 'Street', 'Austin': 'Permanent', 'Mexico City': 'Permanent', 'Interlagos': 'Permanent', 'lusail': 'Street'}",Alpine,OCO,2,MEDIUM,32,52,21,False,85.88542857142858,84.343,-20.36699999999999,-0.25992597402597317,76.02251903204582,241.39131850733992,336.0,0.0,0,0.0,11.067238095238096,85.88542857142858
2024,Monza,16,"{'Sakhir': 'Street', 'Jeddah': 'Street', 'Melbourne': 'Street', 'Suzuka': 'Permanent', 'Shanghai': 'Permanent', 'Miami': 'Street', 'Imola': 'Permanent', 'Monte Carlo': 'Street', 'Montreal': 'Street', 'Catalunya': 'Permanent', 'Spielberg': 'Permanent', 'Silverstone': 'Permanent', 'Hungaroring': 'Permanent', 'Spa-Francorchamps': 'Permanent', 'Zandvoort': 'Permanent', 'Monza': 'Permanent', 'Baku': 'Street', 'Singapore': 'Street', 'Austin': 'Permanent', 'Mexico City': 'Permanent', 'Interlagos': 'Permanent', 'lusail': 'Street'}",Aston Martin,ALO,1,MEDIUM,2,12,11,True,86.46618181818182,85.693,2.5039999999999907,0.0678090909090931,71.67069719912234,239.5692686552763,352.0,64.0,11,1.0,0.8173636363636363,
2024,Monza,16,"{'Sakhir': 'Street', 'Jeddah': 'Street', 'Melbourne': 'Street', 'Suzuka': 'Permanent', 'Shanghai': 'Permanent', 'Miami': 'Street', 'Imola': 'Permanent', 'Monte Carlo': 'Street', 'Montreal': 'Street', 'Catalunya': 'Permanent', 'Spielberg': 'Permanent', 'Silverstone': 'Permanent', 'Hungaroring': 'Permanent', 'Spa-Francorchamps': 'Permanent', 'Zandvoort': 'Permanent', 'Monza': 'Permanent', 'Baku': 'Street', 'Singapore': 'Street', 'Austin': 'Permanent', 'Mexico City': 'Permanent', 'Interlagos': 'Permanent', 'lusail': 'Street'}",Aston Martin,ALO,2,HARD,13,35,23,True,86.13104347826086,84.504,-15.794999999999987,-0.17296640316205575,74.83082054657962,240.01206747141208,352.0,0.0,9,0.391304347826087,5.44,86.80128571428573
2024,Monza,16,"{'Sakhir': 'Street', 'Jeddah': 'Street', 'Melbourne': 'Street', 'Suzuka': 'Permanent', 'Shanghai': 'Permanent', 'Miami': 'Street', 'Imola': 'Permanent', 'Monte Carlo': 'Street', 'Montreal': 'Street', 'Catalunya': 'Permanent', 'Spielberg': 'Permanent', 'Silverstone': 'Permanent', 'Hungaroring': 'Permanent', 'Spa-Francorchamps': 'Permanent', 'Zandvoort': 'Permanent', 'Monza': 'Permanent', 'Baku': 'Street', 'Singapore': 'Street', 'Austin': 'Permanent', 'Mexico City': 'Permanent', 'Interlagos': 'Permanent', 'lusail': 'Street'}",Aston Martin,ALO,3,HARD,36,53,18,False,84.70383333333332,82.944,-20.465999999999994,-0.37628998968008,76.00027934362761,244.14097854291026,355.0,0.0,10,0.5555555555555556,3.5222777777777785,86.070375
2024,Monza,16,"{'Sakhir': 'Street', 'Jeddah': 'Street', 'Melbourne': 'Street', 'Suzuka': 'Permanent', 'Shanghai': 'Permanent', 'Miami': 'Street', 'Imola': 'Permanent', 'Monte Carlo': 'Street', 'Montreal': 'Street', 'Catalunya': 'Permanent', 'Spielberg': 'Permanent', 'Silverstone': 'Permanent', 'Hungaroring': 'Permanent', 'Spa-Francorchamps': 'Permanent', 'Zandvoort': 'Permanent', 'Monza': 'Permanent', 'Baku': 'Street', 'Singapore': 'Street', 'Austin': 'Permanent', 'Mexico City': 'Permanent', 'Interlagos': 'Permanent', 'lusail': 'Street'}",Aston Martin,STR,1,HARD,2,19,18,True,86.72233333333332,85.558,2.978999999999999,0.07367182662538728,71.51585710806424,238.45304657481066,354.0,45.0,18,1.0,1.8119444444444446,
2024,Monza,16,"{'Sakhir': 'Street', 'Jeddah': 'Street', 'Melbourne': 'Street', 'Suzuka': 'Permanent', 'Shanghai': 'Permanent', 'Miami': 'Street', 'Imola': 'Permanent', 'Monte Carlo': 'Street', 'Montreal': 'Street', 'Catalunya': 'Permanent', 'Spielberg': 'Permanent', 'Silverstone': 'Permanent', 'Hungaroring': 'Permanent', 'Spa-Francorchamps': 'Permanent', 'Zandvoort': 'Permanent', 'Monza': 'Permanent', 'Baku': 'Street', 'Singapore': 'Street', 'Austin': 'Permanent', 'Mexico City': 'Permanent', 'Interlagos': 'Permanent', 'lusail': 'Street'}",Aston Martin,STR,2,HARD,20,36,17,True,86.40717647058825,84.437,-16.331000000000003,-0.2927009803921573,72.62919655464202,238.97890121151906,355.0,0.0,17,1.0,0.7865294117647059,
2024,Monza,16,"{'Sakhir': 'Street', 'Jeddah': 'Street', 'Melbourne': 'Street', 'Suzuka': 'Permanent', 'Shanghai': 'Permanent', 'Miami': 'Street', 'Imola': 'Permanent', 'Monte Carlo': 'Street', 'Montreal': 'Street', 'Catalunya': 'Permanent', 'Spielberg': 'Permanent', 'Silverstone': 'Permanent', 'Hungaroring': 'Permanent', 'Spa-Francorchamps': 'Permanent', 'Zandvoort': 'Permanent', 'Monza': 'Permanent', 'Baku': 'Street', 'Singapore': 'Street', 'Austin': 'Permanent', 'Mexico City': 'Permanent', 'Interlagos': 'Permanent', 'lusail': 'Street'}",Aston Martin,STR,3,MEDIUM,37,50,14,True,86.09207142857143,83.427,-13.588999999999999,-0.3479978021978042,74.69017399805008,240.06485476282964,356.0,0.0,9,0.6428571428571429,2.832571428571429,83.7212
2024,Monza,16,"{'Sakhir': 'Street', 'Jeddah': 'Street', 'Melbourne': 'Street', 'Suzuka': 'Permanent', 'Shanghai': 'Permanent', 'Miami': 'Street', 'Imola': 'Permanent', 'Monte Carlo': 'Street', 'Montreal': 'Street', 'Catalunya': 'Permanent', 'Spielberg': 'Permanent', 'Silverstone': 'Permanent', 'Hungaroring': 'Permanent', 'Spa-Francorchamps': 'Permanent', 'Zandvoort': 'Permanent', 'Monza': 'Permanent', 'Baku': 'Street', 'Singapore': 'Street', 'Austin': 'Permanent', 'Mexico City': 'Permanent', 'Interlagos': 'Permanent', 'lusail': 'Street'}",Aston Martin,STR,4,SOFT,51,52,2,False,96.606,82.232,-28.748000000000005,-28.748000000000022,66.43767079772867,214.2509031822125,337.0,0.0,0,0.0,6.388,96.606
2024,Monza,16,"{'Sakhir': 'Street', 'Jeddah': 'Street', 'Melbourne': 'Street', 'Suzuka': 'Permanent', 'Shanghai': 'Permanent', 'Miami': 'Street', 'Imola': 'Permanent', 'Monte Carlo': 'Street', 'Montreal': 'Street', 'Catalunya': 'Permanent', 'Spielberg': 'Permanent', 'Silverstone': 'Permanent', 'Hungaroring': 'Permanent', 'Spa-Francorchamps': 'Permanent', 'Zandvoort': 'Permanent', 'Monza': 'Permanent', 'Baku': 'Street', 'Singapore': 'Street', 'Austin': 'Permanent', 'Mexico City': 'Permanent', 'Interlagos': 'Permanent', 'lusail': 'Street'}",Ferrari,LEC,1,MEDIUM,2,15,14,True,85.25264285714286,84.362,4.795999999999992,0.16793186813186822,76.4043563009871,242.2999301453498,342.0,63.0,13,0.9285714285714286,1.3811428571428572,90.192
2024,Monza,16,"{'Sakhir': 'Street', 'Jeddah': 'Street', 'Melbourne': 'Street', 'Suzuka': 'Permanent', 'Shanghai': 'Permanent', 'Miami': 'Street', 'Imola': 'Permanent', 'Monte Carlo': 'Street', 'Montreal': 'Street', 'Catalunya': 'Permanent', 'Spielberg': 'Permanent', 'Silverstone': 'Permanent', 'Hungaroring': 'Permanent', 'Spa-Francorchamps': 'Permanent', 'Zandvoort': 'Permanent', 'Monza': 'Permanent', 'Baku': 'Street', 'Singapore': 'Street', 'Austin': 'Permanent', 'Mexico City': 'Permanent', 'Interlagos': 'Permanent', 'lusail': 'Street'}",Ferrari,LEC,2,HARD,16,53,38,False,84.1845,83.226,-21.620000000000005,-0.09376551044972493,78.16484769450727,246.4545305602008,347.0,0.0,32,0.8421052631578947,1.452078947368421,83.53750000000001
2024,Monza,16,"{'Sakhir': 'Street', 'Jeddah': 'Street', 'Melbourne': 'Street', 'Suzuka': 'Permanent', 'Shanghai': 'Permanent', 'Miami': 'Street', 'Imola': 'Permanent', 'Monte Carlo': 'Street', 'Montreal': 'Street', 'Catalunya': 'Permanent', 'Spielberg': 'Permanent', 'Silverstone': 'Permanent', 'Hungaroring': 'Permanent', 'Spa-Francorchamps': 'Permanent', 'Zandvoort': 'Permanent', 'Monza': 'Permanent', 'Baku': 'Street', 'Singapore': 'Street', 'Austin': 'Permanent', 'Mexico City': 'Permanent', 'Interlagos': 'Permanent', 'lusail': 'Street'}",Ferrari,SAI,1,MEDIUM,2,19,18,True,85.43677777777776,84.642,4.657000000000011,0.10834055727554387,76.32832035115639,242.416279922963,349.0,63.0,14,0.7777777777777778,1.657888888888889,85.29525
2024,Monza,16,"{'Sakhir': 'Street', 'Jeddah': 'Street', 'Melbourne': 'Street', 'Suzuka': 'Permanent', 'Shanghai': 'Permanent', 'Miami': 'Street', 'Imola': 'Permanent', 'Monte Carlo': 'Street', 'Montreal': 'Street', 'Catalunya': 'Permanent', 'Spielberg': 'Permanent', 'Silverstone': 'Permanent', 'Hungaroring': 'Permanent', 'Spa-Francorchamps': 'Permanent', 'Zandvoort': 'Permanent', 'Monza': 'Permanent', 'Baku': 'Street', 'Singapore': 'Street', 'Austin': 'Permanent', 'Mexico City': 'Permanent', 'Interlagos': 'Permanent', 'lusail': 'Street'}",Ferrari,SAI,2,HARD,20,53,34,False,84.3865,83.219,-21.592000000000013,-0.10249396485867063,77.88819216523576,245.49794928198477,341.0,0.0,2,0.058823529411764705,9.495235294117649,84.38128125
2024,Monza,16,"{'Sakhir': 'Street', 'Jeddah': 'Street', 'Melbourne': 'Street', 'Suzuka': 'Permanent', 'Shanghai': 'Permanent', 'Miami': 'Street', 'Imola': 'Permanent', 'Monte Carlo': 'Street', 'Montreal': 'Street', 'Catalunya': 'Permanent', 'Spielberg': 'Permanent', 'Silverstone': 'Permanent', 'Hungaroring': 'Permanent', 'Spa-Francorchamps': 'Permanent', 'Zandvoort': 'Permanent', 'Monza': 'Permanent', 'Baku': 'Street', 'Singapore': 'Street', 'Austin': 'Permanent', 'Mexico City': 'Permanent', 'Interlagos': 'Permanent', 'lusail': 'Street'}",Haas,HUL,1,MEDIUM,2,5,4,True,88.05399999999999,86.434,4.216999999999999,1.275799999999987,71.05609706007127,236.1698492049788,363.0,49.0,4,1.0,0.772,
2024,Monza,16,"{'Sakhir': 'Street', 'Jeddah': 'Street', 'Melbourne': 'Street', 'Suzuka': 'Permanent', 'Shanghai': 'Permanent', 'Miami': 'Street', 'Imola': 'Permanent', 'Monte Carlo': 'Street', 'Montreal': 'Street', 'Catalunya': 'Permanent', 'Spielberg': 'Permanent', 'Silverstone': 'Permanent', 'Hungaroring': 'Permanent', 'Spa-Francorchamps': 'Permanent', 'Zandvoort': 'Permanent', 'Monza': 'Permanent', 'Baku': 'Street', 'Singapore': 'Street', 'Austin': 'Permanent', 'Mexico City': 'Permanent', 'Interlagos': 'Permanent', 'lusail': 'Street'}",Haas,HUL,2,HARD,6,32,27,True,86.93674074074072,84.983,-30.27499999999999,-0.23218925518925707,73.27818896177018,238.6642129934705,342.0,0.0,6,0.2222222222222222,10.475666666666665,87.28423809523811
2024,Monza,16,"{'Sakhir': 'Street', 'Jeddah': 'Street', 'Melbourne': 'Street', 'Suzuka': 'Permanent', 'Shanghai': 'Permanent', 'Miami': 'Street', 'Imola': 'Permanent', 'Monte Carlo': 'Street', 'Montreal': 'Street', 'Catalunya': 'Permanent', 'Spielberg': 'Permanent', 'Silverstone': 'Permanent', 'Hungaroring': 'Permanent', 'Spa-Francorchamps': 'Permanent', 'Zandvoort': 'Permanent', 'Monza': 'Permanent', 'Baku': 'Street', 'Singapore': 'Street', 'Austin': 'Permanent', 'Mexico City': 'Permanent', 'Interlagos': 'Permanent', 'lusail': 'Street'}",Haas,HUL,3,HARD,33,52,20,False,85.82849999999999,83.275,-32.58800000000001,-0.4586781954887235,73.70028216758689,241.19232109692658,354.0,0.0,5,0.25,7.940950000000001,86.21766666666666
2024,Monza,16,"{'Sakhir': 'Street', 'Jeddah': 'Street', 'Melbourne': 'Street', 'Suzuka': 'Permanent', 'Shanghai': 'Permanent', 'Miami': 'Street', 'Imola': 'Permanent', 'Monte Carlo': 'Street', 'Montreal': 'Street', 'Catalunya': 'Permanent', 'Spielberg': 'Permanent', 'Silverstone': 'Permanent', 'Hungaroring': 'Permanent', 'Spa-Francorchamps': 'Permanent', 'Zandvoort': 'Permanent', 'Monza': 'Permanent', 'Baku': 'Street', 'Singapore': 'Street', 'Austin': 'Permanent', 'Mexico City': 'Permanent', 'Interlagos': 'Permanent', 'lusail': 'Street'}",Haas,MAG,1,MEDIUM,2,14,13,True,86.46107692307692,85.785,2.7379999999999995,0.07405494505494924,71.21394907835189,240.02796830196493,357.0,49.0,11,0.8461538461538461,1.4475384615384617,88.11449999999999
2024,Monza,16,"{'Sakhir': 'Street', 'Jeddah': 'Street', 'Melbourne': 'Street', 'Suzuka': 'Permanent', 'Shanghai': 'Permanent', 'Miami': 'Street', 'Imola': 'Permanent', 'Monte Carlo': 'Street', 'Montreal': 'Street', 'Catalunya': 'Permanent', 'Spielberg': 'Permanent', 'Silverstone': 'Permanent', 'Hungaroring': 'Permanent', 'Spa-Francorchamps': 'Permanent', 'Zandvoort': 'Permanent', 'Monza': 'Permanent', 'Baku': 'Street', 'Singapore': 'Street', 'Austin': 'Permanent', 'Mexico City': 'Permanent', 'Interlagos': 'Permanent', 'lusail': 'Street'}",Haas,MAG,2,HARD,15,53,39,False,85.15651282051283,83.437,-23.307999999999993,-0.12855566801619328,73.95946305852922,243.57005508110387,355.0,0.0,22,0.5641025641025641,4.929435897435897,84.12435294117645
2024,Monza,16,"{'Sakhir': 'Street', 'Jeddah': 'Street', 'Melbourne': 'Street', 'Suzuka': 'Permanent', 'Shanghai': 'Permanent', 'Miami': 'Street', 'Imola': 'Permanent', 'Monte Carlo': 'Street', 'Montreal': 'Street', 'Catalunya': 'Permanent', 'Spielberg': 'Permanent', 'Silverstone': 'Permanent', 'Hungaroring': 'Permanent', 'Spa-Francorchamps': 'Permanent', 'Zandvoort': 'Permanent', 'Monza': 'Permanent', 'Baku': 'Street', 'Singapore': 'Street', 'Austin': 'Permanent', 'Mexico City': 'Permanent', 'Interlagos': 'Permanent', 'lusail': 'Street'}",McLaren,NOR,1,MEDIUM,2,14,13,True,85.17823076923077,84.391,3.959000000000003,0.11894505494505855,71.3926304621988,242.4221954057931,348.0,64.0,13,1.0,1.3696923076923078,
2024,Monza,16,"{'Sakhir': 'Street', 'Jeddah': 'Street', 'Melbourne': 'Street', 'Suzuka': 'Permanent', 'Shanghai': 'Permanent', 'Miami': 'Street', 'Imola': 'Permanent', 'Monte Carlo': 'Street', 'Montreal': 'Street', 'Catalunya': 'Permanent', 'Spielberg': 'Permanent', 'Silverstone': 'Permanent', 'Hungaroring': 'Permanent', 'Spa-Francorchamps': 'Permanent', 'Zandvoort': 'Permanent', 'Monza': 'Permanent', 'Baku': 'Street', 'Singapore': 'Street', 'Austin': 'Permanent', 'Mexico City': 'Permanent', 'Interlagos': 'Permanent', 'lusail': 'Street'}",McLaren,NOR,2,HARD,15,32,18,True,85.13955555555555,83.067,-16.426000000000002,-0.32647884416924544,72.2874603573804,243.58663730475666,345.0,0.0,15,0.8333333333333334,2.507944444444444,92.06466666666667
2024,Monza,16,"{'Sakhir': 'Street', 'Jeddah': 'Street', 'Melbourne': 'Street', 'Suzuka': 'Permanent', 'Shanghai': 'Permanent', 'Miami': 'Street', 'Imola': 'Permanent', 'Monte Carlo': 'Street', 'Montreal': 'Street', 'Catalunya': 'Permanent', 'Spielberg': 'Permanent', 'Silverstone': 'Permanent', 'Hungaroring': 'Permanent', 'Spa-Francorchamps': 'Permanent', 'Zandvoort': 'Permanent', 'Monza': 'Permanent', 'Baku': 'Street', 'Singapore': 'Street', 'Austin': 'Permanent', 'Mexico City': 'Permanent', 'Interlagos': 'Permanent', 'lusail': 'Street'}",McLaren,NOR,3,HARD,33,53,21,False,83.71809523809523,81.432,-22.64099999999999,-0.32629610389610314,73.55154804770544,246.87776345582623,355.0,0.0,10,0.47619047619047616,2.8560952380952385,82.31745454545455
2024,Monza,16,"{'Sakhir': 'Street', 'Jeddah': 'Street', 'Melbourne': 'Street', 'Suzuka': 'Permanent', 'Shanghai': 'Permanent', 'Miami': 'Street', 'Imola': 'Permanent', 'Monte Carlo': 'Street', 'Montreal': 'Street', 'Catalunya': 'Permanent', 'Spielberg': 'Permanent', 'Silverstone': 'Permanent', 'Hungaroring': 'Permanent', 'Spa-Francorchamps': 'Permanent', 'Zandvoort': 'Permanent', 'Monza': 'Permanent', 'Baku': 'Street', 'Singapore': 'Street', 'Austin': 'Permanent', 'Mexico City': 'Permanent', 'Interlagos': 'Permanent', 'lusail': 'Street'}",McLaren,PIA,1,MEDIUM,2,16,15,True,85.03953333333332,84.077,4.822999999999993,0.1235571428571449,74.84932856305429,243.03736648633432,331.0,66.0,15,1.0,0.0,
2024,Monza,16,"{'Sakhir': 'Street', 'Jeddah': 'Street', 'Melbourne': 'Street', 'Suzuka': 'Permanent', 'Shanghai': 'Permanent', 'Miami': 'Street', 'Imola': 'Permanent', 'Monte Carlo': 'Street', 'Montreal': 'Street', 'Catalunya': 'Permanent', 'Spielberg': 'Permanent', 'Silverstone': 'Permanent', 'Hungaroring': 'Permanent', 'Spa-Francorchamps': 'Permanent', 'Zandvoort': 'Permanent', 'Monza': 'Permanent', 'Baku': 'Street', 'Singapore': 'Street', 'Austin': 'Permanent', 'Mexico City': 'Permanent', 'Interlagos': 'Permanent', 'lusail': 'Street'}",McLaren,PIA,2,HARD,17,38,22,True,84.65090909090908,82.968,-16.125,-0.2163997741389043,74.35444491624445,244.79810508708417,348.0,0.0,16,0.7272727272727273,2.148090909090909,87.40266666666668
2024,Monza,16,"{'Sakhir': 'Street', 'Jeddah': 'Street', 'Melbourne': 'Street', 'Suzuka': 'Permanent', 'Shanghai': 'Permanent', 'Miami': 'Street', 'Imola': 'Permanent', 'Monte Carlo': 'Street', 'Montreal': 'Street', 'Catalunya': 'Permanent', 'Spielberg': 'Permanent', 'Silverstone': 'Permanent', 'Hungaroring': 'Permanent', 'Spa-Francorchamps': 'Permanent', 'Zandvoort': 'Permanent', 'Monza': 'Permanent', 'Baku': 'Street', 'Singapore': 'Street', 'Austin': 'Permanent', 'Mexico City': 'Permanent', 'Interlagos': 'Permanent', 'lusail': 'Street'}",McLaren,PIA,3,HARD,39,53,15,False,83.857,81.943,-21.495000000000005,-0.5293571428571391,75.1764324201603,246.8300692556526,354.0,0.0,3,0.2,6.060533333333333,84.12166666666666
2024,Monza,16,"{'Sakhir': 'Street', 'Jeddah': 'Street', 'Melbourne': 'Street', 'Suzuka': 'Permanent', 'Shanghai': 'Permanent', 'Miami': 'Street', 'Imola': 'Permanent', 'Monte Carlo': 'Street', 'Montreal': 'Street', 'Catalunya': 'Permanent', 'Spielberg': 'Permanent', 'Silverstone': 'Permanent', 'Hungaroring': 'Permanent', 'Spa-Francorchamps': 'Permanent', 'Zandvoort': 'Permanent', 'Monza': 'Permanent', 'Baku': 'Street', 'Singapore': 'Street', 'Austin': 'Permanent', 'Mexico City': 'Permanent', 'Interlagos': 'Permanent', 'lusail': 'Street'}",Mercedes,HAM,1,MEDIUM,2,15,14,True,85.60614285714284,84.771,4.3219999999999885,0.12132747252747157,74.00377534392683,241.66381691465844,343.0,64.0,13,0.9285714285714286,1.7614615384615386,84.938
2024,Monza,16,"{'Sakhir': 'Street', 'Jeddah': 'Street', 'Melbourne': 'Street', 'Suzuka': 'Permanent', 'Shanghai': 'Permanent', 'Miami': 'Street', 'Imola': 'Permanent', 'Monte Carlo': 'Street', 'Montreal': 'Street', 'Catalunya': 'Permanent', 'Spielberg': 'Permanent', 'Silverstone': 'Permanent', 'Hungaroring': 'Permanent', 'Spa-Francorchamps': 'Permanent', 'Zandvoort': 'Permanent', 'Monza': 'Permanent', 'Baku': 'Street', 'Singapore': 'Street', 'Austin': 'Permanent', 'Mexico City': 'Permanent', 'Interlagos': 'Permanent', 'lusail': 'Street'}",Mercedes,HAM,2,HARD,16,37,22,True,85.11877272727271,83.328,-17.314999999999998,-0.2713783173348393,74.95750666020015,243.24341273503728,346.0,0.0,20,0.9090909090909091,1.6433636363636361,95.2475
2024,Monza,16,"{'Sakhir': 'Street', 'Jeddah': 'Street', 'Melbourne': 'Street', 'Suzuka': 'Permanent', 'Shanghai': 'Permanent', 'Miami': 'Street', 'Imola': 'Permanent', 'Monte Carlo': 'Street', 'Montreal': 'Street', 'Catalunya': 'Permanent', 'Spielberg': 'Permanent', 'Silverstone': 'Permanent', 'Hungaroring': 'Permanent', 'Spa-Francorchamps': 'Permanent', 'Zandvoort': 'Permanent', 'Monza': 'Permanent', 'Baku': 'Street', 'Singapore': 'Street', 'Austin': 'Permanent', 'Mexico City': 'Permanent', 'Interlagos': 'Permanent', 'lusail': 'Street'}",Mercedes,HAM,3,HARD,38,53,16,False,83.923375,81.512,-20.914,-0.4187176470588181,77.80189116196765,246.5259288394045,340.0,0.0,0,0.0,12.043937500000002,83.923375
2024,Monza,16,"{'Sakhir': 'Street', 'Jeddah': 'Street', 'Melbourne': 'Street', 'Suzuka': 'Permanent', 'Shanghai': 'Permanent', 'Miami': 'Street', 'Imola': 'Permanent', 'Monte Carlo': 'Street', 'Montreal': 'Street', 'Catalunya': 'Permanent', 'Spielberg': 'Permanent', 'Silverstone': 'Permanent', 'Hungaroring': 'Permanent', 'Spa-Francorchamps': 'Permanent', 'Zandvoort': 'Permanent', 'Monza': 'Permanent', 'Baku': 'Street', 'Singapore': 'Street', 'Austin': 'Permanent', 'Mexico City': 'Permanent', 'Interlagos': 'Permanent', 'lusail': 'Street'}",Mercedes,RUS,1,MEDIUM,2,11,10,True,86.01649999999998,85.046,5.11999999999999,0.24303636363637043,74.74218899817808,240.33404223464476,345.0,65.0,10,1.0,1.1421,
2024,Monza,16,"{'Sakhir': 'Street', 'Jeddah': 'Street', 'Melbourne': 'Street', 'Suzuka': 'Permanent', 'Shanghai': 'Permanent', 'Miami': 'Street', 'Imola': 'Permanent', 'Monte Carlo': 'Street', 'Montreal': 'Street', 'Catalunya': 'Permanent', 'Spielberg': 'Permanent', 'Silverstone': 'Permanent', 'Hungaroring': 'Permanent', 'Spa-Francorchamps': 'Permanent', 'Zandvoort': 'Permanent', 'Monza': 'Permanent', 'Baku': 'Street', 'Singapore': 'Street', 'Austin': 'Permanent', 'Mexico City': 'Permanent', 'Interlagos': 'Permanent', 'lusail': 'Street'}",Mercedes,RUS,2,HARD,12,33,22,True,85.87777272727271,83.177,-25.14800000000001,-0.3384918125352873,74.5384361508477,241.21402811702183,351.0,0.0,14,0.6363636363636364,3.579454545454546,88.202
2024,Monza,16,"{'Sakhir': 'Street', 'Jeddah': 'Street', 'Melbourne': 'Street', 'Suzuka': 'Permanent', 'Shanghai': 'Permanent', 'Miami': 'Street', 'Imola': 'Permanent', 'Monte Carlo': 'Street', 'Montreal': 'Street', 'Catalunya': 'Permanent', 'Spielberg': 'Permanent', 'Silverstone': 'Permanent', 'Hungaroring': 'Permanent', 'Spa-Francorchamps': 'Permanent', 'Zandvoort': 'Permanent', 'Monza': 'Permanent', 'Baku': 'Street', 'Singapore': 'Street', 'Austin': 'Permanent', 'Mexico City': 'Permanent', 'Interlagos': 'Permanent', 'lusail': 'Street'}",Mercedes,RUS,3,HARD,34,53,20,False,83.9727,82.036,-22.162999999999997,-0.38600300751879774,76.69245738298699,246.3591170360896,356.0,0.0,7,0.35,3.5615263157894743,82.7713846153846
2024,Monza,16,"{'Sakhir': 'Street', 'Jeddah': 'Street', 'Melbourne': 'Street', 'Suzuka': 'Permanent', 'Shanghai': 'Permanent', 'Miami': 'Street', 'Imola': 'Permanent', 'Monte Carlo': 'Street', 'Montreal': 'Street', 'Catalunya': 'Permanent', 'Spielberg': 'Permanent', 'Silverstone': 'Permanent', 'Hungaroring': 'Permanent', 'Spa-Francorchamps': 'Permanent', 'Zandvoort': 'Permanent', 'Monza': 'Permanent', 'Baku': 'Street', 'Singapore': 'Street', 'Austin': 'Permanent', 'Mexico City': 'Permanent', 'Interlagos': 'Permanent', 'lusail': 'Street'}",RB,RIC,1,MEDIUM,2,11,10,True,86.7997,85.713,4.784999999999997,0.21455151515151588,70.49262910588575,238.5010007843753,352.0,50.0,10,1.0,0.76,
2024,Monza,16,"{'Sakhir': 'Street', 'Jeddah': 'Street', 'Melbourne': 'Street', 'Suzuka': 'Permanent', 'Shanghai': 'Permanent', 'Miami': 'Street', 'Imola': 'Permanent', 'Monte Carlo': 'Street', 'Montreal': 'Street', 'Catalunya': 'Permanent', 'Spielberg': 'Permanent', 'Silverstone': 'Permanent', 'Hungaroring': 'Permanent', 'Spa-Francorchamps': 'Permanent', 'Zandvoort': 'Permanent', 'Monza': 'Permanent', 'Baku': 'Street', 'Singapore': 'Street', 'Austin': 'Permanent', 'Mexico City': 'Permanent', 'Interlagos': 'Permanent', 'lusail': 'Street'}",RB,RIC,2,HARD,12,53,42,False,85.66852380952382,84.219,-27.841000000000008,-0.10596418442589664,74.09031719866286,241.6000737791854,360.0,0.0,7,0.16666666666666666,4.427560975609756,85.7413142857143
2024,Monza,16,"{'Sakhir': 'Street', 'Jeddah': 'Street', 'Melbourne': 'Street', 'Suzuka': 'Permanent', 'Shanghai': 'Permanent', 'Miami': 'Street', 'Imola': 'Permanent', 'Monte Carlo': 'Street', 'Montreal': 'Street', 'Catalunya': 'Permanent', 'Spielberg': 'Permanent', 'Silverstone': 'Permanent', 'Hungaroring': 'Permanent', 'Spa-Francorchamps': 'Permanent', 'Zandvoort': 'Permanent', 'Monza': 'Permanent', 'Baku': 'Street', 'Singapore': 'Street', 'Austin': 'Permanent', 'Mexico City': 'Permanent', 'Interlagos': 'Permanent', 'lusail': 'Street'}",RB,TSU,1,HARD,2,7,6,False,90.23899999999999,86.198,12.781000000000006,2.1534857142857042,68.04500350805434,229.50064816201206,357.0,43.0,5,0.8333333333333334,1.4421666666666664,100.319
2024,Monza,16,"{'Sakhir': 'Street', 'Jeddah': 'Street', 'Melbourne': 'Street', 'Suzuka': 'Permanent', 'Shanghai': 'Permanent', 'Miami': 'Street', 'Imola': 'Permanent', 'Monte Carlo': 'Street', 'Montreal': 'Street', 'Catalunya': 'Permanent', 'Spielberg': 'Permanent', 'Silverstone': 'Permanent', 'Hungaroring': 'Permanent', 'Spa-Francorchamps': 'Permanent', 'Zandvoort': 'Permanent', 'Monza': 'Permanent', 'Baku': 'Street', 'Singapore': 'Street', 'Austin': 'Permanent', 'Mexico City': 'Permanent', 'Interlagos': 'Permanent', 'lusail': 'Street'}",Red Bull,PER,1,HARD,2,23,22,True,85.62568181818183,84.654,3.4579999999999984,0.05709937888198719,72.65442225209509,241.70690752098832,348.0,61.0,20,0.9090909090909091,1.4502727272727274,85.7865
2024,Monza,16,"{'Sakhir': 'Street', 'Jeddah': 'Street', 'Melbourne': 'Street', 'Suzuka': 'Permanent', 'Shanghai': 'Permanent', 'Miami': 'Street', 'Imola': 'Permanent', 'Monte Carlo': 'Street', 'Montreal': 'Street', 'Catalunya': 'Permanent', 'Spielberg': 'Permanent', 'Silverstone': 'Permanent', 'Hungaroring': 'Permanent', 'Spa-Francorchamps': 'Permanent', 'Zandvoort': 'Permanent', 'Monza': 'Permanent', 'Baku': 'Street', 'Singapore': 'Street', 'Austin': 'Permanent', 'Mexico City': 'Permanent', 'Interlagos': 'Permanent', 'lusail': 'Street'}",Red Bull,PER,2,HARD,24,35,12,True,86.00508333333333,83.473,-16.762,-0.6576538461538508,75.28928081278772,240.27289431273056,349.0,0.0,2,0.16666666666666666,3.65725,84.2935
2024,Monza,16,"{'Sakhir': 'Street', 'Jeddah': 'Street', 'Melbourne': 'Street', 'Suzuka': 'Permanent', 'Shanghai': 'Permanent', 'Miami': 'Street', 'Imola': 'Permanent', 'Monte Carlo': 'Street', 'Montreal': 'Street', 'Catalunya': 'Permanent', 'Spielberg': 'Permanent', 'Silverstone': 'Permanent', 'Hungaroring': 'Permanent', 'Spa-Francorchamps': 'Permanent', 'Zandvoort': 'Permanent', 'Monza': 'Permanent', 'Baku': 'Street', 'Singapore': 'Street', 'Austin': 'Permanent', 'Mexico City': 'Permanent', 'Interlagos': 'Permanent', 'lusail': 'Street'}",Red Bull,PER,3,MEDIUM,36,53,18,False,84.85283333333332,82.971,-19.563000000000002,-0.38050257997935844,75.30024516763665,243.91838118727935,354.0,0.0,7,0.3888888888888889,4.792055555555556,83.47472727272726
2024,Monza,16,"{'Sakhir': 'Street', 'Jeddah': 'Street', 'Melbourne': 'Street', 'Suzuka': 'Permanent', 'Shanghai': 'Permanent', 'Miami': 'Street', 'Imola': 'Permanent', 'Monte Carlo': 'Street', 'Montreal': 'Street', 'Catalunya': 'Permanent', 'Spielberg': 'Permanent', 'Silverstone': 'Permanent', 'Hungaroring': 'Permanent', 'Spa-Francorchamps': 'Permanent', 'Zandvoort': 'Permanent', 'Monza': 'Permanent', 'Baku': 'Street', 'Singapore': 'Street', 'Austin': 'Permanent', 'Mexico City': 'Permanent', 'Interlagos': 'Permanent', 'lusail': 'Street'}",Red Bull,VER,1,HARD,2,22,21,True,85.52761904761904,84.918,3.4980000000000047,0.05207792207792215,73.31512385642226,241.96172012778678,345.0,61.0,17,0.8095238095238095,1.5686190476190478,85.39750000000001
2024,Monza,16,"{'Sakhir': 'Street', 'Jeddah': 'Street', 'Melbourne': 'Street', 'Suzuka': 'Permanent', 'Shanghai': 'Permanent', 'Miami': 'Street', 'Imola': 'Permanent', 'Monte Carlo': 'Street', 'Montreal': 'Street', 'Catalunya': 'Permanent', 'Spielberg': 'Permanent', 'Silverstone': 'Permanent', 'Hungaroring': 'Permanent', 'Spa-Francorchamps': 'Permanent', 'Zandvoort': 'Permanent', 'Monza': 'Permanent', 'Baku': 'Street', 'Singapore': 'Street', 'Austin': 'Permanent', 'Mexico City': 'Permanent', 'Interlagos': 'Permanent', 'lusail': 'Street'}",Red Bull,VER,2,HARD,23,41,19,True,85.13563157894737,83.424,-19.101,-0.2949789473684177,75.72021858955752,243.00080681396298,339.0,0.0,3,0.15789473684210525,6.7004210526315795,83.5936875
2024,Monza,16,"{'Sakhir': 'Street', 'Jeddah': 'Street', 'Melbourne': 'Street', 'Suzuka': 'Permanent', 'Shanghai': 'Permanent', 'Miami': 'Street', 'Imola': 'Permanent', 'Monte Carlo': 'Street', 'Montreal': 'Street', 'Catalunya': 'Permanent', 'Spielberg': 'Permanent', 'Silverstone': 'Permanent', 'Hungaroring': 'Permanent', 'Spa-Francorchamps': 'Permanent', 'Zandvoort': 'Permanent', 'Monza': 'Permanent', 'Baku': 'Street', 'Singapore': 'Street', 'Austin': 'Permanent', 'Mexico City': 'Permanent', 'Interlagos': 'Permanent', 'lusail': 'Street'}",Red Bull,VER,3,MEDIUM,42,53,12,False,84.554,81.745,-20.379000000000005,-0.7755314685314687,76.08356927116552,244.44204008711995,336.0,0.0,0,0.0,14.660416666666668,84.554
2024,Monza,16,"{'Sakhir': 'Street', 'Jeddah': 'Street', 'Melbourne': 'Street', 'Suzuka': 'Permanent', 'Shanghai': 'Permanent', 'Miami': 'Street', 'Imola': 'Permanent', 'Monte Carlo': 'Street', 'Montreal': 'Street', 'Catalunya': 'Permanent', 'Spielberg': 'Permanent', 'Silverstone': 'Permanent', 'Hungaroring': 'Permanent', 'Spa-Francorchamps': 'Permanent', 'Zandvoort': 'Permanent', 'Monza': 'Permanent', 'Baku': 'Street', 'Singapore': 'Street', 'Austin': 'Permanent', 'Mexico City': 'Permanent', 'Interlagos': 'Permanent', 'lusail': 'Street'}",Sauber,BOT,1,HARD,2,33,32,True,86.80396875,85.804,2.5470000000000113,0.015842192082110556,73.44113968406477,238.51292309046428,349.0,53.0,25,0.78125,2.1262187500000005,86.33771428571428
2024,Monza,16,"{'Sakhir': 'Street', 'Jeddah': 'Street', 'Melbourne': 'Street', 'Suzuka': 'Permanent', 'Shanghai': 'Permanent', 'Miami': 'Street', 'Imola': 'Permanent', 'Monte Carlo': 'Street', 'Montreal': 'Street', 'Catalunya': 'Permanent', 'Spielberg': 'Permanent', 'Silverstone': 'Permanent', 'Hungaroring': 'Permanent', 'Spa-Francorchamps': 'Permanent', 'Zandvoort': 'Permanent', 'Monza': 'Permanent', 'Baku': 'Street', 'Singapore': 'Street', 'Austin': 'Permanent', 'Mexico City': 'Permanent', 'Interlagos': 'Permanent', 'lusail': 'Street'}",Sauber,BOT,2,MEDIUM,34,52,19,False,85.99136842105263,83.609,-21.85300000000001,-0.42061754385964506,75.53361676577781,241.1482884547472,353.0,0.0,2,0.10526315789473684,6.5042105263157906,86.16999999999999
2024,Monza,16,"{'Sakhir': 'Street', 'Jeddah': 'Street', 'Melbourne': 'Street', 'Suzuka': 'Permanent', 'Shanghai': 'Permanent', 'Miami': 'Street', 'Imola': 'Permanent', 'Monte Carlo': 'Street', 'Montreal': 'Street', 'Catalunya': 'Permanent', 'Spielberg': 'Permanent', 'Silverstone': 'Permanent', 'Hungaroring': 'Permanent', 'Spa-Francorchamps': 'Permanent', 'Zandvoort': 'Permanent', 'Monza': 'Permanent', 'Baku': 'Street', 'Singapore': 'Street', 'Austin': 'Permanent', 'Mexico City': 'Permanent', 'Interlagos': 'Permanent', 'lusail': 'Street'}",Sauber,ZHO,1,MEDIUM,2,15,14,True,87.22535714285713,85.942,3.326999999999998,0.0681296703296676,71.54412331191698,237.05699234266933,352.0,60.0,14,1.0,1.2992142857142857,
2024,Monza,16,"{'Sakhir': 'Street', 'Jeddah': 'Street', 'Melbourne': 'Street', 'Suzuka': 'Permanent', 'Shanghai': 'Permanent', 'Miami': 'Street', 'Imola': 'Permanent', 'Monte Carlo': 'Street', 'Montreal': 'Street', 'Catalunya': 'Permanent', 'Spielberg': 'Permanent', 'Silverstone': 'Permanent', 'Hungaroring': 'Permanent', 'Spa-Francorchamps': 'Permanent', 'Zandvoort': 'Permanent', 'Monza': 'Permanent', 'Baku': 'Street', 'Singapore': 'Street', 'Austin': 'Permanent', 'Mexico City': 'Permanent', 'Interlagos': 'Permanent', 'lusail': 'Street'}",Sauber,ZHO,2,HARD,16,52,37,False,86.56472972972975,85.092,-21.848,-0.06988169748696135,73.43192426845256,239.1768698659493,343.0,0.0,6,0.16216216216216217,4.846027027027027,86.58938709677422
2024,Monza,16,"{'Sakhir': 'Street', 'Jeddah': 'Street', 'Melbourne': 'Street', 'Suzuka': 'Permanent', 'Shanghai': 'Permanent', 'Miami': 'Street', 'Imola': 'Permanent', 'Monte Carlo': 'Street', 'Montreal': 'Street', 'Catalunya': 'Permanent', 'Spielberg': 'Permanent', 'Silverstone': 'Permanent', 'Hungaroring': 'Permanent', 'Spa-Francorchamps': 'Permanent', 'Zandvoort': 'Permanent', 'Monza': 'Permanent', 'Baku': 'Street', 'Singapore': 'Street', 'Austin': 'Permanent', 'Mexico City': 'Permanent', 'Interlagos': 'Permanent', 'lusail': 'Street'}",Williams,ALB,1,MEDIUM,2,17,16,True,86.39768749999999,85.468,4.425000000000011,0.09216617647058875,71.7448689818976,239.64351809757855,350.0,58.0,6,0.375,5.0714375,85.91219999999998
2024,Monza,16,"{'Sakhir': 'Street', 'Jeddah': 'Street', 'Melbourne': 'Street', 'Suzuka': 'Permanent', 'Shanghai': 'Permanent', 'Miami': 'Street', 'Imola': 'Permanent', 'Monte Carlo': 'Street', 'Montreal': 'Street', 'Catalunya': 'Permanent', 'Spielberg': 'Permanent', 'Silverstone': 'Permanent', 'Hungaroring': 'Permanent', 'Spa-Francorchamps': 'Permanent', 'Zandvoort': 'Permanent', 'Monza': 'Permanent', 'Baku': 'Street', 'Singapore': 'Street', 'Austin': 'Permanent', 'Mexico City': 'Permanent', 'Interlagos': 'Permanent', 'lusail': 'Street'}",Williams,ALB,2,HARD,18,53,36,False,85.3848611111111,83.918,-22.114999999999995,-0.12529974259974164,73.42808154984691,242.32225146722905,353.0,0.0,13,0.3611111111111111,4.48825,85.4982608695652
2024,Monza,16,"{'Sakhir': 'Street', 'Jeddah': 'Street', 'Melbourne': 'Street', 'Suzuka': 'Permanent', 'Shanghai': 'Permanent', 'Miami': 'Street', 'Imola': 'Permanent', 'Monte Carlo': 'Street', 'Montreal': 'Street', 'Catalunya': 'Permanent', 'Spielberg': 'Permanent', 'Silverstone': 'Permanent', 'Hungaroring': 'Permanent', 'Spa-Francorchamps': 'Permanent', 'Zandvoort': 'Permanent', 'Monza': 'Permanent', 'Baku': 'Street', 'Singapore': 'Street', 'Austin': 'Permanent', 'Mexico City': 'Permanent', 'Interlagos': 'Permanent', 'lusail': 'Street'}",Williams,COL,1,MEDIUM,2,16,15,True,86.95286666666668,86.057,3.347999999999999,0.08741071428571526,70.47129811173502,237.9616314243801,359.0,52.0,12,0.8,1.7750666666666666,86.67066666666666
2024,Monza,16,"{'Sakhir': 'Street', 'Jeddah': 'Street', 'Melbourne': 'Street', 'Suzuka': 'Permanent', 'Shanghai': 'Permanent', 'Miami': 'Street', 'Imola': 'Permanent', 'Monte Carlo': 'Street', 'Montreal': 'Street', 'Catalunya': 'Permanent', 'Spielberg': 'Permanent', 'Silverstone': 'Permanent', 'Hungaroring': 'Permanent', 'Spa-Francorchamps': 'Permanent', 'Zandvoort': 'Permanent', 'Monza': 'Permanent', 'Baku': 'Street', 'Singapore': 'Street', 'Austin': 'Permanent', 'Mexico City': 'Permanent', 'Interlagos': 'Permanent', 'lusail': 'Street'}",Williams,COL,2,HARD,17,53,37,False,85.4555945945946,83.728,-22.62100000000001,-0.10251398767188102,73.00738425039032,242.00760861285082,355.0,0.0,7,0.1891891891891892,3.975648648648648,85.48610000000002
2024,Sakhir,1,"{'Sakhir': 'Street', 'Jeddah': 'Street', 'Melbourne': 'Street', 'Suzuka': 'Permanent', 'Shanghai': 'Permanent', 'Miami': 'Street', 'Imola': 'Permanent', 'Monte Carlo': 'Street', 'Montreal': 'Street', 'Catalunya': 'Permanent', 'Spielberg': 'Permanent', 'Silverstone': 'Permanent', 'Hungaroring': 'Permanent', 'Spa-Francorchamps': 'Permanent', 'Zandvoort': 'Permanent', 'Monza': 'Permanent', 'Baku': 'Street', 'Singapore': 'Street', 'Austin': 'Permanent', 'Mexico City': 'Permanent', 'Interlagos': 'Permanent', 'lusail': 'Street'}",Alpine,GAS,1,SOFT,2,12,11,True,99.17518181818181,98.503,2.3970000000000056,0.13340909090909,62.43758292899263,194.84500155267057,326.0,57.0,10,0.9090909090909091,0.6379,98.664
2024,Sakhir,1,"{'Sakhir': 'Street', 'Jeddah': 'Street', 'Melbourne': 'Street', 'Suzuka': 'Permanent', 'Shanghai': 'Permanent', 'Miami': 'Street', 'Imola': 'Permanent', 'Monte Carlo': 'Street', 'Montreal': 'Street', 'Catalunya': 'Permanent', 'Spielberg': 'Permanent', 'Silverstone': 'Permanent', 'Hungaroring': 'Permanent', 'Spa-Francorchamps': 'Permanent', 'Zandvoort': 'Permanent', 'Monza': 'Permanent', 'Baku': 'Street', 'Singapore': 'Street', 'Austin': 'Permanent', 'Mexico City': 'Permanent', 'Interlagos': 'Permanent', 'lusail': 'Street'}",Alpine,GAS,2,HARD,13,31,19,True,99.59847368421052,97.492,-24.132999999999996,-0.329438596491226,64.33017501280398,194.03287583323825,321.0,0.0,17,0.8947368421052632,1.4351052631578949,112.4985
2024,Sakhir,1,"{'Sakhir': 'Street', 'Jeddah': 'Street', 'Melbourne': 'Street', 'Suzuka': 'Permanent', 'Shanghai': 'Permanent', 'Miami': 'Street', 'Imola': 'Permanent', 'Monte Carlo': 'Street', 'Montreal': 'Street', 'Catalunya': 'Permanent', 'Spielberg': 'Permanent', 'Silverstone': 'Permanent', 'Hungaroring': 'Permanent', 'Spa-Francorchamps': 'Permanent', 'Zandvoort': 'Permanent', 'Monza': 'Permanent', 'Baku': 'Street', 'Singapore': 'Street', 'Austin': 'Permanent', 'Mexico City': 'Permanent', 'Interlagos': 'Permanent', 'lusail': 'Street'}",Alpine,GAS,3,HARD,32,43,12,True,98.70583333333333,96.112,-20.479,-0.7635524475524452,66.3139145690677,195.9242270237407,300.0,0.0,0,0.0,3.7449166666666667,98.70583333333333
2024,Sakhir,1,"{'Sakhir': 'Street', 'Jeddah': 'Street', 'Melbourne': 'Street', 'Suzuka': 'Permanent', 'Shanghai': 'Permanent', 'Miami': 'Street', 'Imola': 'Permanent', 'Monte Carlo': 'Street', 'Montreal': 'Street', 'Catalunya': 'Permanent', 'Spielberg': 'Permanent', 'Silverstone': 'Permanent', 'Hungaroring': 'Permanent', 'Spa-Francorchamps': 'Permanent', 'Zandvoort': 'Permanent', 'Monza': 'Permanent', 'Baku': 'Street', 'Singapore': 'Street', 'Austin': 'Permanent', 'Mexico City': 'Permanent', 'Interlagos': 'Permanent', 'lusail': 'Street'}",Alpine,GAS,4,SOFT,44,56,13,False,97.08853846153845,94.805,-20.394999999999996,-0.6288351648351607,67.76250775599796,199.4048815058012,301.0,0.0,1,0.07692307692307693,11.148461538461536,97.17208333333332
2024,Sakhir,1,"{'Sakhir': 'Street', 'Jeddah': 'Street', 'Melbourne': 'Street', 'Suzuka': 'Permanent', 'Shanghai': 'Permanent', 'Miami': 'Street', 'Imola': 'Permanent', 'Monte Carlo': 'Street', 'Montreal': 'Street', 'Catalunya': 'Permanent', 'Spielberg': 'Permanent', 'Silverstone': 'Permanent', 'Hungaroring': 'Permanent', 'Spa-Francorchamps': 'Permanent', 'Zandvoort': 'Permanent', 'Monza': 'Permanent', 'Baku': 'Street', 'Singapore': 'Street', 'Austin': 'Permanent', 'Mexico City': 'Permanent', 'Interlagos': 'Permanent', 'lusail': 'Street'}",Alpine,OCO,1,SOFT,2,10,9,True,99.28133333333332,98.625,2.548000000000002,0.23201666666665877,62.31521459675137,194.58270739434937,325.0,58.0,8,0.8888888888888888,0.7064999999999999,99.152
2024,Sakhir,1,"{'Sakhir': 'Street', 'Jeddah': 'Street', 'Melbourne': 'Street', 'Suzuka': 'Permanent', 'Shanghai': 'Permanent', 'Miami': 'Street', 'Imola': 'Permanent', 'Monte Carlo': 'Street', 'Montreal': 'Street', 'Catalunya': 'Permanent', 'Spielberg': 'Permanent', 'Silverstone': 'Permanent', 'Hungaroring': 'Permanent', 'Spa-Francorchamps': 'Permanent', 'Zandvoort': 'Permanent', 'Monza': 'Permanent', 'Baku': 'Street', 'Singapore': 'Street', 'Austin': 'Permanent', 'Mexico City': 'Permanent', 'Interlagos': 'Permanent', 'lusail': 'Street'}",Alpine,OCO,2,HARD,11,30,20,True,99.47485,97.363,-17.804000000000002,-0.2099255639097741,65.03048768596625,194.1361829446108,319.0,0.0,13,0.65,2.9494999999999996,98.89514285714287
2024,Sakhir,1,"{'Sakhir': 'Street', 'Jeddah': 'Street', 'Melbourne': 'Street', 'Suzuka': 'Permanent', 'Shanghai': 'Permanent', 'Miami': 'Street', 'Imola': 'Permanent', 'Monte Carlo': 'Street', 'Montreal': 'Street', 'Catalunya': 'Permanent', 'Spielberg': 'Permanent', 'Silverstone': 'Permanent', 'Hungaroring': 'Permanent', 'Spa-Francorchamps': 'Permanent', 'Zandvoort': 'Permanent', 'Monza': 'Permanent', 'Baku': 'Street', 'Singapore': 'Street', 'Austin': 'Permanent', 'Mexico City': 'Permanent', 'Interlagos': 'Permanent', 'lusail': 'Street'}",Alpine,OCO,3,HARD,31,56,26,False,97.94253846153848,96.226,-21.906999999999996,-0.13766085470085462,66.63585373090784,197.60060484381287,321.0,0.0,6,0.23076923076923078,7.511423076923076,98.2228
2024,Sakhir,1,"{'Sakhir': 'Street', 'Jeddah': 'Street', 'Melbourne': 'Street', 'Suzuka': 'Permanent', 'Shanghai': 'Permanent', 'Miami': 'Street', 'Imola': 'Permanent', 'Monte Carlo': 'Street', 'Montreal': 'Street', 'Catalunya': 'Permanent', 'Spielberg': 'Permanent', 'Silverstone': 'Permanent', 'Hungaroring': 'Permanent', 'Spa-Francorchamps': 'Permanent', 'Zandvoort': 'Permanent', 'Monza': 'Permanent', 'Baku': 'Street', 'Singapore': 'Street', 'Austin': 'Permanent', 'Mexico City': 'Permanent', 'Interlagos': 'Permanent', 'lusail': 'Street'}",Aston Martin,ALO,1,SOFT,2,15,14,True,98.70828571428572,97.776,3.081000000000003,0.09798681318681444,62.57977299547035,195.10665189072304,324.0,52.0,10,0.7142857142857143,4.119153846153846,99.019
2024,Sakhir,1,"{'Sakhir': 'Street', 'Jeddah': 'Street', 'Melbourne': 'Street', 'Suzuka': 'Permanent', 'Shanghai': 'Permanent', 'Miami': 'Street', 'Imola': 'Permanent', 'Monte Carlo': 'Street', 'Montreal': 'Street', 'Catalunya': 'Permanent', 'Spielberg': 'Permanent', 'Silverstone': 'Permanent', 'Hungaroring': 'Permanent', 'Spa-Francorchamps': 'Permanent', 'Zandvoort': 'Permanent', 'Monza': 'Permanent', 'Baku': 'Street', 'Singapore': 'Street', 'Austin': 'Permanent', 'Mexico City': 'Permanent', 'Interlagos': 'Permanent', 'lusail': 'Street'}",Aston Martin,ALO,2,HARD,16,41,26,True,98.24034615384616,96.799,-18.552999999999997,-0.14149982905982994,62.13313577832424,196.49918200587268,324.0,0.0,7,0.2692307692307692,6.838384615384617,97.33747368421052
2024,Sakhir,1,"{'Sakhir': 'Street', 'Jeddah': 'Street', 'Melbourne': 'Street', 'Suzuka': 'Permanent', 'Shanghai': 'Permanent', 'Miami': 'Street', 'Imola': 'Permanent', 'Monte Carlo': 'Street', 'Montreal': 'Street', 'Catalunya': 'Permanent', 'Spielberg': 'Permanent', 'Silverstone': 'Permanent', 'Hungaroring': 'Permanent', 'Spa-Francorchamps': 'Permanent', 'Zandvoort': 'Permanent', 'Monza': 'Permanent', 'Baku': 'Street', 'Singapore': 'Street', 'Austin': 'Permanent', 'Mexico City': 'Permanent', 'Interlagos': 'Permanent', 'lusail': 'Street'}",Aston Martin,ALO,3,HARD,42,57,16,False,96.36156249999999,94.199,-21.623000000000005,-0.46391029411764567,64.17045424301652,200.897082731317,326.0,0.0,3,0.1875,15.29,96.64053846153845
2024,Sakhir,1,"{'Sakhir': 'Street', 'Jeddah': 'Street', 'Melbourne': 'Street', 'Suzuka': 'Permanent', 'Shanghai': 'Permanent', 'Miami': 'Street', 'Imola': 'Permanent', 'Monte Carlo': 'Street', 'Montreal': 'Street', 'Catalunya': 'Permanent', 'Spielberg': 'Permanent', 'Silverstone': 'Permanent', 'Hungaroring': 'Permanent', 'Spa-Francorchamps': 'Permanent', 'Zandvoort': 'Permanent', 'Monza': 'Permanent', 'Baku': 'Street', 'Singapore': 'Street', 'Austin': 'Permanent', 'Mexico City': 'Permanent', 'Interlagos': 'Permanent', 'lusail': 'Street'}",Aston Martin,STR,1,SOFT,2,9,8,True,99.00225,97.987,4.125,0.3950000000000029,58.83774096433922,194.82486430767446,332.0,57.0,8,1.0,1.016375,
2024,Sakhir,1,"{'Sakhir': 'Street', 'Jeddah': 'Street', 'Melbourne': 'Street', 'Suzuka': 'Permanent', 'Shanghai': 'Permanent', 'Miami': 'Street', 'Imola': 'Permanent', 'Monte Carlo': 'Street', 'Montreal': 'Street', 'Catalunya': 'Permanent', 'Spielberg': 'Permanent', 'Silverstone': 'Permanent', 'Hungaroring': 'Permanent', 'Spa-Francorchamps': 'Permanent', 'Zandvoort': 'Permanent', 'Monza': 'Permanent', 'Baku': 'Street', 'Singapore': 'Street', 'Austin': 'Permanent', 'Mexico City': 'Permanent', 'Interlagos': 'Permanent', 'lusail': 'Street'}",Aston Martin,STR,2,HARD,10,27,18,True,99.03122222222223,96.494,-17.105000000000004,-0.2503034055727549,62.18130628463552,194.9432762522214,326.0,0.0,18,1.0,1.770888888888889,
2024,Sakhir,1,"{'Sakhir': 'Street', 'Jeddah': 'Street', 'Melbourne': 'Street', 'Suzuka': 'Permanent', 'Shanghai': 'Permanent', 'Miami': 'Street', 'Imola': 'Permanent', 'Monte Carlo': 'Street', 'Montreal': 'Street', 'Catalunya': 'Permanent', 'Spielberg': 'Permanent', 'Silverstone': 'Permanent', 'Hungaroring': 'Permanent', 'Spa-Francorchamps': 'Permanent', 'Zandvoort': 'Permanent', 'Monza': 'Permanent', 'Baku': 'Street', 'Singapore': 'Street', 'Austin': 'Permanent', 'Mexico City': 'Permanent', 'Interlagos': 'Permanent', 'lusail': 'Street'}",Aston Martin,STR,3,HARD,28,57,30,False,97.10546666666667,95.632,-19.305000000000007,-0.09757107897664037,63.24009883567558,198.91209922462343,326.0,0.0,5,0.16666666666666666,12.289466666666668,97.2932
2024,Sakhir,1,"{'Sakhir': 'Street', 'Jeddah': 'Street', 'Melbourne': 'Street', 'Suzuka': 'Permanent', 'Shanghai': 'Permanent', 'Miami': 'Street', 'Imola': 'Permanent', 'Monte Carlo': 'Street', 'Montreal': 'Street', 'Catalunya': 'Permanent', 'Spielberg': 'Permanent', 'Silverstone': 'Permanent', 'Hungaroring': 'Permanent', 'Spa-Francorchamps': 'Permanent', 'Zandvoort': 'Permanent', 'Monza': 'Permanent', 'Baku': 'Street', 'Singapore': 'Street', 'Austin': 'Permanent', 'Mexico City': 'Permanent', 'Interlagos': 'Permanent', 'lusail': 'Street'}",Ferrari,LEC,1,SOFT,2,11,10,True,98.31469999999999,96.862,4.875,0.26835757575758423,66.16510269156714,196.92385371086402,320.0,57.0,10,1.0,0.7601,
2024,Sakhir,1,"{'Sakhir': 'Street', 'Jeddah': 'Street', 'Melbourne': 'Street', 'Suzuka': 'Permanent', 'Shanghai': 'Permanent', 'Miami': 'Street', 'Imola': 'Permanent', 'Monte Carlo': 'Street', 'Montreal': 'Street', 'Catalunya': 'Permanent', 'Spielberg': 'Permanent', 'Silverstone': 'Permanent', 'Hungaroring': 'Permanent', 'Spa-Francorchamps': 'Permanent', 'Zandvoort': 'Permanent', 'Monza': 'Permanent', 'Baku': 'Street', 'Singapore': 'Street', 'Austin': 'Permanent', 'Mexico City': 'Permanent', 'Interlagos': 'Permanent', 'lusail': 'Street'}",Ferrari,LEC,2,HARD,12,34,23,True,97.91043478260868,96.432,-17.857,-0.18916996047431187,67.11324513395715,197.53429633729567,324.0,0.0,20,0.8695652173913043,2.5237391304347825,97.76533333333334
2024,Sakhir,1,"{'Sakhir': 'Street', 'Jeddah': 'Street', 'Melbourne': 'Street', 'Suzuka': 'Permanent', 'Shanghai': 'Permanent', 'Miami': 'Street', 'Imola': 'Permanent', 'Monte Carlo': 'Street', 'Montreal': 'Street', 'Catalunya': 'Permanent', 'Spielberg': 'Permanent', 'Silverstone': 'Permanent', 'Hungaroring': 'Permanent', 'Spa-Francorchamps': 'Permanent', 'Zandvoort': 'Permanent', 'Monza': 'Permanent', 'Baku': 'Street', 'Singapore': 'Street', 'Austin': 'Permanent', 'Mexico City': 'Permanent', 'Interlagos': 'Permanent', 'lusail': 'Street'}",Ferrari,LEC,3,HARD,35,57,23,False,96.13273913043481,94.09,-19.842,-0.1757687747035582,68.3931080874596,201.1326263489662,325.0,0.0,11,0.4782608695652174,6.679043478260869,95.39416666666666
2024,Sakhir,1,"{'Sakhir': 'Street', 'Jeddah': 'Street', 'Melbourne': 'Street', 'Suzuka': 'Permanent', 'Shanghai': 'Permanent', 'Miami': 'Street', 'Imola': 'Permanent', 'Monte Carlo': 'Street', 'Montreal': 'Street', 'Catalunya': 'Permanent', 'Spielberg': 'Permanent', 'Silverstone': 'Permanent', 'Hungaroring': 'Permanent', 'Spa-Francorchamps': 'Permanent', 'Zandvoort': 'Permanent', 'Monza': 'Permanent', 'Baku': 'Street', 'Singapore': 'Street', 'Austin': 'Permanent', 'Mexico City': 'Permanent', 'Interlagos': 'Permanent', 'lusail': 'Street'}",Ferrari,SAI,1,SOFT,2,14,13,True,97.82584615384614,97.08,2.516999999999996,0.08701648351648915,66.01436482096159,197.55533360412207,331.0,52.0,11,0.8461538461538461,2.646,98.49799999999999
2024,Sakhir,1,"{'Sakhir': 'Street', 'Jeddah': 'Street', 'Melbourne': 'Street', 'Suzuka': 'Permanent', 'Shanghai': 'Permanent', 'Miami': 'Street', 'Imola': 'Permanent', 'Monte Carlo': 'Street', 'Montreal': 'Street', 'Catalunya': 'Permanent', 'Spielberg': 'Permanent', 'Silverstone': 'Permanent', 'Hungaroring': 'Permanent', 'Spa-Francorchamps': 'Permanent', 'Zandvoort': 'Permanent', 'Monza': 'Permanent', 'Baku': 'Street', 'Singapore': 'Street', 'Austin': 'Permanent', 'Mexico City': 'Permanent', 'Interlagos': 'Permanent', 'lusail': 'Street'}",Ferrari,SAI,2,HARD,15,35,21,True,97.41861904761906,95.507,-17.950999999999993,-0.20477272727272558,67.8137105724137,199.07406672241902,332.0,0.0,18,0.8571428571428571,2.3557619047619047,97.46033333333332
2024,Sakhir,1,"{'Sakhir': 'Street', 'Jeddah': 'Street', 'Melbourne': 'Street', 'Suzuka': 'Permanent', 'Shanghai': 'Permanent', 'Miami': 'Street', 'Imola': 'Permanent', 'Monte Carlo': 'Street', 'Montreal': 'Street', 'Catalunya': 'Permanent', 'Spielberg': 'Permanent', 'Silverstone': 'Permanent', 'Hungaroring': 'Permanent', 'Spa-Francorchamps': 'Permanent', 'Zandvoort': 'Permanent', 'Monza': 'Permanent', 'Baku': 'Street', 'Singapore': 'Street', 'Austin': 'Permanent', 'Mexico City': 'Permanent', 'Interlagos': 'Permanent', 'lusail': 'Street'}",Ferrari,SAI,3,HARD,36,57,22,False,95.9865909090909,94.507,-20.293000000000006,-0.22234613212874063,68.63703018904178,201.8729957923732,308.0,0.0,6,0.2727272727272727,4.276454545454545,96.3429375
2024,Sakhir,1,"{'Sakhir': 'Street', 'Jeddah': 'Street', 'Melbourne': 'Street', 'Suzuka': 'Permanent', 'Shanghai': 'Permanent', 'Miami': 'Street', 'Imola': 'Permanent', 'Monte Carlo': 'Street', 'Montreal': 'Street', 'Catalunya': 'Permanent', 'Spielberg': 'Permanent', 'Silverstone': 'Permanent', 'Hungaroring': 'Permanent', 'Spa-Francorchamps': 'Permanent', 'Zandvoort': 'Permanent', 'Monza': 'Permanent', 'Baku': 'Street', 'Singapore': 'Street', 'Austin': 'Permanent', 'Mexico City': 'Permanent', 'Interlagos': 'Permanent', 'lusail': 'Street'}",Haas,HUL,2,HARD,2,20,19,True,99.71515789473683,97.317,-30.113,-0.453787719298241,62.521392660277925,194.8387225491771,309.0,0.0,3,0.15789473684210525,15.824157894736844,100.05018749999999
2024,Sakhir,1,"{'Sakhir': 'Street', 'Jeddah': 'Street', 'Melbourne': 'Street', 'Suzuka': 'Permanent', 'Shanghai': 'Permanent', 'Miami': 'Street', 'Imola': 'Permanent', 'Monte Carlo': 'Street', 'Montreal': 'Street', 'Catalunya': 'Permanent', 'Spielberg': 'Permanent', 'Silverstone': 'Permanent', 'Hungaroring': 'Permanent', 'Spa-Francorchamps': 'Permanent', 'Zandvoort': 'Permanent', 'Monza': 'Permanent', 'Baku': 'Street', 'Singapore': 'Street', 'Austin': 'Permanent', 'Mexico City': 'Permanent', 'Interlagos': 'Permanent', 'lusail': 'Street'}",Haas,HUL,3,HARD,21,41,21,True,98.15328571428574,96.548,-19.129999999999995,-0.204755844155846,63.64893377808975,197.51778270970942,330.0,0.0,5,0.23809523809523808,8.868571428571428,98.2800625
2024,Sakhir,1,"{'Sakhir': 'Street', 'Jeddah': 'Street', 'Melbourne': 'Street', 'Suzuka': 'Permanent', 'Shanghai': 'Permanent', 'Miami': 'Street', 'Imola': 'Permanent', 'Monte Carlo': 'Street', 'Montreal': 'Street', 'Catalunya': 'Permanent', 'Spielberg': 'Permanent', 'Silverstone': 'Permanent', 'Hungaroring': 'Permanent', 'Spa-Francorchamps': 'Permanent', 'Zandvoort': 'Permanent', 'Monza': 'Permanent', 'Baku': 'Street', 'Singapore': 'Street', 'Austin': 'Permanent', 'Mexico City': 'Permanent', 'Interlagos': 'Permanent', 'lusail': 'Street'}",Haas,HUL,4,SOFT,42,56,15,False,96.86746666666667,94.834,-20.506,-0.48327857142856834,65.42302430069641,199.699017955907,335.0,0.0,1,0.06666666666666667,7.992333333333334,96.96557142857145
2024,Sakhir,1,"{'Sakhir': 'Street', 'Jeddah': 'Street', 'Melbourne': 'Street', 'Suzuka': 'Permanent', 'Shanghai': 'Permanent', 'Miami': 'Street', 'Imola': 'Permanent', 'Monte Carlo': 'Street', 'Montreal': 'Street', 'Catalunya': 'Permanent', 'Spielberg': 'Permanent', 'Silverstone': 'Permanent', 'Hungaroring': 'Permanent', 'Spa-Francorchamps': 'Permanent', 'Zandvoort': 'Permanent', 'Monza': 'Permanent', 'Baku': 'Street', 'Singapore': 'Street', 'Austin': 'Permanent', 'Mexico City': 'Permanent', 'Interlagos': 'Permanent', 'lusail': 'Street'}",Haas,MAG,1,SOFT,2,11,10,True,99.08379999999998,98.399,2.1769999999999925,0.1646424242424264,61.70698943346457,194.56575343679378,333.0,56.0,10,1.0,1.1774999999999998,
2024,Sakhir,1,"{'Sakhir': 'Street', 'Jeddah': 'Street', 'Melbourne': 'Street', 'Suzuka': 'Permanent', 'Shanghai': 'Permanent', 'Miami': 'Street', 'Imola': 'Permanent', 'Monte Carlo': 'Street', 'Montreal': 'Street', 'Catalunya': 'Permanent', 'Spielberg': 'Permanent', 'Silverstone': 'Permanent', 'Hungaroring': 'Permanent', 'Spa-Francorchamps': 'Permanent', 'Zandvoort': 'Permanent', 'Monza': 'Permanent', 'Baku': 'Street', 'Singapore': 'Street', 'Austin': 'Permanent', 'Mexico City': 'Permanent', 'Interlagos': 'Permanent', 'lusail': 'Street'}",Haas,MAG,2,HARD,12,32,21,True,99.12776190476191,96.89,-19.117000000000004,-0.22766493506493451,64.086540025011,194.88914505130987,330.0,0.0,16,0.7619047619047619,2.1186666666666665,98.50120000000001
2024,Sakhir,1,"{'Sakhir': 'Street', 'Jeddah': 'Street', 'Melbourne': 'Street', 'Suzuka': 'Permanent', 'Shanghai': 'Permanent', 'Miami': 'Street', 'Imola': 'Permanent', 'Monte Carlo': 'Street', 'Montreal': 'Street', 'Catalunya': 'Permanent', 'Spielberg': 'Permanent', 'Silverstone': 'Permanent', 'Hungaroring': 'Permanent', 'Spa-Francorchamps': 'Permanent', 'Zandvoort': 'Permanent', 'Monza': 'Permanent', 'Baku': 'Street', 'Singapore': 'Street', 'Austin': 'Permanent', 'Mexico City': 'Permanent', 'Interlagos': 'Permanent', 'lusail': 'Street'}",Haas,MAG,3,HARD,33,56,24,False,97.34116666666667,95.57,-19.070999999999998,-0.12506521739130097,65.58665021710644,198.60745566173932,332.0,0.0,16,0.6666666666666666,2.991173913043478,98.637
2024,Sakhir,1,"{'Sakhir': 'Street', 'Jeddah': 'Street', 'Melbourne': 'Street', 'Suzuka': 'Permanent', 'Shanghai': 'Permanent', 'Miami': 'Street', 'Imola': 'Permanent', 'Monte Carlo': 'Street', 'Montreal': 'Street', 'Catalunya': 'Permanent', 'Spielberg': 'Permanent', 'Silverstone': 'Permanent', 'Hungaroring': 'Permanent', 'Spa-Francorchamps': 'Permanent', 'Zandvoort': 'Permanent', 'Monza': 'Permanent', 'Baku': 'Street', 'Singapore': 'Street', 'Austin': 'Permanent', 'Mexico City': 'Permanent', 'Interlagos': 'Permanent', 'lusail': 'Street'}",McLaren,NOR,1,SOFT,2,13,12,True,98.15166666666666,97.45,2.625,0.13311888111888412,63.33482886553685,196.62410348944616,323.0,54.0,6,0.5,2.7573333333333334,98.28616666666666
2024,Sakhir,1,"{'Sakhir': 'Street', 'Jeddah': 'Street', 'Melbourne': 'Street', 'Suzuka': 'Permanent', 'Shanghai': 'Permanent', 'Miami': 'Street', 'Imola': 'Permanent', 'Monte Carlo': 'Street', 'Montreal': 'Street', 'Catalunya': 'Permanent', 'Spielberg': 'Permanent', 'Silverstone': 'Permanent', 'Hungaroring': 'Permanent', 'Spa-Francorchamps': 'Permanent', 'Zandvoort': 'Permanent', 'Monza': 'Permanent', 'Baku': 'Street', 'Singapore': 'Street', 'Austin': 'Permanent', 'Mexico City': 'Permanent', 'Interlagos': 'Permanent', 'lusail': 'Street'}",McLaren,NOR,2,HARD,14,33,20,True,97.96010000000001,96.416,-18.14399999999999,-0.238296240601503,62.39383268382773,197.10507129690575,305.0,0.0,12,0.6,3.28365,99.2585
2024,Sakhir,1,"{'Sakhir': 'Street', 'Jeddah': 'Street', 'Melbourne': 'Street', 'Suzuka': 'Permanent', 'Shanghai': 'Permanent', 'Miami': 'Street', 'Imola': 'Permanent', 'Monte Carlo': 'Street', 'Montreal': 'Street', 'Catalunya': 'Permanent', 'Spielberg': 'Permanent', 'Silverstone': 'Permanent', 'Hungaroring': 'Permanent', 'Spa-Francorchamps': 'Permanent', 'Zandvoort': 'Permanent', 'Monza': 'Permanent', 'Baku': 'Street', 'Singapore': 'Street', 'Austin': 'Permanent', 'Mexico City': 'Permanent', 'Interlagos': 'Permanent', 'lusail': 'Street'}",McLaren,NOR,3,HARD,34,57,24,False,96.41708333333332,94.476,-20.316000000000003,-0.16002782608695734,63.595314356208355,200.36922831959242,323.0,0.0,16,0.6666666666666666,2.691291666666667,97.995875
2024,Sakhir,1,"{'Sakhir': 'Street', 'Jeddah': 'Street', 'Melbourne': 'Street', 'Suzuka': 'Permanent', 'Shanghai': 'Permanent', 'Miami': 'Street', 'Imola': 'Permanent', 'Monte Carlo': 'Street', 'Montreal': 'Street', 'Catalunya': 'Permanent', 'Spielberg': 'Permanent', 'Silverstone': 'Permanent', 'Hungaroring': 'Permanent', 'Spa-Francorchamps': 'Permanent', 'Zandvoort': 'Permanent', 'Monza': 'Permanent', 'Baku': 'Street', 'Singapore': 'Street', 'Austin': 'Permanent', 'Mexico City': 'Permanent', 'Interlagos': 'Permanent', 'lusail': 'Street'}",McLaren,PIA,1,SOFT,2,12,11,True,98.3269090909091,97.859,2.3569999999999993,0.12130909090909091,62.04995180628389,196.20981024377846,325.0,57.0,11,1.0,1.5676363636363637,
2024,Sakhir,1,"{'Sakhir': 'Street', 'Jeddah': 'Street', 'Melbourne': 'Street', 'Suzuka': 'Permanent', 'Shanghai': 'Permanent', 'Miami': 'Street', 'Imola': 'Permanent', 'Monte Carlo': 'Street', 'Montreal': 'Street', 'Catalunya': 'Permanent', 'Spielberg': 'Permanent', 'Silverstone': 'Permanent', 'Hungaroring': 'Permanent', 'Spa-Francorchamps': 'Permanent', 'Zandvoort': 'Permanent', 'Monza': 'Permanent', 'Baku': 'Street', 'Singapore': 'Street', 'Austin': 'Permanent', 'Mexico City': 'Permanent', 'Interlagos': 'Permanent', 'lusail': 'Street'}",McLaren,PIA,2,HARD,13,34,22,True,97.99377272727271,96.427,-19.477999999999994,-0.20812478825522457,62.269073668831474,196.9216378586958,306.0,0.0,12,0.5454545454545454,3.241181818181818,99.4769
2024,Sakhir,1,"{'Sakhir': 'Street', 'Jeddah': 'Street', 'Melbourne': 'Street', 'Suzuka': 'Permanent', 'Shanghai': 'Permanent', 'Miami': 'Street', 'Imola': 'Permanent', 'Monte Carlo': 'Street', 'Montreal': 'Street', 'Catalunya': 'Permanent', 'Spielberg': 'Permanent', 'Silverstone': 'Permanent', 'Hungaroring': 'Permanent', 'Spa-Francorchamps': 'Permanent', 'Zandvoort': 'Permanent', 'Monza': 'Permanent', 'Baku': 'Street', 'Singapore': 'Street', 'Austin': 'Permanent', 'Mexico City': 'Permanent', 'Interlagos': 'Permanent', 'lusail': 'Street'}",McLaren,PIA,3,HARD,35,57,23,False,96.55834782608696,94.774,-23.783,-0.21271146245059494,63.66317461138035,200.4124153484531,326.0,0.0,2,0.08695652173913043,4.019391304347826,95.5312380952381
2024,Sakhir,1,"{'Sakhir': 'Street', 'Jeddah': 'Street', 'Melbourne': 'Street', 'Suzuka': 'Permanent', 'Shanghai': 'Permanent', 'Miami': 'Street', 'Imola': 'Permanent', 'Monte Carlo': 'Street', 'Montreal': 'Street', 'Catalunya': 'Permanent', 'Spielberg': 'Permanent', 'Silverstone': 'Permanent', 'Hungaroring': 'Permanent', 'Spa-Francorchamps': 'Permanent', 'Zandvoort': 'Permanent', 'Monza': 'Permanent', 'Baku': 'Street', 'Singapore': 'Street', 'Austin': 'Permanent', 'Mexico City': 'Permanent', 'Interlagos': 'Permanent', 'lusail': 'Street'}",Mercedes,HAM,1,SOFT,2,12,11,True,98.47845454545454,97.839,2.6159999999999997,0.11536363636363521,60.37223101591925,195.6752351921341,330.0,59.0,11,1.0,0.9920000000000001,
2024,Sakhir,1,"{'Sakhir': 'Street', 'Jeddah': 'Street', 'Melbourne': 'Street', 'Suzuka': 'Permanent', 'Shanghai': 'Permanent', 'Miami': 'Street', 'Imola': 'Permanent', 'Monte Carlo': 'Street', 'Montreal': 'Street', 'Catalunya': 'Permanent', 'Spielberg': 'Permanent', 'Silverstone': 'Permanent', 'Hungaroring': 'Permanent', 'Spa-Francorchamps': 'Permanent', 'Zandvoort': 'Permanent', 'Monza': 'Permanent', 'Baku': 'Street', 'Singapore': 'Street', 'Austin': 'Permanent', 'Mexico City': 'Permanent', 'Interlagos': 'Permanent', 'lusail': 'Street'}",Mercedes,HAM,2,HARD,13,33,21,True,98.05595238095236,96.264,-18.948999999999998,-0.24405064935064702,63.39065927081546,196.79645611482988,306.0,0.0,9,0.42857142857142855,3.0497619047619047,96.73841666666668
2024,Sakhir,1,"{'Sakhir': 'Street', 'Jeddah': 'Street', 'Melbourne': 'Street', 'Suzuka': 'Permanent', 'Shanghai': 'Permanent', 'Miami': 'Street', 'Imola': 'Permanent', 'Monte Carlo': 'Street', 'Montreal': 'Street', 'Catalunya': 'Permanent', 'Spielberg': 'Permanent', 'Silverstone': 'Permanent', 'Hungaroring': 'Permanent', 'Spa-Francorchamps': 'Permanent', 'Zandvoort': 'Permanent', 'Monza': 'Permanent', 'Baku': 'Street', 'Singapore': 'Street', 'Austin': 'Permanent', 'Mexico City': 'Permanent', 'Interlagos': 'Permanent', 'lusail': 'Street'}",Mercedes,HAM,3,HARD,34,57,24,False,96.22941666666668,94.722,-18.836,-0.16201652173912723,65.68779986625836,201.24593655743635,324.0,0.0,4,0.16666666666666666,4.139333333333333,96.35315
2024,Sakhir,1,"{'Sakhir': 'Street', 'Jeddah': 'Street', 'Melbourne': 'Street', 'Suzuka': 'Permanent', 'Shanghai': 'Permanent', 'Miami': 'Street', 'Imola': 'Permanent', 'Monte Carlo': 'Street', 'Montreal': 'Street', 'Catalunya': 'Permanent', 'Spielberg': 'Permanent', 'Silverstone': 'Permanent', 'Hungaroring': 'Permanent', 'Spa-Francorchamps': 'Permanent', 'Zandvoort': 'Permanent', 'Monza': 'Permanent', 'Baku': 'Street', 'Singapore': 'Street', 'Austin': 'Permanent', 'Mexico City': 'Permanent', 'Interlagos': 'Permanent', 'lusail': 'Street'}",Mercedes,RUS,1,SOFT,2,11,10,True,97.865,96.406,3.8799999999999955,0.26695757575758366,62.71726414358898,197.27988519152953,321.0,62.0,3,0.3,4.908,98.2672857142857
2024,Sakhir,1,"{'Sakhir': 'Street', 'Jeddah': 'Street', 'Melbourne': 'Street', 'Suzuka': 'Permanent', 'Shanghai': 'Permanent', 'Miami': 'Street', 'Imola': 'Permanent', 'Monte Carlo': 'Street', 'Montreal': 'Street', 'Catalunya': 'Permanent', 'Spielberg': 'Permanent', 'Silverstone': 'Permanent', 'Hungaroring': 'Permanent', 'Spa-Francorchamps': 'Permanent', 'Zandvoort': 'Permanent', 'Monza': 'Permanent', 'Baku': 'Street', 'Singapore': 'Street', 'Austin': 'Permanent', 'Mexico City': 'Permanent', 'Interlagos': 'Permanent', 'lusail': 'Street'}",Mercedes,RUS,2,HARD,12,31,20,True,98.1692,96.234,-19.054999999999993,-0.2787353383458638,64.67237038868461,197.0960667330952,320.0,0.0,9,0.45,4.380650000000001,97.14209090909092
2024,Sakhir,1,"{'Sakhir': 'Street', 'Jeddah': 'Street', 'Melbourne': 'Street', 'Suzuka': 'Permanent', 'Shanghai': 'Permanent', 'Miami': 'Street', 'Imola': 'Permanent', 'Monte Carlo': 'Street', 'Montreal': 'Street', 'Catalunya': 'Permanent', 'Spielberg': 'Permanent', 'Silverstone': 'Permanent', 'Hungaroring': 'Permanent', 'Spa-Francorchamps': 'Permanent', 'Zandvoort': 'Permanent', 'Monza': 'Permanent', 'Baku': 'Street', 'Singapore': 'Street', 'Austin': 'Permanent', 'Mexico City': 'Permanent', 'Interlagos': 'Permanent', 'lusail': 'Street'}",Mercedes,RUS,3,HARD,32,57,26,False,96.54876923076924,95.065,-20.826999999999998,-0.14603760683760836,65.20110238038666,200.3030903135584,325.0,0.0,5,0.19230769230769232,7.2229230769230774,95.68309523809523
2024,Sakhir,1,"{'Sakhir': 'Street', 'Jeddah': 'Street', 'Melbourne': 'Street', 'Suzuka': 'Permanent', 'Shanghai': 'Permanent', 'Miami': 'Street', 'Imola': 'Permanent', 'Monte Carlo': 'Street', 'Montreal': 'Street', 'Catalunya': 'Permanent', 'Spielberg': 'Permanent', 'Silverstone': 'Permanent', 'Hungaroring': 'Permanent', 'Spa-Francorchamps': 'Permanent', 'Zandvoort': 'Permanent', 'Monza': 'Permanent', 'Baku': 'Street', 'Singapore': 'Street', 'Austin': 'Permanent', 'Mexico City': 'Permanent', 'Interlagos': 'Permanent', 'lusail': 'Street'}",RB,RIC,1,SOFT,2,13,12,True,99.26774999999999,98.61,2.6640000000000015,0.12634615384615794,60.26044577772984,194.18069104828575,327.0,58.0,10,0.8333333333333334,1.8092499999999998,100.533
2024,Sakhir,1,"{'Sakhir': 'Street', 'Jeddah': 'Street', 'Melbourne': 'Street', 'Suzuka': 'Permanent', 'Shanghai': 'Permanent', 'Miami': 'Street', 'Imola': 'Permanent', 'Monte Carlo': 'Street', 'Montreal': 'Street', 'Catalunya': 'Permanent', 'Spielberg': 'Permanent', 'Silverstone': 'Permanent', 'Hungaroring': 'Permanent', 'Spa-Francorchamps': 'Permanent', 'Zandvoort': 'Permanent', 'Monza': 'Permanent', 'Baku': 'Street', 'Singapore': 'Street', 'Austin': 'Permanent', 'Mexico City': 'Permanent', 'Interlagos': 'Permanent', 'lusail': 'Street'}",RB,RIC,2,HARD,14,35,22,True,98.94754545454545,97.07,-18.813000000000002,-0.18911462450592725,62.48641590432737,194.78125144665083,322.0,0.0,20,0.9090909090909091,1.8618636363636363,108.239
2024,Sakhir,1,"{'Sakhir': 'Street', 'Jeddah': 'Street', 'Melbourne': 'Street', 'Suzuka': 'Permanent', 'Shanghai': 'Permanent', 'Miami': 'Street', 'Imola': 'Permanent', 'Monte Carlo': 'Street', 'Montreal': 'Street', 'Catalunya': 'Permanent', 'Spielberg': 'Permanent', 'Silverstone': 'Permanent', 'Hungaroring': 'Permanent', 'Spa-Francorchamps': 'Permanent', 'Zandvoort': 'Permanent', 'Monza': 'Permanent', 'Baku': 'Street', 'Singapore': 'Street', 'Austin': 'Permanent', 'Mexico City': 'Permanent', 'Interlagos': 'Permanent', 'lusail': 'Street'}",RB,RIC,3,SOFT,36,56,21,False,97.14157142857144,95.163,-19.333,-0.16420779220779277,63.64968957919627,198.5668020519316,329.0,0.0,13,0.6190476190476191,2.973,98.132375
2024,Sakhir,1,"{'Sakhir': 'Street', 'Jeddah': 'Street', 'Melbourne': 'Street', 'Suzuka': 'Permanent', 'Shanghai': 'Permanent', 'Miami': 'Street', 'Imola': 'Permanent', 'Monte Carlo': 'Street', 'Montreal': 'Street', 'Catalunya': 'Permanent', 'Spielberg': 'Permanent', 'Silverstone': 'Permanent', 'Hungaroring': 'Permanent', 'Spa-Francorchamps': 'Permanent', 'Zandvoort': 'Permanent', 'Monza': 'Permanent', 'Baku': 'Street', 'Singapore': 'Street', 'Austin': 'Permanent', 'Mexico City': 'Permanent', 'Interlagos': 'Permanent', 'lusail': 'Street'}",RB,TSU,1,SOFT,2,14,13,True,98.77084615384615,98.31,2.4490000000000123,0.11758791208791283,61.378622137297135,194.7956099839702,325.0,60.0,13,1.0,1.5253076923076927,
2024,Sakhir,1,"{'Sakhir': 'Street', 'Jeddah': 'Street', 'Melbourne': 'Street', 'Suzuka': 'Permanent', 'Shanghai': 'Permanent', 'Miami': 'Street', 'Imola': 'Permanent', 'Monte Carlo': 'Street', 'Montreal': 'Street', 'Catalunya': 'Permanent', 'Spielberg': 'Permanent', 'Silverstone': 'Permanent', 'Hungaroring': 'Permanent', 'Spa-Francorchamps': 'Permanent', 'Zandvoort': 'Permanent', 'Monza': 'Permanent', 'Baku': 'Street', 'Singapore': 'Street', 'Austin': 'Permanent', 'Mexico City': 'Permanent', 'Interlagos': 'Permanent', 'lusail': 'Street'}",RB,TSU,2,HARD,15,34,20,True,98.95420000000001,97.359,-18.753,-0.25820601503759616,62.74053432246577,195.13247817984603,328.0,0.0,15,0.75,3.2509,97.6134
2024,Sakhir,1,"{'Sakhir': 'Street', 'Jeddah': 'Street', 'Melbourne': 'Street', 'Suzuka': 'Permanent', 'Shanghai': 'Permanent', 'Miami': 'Street', 'Imola': 'Permanent', 'Monte Carlo': 'Street', 'Montreal': 'Street', 'Catalunya': 'Permanent', 'Spielberg': 'Permanent', 'Silverstone': 'Permanent', 'Hungaroring': 'Permanent', 'Spa-Francorchamps': 'Permanent', 'Zandvoort': 'Permanent', 'Monza': 'Permanent', 'Baku': 'Street', 'Singapore': 'Street', 'Austin': 'Permanent', 'Mexico City': 'Permanent', 'Interlagos': 'Permanent', 'lusail': 'Street'}",RB,TSU,3,HARD,35,56,22,False,97.61972727272727,95.833,-19.944000000000003,-0.20012422360248436,63.41236873381621,197.57908298994718,330.0,0.0,20,0.9090909090909091,1.3681904761904764,106.699
2024,Sakhir,1,"{'Sakhir': 'Street', 'Jeddah': 'Street', 'Melbourne': 'Street', 'Suzuka': 'Permanent', 'Shanghai': 'Permanent', 'Miami': 'Street', 'Imola': 'Permanent', 'Monte Carlo': 'Street', 'Montreal': 'Street', 'Catalunya': 'Permanent', 'Spielberg': 'Permanent', 'Silverstone': 'Permanent', 'Hungaroring': 'Permanent', 'Spa-Francorchamps': 'Permanent', 'Zandvoort': 'Permanent', 'Monza': 'Permanent', 'Baku': 'Street', 'Singapore': 'Street', 'Austin': 'Permanent', 'Mexico City': 'Permanent', 'Interlagos': 'Permanent', 'lusail': 'Street'}",Red Bull,PER,1,SOFT,2,12,11,True,97.85681818181818,96.541,3.736000000000004,0.1789000000000063,63.00553974089761,196.80089174245967,328.0,56.0,10,0.9090909090909091,1.5932727272727272,100.277
2024,Sakhir,1,"{'Sakhir': 'Street', 'Jeddah': 'Street', 'Melbourne': 'Street', 'Suzuka': 'Permanent', 'Shanghai': 'Permanent', 'Miami': 'Street', 'Imola': 'Permanent', 'Monte Carlo': 'Street', 'Montreal': 'Street', 'Catalunya': 'Permanent', 'Spielberg': 'Permanent', 'Silverstone': 'Permanent', 'Hungaroring': 'Permanent', 'Spa-Francorchamps': 'Permanent', 'Zandvoort': 'Permanent', 'Monza': 'Permanent', 'Baku': 'Street', 'Singapore': 'Street', 'Austin': 'Permanent', 'Mexico City': 'Permanent', 'Interlagos': 'Permanent', 'lusail': 'Street'}",Red Bull,PER,2,HARD,13,36,24,True,97.29870833333332,95.606,-18.259,-0.16801260869565024,65.68410700383153,198.22503191442163,331.0,0.0,2,0.08333333333333333,12.840208333333335,96.39681818181818
2024,Sakhir,1,"{'Sakhir': 'Street', 'Jeddah': 'Street', 'Melbourne': 'Street', 'Suzuka': 'Permanent', 'Shanghai': 'Permanent', 'Miami': 'Street', 'Imola': 'Permanent', 'Monte Carlo': 'Street', 'Montreal': 'Street', 'Catalunya': 'Permanent', 'Spielberg': 'Permanent', 'Silverstone': 'Permanent', 'Hungaroring': 'Permanent', 'Spa-Francorchamps': 'Permanent', 'Zandvoort': 'Permanent', 'Monza': 'Permanent', 'Baku': 'Street', 'Singapore': 'Street', 'Austin': 'Permanent', 'Mexico City': 'Permanent', 'Interlagos': 'Permanent', 'lusail': 'Street'}",Red Bull,PER,3,SOFT,37,57,21,False,95.97866666666668,94.364,-20.062000000000012,-0.21285064935064965,65.97269313671157,201.09142961629473,307.0,0.0,0,0.0,19.362047619047623,95.97866666666668
2024,Sakhir,1,"{'Sakhir': 'Street', 'Jeddah': 'Street', 'Melbourne': 'Street', 'Suzuka': 'Permanent', 'Shanghai': 'Permanent', 'Miami': 'Street', 'Imola': 'Permanent', 'Monte Carlo': 'Street', 'Montreal': 'Street', 'Catalunya': 'Permanent', 'Spielberg': 'Permanent', 'Silverstone': 'Permanent', 'Hungaroring': 'Permanent', 'Spa-Francorchamps': 'Permanent', 'Zandvoort': 'Permanent', 'Monza': 'Permanent', 'Baku': 'Street', 'Singapore': 'Street', 'Austin': 'Permanent', 'Mexico City': 'Permanent', 'Interlagos': 'Permanent', 'lusail': 'Street'}",Red Bull,VER,1,SOFT,2,17,16,True,97.1546875,96.296,3.5999999999999943,0.0906014705882371,64.61601558629134,198.76547590448632,299.0,61.0,16,1.0,0.0,
2024,Sakhir,1,"{'Sakhir': 'Street', 'Jeddah': 'Street', 'Melbourne': 'Street', 'Suzuka': 'Permanent', 'Shanghai': 'Permanent', 'Miami': 'Street', 'Imola': 'Permanent', 'Monte Carlo': 'Street', 'Montreal': 'Street', 'Catalunya': 'Permanent', 'Spielberg': 'Permanent', 'Silverstone': 'Permanent', 'Hungaroring': 'Permanent', 'Spa-Francorchamps': 'Permanent', 'Zandvoort': 'Permanent', 'Monza': 'Permanent', 'Baku': 'Street', 'Singapore': 'Street', 'Austin': 'Permanent', 'Mexico City': 'Permanent', 'Interlagos': 'Permanent', 'lusail': 'Street'}",Red Bull,VER,2,HARD,18,37,20,True,96.87634999999999,95.16,-18.620000000000005,-0.22169548872180492,64.75049366784339,199.6378027059105,303.0,0.0,20,1.0,0.0,
2024,Sakhir,1,"{'Sakhir': 'Street', 'Jeddah': 'Street', 'Melbourne': 'Street', 'Suzuka': 'Permanent', 'Shanghai': 'Permanent', 'Miami': 'Street', 'Imola': 'Permanent', 'Monte Carlo': 'Street', 'Montreal': 'Street', 'Catalunya': 'Permanent', 'Spielberg': 'Permanent', 'Silverstone': 'Permanent', 'Hungaroring': 'Permanent', 'Spa-Francorchamps': 'Permanent', 'Zandvoort': 'Permanent', 'Monza': 'Permanent', 'Baku': 'Street', 'Singapore': 'Street', 'Austin': 'Permanent', 'Mexico City': 'Permanent', 'Interlagos': 'Permanent', 'lusail': 'Street'}",Red Bull,VER,3,SOFT,38,57,20,False,95.7728,92.608,-21.52199999999999,-0.28211879699248144,64.70868212483121,201.39298133469302,324.0,0.0,20,1.0,0.0,
2024,Sakhir,1,"{'Sakhir': 'Street', 'Jeddah': 'Street', 'Melbourne': 'Street', 'Suzuka': 'Permanent', 'Shanghai': 'Permanent', 'Miami': 'Street', 'Imola': 'Permanent', 'Monte Carlo': 'Street', 'Montreal': 'Street', 'Catalunya': 'Permanent', 'Spielberg': 'Permanent', 'Silverstone': 'Permanent', 'Hungaroring': 'Permanent', 'Spa-Francorchamps': 'Permanent', 'Zandvoort': 'Permanent', 'Monza': 'Permanent', 'Baku': 'Street', 'Singapore': 'Street', 'Austin': 'Permanent', 'Mexico City': 'Permanent', 'Interlagos': 'Permanent', 'lusail': 'Street'}",Sauber,BOT,1,SOFT,2,12,11,True,99.41118181818183,98.259,4.885999999999996,0.23340909090909018,62.92838337328254,193.92598794581846,330.0,54.0,10,0.9090909090909091,0.9883,98.259
2024,Sakhir,1,"{'Sakhir': 'Street', 'Jeddah': 'Street', 'Melbourne': 'Street', 'Suzuka': 'Permanent', 'Shanghai': 'Permanent', 'Miami': 'Street', 'Imola': 'Permanent', 'Monte Carlo': 'Street', 'Montreal': 'Street', 'Catalunya': 'Permanent', 'Spielberg': 'Permanent', 'Silverstone': 'Permanent', 'Hungaroring': 'Permanent', 'Spa-Francorchamps': 'Permanent', 'Zandvoort': 'Permanent', 'Monza': 'Permanent', 'Baku': 'Street', 'Singapore': 'Street', 'Austin': 'Permanent', 'Mexico City': 'Permanent', 'Interlagos': 'Permanent', 'lusail': 'Street'}",Sauber,BOT,2,HARD,13,30,18,True,99.42894444444444,96.454,-19.829000000000008,-0.27825902992775964,64.47072653707653,194.44219381506662,324.0,0.0,16,0.8888888888888888,1.8825555555555558,97.864
2024,Sakhir,1,"{'Sakhir': 'Street', 'Jeddah': 'Street', 'Melbourne': 'Street', 'Suzuka': 'Permanent', 'Shanghai': 'Permanent', 'Miami': 'Street', 'Imola': 'Permanent', 'Monte Carlo': 'Street', 'Montreal': 'Street', 'Catalunya': 'Permanent', 'Spielberg': 'Permanent', 'Silverstone': 'Permanent', 'Hungaroring': 'Permanent', 'Spa-Francorchamps': 'Permanent', 'Zandvoort': 'Permanent', 'Monza': 'Permanent', 'Baku': 'Street', 'Singapore': 'Street', 'Austin': 'Permanent', 'Mexico City': 'Permanent', 'Interlagos': 'Permanent', 'lusail': 'Street'}",Sauber,BOT,3,HARD,31,56,26,False,99.85353846153846,96.202,-72.30999999999999,-0.6104321367521344,63.70575675491181,193.6950390798067,324.0,0.0,0,0.0,44.89161538461539,99.85353846153846
2024,Sakhir,1,"{'Sakhir': 'Street', 'Jeddah': 'Street', 'Melbourne': 'Street', 'Suzuka': 'Permanent', 'Shanghai': 'Permanent', 'Miami': 'Street', 'Imola': 'Permanent', 'Monte Carlo': 'Street', 'Montreal': 'Street', 'Catalunya': 'Permanent', 'Spielberg': 'Permanent', 'Silverstone': 'Permanent', 'Hungaroring': 'Permanent', 'Spa-Francorchamps': 'Permanent', 'Zandvoort': 'Permanent', 'Monza': 'Permanent', 'Baku': 'Street', 'Singapore': 'Street', 'Austin': 'Permanent', 'Mexico City': 'Permanent', 'Interlagos': 'Permanent', 'lusail': 'Street'}",Sauber,ZHO,1,SOFT,2,9,8,True,99.27850000000001,98.428,2.929000000000002,0.34261904761904305,61.55710909548141,193.96114013690232,331.0,54.0,8,1.0,0.631,
2024,Sakhir,1,"{'Sakhir': 'Street', 'Jeddah': 'Street', 'Melbourne': 'Street', 'Suzuka': 'Permanent', 'Shanghai': 'Permanent', 'Miami': 'Street', 'Imola': 'Permanent', 'Monte Carlo': 'Street', 'Montreal': 'Street', 'Catalunya': 'Permanent', 'Spielberg': 'Permanent', 'Silverstone': 'Permanent', 'Hungaroring': 'Permanent', 'Spa-Francorchamps': 'Permanent', 'Zandvoort': 'Permanent', 'Monza': 'Permanent', 'Baku': 'Street', 'Singapore': 'Street', 'Austin': 'Permanent', 'Mexico City': 'Permanent', 'Interlagos': 'Permanent', 'lusail': 'Street'}",Sauber,ZHO,2,HARD,10,28,19,True,98.9621052631579,96.365,-18.653000000000006,-0.2486999999999962,64.52326103849893,195.5171853262617,323.0,0.0,4,0.21052631578947367,6.152777777777778,99.23046666666667
2024,Sakhir,1,"{'Sakhir': 'Street', 'Jeddah': 'Street', 'Melbourne': 'Street', 'Suzuka': 'Permanent', 'Shanghai': 'Permanent', 'Miami': 'Street', 'Imola': 'Permanent', 'Monte Carlo': 'Street', 'Montreal': 'Street', 'Catalunya': 'Permanent', 'Spielberg': 'Permanent', 'Silverstone': 'Permanent', 'Hungaroring': 'Permanent', 'Spa-Francorchamps': 'Permanent', 'Zandvoort': 'Permanent', 'Monza': 'Permanent', 'Baku': 'Street', 'Singapore': 'Street', 'Austin': 'Permanent', 'Mexico City': 'Permanent', 'Interlagos': 'Permanent', 'lusail': 'Street'}",Sauber,ZHO,3,HARD,29,56,28,False,97.57828571428571,95.458,-19.742999999999995,-0.11393048713737958,65.41043379546805,198.17926892542167,324.0,0.0,8,0.2857142857142857,4.858428571428571,97.85135
2024,Sakhir,1,"{'Sakhir': 'Street', 'Jeddah': 'Street', 'Melbourne': 'Street', 'Suzuka': 'Permanent', 'Shanghai': 'Permanent', 'Miami': 'Street', 'Imola': 'Permanent', 'Monte Carlo': 'Street', 'Montreal': 'Street', 'Catalunya': 'Permanent', 'Spielberg': 'Permanent', 'Silverstone': 'Permanent', 'Hungaroring': 'Permanent', 'Spa-Francorchamps': 'Permanent', 'Zandvoort': 'Permanent', 'Monza': 'Permanent', 'Baku': 'Street', 'Singapore': 'Street', 'Austin': 'Permanent', 'Mexico City': 'Permanent', 'Interlagos': 'Permanent', 'lusail': 'Street'}",Williams,ALB,1,SOFT,2,15,14,True,98.91528571428573,98.422,2.345000000000013,0.09554725274725326,59.218745205790796,194.64206857450358,326.0,58.0,13,0.9285714285714286,1.8159999999999996,101.171
2024,Sakhir,1,"{'Sakhir': 'Street', 'Jeddah': 'Street', 'Melbourne': 'Street', 'Suzuka': 'Permanent', 'Shanghai': 'Permanent', 'Miami': 'Street', 'Imola': 'Permanent', 'Monte Carlo': 'Street', 'Montreal': 'Street', 'Catalunya': 'Permanent', 'Spielberg': 'Permanent', 'Silverstone': 'Permanent', 'Hungaroring': 'Permanent', 'Spa-Francorchamps': 'Permanent', 'Zandvoort': 'Permanent', 'Monza': 'Permanent', 'Baku': 'Street', 'Singapore': 'Street', 'Austin': 'Permanent', 'Mexico City': 'Permanent', 'Interlagos': 'Permanent', 'lusail': 'Street'}",Williams,ALB,2,HARD,16,36,21,True,99.08761904761906,97.392,-19.007999999999996,-0.2309493506493478,60.39898144625899,194.43200271737712,330.0,0.0,16,0.7619047619047619,2.6272,98.3794
2024,Sakhir,1,"{'Sakhir': 'Street', 'Jeddah': 'Street', 'Melbourne': 'Street', 'Suzuka': 'Permanent', 'Shanghai': 'Permanent', 'Miami': 'Street', 'Imola': 'Permanent', 'Monte Carlo': 'Street', 'Montreal': 'Street', 'Catalunya': 'Permanent', 'Spielberg': 'Permanent', 'Silverstone': 'Permanent', 'Hungaroring': 'Permanent', 'Spa-Francorchamps': 'Permanent', 'Zandvoort': 'Permanent', 'Monza': 'Permanent', 'Baku': 'Street', 'Singapore': 'Street', 'Austin': 'Permanent', 'Mexico City': 'Permanent', 'Interlagos': 'Permanent', 'lusail': 'Street'}",Williams,ALB,3,HARD,37,56,20,False,97.35430000000001,95.723,-20.710000000000008,-0.24904060150376028,62.23397980334052,198.41858463956373,308.0,0.0,6,0.3,3.7402,96.35278571428572
2024,Sakhir,1,"{'Sakhir': 'Street', 'Jeddah': 'Street', 'Melbourne': 'Street', 'Suzuka': 'Permanent', 'Shanghai': 'Permanent', 'Miami': 'Street', 'Imola': 'Permanent', 'Monte Carlo': 'Street', 'Montreal': 'Street', 'Catalunya': 'Permanent', 'Spielberg': 'Permanent', 'Silverstone': 'Permanent', 'Hungaroring': 'Permanent', 'Spa-Francorchamps': 'Permanent', 'Zandvoort': 'Permanent', 'Monza': 'Permanent', 'Baku': 'Street', 'Singapore': 'Street', 'Austin': 'Permanent', 'Mexico City': 'Permanent', 'Interlagos': 'Permanent', 'lusail': 'Street'}",Williams,SAR,1,SOFT,2,10,9,True,105.90966666666667,98.39,63.37900000000002,4.309666666666664,56.32330633964753,182.07444210311414,320.0,0.0,8,0.8888888888888888,2.901888888888889,161.86
2024,Sakhir,1,"{'Sakhir': 'Street', 'Jeddah': 'Street', 'Melbourne': 'Street', 'Suzuka': 'Permanent', 'Shanghai': 'Permanent', 'Miami': 'Street', 'Imola': 'Permanent', 'Monte Carlo': 'Street', 'Montreal': 'Street', 'Catalunya': 'Permanent', 'Spielberg': 'Permanent', 'Silverstone': 'Permanent', 'Hungaroring': 'Permanent', 'Spa-Francorchamps': 'Permanent', 'Zandvoort': 'Permanent', 'Monza': 'Permanent', 'Baku': 'Street', 'Singapore': 'Street', 'Austin': 'Permanent', 'Mexico City': 'Permanent', 'Interlagos': 'Permanent', 'lusail': 'Street'}",Williams,SAR,2,HARD,11,28,18,True,100.79561111111111,97.594,-31.90299999999999,-0.6524200206398347,60.8178694347494,191.5218289194304,318.0,0.0,0,0.0,68.87049999999999,100.79561111111111
2024,Sakhir,1,"{'Sakhir': 'Street', 'Jeddah': 'Street', 'Melbourne': 'Street', 'Suzuka': 'Permanent', 'Shanghai': 'Permanent', 'Miami': 'Street', 'Imola': 'Permanent', 'Monte Carlo': 'Street', 'Montreal': 'Street', 'Catalunya': 'Permanent', 'Spielberg': 'Permanent', 'Silverstone': 'Permanent', 'Hungaroring': 'Permanent', 'Spa-Francorchamps': 'Permanent', 'Zandvoort': 'Permanent', 'Monza': 'Permanent', 'Baku': 'Street', 'Singapore': 'Street', 'Austin': 'Permanent', 'Mexico City': 'Permanent', 'Interlagos': 'Permanent', 'lusail': 'Street'}",Williams,SAR,3,HARD,29,40,12,True,99.01258333333334,95.715,-21.76400000000001,-0.8006328671328641,63.988881257125534,194.62104428862335,308.0,0.0,0,0.0,36.216,99.01258333333334
2024,Sakhir,1,"{'Sakhir': 'Street', 'Jeddah': 'Street', 'Melbourne': 'Street', 'Suzuka': 'Permanent', 'Shanghai': 'Permanent', 'Miami': 'Street', 'Imola': 'Permanent', 'Monte Carlo': 'Street', 'Montreal': 'Street', 'Catalunya': 'Permanent', 'Spielberg': 'Permanent', 'Silverstone': 'Permanent', 'Hungaroring': 'Permanent', 'Spa-Francorchamps': 'Permanent', 'Zandvoort': 'Permanent', 'Monza': 'Permanent', 'Baku': 'Street', 'Singapore': 'Street', 'Austin': 'Permanent', 'Mexico City': 'Permanent', 'Interlagos': 'Permanent', 'lusail': 'Street'}",Williams,SAR,4,SOFT,41,55,15,False,97.59713333333335,94.735,-24.072999999999993,-0.46483571428571036,64.38813227678695,197.80970697868102,326.0,0.0,0,0.0,41.47653333333333,97.59713333333335
2024,Shanghai,5,"{'Sakhir': 'Street', 'Jeddah': 'Street', 'Melbourne': 'Street', 'Suzuka': 'Permanent', 'Shanghai': 'Permanent', 'Miami': 'Street', 'Imola': 'Permanent', 'Monte Carlo': 'Street', 'Montreal': 'Street', 'Catalunya': 'Permanent', 'Spielberg': 'Permanent', 'Silverstone': 'Permanent', 'Hungaroring': 'Permanent', 'Spa-Francorchamps': 'Permanent', 'Zandvoort': 'Permanent', 'Monza': 'Permanent', 'Baku': 'Street', 'Singapore': 'Street', 'Austin': 'Permanent', 'Mexico City': 'Permanent', 'Interlagos': 'Permanent', 'lusail': 'Street'}",Alpine,GAS,1,MEDIUM,2,11,10,True,103.9155,102.847,5.542999999999992,0.3508060606060654,59.60776284895385,187.31472105156638,336.0,54.0,8,0.8,2.5324999999999998,106.07849999999999
2024,Shanghai,5,"{'Sakhir': 'Street', 'Jeddah': 'Street', 'Melbourne': 'Street', 'Suzuka': 'Permanent', 'Shanghai': 'Permanent', 'Miami': 'Street', 'Imola': 'Permanent', 'Monte Carlo': 'Street', 'Montreal': 'Street', 'Catalunya': 'Permanent', 'Spielberg': 'Permanent', 'Silverstone': 'Permanent', 'Hungaroring': 'Permanent', 'Spa-Francorchamps': 'Permanent', 'Zandvoort': 'Permanent', 'Monza': 'Permanent', 'Baku': 'Street', 'Singapore': 'Street', 'Austin': 'Permanent', 'Mexico City': 'Permanent', 'Interlagos': 'Permanent', 'lusail': 'Street'}",Alpine,GAS,2,HARD,12,23,12,True,112.36358333333334,101.071,0.8259999999999934,1.6030944055944043,53.9520611928388,173.4118925515432,306.0,0.0,1,0.08333333333333333,8.381416666666667,109.98927272727273
2024,Shanghai,5,"{'Sakhir': 'Street', 'Jeddah': 'Street', 'Melbourne': 'Street', 'Suzuka': 'Permanent', 'Shanghai': 'Permanent', 'Miami': 'Street', 'Imola': 'Permanent', 'Monte Carlo': 'Street', 'Montreal': 'Street', 'Catalunya': 'Permanent', 'Spielberg': 'Permanent', 'Silverstone': 'Permanent', 'Hungaroring': 'Permanent', 'Spa-Francorchamps': 'Permanent', 'Zandvoort': 'Permanent', 'Monza': 'Permanent', 'Baku': 'Street', 'Singapore': 'Street', 'Austin': 'Permanent', 'Mexico City': 'Permanent', 'Interlagos': 'Permanent', 'lusail': 'Street'}",Alpine,GAS,3,HARD,24,38,15,True,119.95246666666664,101.071,-43.55,-3.0198535714285666,49.128585914902196,162.48655270088966,339.0,0.0,13,0.8666666666666667,1.9129333333333334,129.6815
2024,Shanghai,5,"{'Sakhir': 'Street', 'Jeddah': 'Street', 'Melbourne': 'Street', 'Suzuka': 'Permanent', 'Shanghai': 'Permanent', 'Miami': 'Street', 'Imola': 'Permanent', 'Monte Carlo': 'Street', 'Montreal': 'Street', 'Catalunya': 'Permanent', 'Spielberg': 'Permanent', 'Silverstone': 'Permanent', 'Hungaroring': 'Permanent', 'Spa-Francorchamps': 'Permanent', 'Zandvoort': 'Permanent', 'Monza': 'Permanent', 'Baku': 'Street', 'Singapore': 'Street', 'Austin': 'Permanent', 'Mexico City': 'Permanent', 'Interlagos': 'Permanent', 'lusail': 'Street'}",Alpine,GAS,4,MEDIUM,39,56,18,False,101.3925,99.198,-17.42,-0.23796800825593298,61.955987476758054,191.8190611182968,326.0,0.0,5,0.2777777777777778,6.589666666666667,101.63984615384616
2024,Shanghai,5,"{'Sakhir': 'Street', 'Jeddah': 'Street', 'Melbourne': 'Street', 'Suzuka': 'Permanent', 'Shanghai': 'Permanent', 'Miami': 'Street', 'Imola': 'Permanent', 'Monte Carlo': 'Street', 'Montreal': 'Street', 'Catalunya': 'Permanent', 'Spielberg': 'Permanent', 'Silverstone': 'Permanent', 'Hungaroring': 'Permanent', 'Spa-Francorchamps': 'Permanent', 'Zandvoort': 'Permanent', 'Monza': 'Permanent', 'Baku': 'Street', 'Singapore': 'Street', 'Austin': 'Permanent', 'Mexico City': 'Permanent', 'Interlagos': 'Permanent', 'lusail': 'Street'}",Alpine,OCO,1,MEDIUM,2,9,8,True,103.879,102.807,5.268000000000001,0.5335000000000095,60.21374042667964,187.65970041790663,330.0,56.0,8,1.0,0.797375,
2024,Shanghai,5,"{'Sakhir': 'Street', 'Jeddah': 'Street', 'Melbourne': 'Street', 'Suzuka': 'Permanent', 'Shanghai': 'Permanent', 'Miami': 'Street', 'Imola': 'Permanent', 'Monte Carlo': 'Street', 'Montreal': 'Street', 'Catalunya': 'Permanent', 'Spielberg': 'Permanent', 'Silverstone': 'Permanent', 'Hungaroring': 'Permanent', 'Spa-Francorchamps': 'Permanent', 'Zandvoort': 'Permanent', 'Monza': 'Permanent', 'Baku': 'Street', 'Singapore': 'Street', 'Austin': 'Permanent', 'Mexico City': 'Permanent', 'Interlagos': 'Permanent', 'lusail': 'Street'}",Alpine,OCO,2,HARD,10,23,14,True,109.53700000000002,101.472,16.961,1.6226681318681309,56.593027448802445,177.67957262920146,310.0,0.0,11,0.7857142857142857,2.566642857142857,130.10566666666668
2024,Shanghai,5,"{'Sakhir': 'Street', 'Jeddah': 'Street', 'Melbourne': 'Street', 'Suzuka': 'Permanent', 'Shanghai': 'Permanent', 'Miami': 'Street', 'Imola': 'Permanent', 'Monte Carlo': 'Street', 'Montreal': 'Street', 'Catalunya': 'Permanent', 'Spielberg': 'Permanent', 'Silverstone': 'Permanent', 'Hungaroring': 'Permanent', 'Spa-Francorchamps': 'Permanent', 'Zandvoort': 'Permanent', 'Monza': 'Permanent', 'Baku': 'Street', 'Singapore': 'Street', 'Austin': 'Permanent', 'Mexico City': 'Permanent', 'Interlagos': 'Permanent', 'lusail': 'Street'}",Alpine,OCO,3,HARD,24,56,33,False,110.36118181818182,100.937,-47.004000000000005,-1.204319184491977,55.54833893436711,176.39230325025645,324.0,0.0,31,0.9393939393939394,1.71865625,124.97800000000001
2024,Shanghai,5,"{'Sakhir': 'Street', 'Jeddah': 'Street', 'Melbourne': 'Street', 'Suzuka': 'Permanent', 'Shanghai': 'Permanent', 'Miami': 'Street', 'Imola': 'Permanent', 'Monte Carlo': 'Street', 'Montreal': 'Street', 'Catalunya': 'Permanent', 'Spielberg': 'Permanent', 'Silverstone': 'Permanent', 'Hungaroring': 'Permanent', 'Spa-Francorchamps': 'Permanent', 'Zandvoort': 'Permanent', 'Monza': 'Permanent', 'Baku': 'Street', 'Singapore': 'Street', 'Austin': 'Permanent', 'Mexico City': 'Permanent', 'Interlagos': 'Permanent', 'lusail': 'Street'}",Aston Martin,ALO,1,MEDIUM,2,11,10,True,103.0144,100.988,6.920000000000002,0.517878787878794,59.159470188700055,187.77777786464557,326.0,43.0,7,0.7,2.7509,104.23666666666666
2024,Shanghai,5,"{'Sakhir': 'Street', 'Jeddah': 'Street', 'Melbourne': 'Street', 'Suzuka': 'Permanent', 'Shanghai': 'Permanent', 'Miami': 'Street', 'Imola': 'Permanent', 'Monte Carlo': 'Street', 'Montreal': 'Street', 'Catalunya': 'Permanent', 'Spielberg': 'Permanent', 'Silverstone': 'Permanent', 'Hungaroring': 'Permanent', 'Spa-Francorchamps': 'Permanent', 'Zandvoort': 'Permanent', 'Monza': 'Permanent', 'Baku': 'Street', 'Singapore': 'Street', 'Austin': 'Permanent', 'Mexico City': 'Permanent', 'Interlagos': 'Permanent', 'lusail': 'Street'}",Aston Martin,ALO,2,HARD,12,23,12,True,109.41724999999998,100.944,17.102999999999994,1.9095909090909102,53.09138141162245,176.79413698817103,336.0,0.0,2,0.16666666666666666,9.52275,109.0701
2024,Shanghai,5,"{'Sakhir': 'Street', 'Jeddah': 'Street', 'Melbourne': 'Street', 'Suzuka': 'Permanent', 'Shanghai': 'Permanent', 'Miami': 'Street', 'Imola': 'Permanent', 'Monte Carlo': 'Street', 'Montreal': 'Street', 'Catalunya': 'Permanent', 'Spielberg': 'Permanent', 'Silverstone': 'Permanent', 'Hungaroring': 'Permanent', 'Spa-Francorchamps': 'Permanent', 'Zandvoort': 'Permanent', 'Monza': 'Permanent', 'Baku': 'Street', 'Singapore': 'Street', 'Austin': 'Permanent', 'Mexico City': 'Permanent', 'Interlagos': 'Permanent', 'lusail': 'Street'}",Aston Martin,ALO,3,SOFT,24,43,20,True,116.87495000000001,99.452,-42.589,-2.8232488721804545,48.10955488710636,165.64868082114828,335.0,0.0,14,0.7,2.27235,115.33366666666666
2024,Shanghai,5,"{'Sakhir': 'Street', 'Jeddah': 'Street', 'Melbourne': 'Street', 'Suzuka': 'Permanent', 'Shanghai': 'Permanent', 'Miami': 'Street', 'Imola': 'Permanent', 'Monte Carlo': 'Street', 'Montreal': 'Street', 'Catalunya': 'Permanent', 'Spielberg': 'Permanent', 'Silverstone': 'Permanent', 'Hungaroring': 'Permanent', 'Spa-Francorchamps': 'Permanent', 'Zandvoort': 'Permanent', 'Monza': 'Permanent', 'Baku': 'Street', 'Singapore': 'Street', 'Austin': 'Permanent', 'Mexico City': 'Permanent', 'Interlagos': 'Permanent', 'lusail': 'Street'}",Aston Martin,ALO,4,MEDIUM,44,56,13,False,100.93423076923077,97.81,-17.028000000000006,-0.49275824175823824,60.22425421997277,191.47440119352828,335.0,0.0,5,0.38461538461538464,5.019461538461538,101.94662500000001
2024,Shanghai,5,"{'Sakhir': 'Street', 'Jeddah': 'Street', 'Melbourne': 'Street', 'Suzuka': 'Permanent', 'Shanghai': 'Permanent', 'Miami': 'Street', 'Imola': 'Permanent', 'Monte Carlo': 'Street', 'Montreal': 'Street', 'Catalunya': 'Permanent', 'Spielberg': 'Permanent', 'Silverstone': 'Permanent', 'Hungaroring': 'Permanent', 'Spa-Francorchamps': 'Permanent', 'Zandvoort': 'Permanent', 'Monza': 'Permanent', 'Baku': 'Street', 'Singapore': 'Street', 'Austin': 'Permanent', 'Mexico City': 'Permanent', 'Interlagos': 'Permanent', 'lusail': 'Street'}",Aston Martin,STR,1,SOFT,2,9,8,True,103.436375,102.305,5.388000000000005,0.5230833333333466,56.158470447144836,187.9594001822267,336.0,56.0,5,0.625,2.1948749999999997,104.681
2024,Shanghai,5,"{'Sakhir': 'Street', 'Jeddah': 'Street', 'Melbourne': 'Street', 'Suzuka': 'Permanent', 'Shanghai': 'Permanent', 'Miami': 'Street', 'Imola': 'Permanent', 'Monte Carlo': 'Street', 'Montreal': 'Street', 'Catalunya': 'Permanent', 'Spielberg': 'Permanent', 'Silverstone': 'Permanent', 'Hungaroring': 'Permanent', 'Spa-Francorchamps': 'Permanent', 'Zandvoort': 'Permanent', 'Monza': 'Permanent', 'Baku': 'Street', 'Singapore': 'Street', 'Austin': 'Permanent', 'Mexico City': 'Permanent', 'Interlagos': 'Permanent', 'lusail': 'Street'}",Aston Martin,STR,2,MEDIUM,10,21,12,True,104.76383333333332,101.281,-0.7450000000000045,0.02188811188811292,55.54092442054026,185.1134755645344,319.0,0.0,3,0.25,4.3157499999999995,105.66644444444445
2024,Shanghai,5,"{'Sakhir': 'Street', 'Jeddah': 'Street', 'Melbourne': 'Street', 'Suzuka': 'Permanent', 'Shanghai': 'Permanent', 'Miami': 'Street', 'Imola': 'Permanent', 'Monte Carlo': 'Street', 'Montreal': 'Street', 'Catalunya': 'Permanent', 'Spielberg': 'Permanent', 'Silverstone': 'Permanent', 'Hungaroring': 'Permanent', 'Spa-Francorchamps': 'Permanent', 'Zandvoort': 'Permanent', 'Monza': 'Permanent', 'Baku': 'Street', 'Singapore': 'Street', 'Austin': 'Permanent', 'Mexico City': 'Permanent', 'Interlagos': 'Permanent', 'lusail': 'Street'}",Aston Martin,STR,3,HARD,22,26,5,True,139.75039999999998,127.034,4.546000000000021,0.35140000000001764,37.33725790329208,138.78806475772603,298.0,0.0,4,0.8,1.8252,132.862
2024,Shanghai,5,"{'Sakhir': 'Street', 'Jeddah': 'Street', 'Melbourne': 'Street', 'Suzuka': 'Permanent', 'Shanghai': 'Permanent', 'Miami': 'Street', 'Imola': 'Permanent', 'Monte Carlo': 'Street', 'Montreal': 'Street', 'Catalunya': 'Permanent', 'Spielberg': 'Permanent', 'Silverstone': 'Permanent', 'Hungaroring': 'Permanent', 'Spa-Francorchamps': 'Permanent', 'Zandvoort': 'Permanent', 'Monza': 'Permanent', 'Baku': 'Street', 'Singapore': 'Street', 'Austin': 'Permanent', 'Mexico City': 'Permanent', 'Interlagos': 'Permanent', 'lusail': 'Street'}",Aston Martin,STR,4,MEDIUM,27,35,9,True,122.65811111111108,101.485,-115.84200000000001,-9.583016666666675,43.51193154011497,158.49982362844509,348.0,0.0,5,0.5555555555555556,28.25722222222222,141.8375
2024,Shanghai,5,"{'Sakhir': 'Street', 'Jeddah': 'Street', 'Melbourne': 'Street', 'Suzuka': 'Permanent', 'Shanghai': 'Permanent', 'Miami': 'Street', 'Imola': 'Permanent', 'Monte Carlo': 'Street', 'Montreal': 'Street', 'Catalunya': 'Permanent', 'Spielberg': 'Permanent', 'Silverstone': 'Permanent', 'Hungaroring': 'Permanent', 'Spa-Francorchamps': 'Permanent', 'Zandvoort': 'Permanent', 'Monza': 'Permanent', 'Baku': 'Street', 'Singapore': 'Street', 'Austin': 'Permanent', 'Mexico City': 'Permanent', 'Interlagos': 'Permanent', 'lusail': 'Street'}",Aston Martin,STR,5,HARD,36,56,21,False,101.918,99.444,-29.073999999999998,-0.30303766233766044,56.67592697244956,190.0006565420434,333.0,0.0,3,0.14285714285714285,9.649095238095239,102.009
2024,Shanghai,5,"{'Sakhir': 'Street', 'Jeddah': 'Street', 'Melbourne': 'Street', 'Suzuka': 'Permanent', 'Shanghai': 'Permanent', 'Miami': 'Street', 'Imola': 'Permanent', 'Monte Carlo': 'Street', 'Montreal': 'Street', 'Catalunya': 'Permanent', 'Spielberg': 'Permanent', 'Silverstone': 'Permanent', 'Hungaroring': 'Permanent', 'Spa-Francorchamps': 'Permanent', 'Zandvoort': 'Permanent', 'Monza': 'Permanent', 'Baku': 'Street', 'Singapore': 'Street', 'Austin': 'Permanent', 'Mexico City': 'Permanent', 'Interlagos': 'Permanent', 'lusail': 'Street'}",Ferrari,LEC,1,MEDIUM,2,21,20,True,102.65369999999999,101.812,10.156999999999996,0.13332180451127834,60.72852474609724,188.66065208163104,336.0,50.0,11,0.55,3.4579999999999997,103.08655555555555
2024,Shanghai,5,"{'Sakhir': 'Street', 'Jeddah': 'Street', 'Melbourne': 'Street', 'Suzuka': 'Permanent', 'Shanghai': 'Permanent', 'Miami': 'Street', 'Imola': 'Permanent', 'Monte Carlo': 'Street', 'Montreal': 'Street', 'Catalunya': 'Permanent', 'Spielberg': 'Permanent', 'Silverstone': 'Permanent', 'Hungaroring': 'Permanent', 'Spa-Francorchamps': 'Permanent', 'Zandvoort': 'Permanent', 'Monza': 'Permanent', 'Baku': 'Street', 'Singapore': 'Street', 'Austin': 'Permanent', 'Mexico City': 'Permanent', 'Interlagos': 'Permanent', 'lusail': 'Street'}",Ferrari,LEC,2,HARD,22,56,35,False,111.90328571428572,99.384,-49.637000000000015,-1.4285207282913155,55.707494072005545,173.0281387573959,328.0,0.0,23,0.6571428571428571,2.4711714285714286,103.34333333333335
2024,Shanghai,5,"{'Sakhir': 'Street', 'Jeddah': 'Street', 'Melbourne': 'Street', 'Suzuka': 'Permanent', 'Shanghai': 'Permanent', 'Miami': 'Street', 'Imola': 'Permanent', 'Monte Carlo': 'Street', 'Montreal': 'Street', 'Catalunya': 'Permanent', 'Spielberg': 'Permanent', 'Silverstone': 'Permanent', 'Hungaroring': 'Permanent', 'Spa-Francorchamps': 'Permanent', 'Zandvoort': 'Permanent', 'Monza': 'Permanent', 'Baku': 'Street', 'Singapore': 'Street', 'Austin': 'Permanent', 'Mexico City': 'Permanent', 'Interlagos': 'Permanent', 'lusail': 'Street'}",Ferrari,SAI,1,MEDIUM,2,17,16,True,102.96043750000001,101.979,5.748000000000005,0.1632808823529433,59.73811764463839,188.65693632155492,334.0,52.0,13,0.8125,1.9384666666666666,104.42199999999998
2024,Shanghai,5,"{'Sakhir': 'Street', 'Jeddah': 'Street', 'Melbourne': 'Street', 'Suzuka': 'Permanent', 'Shanghai': 'Permanent', 'Miami': 'Street', 'Imola': 'Permanent', 'Monte Carlo': 'Street', 'Montreal': 'Street', 'Catalunya': 'Permanent', 'Spielberg': 'Permanent', 'Silverstone': 'Permanent', 'Hungaroring': 'Permanent', 'Spa-Francorchamps': 'Permanent', 'Zandvoort': 'Permanent', 'Monza': 'Permanent', 'Baku': 'Street', 'Singapore': 'Street', 'Austin': 'Permanent', 'Mexico City': 'Permanent', 'Interlagos': 'Permanent', 'lusail': 'Street'}",Ferrari,SAI,2,HARD,18,56,39,False,111.07751282051282,99.764,-18.442000000000007,-0.9102402834008098,55.154094476366005,174.8483266452338,334.0,0.0,15,0.38461538461538464,5.327076923076923,104.61304166666666
2024,Shanghai,5,"{'Sakhir': 'Street', 'Jeddah': 'Street', 'Melbourne': 'Street', 'Suzuka': 'Permanent', 'Shanghai': 'Permanent', 'Miami': 'Street', 'Imola': 'Permanent', 'Monte Carlo': 'Street', 'Montreal': 'Street', 'Catalunya': 'Permanent', 'Spielberg': 'Permanent', 'Silverstone': 'Permanent', 'Hungaroring': 'Permanent', 'Spa-Francorchamps': 'Permanent', 'Zandvoort': 'Permanent', 'Monza': 'Permanent', 'Baku': 'Street', 'Singapore': 'Street', 'Austin': 'Permanent', 'Mexico City': 'Permanent', 'Interlagos': 'Permanent', 'lusail': 'Street'}",Haas,HUL,1,MEDIUM,2,8,7,True,104.09971428571428,102.347,5.376999999999995,0.7185357142857061,56.75273224204616,187.50013319031558,340.0,49.0,7,1.0,1.1234285714285714,
2024,Shanghai,5,"{'Sakhir': 'Street', 'Jeddah': 'Street', 'Melbourne': 'Street', 'Suzuka': 'Permanent', 'Shanghai': 'Permanent', 'Miami': 'Street', 'Imola': 'Permanent', 'Monte Carlo': 'Street', 'Montreal': 'Street', 'Catalunya': 'Permanent', 'Spielberg': 'Permanent', 'Silverstone': 'Permanent', 'Hungaroring': 'Permanent', 'Spa-Francorchamps': 'Permanent', 'Zandvoort': 'Permanent', 'Monza': 'Permanent', 'Baku': 'Street', 'Singapore': 'Street', 'Austin': 'Permanent', 'Mexico City': 'Permanent', 'Interlagos': 'Permanent', 'lusail': 'Street'}",Haas,HUL,2,HARD,9,23,15,True,108.7548,101.42,17.732,1.4171357142857153,53.75974712267967,179.32811019459388,318.0,0.0,9,0.6,4.018733333333333,118.85666666666664
2024,Shanghai,5,"{'Sakhir': 'Street', 'Jeddah': 'Street', 'Melbourne': 'Street', 'Suzuka': 'Permanent', 'Shanghai': 'Permanent', 'Miami': 'Street', 'Imola': 'Permanent', 'Monte Carlo': 'Street', 'Montreal': 'Street', 'Catalunya': 'Permanent', 'Spielberg': 'Permanent', 'Silverstone': 'Permanent', 'Hungaroring': 'Permanent', 'Spa-Francorchamps': 'Permanent', 'Zandvoort': 'Permanent', 'Monza': 'Permanent', 'Baku': 'Street', 'Singapore': 'Street', 'Austin': 'Permanent', 'Mexico City': 'Permanent', 'Interlagos': 'Permanent', 'lusail': 'Street'}",Haas,HUL,3,HARD,24,56,33,False,110.48390909090908,100.815,-48.471000000000004,-1.225408088235292,52.70972123838615,176.0447129091933,333.0,0.0,30,0.9090909090909091,1.8488387096774193,107.48933333333333
2024,Shanghai,5,"{'Sakhir': 'Street', 'Jeddah': 'Street', 'Melbourne': 'Street', 'Suzuka': 'Permanent', 'Shanghai': 'Permanent', 'Miami': 'Street', 'Imola': 'Permanent', 'Monte Carlo': 'Street', 'Montreal': 'Street', 'Catalunya': 'Permanent', 'Spielberg': 'Permanent', 'Silverstone': 'Permanent', 'Hungaroring': 'Permanent', 'Spa-Francorchamps': 'Permanent', 'Zandvoort': 'Permanent', 'Monza': 'Permanent', 'Baku': 'Street', 'Singapore': 'Street', 'Austin': 'Permanent', 'Mexico City': 'Permanent', 'Interlagos': 'Permanent', 'lusail': 'Street'}",Haas,MAG,1,HARD,2,17,16,True,104.24668750000001,103.179,6.355000000000004,0.15881029411765277,57.09112940999319,186.0618670092484,346.0,51.0,11,0.6875,1.9618125000000002,103.74640000000002
2024,Shanghai,5,"{'Sakhir': 'Street', 'Jeddah': 'Street', 'Melbourne': 'Street', 'Suzuka': 'Permanent', 'Shanghai': 'Permanent', 'Miami': 'Street', 'Imola': 'Permanent', 'Monte Carlo': 'Street', 'Montreal': 'Street', 'Catalunya': 'Permanent', 'Spielberg': 'Permanent', 'Silverstone': 'Permanent', 'Hungaroring': 'Permanent', 'Spa-Francorchamps': 'Permanent', 'Zandvoort': 'Permanent', 'Monza': 'Permanent', 'Baku': 'Street', 'Singapore': 'Street', 'Austin': 'Permanent', 'Mexico City': 'Permanent', 'Interlagos': 'Permanent', 'lusail': 'Street'}",Haas,MAG,2,HARD,18,27,10,True,126.8579,101.106,39.684,4.611387878787881,42.07369919689595,153.54570779146346,320.0,0.0,8,0.8,2.8738,140.74599999999998
2024,Shanghai,5,"{'Sakhir': 'Street', 'Jeddah': 'Street', 'Melbourne': 'Street', 'Suzuka': 'Permanent', 'Shanghai': 'Permanent', 'Miami': 'Street', 'Imola': 'Permanent', 'Monte Carlo': 'Street', 'Montreal': 'Street', 'Catalunya': 'Permanent', 'Spielberg': 'Permanent', 'Silverstone': 'Permanent', 'Hungaroring': 'Permanent', 'Spa-Francorchamps': 'Permanent', 'Zandvoort': 'Permanent', 'Monza': 'Permanent', 'Baku': 'Street', 'Singapore': 'Street', 'Austin': 'Permanent', 'Mexico City': 'Permanent', 'Interlagos': 'Permanent', 'lusail': 'Street'}",Haas,MAG,3,MEDIUM,28,56,29,False,106.29224137931034,101.077,-34.196,-0.7574113300492616,55.16529960228971,183.00966304439385,342.0,0.0,13,0.4482758620689655,5.070142857142856,103.99087499999999
2024,Shanghai,5,"{'Sakhir': 'Street', 'Jeddah': 'Street', 'Melbourne': 'Street', 'Suzuka': 'Permanent', 'Shanghai': 'Permanent', 'Miami': 'Street', 'Imola': 'Permanent', 'Monte Carlo': 'Street', 'Montreal': 'Street', 'Catalunya': 'Permanent', 'Spielberg': 'Permanent', 'Silverstone': 'Permanent', 'Hungaroring': 'Permanent', 'Spa-Francorchamps': 'Permanent', 'Zandvoort': 'Permanent', 'Monza': 'Permanent', 'Baku': 'Street', 'Singapore': 'Street', 'Austin': 'Permanent', 'Mexico City': 'Permanent', 'Interlagos': 'Permanent', 'lusail': 'Street'}",McLaren,NOR,1,MEDIUM,2,22,21,True,103.7062380952381,101.267,37.37899999999999,0.5178987012987007,55.62577313334986,186.26153536531135,332.0,49.0,17,0.8095238095238095,1.7177142857142857,111.41399999999999
2024,Shanghai,5,"{'Sakhir': 'Street', 'Jeddah': 'Street', 'Melbourne': 'Street', 'Suzuka': 'Permanent', 'Shanghai': 'Permanent', 'Miami': 'Street', 'Imola': 'Permanent', 'Monte Carlo': 'Street', 'Montreal': 'Street', 'Catalunya': 'Permanent', 'Spielberg': 'Permanent', 'Silverstone': 'Permanent', 'Hungaroring': 'Permanent', 'Spa-Francorchamps': 'Permanent', 'Zandvoort': 'Permanent', 'Monza': 'Permanent', 'Baku': 'Street', 'Singapore': 'Street', 'Austin': 'Permanent', 'Mexico City': 'Permanent', 'Interlagos': 'Permanent', 'lusail': 'Street'}",McLaren,NOR,2,HARD,23,56,34,False,111.29329411764706,98.751,-48.39299999999999,-1.4889533995416362,49.79042553687907,173.96069816956006,312.0,0.0,13,0.38235294117647056,5.932088235294119,102.21409523809524
2024,Shanghai,5,"{'Sakhir': 'Street', 'Jeddah': 'Street', 'Melbourne': 'Street', 'Suzuka': 'Permanent', 'Shanghai': 'Permanent', 'Miami': 'Street', 'Imola': 'Permanent', 'Monte Carlo': 'Street', 'Montreal': 'Street', 'Catalunya': 'Permanent', 'Spielberg': 'Permanent', 'Silverstone': 'Permanent', 'Hungaroring': 'Permanent', 'Spa-Francorchamps': 'Permanent', 'Zandvoort': 'Permanent', 'Monza': 'Permanent', 'Baku': 'Street', 'Singapore': 'Street', 'Austin': 'Permanent', 'Mexico City': 'Permanent', 'Interlagos': 'Permanent', 'lusail': 'Street'}",McLaren,PIA,1,MEDIUM,2,16,15,True,102.9206,101.607,6.036000000000001,0.20687857142857174,57.67452841296758,188.4927270561508,328.0,56.0,13,0.8666666666666667,1.9618,105.39099999999999
2024,Shanghai,5,"{'Sakhir': 'Street', 'Jeddah': 'Street', 'Melbourne': 'Street', 'Suzuka': 'Permanent', 'Shanghai': 'Permanent', 'Miami': 'Street', 'Imola': 'Permanent', 'Monte Carlo': 'Street', 'Montreal': 'Street', 'Catalunya': 'Permanent', 'Spielberg': 'Permanent', 'Silverstone': 'Permanent', 'Hungaroring': 'Permanent', 'Spa-Francorchamps': 'Permanent', 'Zandvoort': 'Permanent', 'Monza': 'Permanent', 'Baku': 'Street', 'Singapore': 'Street', 'Austin': 'Permanent', 'Mexico City': 'Permanent', 'Interlagos': 'Permanent', 'lusail': 'Street'}",McLaren,PIA,2,MEDIUM,17,24,8,True,117.24687500000002,99.739,18.292999999999992,4.8507023809523915,44.23354104234016,165.66809478515833,330.0,0.0,3,0.375,2.9365,121.2826
2024,Shanghai,5,"{'Sakhir': 'Street', 'Jeddah': 'Street', 'Melbourne': 'Street', 'Suzuka': 'Permanent', 'Shanghai': 'Permanent', 'Miami': 'Street', 'Imola': 'Permanent', 'Monte Carlo': 'Street', 'Montreal': 'Street', 'Catalunya': 'Permanent', 'Spielberg': 'Permanent', 'Silverstone': 'Permanent', 'Hungaroring': 'Permanent', 'Spa-Francorchamps': 'Permanent', 'Zandvoort': 'Permanent', 'Monza': 'Permanent', 'Baku': 'Street', 'Singapore': 'Street', 'Austin': 'Permanent', 'Mexico City': 'Permanent', 'Interlagos': 'Permanent', 'lusail': 'Street'}",McLaren,PIA,3,HARD,25,56,32,False,110.05771874999999,100.397,-43.462,-1.2701321480938412,51.03398444596959,176.74129155133525,322.0,0.0,14,0.4375,4.686812499999999,101.37283333333332
2024,Shanghai,5,"{'Sakhir': 'Street', 'Jeddah': 'Street', 'Melbourne': 'Street', 'Suzuka': 'Permanent', 'Shanghai': 'Permanent', 'Miami': 'Street', 'Imola': 'Permanent', 'Monte Carlo': 'Street', 'Montreal': 'Street', 'Catalunya': 'Permanent', 'Spielberg': 'Permanent', 'Silverstone': 'Permanent', 'Hungaroring': 'Permanent', 'Spa-Francorchamps': 'Permanent', 'Zandvoort': 'Permanent', 'Monza': 'Permanent', 'Baku': 'Street', 'Singapore': 'Street', 'Austin': 'Permanent', 'Mexico City': 'Permanent', 'Interlagos': 'Permanent', 'lusail': 'Street'}",Mercedes,HAM,1,SOFT,2,9,8,True,104.098375,102.906,3.806999999999988,0.4054880952380967,58.09110768099719,185.97017328092318,341.0,55.0,7,0.875,0.8714285714285716,102.906
2024,Shanghai,5,"{'Sakhir': 'Street', 'Jeddah': 'Street', 'Melbourne': 'Street', 'Suzuka': 'Permanent', 'Shanghai': 'Permanent', 'Miami': 'Street', 'Imola': 'Permanent', 'Monte Carlo': 'Street', 'Montreal': 'Street', 'Catalunya': 'Permanent', 'Spielberg': 'Permanent', 'Silverstone': 'Permanent', 'Hungaroring': 'Permanent', 'Spa-Francorchamps': 'Permanent', 'Zandvoort': 'Permanent', 'Monza': 'Permanent', 'Baku': 'Street', 'Singapore': 'Street', 'Austin': 'Permanent', 'Mexico City': 'Permanent', 'Interlagos': 'Permanent', 'lusail': 'Street'}",Mercedes,HAM,2,MEDIUM,10,21,12,True,105.35408333333334,101.409,3.8699999999999903,0.24295454545454953,58.05316206575964,184.05732691885515,334.0,0.0,11,0.9166666666666666,1.9666666666666666,122.779
2024,Shanghai,5,"{'Sakhir': 'Street', 'Jeddah': 'Street', 'Melbourne': 'Street', 'Suzuka': 'Permanent', 'Shanghai': 'Permanent', 'Miami': 'Street', 'Imola': 'Permanent', 'Monte Carlo': 'Street', 'Montreal': 'Street', 'Catalunya': 'Permanent', 'Spielberg': 'Permanent', 'Silverstone': 'Permanent', 'Hungaroring': 'Permanent', 'Spa-Francorchamps': 'Permanent', 'Zandvoort': 'Permanent', 'Monza': 'Permanent', 'Baku': 'Street', 'Singapore': 'Street', 'Austin': 'Permanent', 'Mexico City': 'Permanent', 'Interlagos': 'Permanent', 'lusail': 'Street'}",Mercedes,HAM,3,HARD,22,56,35,False,111.48577142857141,100.835,-47.31299999999999,-1.2226896358543415,51.13735689207399,173.94285818338994,337.0,0.0,32,0.9142857142857143,1.4307941176470589,116.46499999999999
2024,Shanghai,5,"{'Sakhir': 'Street', 'Jeddah': 'Street', 'Melbourne': 'Street', 'Suzuka': 'Permanent', 'Shanghai': 'Permanent', 'Miami': 'Street', 'Imola': 'Permanent', 'Monte Carlo': 'Street', 'Montreal': 'Street', 'Catalunya': 'Permanent', 'Spielberg': 'Permanent', 'Silverstone': 'Permanent', 'Hungaroring': 'Permanent', 'Spa-Francorchamps': 'Permanent', 'Zandvoort': 'Permanent', 'Monza': 'Permanent', 'Baku': 'Street', 'Singapore': 'Street', 'Austin': 'Permanent', 'Mexico City': 'Permanent', 'Interlagos': 'Permanent', 'lusail': 'Street'}",Mercedes,RUS,1,MEDIUM,2,11,10,True,103.15929999999999,101.696,6.320000000000007,0.4709757575757696,57.3022067330527,187.54118145061562,334.0,53.0,10,1.0,1.1123,
2024,Shanghai,5,"{'Sakhir': 'Street', 'Jeddah': 'Street', 'Melbourne': 'Street', 'Suzuka': 'Permanent', 'Shanghai': 'Permanent', 'Miami': 'Street', 'Imola': 'Permanent', 'Monte Carlo': 'Street', 'Montreal': 'Street', 'Catalunya': 'Permanent', 'Spielberg': 'Permanent', 'Silverstone': 'Permanent', 'Hungaroring': 'Permanent', 'Spa-Francorchamps': 'Permanent', 'Zandvoort': 'Permanent', 'Monza': 'Permanent', 'Baku': 'Street', 'Singapore': 'Street', 'Austin': 'Permanent', 'Mexico City': 'Permanent', 'Interlagos': 'Permanent', 'lusail': 'Street'}",Mercedes,RUS,2,MEDIUM,12,23,12,True,109.43641666666667,100.785,20.071000000000012,2.067143356643356,52.681813577629406,176.82647442012598,337.0,0.0,12,1.0,1.99,
2024,Shanghai,5,"{'Sakhir': 'Street', 'Jeddah': 'Street', 'Melbourne': 'Street', 'Suzuka': 'Permanent', 'Shanghai': 'Permanent', 'Miami': 'Street', 'Imola': 'Permanent', 'Monte Carlo': 'Street', 'Montreal': 'Street', 'Catalunya': 'Permanent', 'Spielberg': 'Permanent', 'Silverstone': 'Permanent', 'Hungaroring': 'Permanent', 'Spa-Francorchamps': 'Permanent', 'Zandvoort': 'Permanent', 'Monza': 'Permanent', 'Baku': 'Street', 'Singapore': 'Street', 'Austin': 'Permanent', 'Mexico City': 'Permanent', 'Interlagos': 'Permanent', 'lusail': 'Street'}",Mercedes,RUS,3,HARD,24,56,33,False,110.32430303030303,100.112,-48.07900000000001,-1.3317299465240608,52.24895299130685,176.42269309832358,332.0,0.0,29,0.8787878787878788,1.9763939393939396,100.93299999999999
2024,Shanghai,5,"{'Sakhir': 'Street', 'Jeddah': 'Street', 'Melbourne': 'Street', 'Suzuka': 'Permanent', 'Shanghai': 'Permanent', 'Miami': 'Street', 'Imola': 'Permanent', 'Monte Carlo': 'Street', 'Montreal': 'Street', 'Catalunya': 'Permanent', 'Spielberg': 'Permanent', 'Silverstone': 'Permanent', 'Hungaroring': 'Permanent', 'Spa-Francorchamps': 'Permanent', 'Zandvoort': 'Permanent', 'Monza': 'Permanent', 'Baku': 'Street', 'Singapore': 'Street', 'Austin': 'Permanent', 'Mexico City': 'Permanent', 'Interlagos': 'Permanent', 'lusail': 'Street'}",RB,RIC,1,MEDIUM,2,14,13,True,103.73507692307693,102.976,4.332000000000008,0.14052747252747746,58.49305624244848,186.51787038413158,340.0,56.0,10,0.7692307692307693,3.0913076923076925,104.64433333333334
2024,Shanghai,5,"{'Sakhir': 'Street', 'Jeddah': 'Street', 'Melbourne': 'Street', 'Suzuka': 'Permanent', 'Shanghai': 'Permanent', 'Miami': 'Street', 'Imola': 'Permanent', 'Monte Carlo': 'Street', 'Montreal': 'Street', 'Catalunya': 'Permanent', 'Spielberg': 'Permanent', 'Silverstone': 'Permanent', 'Hungaroring': 'Permanent', 'Spa-Francorchamps': 'Permanent', 'Zandvoort': 'Permanent', 'Monza': 'Permanent', 'Baku': 'Street', 'Singapore': 'Street', 'Austin': 'Permanent', 'Mexico City': 'Permanent', 'Interlagos': 'Permanent', 'lusail': 'Street'}",RB,RIC,2,MEDIUM,15,33,19,False,123.06621052631579,100.994,-4.841999999999999,1.6341140350877255,45.898951110703294,157.01346529995382,337.0,0.0,16,0.8421052631578947,1.7443684210526316,133.20133333333334
2024,Shanghai,5,"{'Sakhir': 'Street', 'Jeddah': 'Street', 'Melbourne': 'Street', 'Suzuka': 'Permanent', 'Shanghai': 'Permanent', 'Miami': 'Street', 'Imola': 'Permanent', 'Monte Carlo': 'Street', 'Montreal': 'Street', 'Catalunya': 'Permanent', 'Spielberg': 'Permanent', 'Silverstone': 'Permanent', 'Hungaroring': 'Permanent', 'Spa-Francorchamps': 'Permanent', 'Zandvoort': 'Permanent', 'Monza': 'Permanent', 'Baku': 'Street', 'Singapore': 'Street', 'Austin': 'Permanent', 'Mexico City': 'Permanent', 'Interlagos': 'Permanent', 'lusail': 'Street'}",RB,TSU,1,SOFT,2,8,7,True,104.23028571428573,103.095,4.756,0.5882857142857059,57.215918847623364,185.6905456751523,338.0,56.0,7,1.0,0.7874285714285715,
2024,Shanghai,5,"{'Sakhir': 'Street', 'Jeddah': 'Street', 'Melbourne': 'Street', 'Suzuka': 'Permanent', 'Shanghai': 'Permanent', 'Miami': 'Street', 'Imola': 'Permanent', 'Monte Carlo': 'Street', 'Montreal': 'Street', 'Catalunya': 'Permanent', 'Spielberg': 'Permanent', 'Silverstone': 'Permanent', 'Hungaroring': 'Permanent', 'Spa-Francorchamps': 'Permanent', 'Zandvoort': 'Permanent', 'Monza': 'Permanent', 'Baku': 'Street', 'Singapore': 'Street', 'Austin': 'Permanent', 'Mexico City': 'Permanent', 'Interlagos': 'Permanent', 'lusail': 'Street'}",RB,TSU,2,MEDIUM,9,23,15,True,109.30433333333332,101.593,17.857,1.4601428571428583,55.500374130896446,177.35421069149777,330.0,0.0,13,0.8666666666666667,2.2728666666666664,119.8375
2024,Shanghai,5,"{'Sakhir': 'Street', 'Jeddah': 'Street', 'Melbourne': 'Street', 'Suzuka': 'Permanent', 'Shanghai': 'Permanent', 'Miami': 'Street', 'Imola': 'Permanent', 'Monte Carlo': 'Street', 'Montreal': 'Street', 'Catalunya': 'Permanent', 'Spielberg': 'Permanent', 'Silverstone': 'Permanent', 'Hungaroring': 'Permanent', 'Spa-Francorchamps': 'Permanent', 'Zandvoort': 'Permanent', 'Monza': 'Permanent', 'Baku': 'Street', 'Singapore': 'Street', 'Austin': 'Permanent', 'Mexico City': 'Permanent', 'Interlagos': 'Permanent', 'lusail': 'Street'}",RB,TSU,3,HARD,24,26,3,False,135.80433333333335,114.27,-5.722999999999985,-2.861499999999978,44.82292226639637,142.7137603239662,277.0,0.0,3,1.0,1.984,
2024,Shanghai,5,"{'Sakhir': 'Street', 'Jeddah': 'Street', 'Melbourne': 'Street', 'Suzuka': 'Permanent', 'Shanghai': 'Permanent', 'Miami': 'Street', 'Imola': 'Permanent', 'Monte Carlo': 'Street', 'Montreal': 'Street', 'Catalunya': 'Permanent', 'Spielberg': 'Permanent', 'Silverstone': 'Permanent', 'Hungaroring': 'Permanent', 'Spa-Francorchamps': 'Permanent', 'Zandvoort': 'Permanent', 'Monza': 'Permanent', 'Baku': 'Street', 'Singapore': 'Street', 'Austin': 'Permanent', 'Mexico City': 'Permanent', 'Interlagos': 'Permanent', 'lusail': 'Street'}",Red Bull,PER,1,MEDIUM,2,13,12,True,102.04516666666667,100.881,5.984999999999999,0.2802587412587461,58.441500502983565,190.19855588519712,332.0,56.0,3,0.25,5.685666666666666,102.34266666666667
2024,Shanghai,5,"{'Sakhir': 'Street', 'Jeddah': 'Street', 'Melbourne': 'Street', 'Suzuka': 'Permanent', 'Shanghai': 'Permanent', 'Miami': 'Street', 'Imola': 'Permanent', 'Monte Carlo': 'Street', 'Montreal': 'Street', 'Catalunya': 'Permanent', 'Spielberg': 'Permanent', 'Silverstone': 'Permanent', 'Hungaroring': 'Permanent', 'Spa-Francorchamps': 'Permanent', 'Zandvoort': 'Permanent', 'Monza': 'Permanent', 'Baku': 'Street', 'Singapore': 'Street', 'Austin': 'Permanent', 'Mexico City': 'Permanent', 'Interlagos': 'Permanent', 'lusail': 'Street'}",Red Bull,PER,2,HARD,14,23,10,True,110.0278,100.038,19.236999999999995,2.6473090909090944,52.892384427740325,177.18239145527264,335.0,0.0,3,0.3,6.5812,112.92757142857143
2024,Shanghai,5,"{'Sakhir': 'Street', 'Jeddah': 'Street', 'Melbourne': 'Street', 'Suzuka': 'Permanent', 'Shanghai': 'Permanent', 'Miami': 'Street', 'Imola': 'Permanent', 'Monte Carlo': 'Street', 'Montreal': 'Street', 'Catalunya': 'Permanent', 'Spielberg': 'Permanent', 'Silverstone': 'Permanent', 'Hungaroring': 'Permanent', 'Spa-Francorchamps': 'Permanent', 'Zandvoort': 'Permanent', 'Monza': 'Permanent', 'Baku': 'Street', 'Singapore': 'Street', 'Austin': 'Permanent', 'Mexico City': 'Permanent', 'Interlagos': 'Permanent', 'lusail': 'Street'}",Red Bull,PER,3,HARD,24,56,33,False,110.39163636363638,99.388,-51.84299999999999,-1.4419428475935794,52.153574507376725,175.75858693311008,332.0,0.0,15,0.45454545454545453,2.9078125,99.94038888888889
2024,Shanghai,5,"{'Sakhir': 'Street', 'Jeddah': 'Street', 'Melbourne': 'Street', 'Suzuka': 'Permanent', 'Shanghai': 'Permanent', 'Miami': 'Street', 'Imola': 'Permanent', 'Monte Carlo': 'Street', 'Montreal': 'Street', 'Catalunya': 'Permanent', 'Spielberg': 'Permanent', 'Silverstone': 'Permanent', 'Hungaroring': 'Permanent', 'Spa-Francorchamps': 'Permanent', 'Zandvoort': 'Permanent', 'Monza': 'Permanent', 'Baku': 'Street', 'Singapore': 'Street', 'Austin': 'Permanent', 'Mexico City': 'Permanent', 'Interlagos': 'Permanent', 'lusail': 'Street'}",Red Bull,VER,1,MEDIUM,2,13,12,True,101.44066666666667,100.103,6.423000000000002,0.30211888111888463,59.15138741386069,191.4945097589453,311.0,58.0,12,1.0,0.0,
2024,Shanghai,5,"{'Sakhir': 'Street', 'Jeddah': 'Street', 'Melbourne': 'Street', 'Suzuka': 'Permanent', 'Shanghai': 'Permanent', 'Miami': 'Street', 'Imola': 'Permanent', 'Monte Carlo': 'Street', 'Montreal': 'Street', 'Catalunya': 'Permanent', 'Spielberg': 'Permanent', 'Silverstone': 'Permanent', 'Hungaroring': 'Permanent', 'Spa-Francorchamps': 'Permanent', 'Zandvoort': 'Permanent', 'Monza': 'Permanent', 'Baku': 'Street', 'Singapore': 'Street', 'Austin': 'Permanent', 'Mexico City': 'Permanent', 'Interlagos': 'Permanent', 'lusail': 'Street'}",Red Bull,VER,2,HARD,14,23,10,True,109.1183,99.519,18.86399999999999,2.527218181818181,53.39976269531061,178.30576909735217,332.0,0.0,8,0.8,1.6456,99.75200000000001
2024,Shanghai,5,"{'Sakhir': 'Street', 'Jeddah': 'Street', 'Melbourne': 'Street', 'Suzuka': 'Permanent', 'Shanghai': 'Permanent', 'Miami': 'Street', 'Imola': 'Permanent', 'Monte Carlo': 'Street', 'Montreal': 'Street', 'Catalunya': 'Permanent', 'Spielberg': 'Permanent', 'Silverstone': 'Permanent', 'Hungaroring': 'Permanent', 'Spa-Francorchamps': 'Permanent', 'Zandvoort': 'Permanent', 'Monza': 'Permanent', 'Baku': 'Street', 'Singapore': 'Street', 'Austin': 'Permanent', 'Mexico City': 'Permanent', 'Interlagos': 'Permanent', 'lusail': 'Street'}",Red Bull,VER,3,HARD,24,56,33,False,110.38045454545454,98.406,-66.03099999999999,-1.539305815508019,52.517704969166545,176.3799098368414,311.0,0.0,33,1.0,0.0,
2024,Shanghai,5,"{'Sakhir': 'Street', 'Jeddah': 'Street', 'Melbourne': 'Street', 'Suzuka': 'Permanent', 'Shanghai': 'Permanent', 'Miami': 'Street', 'Imola': 'Permanent', 'Monte Carlo': 'Street', 'Montreal': 'Street', 'Catalunya': 'Permanent', 'Spielberg': 'Permanent', 'Silverstone': 'Permanent', 'Hungaroring': 'Permanent', 'Spa-Francorchamps': 'Permanent', 'Zandvoort': 'Permanent', 'Monza': 'Permanent', 'Baku': 'Street', 'Singapore': 'Street', 'Austin': 'Permanent', 'Mexico City': 'Permanent', 'Interlagos': 'Permanent', 'lusail': 'Street'}",Sauber,BOT,1,MEDIUM,2,9,8,True,103.66875,102.548,4.936000000000007,0.4619285714285763,58.65900495977263,187.7642597517916,342.0,49.0,8,1.0,1.008375,
2024,Shanghai,5,"{'Sakhir': 'Street', 'Jeddah': 'Street', 'Melbourne': 'Street', 'Suzuka': 'Permanent', 'Shanghai': 'Permanent', 'Miami': 'Street', 'Imola': 'Permanent', 'Monte Carlo': 'Street', 'Montreal': 'Street', 'Catalunya': 'Permanent', 'Spielberg': 'Permanent', 'Silverstone': 'Permanent', 'Hungaroring': 'Permanent', 'Spa-Francorchamps': 'Permanent', 'Zandvoort': 'Permanent', 'Monza': 'Permanent', 'Baku': 'Street', 'Singapore': 'Street', 'Austin': 'Permanent', 'Mexico City': 'Permanent', 'Interlagos': 'Permanent', 'lusail': 'Street'}",Sauber,BOT,2,HARD,10,19,10,False,104.1021,101.276,-18.76400000000001,-0.9401636363636341,59.70551487977601,186.72444987389287,332.0,0.0,10,1.0,1.4011,
2024,Shanghai,5,"{'Sakhir': 'Street', 'Jeddah': 'Street', 'Melbourne': 'Street', 'Suzuka': 'Permanent', 'Shanghai': 'Permanent', 'Miami': 'Street', 'Imola': 'Permanent', 'Monte Carlo': 'Street', 'Montreal': 'Street', 'Catalunya': 'Permanent', 'Spielberg': 'Permanent', 'Silverstone': 'Permanent', 'Hungaroring': 'Permanent', 'Spa-Francorchamps': 'Permanent', 'Zandvoort': 'Permanent', 'Monza': 'Permanent', 'Baku': 'Street', 'Singapore': 'Street', 'Austin': 'Permanent', 'Mexico City': 'Permanent', 'Interlagos': 'Permanent', 'lusail': 'Street'}",Sauber,ZHO,1,MEDIUM,2,8,7,True,104.80771428571427,103.484,5.079999999999998,0.5761428571428413,55.90417505500172,184.68919806920306,340.0,56.0,7,1.0,0.6437142857142858,
2024,Shanghai,5,"{'Sakhir': 'Street', 'Jeddah': 'Street', 'Melbourne': 'Street', 'Suzuka': 'Permanent', 'Shanghai': 'Permanent', 'Miami': 'Street', 'Imola': 'Permanent', 'Monte Carlo': 'Street', 'Montreal': 'Street', 'Catalunya': 'Permanent', 'Spielberg': 'Permanent', 'Silverstone': 'Permanent', 'Hungaroring': 'Permanent', 'Spa-Francorchamps': 'Permanent', 'Zandvoort': 'Permanent', 'Monza': 'Permanent', 'Baku': 'Street', 'Singapore': 'Street', 'Austin': 'Permanent', 'Mexico City': 'Permanent', 'Interlagos': 'Permanent', 'lusail': 'Street'}",Sauber,ZHO,2,HARD,9,23,15,True,109.55753333333334,101.765,16.400000000000006,1.4849214285714296,54.20754010059527,177.3443168987196,315.0,0.0,7,0.4666666666666667,3.2283333333333335,112.993875
2024,Shanghai,5,"{'Sakhir': 'Street', 'Jeddah': 'Street', 'Melbourne': 'Street', 'Suzuka': 'Permanent', 'Shanghai': 'Permanent', 'Miami': 'Street', 'Imola': 'Permanent', 'Monte Carlo': 'Street', 'Montreal': 'Street', 'Catalunya': 'Permanent', 'Spielberg': 'Permanent', 'Silverstone': 'Permanent', 'Hungaroring': 'Permanent', 'Spa-Francorchamps': 'Permanent', 'Zandvoort': 'Permanent', 'Monza': 'Permanent', 'Baku': 'Street', 'Singapore': 'Street', 'Austin': 'Permanent', 'Mexico City': 'Permanent', 'Interlagos': 'Permanent', 'lusail': 'Street'}",Sauber,ZHO,3,HARD,24,40,17,True,118.43676470588235,101.283,-46.2,-2.859502450980397,48.31991308570786,164.39894968604034,339.0,0.0,14,0.8235294117647058,1.8261764705882353,120.16366666666666
2024,Shanghai,5,"{'Sakhir': 'Street', 'Jeddah': 'Street', 'Melbourne': 'Street', 'Suzuka': 'Permanent', 'Shanghai': 'Permanent', 'Miami': 'Street', 'Imola': 'Permanent', 'Monte Carlo': 'Street', 'Montreal': 'Street', 'Catalunya': 'Permanent', 'Spielberg': 'Permanent', 'Silverstone': 'Permanent', 'Hungaroring': 'Permanent', 'Spa-Francorchamps': 'Permanent', 'Zandvoort': 'Permanent', 'Monza': 'Permanent', 'Baku': 'Street', 'Singapore': 'Street', 'Austin': 'Permanent', 'Mexico City': 'Permanent', 'Interlagos': 'Permanent', 'lusail': 'Street'}",Sauber,ZHO,4,SOFT,41,56,16,False,101.44562499999999,98.633,-17.63600000000001,-0.2804852941176439,60.095659997586445,191.897870288303,334.0,0.0,11,0.6875,2.8950625,103.20320000000001
2024,Shanghai,5,"{'Sakhir': 'Street', 'Jeddah': 'Street', 'Melbourne': 'Street', 'Suzuka': 'Permanent', 'Shanghai': 'Permanent', 'Miami': 'Street', 'Imola': 'Permanent', 'Monte Carlo': 'Street', 'Montreal': 'Street', 'Catalunya': 'Permanent', 'Spielberg': 'Permanent', 'Silverstone': 'Permanent', 'Hungaroring': 'Permanent', 'Spa-Francorchamps': 'Permanent', 'Zandvoort': 'Permanent', 'Monza': 'Permanent', 'Baku': 'Street', 'Singapore': 'Street', 'Austin': 'Permanent', 'Mexico City': 'Permanent', 'Interlagos': 'Permanent', 'lusail': 'Street'}",Williams,ALB,1,MEDIUM,2,9,8,True,103.95175,102.975,5.213999999999999,0.5059761904761946,54.399530014483254,186.59858367371285,338.0,53.0,8,1.0,1.0085,
2024,Shanghai,5,"{'Sakhir': 'Street', 'Jeddah': 'Street', 'Melbourne': 'Street', 'Suzuka': 'Permanent', 'Shanghai': 'Permanent', 'Miami': 'Street', 'Imola': 'Permanent', 'Monte Carlo': 'Street', 'Montreal': 'Street', 'Catalunya': 'Permanent', 'Spielberg': 'Permanent', 'Silverstone': 'Permanent', 'Hungaroring': 'Permanent', 'Spa-Francorchamps': 'Permanent', 'Zandvoort': 'Permanent', 'Monza': 'Permanent', 'Baku': 'Street', 'Singapore': 'Street', 'Austin': 'Permanent', 'Mexico City': 'Permanent', 'Interlagos': 'Permanent', 'lusail': 'Street'}",Williams,ALB,2,MEDIUM,10,23,14,True,110.10914285714284,102.151,15.096000000000004,1.557441758241756,48.831408389244956,175.77353166073476,338.0,0.0,12,0.8571428571428571,1.9082307692307694,111.8325
2024,Shanghai,5,"{'Sakhir': 'Street', 'Jeddah': 'Street', 'Melbourne': 'Street', 'Suzuka': 'Permanent', 'Shanghai': 'Permanent', 'Miami': 'Street', 'Imola': 'Permanent', 'Monte Carlo': 'Street', 'Montreal': 'Street', 'Catalunya': 'Permanent', 'Spielberg': 'Permanent', 'Silverstone': 'Permanent', 'Hungaroring': 'Permanent', 'Spa-Francorchamps': 'Permanent', 'Zandvoort': 'Permanent', 'Monza': 'Permanent', 'Baku': 'Street', 'Singapore': 'Street', 'Austin': 'Permanent', 'Mexico City': 'Permanent', 'Interlagos': 'Permanent', 'lusail': 'Street'}",Williams,ALB,3,HARD,24,56,33,False,110.16830303030302,100.79,-48.275000000000006,-1.1616714572192484,48.83478949180948,175.85401554936973,320.0,0.0,32,0.9696969696969697,1.6135151515151513,111.954
2024,Shanghai,5,"{'Sakhir': 'Street', 'Jeddah': 'Street', 'Melbourne': 'Street', 'Suzuka': 'Permanent', 'Shanghai': 'Permanent', 'Miami': 'Street', 'Imola': 'Permanent', 'Monte Carlo': 'Street', 'Montreal': 'Street', 'Catalunya': 'Permanent', 'Spielberg': 'Permanent', 'Silverstone': 'Permanent', 'Hungaroring': 'Permanent', 'Spa-Francorchamps': 'Permanent', 'Zandvoort': 'Permanent', 'Monza': 'Permanent', 'Baku': 'Street', 'Singapore': 'Street', 'Austin': 'Permanent', 'Mexico City': 'Permanent', 'Interlagos': 'Permanent', 'lusail': 'Street'}",Williams,SAR,1,SOFT,2,12,11,True,104.27827272727272,103.236,4.981000000000009,0.20845454545454314,53.67166007801791,185.04748575404656,337.0,52.0,11,1.0,1.0467272727272727,
2024,Shanghai,5,"{'Sakhir': 'Street', 'Jeddah': 'Street', 'Melbourne': 'Street', 'Suzuka': 'Permanent', 'Shanghai': 'Permanent', 'Miami': 'Street', 'Imola': 'Permanent', 'Monte Carlo': 'Street', 'Montreal': 'Street', 'Catalunya': 'Permanent', 'Spielberg': 'Permanent', 'Silverstone': 'Permanent', 'Hungaroring': 'Permanent', 'Spa-Francorchamps': 'Permanent', 'Zandvoort': 'Permanent', 'Monza': 'Permanent', 'Baku': 'Street', 'Singapore': 'Street', 'Austin': 'Permanent', 'Mexico City': 'Permanent', 'Interlagos': 'Permanent', 'lusail': 'Street'}",Williams,SAR,2,MEDIUM,13,24,12,True,113.40674999999999,101.0,15.123000000000005,2.7549545454545483,46.559168369494145,170.38649394531146,330.0,0.0,8,0.6666666666666666,2.694416666666667,114.58
2024,Shanghai,5,"{'Sakhir': 'Street', 'Jeddah': 'Street', 'Melbourne': 'Street', 'Suzuka': 'Permanent', 'Shanghai': 'Permanent', 'Miami': 'Street', 'Imola': 'Permanent', 'Monte Carlo': 'Street', 'Montreal': 'Street', 'Catalunya': 'Permanent', 'Spielberg': 'Permanent', 'Silverstone': 'Permanent', 'Hungaroring': 'Permanent', 'Spa-Francorchamps': 'Permanent', 'Zandvoort': 'Permanent', 'Monza': 'Permanent', 'Baku': 'Street', 'Singapore': 'Street', 'Austin': 'Permanent', 'Mexico City': 'Permanent', 'Interlagos': 'Permanent', 'lusail': 'Street'}",Williams,SAR,3,HARD,25,56,32,False,109.92475,101.096,-23.605000000000004,-1.073599706744867,50.738124463016845,176.69911471300418,329.0,0.0,21,0.65625,2.868375,104.55690909090909
2024,Silverstone,12,"{'Sakhir': 'Street', 'Jeddah': 'Street', 'Melbourne': 'Street', 'Suzuka': 'Permanent', 'Shanghai': 'Permanent', 'Miami': 'Street', 'Imola': 'Permanent', 'Monte Carlo': 'Street', 'Montreal': 'Street', 'Catalunya': 'Permanent', 'Spielberg': 'Permanent', 'Silverstone': 'Permanent', 'Hungaroring': 'Permanent', 'Spa-Francorchamps': 'Permanent', 'Zandvoort': 'Permanent', 'Monza': 'Permanent', 'Baku': 'Street', 'Singapore': 'Street', 'Austin': 'Permanent', 'Mexico City': 'Permanent', 'Interlagos': 'Permanent', 'lusail': 'Street'}",Alpine,OCO,1,SOFT,2,19,18,True,95.12505555555556,93.21,7.884999999999991,0.3430371517027872,72.05923053846114,219.9497661218708,333.0,71.0,10,0.5555555555555556,3.6519999999999992,96.64825
2024,Silverstone,12,"{'Sakhir': 'Street', 'Jeddah': 'Street', 'Melbourne': 'Street', 'Suzuka': 'Permanent', 'Shanghai': 'Permanent', 'Miami': 'Street', 'Imola': 'Permanent', 'Monte Carlo': 'Street', 'Montreal': 'Street', 'Catalunya': 'Permanent', 'Spielberg': 'Permanent', 'Silverstone': 'Permanent', 'Hungaroring': 'Permanent', 'Spa-Francorchamps': 'Permanent', 'Zandvoort': 'Permanent', 'Monza': 'Permanent', 'Baku': 'Street', 'Singapore': 'Street', 'Austin': 'Permanent', 'Mexico City': 'Permanent', 'Interlagos': 'Permanent', 'lusail': 'Street'}",Alpine,OCO,2,INTERMEDIATE,20,21,2,True,110.38050000000001,99.736,-21.289,-21.289000000000026,66.21920530440285,187.86194012482625,293.0,0.0,0,0.0,23.564999999999998,110.38050000000001
2024,Silverstone,12,"{'Sakhir': 'Street', 'Jeddah': 'Street', 'Melbourne': 'Street', 'Suzuka': 'Permanent', 'Shanghai': 'Permanent', 'Miami': 'Street', 'Imola': 'Permanent', 'Monte Carlo': 'Street', 'Montreal': 'Street', 'Catalunya': 'Permanent', 'Spielberg': 'Permanent', 'Silverstone': 'Permanent', 'Hungaroring': 'Permanent', 'Spa-Francorchamps': 'Permanent', 'Zandvoort': 'Permanent', 'Monza': 'Permanent', 'Baku': 'Street', 'Singapore': 'Street', 'Austin': 'Permanent', 'Mexico City': 'Permanent', 'Interlagos': 'Permanent', 'lusail': 'Street'}",Alpine,OCO,3,MEDIUM,22,26,5,True,106.96860000000001,95.488,3.5019999999999953,1.894800000000002,63.226602417194556,195.72679182800985,298.0,0.0,0,0.0,20.2218,106.96860000000001
2024,Silverstone,12,"{'Sakhir': 'Street', 'Jeddah': 'Street', 'Melbourne': 'Street', 'Suzuka': 'Permanent', 'Shanghai': 'Permanent', 'Miami': 'Street', 'Imola': 'Permanent', 'Monte Carlo': 'Street', 'Montreal': 'Street', 'Catalunya': 'Permanent', 'Spielberg': 'Permanent', 'Silverstone': 'Permanent', 'Hungaroring': 'Permanent', 'Spa-Francorchamps': 'Permanent', 'Zandvoort': 'Permanent', 'Monza': 'Permanent', 'Baku': 'Street', 'Singapore': 'Street', 'Austin': 'Permanent', 'Mexico City': 'Permanent', 'Interlagos': 'Permanent', 'lusail': 'Street'}",Alpine,OCO,4,INTERMEDIATE,27,38,12,True,104.62733333333334,99.44,-23.296000000000006,-0.895895104895104,64.40671424213159,199.9210541653773,297.0,0.0,0,0.0,14.001,104.62733333333334
2024,Silverstone,12,"{'Sakhir': 'Street', 'Jeddah': 'Street', 'Melbourne': 'Street', 'Suzuka': 'Permanent', 'Shanghai': 'Permanent', 'Miami': 'Street', 'Imola': 'Permanent', 'Monte Carlo': 'Street', 'Montreal': 'Street', 'Catalunya': 'Permanent', 'Spielberg': 'Permanent', 'Silverstone': 'Permanent', 'Hungaroring': 'Permanent', 'Spa-Francorchamps': 'Permanent', 'Zandvoort': 'Permanent', 'Monza': 'Permanent', 'Baku': 'Street', 'Singapore': 'Street', 'Austin': 'Permanent', 'Mexico City': 'Permanent', 'Interlagos': 'Permanent', 'lusail': 'Street'}",Alpine,OCO,5,MEDIUM,39,50,12,False,94.27550000000001,90.875,-28.52199999999999,-0.9949930069930064,73.17410420328159,222.3795029819803,312.0,0.0,0,0.0,26.853000000000005,94.27550000000001
2024,Silverstone,12,"{'Sakhir': 'Street', 'Jeddah': 'Street', 'Melbourne': 'Street', 'Suzuka': 'Permanent', 'Shanghai': 'Permanent', 'Miami': 'Street', 'Imola': 'Permanent', 'Monte Carlo': 'Street', 'Montreal': 'Street', 'Catalunya': 'Permanent', 'Spielberg': 'Permanent', 'Silverstone': 'Permanent', 'Hungaroring': 'Permanent', 'Spa-Francorchamps': 'Permanent', 'Zandvoort': 'Permanent', 'Monza': 'Permanent', 'Baku': 'Street', 'Singapore': 'Street', 'Austin': 'Permanent', 'Mexico City': 'Permanent', 'Interlagos': 'Permanent', 'lusail': 'Street'}",Aston Martin,ALO,1,MEDIUM,2,27,26,True,94.79623076923076,92.259,15.311000000000007,0.31558290598290434,67.02534482865363,220.62596137949083,332.0,61.0,25,0.9615384615384616,1.3186153846153845,108.513
2024,Silverstone,12,"{'Sakhir': 'Street', 'Jeddah': 'Street', 'Melbourne': 'Street', 'Suzuka': 'Permanent', 'Shanghai': 'Permanent', 'Miami': 'Street', 'Imola': 'Permanent', 'Monte Carlo': 'Street', 'Montreal': 'Street', 'Catalunya': 'Permanent', 'Spielberg': 'Permanent', 'Silverstone': 'Permanent', 'Hungaroring': 'Permanent', 'Spa-Francorchamps': 'Permanent', 'Zandvoort': 'Permanent', 'Monza': 'Permanent', 'Baku': 'Street', 'Singapore': 'Street', 'Austin': 'Permanent', 'Mexico City': 'Permanent', 'Interlagos': 'Permanent', 'lusail': 'Street'}",Aston Martin,ALO,2,INTERMEDIATE,28,38,11,True,104.67218181818181,98.684,-25.74300000000001,-1.2237454545454536,60.72406967456912,200.8446487972449,301.0,0.0,0,0.0,9.429636363636364,104.67218181818181
2024,Silverstone,12,"{'Sakhir': 'Street', 'Jeddah': 'Street', 'Melbourne': 'Street', 'Suzuka': 'Permanent', 'Shanghai': 'Permanent', 'Miami': 'Street', 'Imola': 'Permanent', 'Monte Carlo': 'Street', 'Montreal': 'Street', 'Catalunya': 'Permanent', 'Spielberg': 'Permanent', 'Silverstone': 'Permanent', 'Hungaroring': 'Permanent', 'Spa-Francorchamps': 'Permanent', 'Zandvoort': 'Permanent', 'Monza': 'Permanent', 'Baku': 'Street', 'Singapore': 'Street', 'Austin': 'Permanent', 'Mexico City': 'Permanent', 'Interlagos': 'Permanent', 'lusail': 'Street'}",Aston Martin,ALO,3,MEDIUM,39,52,14,False,92.43328571428573,89.71,-27.803999999999988,-0.7984967032967041,69.82697004724886,226.53205608853136,314.0,0.0,0,0.0,6.390000000000001,92.43328571428573
2024,Silverstone,12,"{'Sakhir': 'Street', 'Jeddah': 'Street', 'Melbourne': 'Street', 'Suzuka': 'Permanent', 'Shanghai': 'Permanent', 'Miami': 'Street', 'Imola': 'Permanent', 'Monte Carlo': 'Street', 'Montreal': 'Street', 'Catalunya': 'Permanent', 'Spielberg': 'Permanent', 'Silverstone': 'Permanent', 'Hungaroring': 'Permanent', 'Spa-Francorchamps': 'Permanent', 'Zandvoort': 'Permanent', 'Monza': 'Permanent', 'Baku': 'Street', 'Singapore': 'Street', 'Austin': 'Permanent', 'Mexico City': 'Permanent', 'Interlagos': 'Permanent', 'lusail': 'Street'}",Aston Martin,STR,1,MEDIUM,2,26,25,True,94.23852000000001,92.273,8.100999999999999,0.21631461538461497,67.65732646498584,221.72654522824956,328.0,64.0,16,0.64,1.9011739130434782,92.83933333333334
2024,Silverstone,12,"{'Sakhir': 'Street', 'Jeddah': 'Street', 'Melbourne': 'Street', 'Suzuka': 'Permanent', 'Shanghai': 'Permanent', 'Miami': 'Street', 'Imola': 'Permanent', 'Monte Carlo': 'Street', 'Montreal': 'Street', 'Catalunya': 'Permanent', 'Spielberg': 'Permanent', 'Silverstone': 'Permanent', 'Hungaroring': 'Permanent', 'Spa-Francorchamps': 'Permanent', 'Zandvoort': 'Permanent', 'Monza': 'Permanent', 'Baku': 'Street', 'Singapore': 'Street', 'Austin': 'Permanent', 'Mexico City': 'Permanent', 'Interlagos': 'Permanent', 'lusail': 'Street'}",Aston Martin,STR,2,INTERMEDIATE,27,39,13,True,103.9906153846154,97.759,-23.852000000000004,-0.9066263736263701,61.11736881543474,202.05921322178236,303.0,0.0,6,0.46153846153846156,2.687846153846153,101.96614285714288
2024,Silverstone,12,"{'Sakhir': 'Street', 'Jeddah': 'Street', 'Melbourne': 'Street', 'Suzuka': 'Permanent', 'Shanghai': 'Permanent', 'Miami': 'Street', 'Imola': 'Permanent', 'Monte Carlo': 'Street', 'Montreal': 'Street', 'Catalunya': 'Permanent', 'Spielberg': 'Permanent', 'Silverstone': 'Permanent', 'Hungaroring': 'Permanent', 'Spa-Francorchamps': 'Permanent', 'Zandvoort': 'Permanent', 'Monza': 'Permanent', 'Baku': 'Street', 'Singapore': 'Street', 'Austin': 'Permanent', 'Mexico City': 'Permanent', 'Interlagos': 'Permanent', 'lusail': 'Street'}",Aston Martin,STR,3,MEDIUM,40,52,13,False,92.05223076923077,89.897,-25.979,-0.8633241758241763,72.5183968249443,227.58527061028306,312.0,0.0,4,0.3076923076923077,3.0667499999999994,92.95566666666667
2024,Silverstone,12,"{'Sakhir': 'Street', 'Jeddah': 'Street', 'Melbourne': 'Street', 'Suzuka': 'Permanent', 'Shanghai': 'Permanent', 'Miami': 'Street', 'Imola': 'Permanent', 'Monte Carlo': 'Street', 'Montreal': 'Street', 'Catalunya': 'Permanent', 'Spielberg': 'Permanent', 'Silverstone': 'Permanent', 'Hungaroring': 'Permanent', 'Spa-Francorchamps': 'Permanent', 'Zandvoort': 'Permanent', 'Monza': 'Permanent', 'Baku': 'Street', 'Singapore': 'Street', 'Austin': 'Permanent', 'Mexico City': 'Permanent', 'Interlagos': 'Permanent', 'lusail': 'Street'}",Ferrari,LEC,1,MEDIUM,2,19,18,True,93.6376111111111,91.989,13.009999999999991,0.3139308565531474,70.64631985195686,223.0284126459116,329.0,69.0,12,0.6666666666666666,2.7336666666666667,95.86216666666667
2024,Silverstone,12,"{'Sakhir': 'Street', 'Jeddah': 'Street', 'Melbourne': 'Street', 'Suzuka': 'Permanent', 'Shanghai': 'Permanent', 'Miami': 'Street', 'Imola': 'Permanent', 'Monte Carlo': 'Street', 'Montreal': 'Street', 'Catalunya': 'Permanent', 'Spielberg': 'Permanent', 'Silverstone': 'Permanent', 'Hungaroring': 'Permanent', 'Spa-Francorchamps': 'Permanent', 'Zandvoort': 'Permanent', 'Monza': 'Permanent', 'Baku': 'Street', 'Singapore': 'Street', 'Austin': 'Permanent', 'Mexico City': 'Permanent', 'Interlagos': 'Permanent', 'lusail': 'Street'}",Ferrari,LEC,2,INTERMEDIATE,20,27,8,True,108.33250000000001,102.846,-14.357,-0.7912857142857125,62.75616914962429,193.58560981689612,302.0,0.0,1,0.125,27.917749999999998,109.11628571428572
2024,Silverstone,12,"{'Sakhir': 'Street', 'Jeddah': 'Street', 'Melbourne': 'Street', 'Suzuka': 'Permanent', 'Shanghai': 'Permanent', 'Miami': 'Street', 'Imola': 'Permanent', 'Monte Carlo': 'Street', 'Montreal': 'Street', 'Catalunya': 'Permanent', 'Spielberg': 'Permanent', 'Silverstone': 'Permanent', 'Hungaroring': 'Permanent', 'Spa-Francorchamps': 'Permanent', 'Zandvoort': 'Permanent', 'Monza': 'Permanent', 'Baku': 'Street', 'Singapore': 'Street', 'Austin': 'Permanent', 'Mexico City': 'Permanent', 'Interlagos': 'Permanent', 'lusail': 'Street'}",Ferrari,LEC,3,INTERMEDIATE,28,37,10,True,104.24680000000001,98.357,-24.781000000000006,-1.4220727272727274,65.00039982484138,201.31803058501066,299.0,0.0,0,0.0,41.336200000000005,104.24680000000001
2024,Silverstone,12,"{'Sakhir': 'Street', 'Jeddah': 'Street', 'Melbourne': 'Street', 'Suzuka': 'Permanent', 'Shanghai': 'Permanent', 'Miami': 'Street', 'Imola': 'Permanent', 'Monte Carlo': 'Street', 'Montreal': 'Street', 'Catalunya': 'Permanent', 'Spielberg': 'Permanent', 'Silverstone': 'Permanent', 'Hungaroring': 'Permanent', 'Spa-Francorchamps': 'Permanent', 'Zandvoort': 'Permanent', 'Monza': 'Permanent', 'Baku': 'Street', 'Singapore': 'Street', 'Austin': 'Permanent', 'Mexico City': 'Permanent', 'Interlagos': 'Permanent', 'lusail': 'Street'}",Ferrari,LEC,4,SOFT,38,51,14,False,92.376,89.748,-26.137,-0.7601978021978011,75.48051141204483,226.76837358493637,327.0,0.0,3,0.21428571428571427,12.856071428571429,92.87663636363636
2024,Silverstone,12,"{'Sakhir': 'Street', 'Jeddah': 'Street', 'Melbourne': 'Street', 'Suzuka': 'Permanent', 'Shanghai': 'Permanent', 'Miami': 'Street', 'Imola': 'Permanent', 'Monte Carlo': 'Street', 'Montreal': 'Street', 'Catalunya': 'Permanent', 'Spielberg': 'Permanent', 'Silverstone': 'Permanent', 'Hungaroring': 'Permanent', 'Spa-Francorchamps': 'Permanent', 'Zandvoort': 'Permanent', 'Monza': 'Permanent', 'Baku': 'Street', 'Singapore': 'Street', 'Austin': 'Permanent', 'Mexico City': 'Permanent', 'Interlagos': 'Permanent', 'lusail': 'Street'}",Ferrari,SAI,1,MEDIUM,2,26,25,True,93.49516,91.9,10.122,0.19369999999999976,71.45519480851283,223.82504749670125,323.0,65.0,17,0.68,2.4996,92.718375
2024,Silverstone,12,"{'Sakhir': 'Street', 'Jeddah': 'Street', 'Melbourne': 'Street', 'Suzuka': 'Permanent', 'Shanghai': 'Permanent', 'Miami': 'Street', 'Imola': 'Permanent', 'Monte Carlo': 'Street', 'Montreal': 'Street', 'Catalunya': 'Permanent', 'Spielberg': 'Permanent', 'Silverstone': 'Permanent', 'Hungaroring': 'Permanent', 'Spa-Francorchamps': 'Permanent', 'Zandvoort': 'Permanent', 'Monza': 'Permanent', 'Baku': 'Street', 'Singapore': 'Street', 'Austin': 'Permanent', 'Mexico City': 'Permanent', 'Interlagos': 'Permanent', 'lusail': 'Street'}",Ferrari,SAI,2,INTERMEDIATE,27,39,13,True,103.36392307692307,96.802,-24.861999999999995,-0.9774285714285699,66.12089382645128,203.5070135681216,302.0,0.0,3,0.23076923076923078,7.977538461538462,101.6979
2024,Silverstone,12,"{'Sakhir': 'Street', 'Jeddah': 'Street', 'Melbourne': 'Street', 'Suzuka': 'Permanent', 'Shanghai': 'Permanent', 'Miami': 'Street', 'Imola': 'Permanent', 'Monte Carlo': 'Street', 'Montreal': 'Street', 'Catalunya': 'Permanent', 'Spielberg': 'Permanent', 'Silverstone': 'Permanent', 'Hungaroring': 'Permanent', 'Spa-Francorchamps': 'Permanent', 'Zandvoort': 'Permanent', 'Monza': 'Permanent', 'Baku': 'Street', 'Singapore': 'Street', 'Austin': 'Permanent', 'Mexico City': 'Permanent', 'Interlagos': 'Permanent', 'lusail': 'Street'}",Ferrari,SAI,3,HARD,40,50,11,True,92.15718181818181,89.415,-27.319000000000003,-1.2990818181818171,75.603886908052,226.75235923033017,309.0,0.0,0,0.0,11.167909090909092,92.15718181818181
2024,Silverstone,12,"{'Sakhir': 'Street', 'Jeddah': 'Street', 'Melbourne': 'Street', 'Suzuka': 'Permanent', 'Shanghai': 'Permanent', 'Miami': 'Street', 'Imola': 'Permanent', 'Monte Carlo': 'Street', 'Montreal': 'Street', 'Catalunya': 'Permanent', 'Spielberg': 'Permanent', 'Silverstone': 'Permanent', 'Hungaroring': 'Permanent', 'Spa-Francorchamps': 'Permanent', 'Zandvoort': 'Permanent', 'Monza': 'Permanent', 'Baku': 'Street', 'Singapore': 'Street', 'Austin': 'Permanent', 'Mexico City': 'Permanent', 'Interlagos': 'Permanent', 'lusail': 'Street'}",Ferrari,SAI,4,SOFT,51,52,2,False,100.4195,88.293,-24.253,-24.253000000000004,72.50266686650195,208.75543811727735,307.0,0.0,0,0.0,34.712,100.4195
2024,Silverstone,12,"{'Sakhir': 'Street', 'Jeddah': 'Street', 'Melbourne': 'Street', 'Suzuka': 'Permanent', 'Shanghai': 'Permanent', 'Miami': 'Street', 'Imola': 'Permanent', 'Monte Carlo': 'Street', 'Montreal': 'Street', 'Catalunya': 'Permanent', 'Spielberg': 'Permanent', 'Silverstone': 'Permanent', 'Hungaroring': 'Permanent', 'Spa-Francorchamps': 'Permanent', 'Zandvoort': 'Permanent', 'Monza': 'Permanent', 'Baku': 'Street', 'Singapore': 'Street', 'Austin': 'Permanent', 'Mexico City': 'Permanent', 'Interlagos': 'Permanent', 'lusail': 'Street'}",Haas,HUL,1,MEDIUM,2,26,25,True,94.11240000000002,92.233,9.009,0.20485076923076817,67.30324525139108,222.55787083742143,325.0,65.0,18,0.72,4.99456,95.16371428571428
2024,Silverstone,12,"{'Sakhir': 'Street', 'Jeddah': 'Street', 'Melbourne': 'Street', 'Suzuka': 'Permanent', 'Shanghai': 'Permanent', 'Miami': 'Street', 'Imola': 'Permanent', 'Monte Carlo': 'Street', 'Montreal': 'Street', 'Catalunya': 'Permanent', 'Spielberg': 'Permanent', 'Silverstone': 'Permanent', 'Hungaroring': 'Permanent', 'Spa-Francorchamps': 'Permanent', 'Zandvoort': 'Permanent', 'Monza': 'Permanent', 'Baku': 'Street', 'Singapore': 'Street', 'Austin': 'Permanent', 'Mexico City': 'Permanent', 'Interlagos': 'Permanent', 'lusail': 'Street'}",Haas,HUL,2,INTERMEDIATE,27,39,13,True,103.79030769230768,97.245,-25.482,-0.9542802197802202,61.893689728713234,202.97516303021064,303.0,0.0,0,0.0,15.451769230769232,103.79030769230768
2024,Silverstone,12,"{'Sakhir': 'Street', 'Jeddah': 'Street', 'Melbourne': 'Street', 'Suzuka': 'Permanent', 'Shanghai': 'Permanent', 'Miami': 'Street', 'Imola': 'Permanent', 'Monte Carlo': 'Street', 'Montreal': 'Street', 'Catalunya': 'Permanent', 'Spielberg': 'Permanent', 'Silverstone': 'Permanent', 'Hungaroring': 'Permanent', 'Spa-Francorchamps': 'Permanent', 'Zandvoort': 'Permanent', 'Monza': 'Permanent', 'Baku': 'Street', 'Singapore': 'Street', 'Austin': 'Permanent', 'Mexico City': 'Permanent', 'Interlagos': 'Permanent', 'lusail': 'Street'}",Haas,HUL,3,SOFT,40,52,13,False,92.34853846153845,89.836,-24.812000000000012,-0.826560439560436,73.08517491440885,227.878084543744,312.0,0.0,0,0.0,21.434,92.34853846153845
2024,Silverstone,12,"{'Sakhir': 'Street', 'Jeddah': 'Street', 'Melbourne': 'Street', 'Suzuka': 'Permanent', 'Shanghai': 'Permanent', 'Miami': 'Street', 'Imola': 'Permanent', 'Monte Carlo': 'Street', 'Montreal': 'Street', 'Catalunya': 'Permanent', 'Spielberg': 'Permanent', 'Silverstone': 'Permanent', 'Hungaroring': 'Permanent', 'Spa-Francorchamps': 'Permanent', 'Zandvoort': 'Permanent', 'Monza': 'Permanent', 'Baku': 'Street', 'Singapore': 'Street', 'Austin': 'Permanent', 'Mexico City': 'Permanent', 'Interlagos': 'Permanent', 'lusail': 'Street'}",Haas,MAG,1,MEDIUM,2,27,26,True,94.98284615384614,92.506,17.10900000000001,0.3075781196581176,66.82447356972072,220.59717347380894,337.0,69.0,24,0.9230769230769231,1.3941538461538463,102.4055
2024,Silverstone,12,"{'Sakhir': 'Street', 'Jeddah': 'Street', 'Melbourne': 'Street', 'Suzuka': 'Permanent', 'Shanghai': 'Permanent', 'Miami': 'Street', 'Imola': 'Permanent', 'Monte Carlo': 'Street', 'Montreal': 'Street', 'Catalunya': 'Permanent', 'Spielberg': 'Permanent', 'Silverstone': 'Permanent', 'Hungaroring': 'Permanent', 'Spa-Francorchamps': 'Permanent', 'Zandvoort': 'Permanent', 'Monza': 'Permanent', 'Baku': 'Street', 'Singapore': 'Street', 'Austin': 'Permanent', 'Mexico City': 'Permanent', 'Interlagos': 'Permanent', 'lusail': 'Street'}",Haas,MAG,2,INTERMEDIATE,28,37,10,True,106.20249999999999,102.038,-23.26100000000001,-1.0935696969696904,59.09153653706838,197.49370452931902,301.0,0.0,1,0.1,4.553700000000001,104.08066666666667
2024,Silverstone,12,"{'Sakhir': 'Street', 'Jeddah': 'Street', 'Melbourne': 'Street', 'Suzuka': 'Permanent', 'Shanghai': 'Permanent', 'Miami': 'Street', 'Imola': 'Permanent', 'Monte Carlo': 'Street', 'Montreal': 'Street', 'Catalunya': 'Permanent', 'Spielberg': 'Permanent', 'Silverstone': 'Permanent', 'Hungaroring': 'Permanent', 'Spa-Francorchamps': 'Permanent', 'Zandvoort': 'Permanent', 'Monza': 'Permanent', 'Baku': 'Street', 'Singapore': 'Street', 'Austin': 'Permanent', 'Mexico City': 'Permanent', 'Interlagos': 'Permanent', 'lusail': 'Street'}",Haas,MAG,3,SOFT,38,52,15,False,93.46346666666665,90.093,-31.948999999999998,-0.8372714285714263,70.64722236246097,224.50565239904466,309.0,0.0,8,0.5333333333333333,6.810733333333333,95.95899999999999
2024,Silverstone,12,"{'Sakhir': 'Street', 'Jeddah': 'Street', 'Melbourne': 'Street', 'Suzuka': 'Permanent', 'Shanghai': 'Permanent', 'Miami': 'Street', 'Imola': 'Permanent', 'Monte Carlo': 'Street', 'Montreal': 'Street', 'Catalunya': 'Permanent', 'Spielberg': 'Permanent', 'Silverstone': 'Permanent', 'Hungaroring': 'Permanent', 'Spa-Francorchamps': 'Permanent', 'Zandvoort': 'Permanent', 'Monza': 'Permanent', 'Baku': 'Street', 'Singapore': 'Street', 'Austin': 'Permanent', 'Mexico City': 'Permanent', 'Interlagos': 'Permanent', 'lusail': 'Street'}",McLaren,NOR,1,MEDIUM,2,27,26,True,93.46223076923077,90.86,12.617999999999995,0.2475398290598277,68.13389623829775,223.65112758686476,327.0,71.0,25,0.9615384615384616,0.8730769230769232,91.69
2024,Silverstone,12,"{'Sakhir': 'Street', 'Jeddah': 'Street', 'Melbourne': 'Street', 'Suzuka': 'Permanent', 'Shanghai': 'Permanent', 'Miami': 'Street', 'Imola': 'Permanent', 'Monte Carlo': 'Street', 'Montreal': 'Street', 'Catalunya': 'Permanent', 'Spielberg': 'Permanent', 'Silverstone': 'Permanent', 'Hungaroring': 'Permanent', 'Spa-Francorchamps': 'Permanent', 'Zandvoort': 'Permanent', 'Monza': 'Permanent', 'Baku': 'Street', 'Singapore': 'Street', 'Austin': 'Permanent', 'Mexico City': 'Permanent', 'Interlagos': 'Permanent', 'lusail': 'Street'}",McLaren,NOR,2,INTERMEDIATE,28,39,12,True,102.57650000000001,96.746,-24.16900000000001,-0.9965594405594445,62.238236143412855,204.6983934506338,306.0,0.0,11,0.9166666666666666,0.7321666666666666,120.915
2024,Silverstone,12,"{'Sakhir': 'Street', 'Jeddah': 'Street', 'Melbourne': 'Street', 'Suzuka': 'Permanent', 'Shanghai': 'Permanent', 'Miami': 'Street', 'Imola': 'Permanent', 'Monte Carlo': 'Street', 'Montreal': 'Street', 'Catalunya': 'Permanent', 'Spielberg': 'Permanent', 'Silverstone': 'Permanent', 'Hungaroring': 'Permanent', 'Spa-Francorchamps': 'Permanent', 'Zandvoort': 'Permanent', 'Monza': 'Permanent', 'Baku': 'Street', 'Singapore': 'Street', 'Austin': 'Permanent', 'Mexico City': 'Permanent', 'Interlagos': 'Permanent', 'lusail': 'Street'}",McLaren,NOR,3,SOFT,40,52,13,False,92.02484615384616,89.262,-23.927000000000007,-0.7179120879120864,70.6124821652856,227.86533378826857,313.0,0.0,10,0.7692307692307693,2.767615384615385,90.746
2024,Silverstone,12,"{'Sakhir': 'Street', 'Jeddah': 'Street', 'Melbourne': 'Street', 'Suzuka': 'Permanent', 'Shanghai': 'Permanent', 'Miami': 'Street', 'Imola': 'Permanent', 'Monte Carlo': 'Street', 'Montreal': 'Street', 'Catalunya': 'Permanent', 'Spielberg': 'Permanent', 'Silverstone': 'Permanent', 'Hungaroring': 'Permanent', 'Spa-Francorchamps': 'Permanent', 'Zandvoort': 'Permanent', 'Monza': 'Permanent', 'Baku': 'Street', 'Singapore': 'Street', 'Austin': 'Permanent', 'Mexico City': 'Permanent', 'Interlagos': 'Permanent', 'lusail': 'Street'}",McLaren,PIA,1,MEDIUM,2,28,27,True,94.36588888888889,90.976,20.614999999999995,0.4011446886446861,66.68981768856096,221.78212966406275,329.0,67.0,27,1.0,1.1484444444444444,
2024,Silverstone,12,"{'Sakhir': 'Street', 'Jeddah': 'Street', 'Melbourne': 'Street', 'Suzuka': 'Permanent', 'Shanghai': 'Permanent', 'Miami': 'Street', 'Imola': 'Permanent', 'Monte Carlo': 'Street', 'Montreal': 'Street', 'Catalunya': 'Permanent', 'Spielberg': 'Permanent', 'Silverstone': 'Permanent', 'Hungaroring': 'Permanent', 'Spa-Francorchamps': 'Permanent', 'Zandvoort': 'Permanent', 'Monza': 'Permanent', 'Baku': 'Street', 'Singapore': 'Street', 'Austin': 'Permanent', 'Mexico City': 'Permanent', 'Interlagos': 'Permanent', 'lusail': 'Street'}",McLaren,PIA,2,INTERMEDIATE,29,38,10,True,103.68229999999998,97.106,-24.078000000000003,-1.3318848484848453,60.864179973242734,202.52449461590194,304.0,0.0,9,0.9,2.1016,121.184
2024,Silverstone,12,"{'Sakhir': 'Street', 'Jeddah': 'Street', 'Melbourne': 'Street', 'Suzuka': 'Permanent', 'Shanghai': 'Permanent', 'Miami': 'Street', 'Imola': 'Permanent', 'Monte Carlo': 'Street', 'Montreal': 'Street', 'Catalunya': 'Permanent', 'Spielberg': 'Permanent', 'Silverstone': 'Permanent', 'Hungaroring': 'Permanent', 'Spa-Francorchamps': 'Permanent', 'Zandvoort': 'Permanent', 'Monza': 'Permanent', 'Baku': 'Street', 'Singapore': 'Street', 'Austin': 'Permanent', 'Mexico City': 'Permanent', 'Interlagos': 'Permanent', 'lusail': 'Street'}",McLaren,PIA,3,MEDIUM,39,52,14,False,91.1984285714286,88.748,-24.730000000000004,-0.734615384615387,71.17498643011359,229.80003464168135,309.0,0.0,0,0.0,9.827642857142857,91.1984285714286
2024,Silverstone,12,"{'Sakhir': 'Street', 'Jeddah': 'Street', 'Melbourne': 'Street', 'Suzuka': 'Permanent', 'Shanghai': 'Permanent', 'Miami': 'Street', 'Imola': 'Permanent', 'Monte Carlo': 'Street', 'Montreal': 'Street', 'Catalunya': 'Permanent', 'Spielberg': 'Permanent', 'Silverstone': 'Permanent', 'Hungaroring': 'Permanent', 'Spa-Francorchamps': 'Permanent', 'Zandvoort': 'Permanent', 'Monza': 'Permanent', 'Baku': 'Street', 'Singapore': 'Street', 'Austin': 'Permanent', 'Mexico City': 'Permanent', 'Interlagos': 'Permanent', 'lusail': 'Street'}",Mercedes,HAM,1,MEDIUM,2,27,26,True,93.63750000000002,91.095,13.763000000000005,0.28696854700854396,71.10338570462731,223.0647271073571,320.0,73.0,26,1.0,1.3940769230769232,
2024,Silverstone,12,"{'Sakhir': 'Street', 'Jeddah': 'Street', 'Melbourne': 'Street', 'Suzuka': 'Permanent', 'Shanghai': 'Permanent', 'Miami': 'Street', 'Imola': 'Permanent', 'Monte Carlo': 'Street', 'Montreal': 'Street', 'Catalunya': 'Permanent', 'Spielberg': 'Permanent', 'Silverstone': 'Permanent', 'Hungaroring': 'Permanent', 'Spa-Francorchamps': 'Permanent', 'Zandvoort': 'Permanent', 'Monza': 'Permanent', 'Baku': 'Street', 'Singapore': 'Street', 'Austin': 'Permanent', 'Mexico City': 'Permanent', 'Interlagos': 'Permanent', 'lusail': 'Street'}",Mercedes,HAM,2,INTERMEDIATE,28,38,11,True,102.91672727272727,97.22,-23.646,-1.0449727272727267,64.50382779257771,203.9681225565224,305.0,0.0,4,0.36363636363636365,3.0270000000000006,104.42257142857144
2024,Silverstone,12,"{'Sakhir': 'Street', 'Jeddah': 'Street', 'Melbourne': 'Street', 'Suzuka': 'Permanent', 'Shanghai': 'Permanent', 'Miami': 'Street', 'Imola': 'Permanent', 'Monte Carlo': 'Street', 'Montreal': 'Street', 'Catalunya': 'Permanent', 'Spielberg': 'Permanent', 'Silverstone': 'Permanent', 'Hungaroring': 'Permanent', 'Spa-Francorchamps': 'Permanent', 'Zandvoort': 'Permanent', 'Monza': 'Permanent', 'Baku': 'Street', 'Singapore': 'Street', 'Austin': 'Permanent', 'Mexico City': 'Permanent', 'Interlagos': 'Permanent', 'lusail': 'Street'}",Mercedes,HAM,3,SOFT,39,52,14,False,91.74042857142855,89.438,-27.242999999999995,-0.8030813186813197,75.69239377970024,228.83263468807596,310.0,0.0,14,1.0,0.17685714285714285,
2024,Silverstone,12,"{'Sakhir': 'Street', 'Jeddah': 'Street', 'Melbourne': 'Street', 'Suzuka': 'Permanent', 'Shanghai': 'Permanent', 'Miami': 'Street', 'Imola': 'Permanent', 'Monte Carlo': 'Street', 'Montreal': 'Street', 'Catalunya': 'Permanent', 'Spielberg': 'Permanent', 'Silverstone': 'Permanent', 'Hungaroring': 'Permanent', 'Spa-Francorchamps': 'Permanent', 'Zandvoort': 'Permanent', 'Monza': 'Permanent', 'Baku': 'Street', 'Singapore': 'Street', 'Austin': 'Permanent', 'Mexico City': 'Permanent', 'Interlagos': 'Permanent', 'lusail': 'Street'}",Mercedes,RUS,1,MEDIUM,2,27,26,True,93.81823076923078,91.298,16.279999999999987,0.31961709401709293,70.48012152284161,222.96884153914962,310.0,63.0,26,1.0,0.5711538461538461,
2024,Silverstone,12,"{'Sakhir': 'Street', 'Jeddah': 'Street', 'Melbourne': 'Street', 'Suzuka': 'Permanent', 'Shanghai': 'Permanent', 'Miami': 'Street', 'Imola': 'Permanent', 'Monte Carlo': 'Street', 'Montreal': 'Street', 'Catalunya': 'Permanent', 'Spielberg': 'Permanent', 'Silverstone': 'Permanent', 'Hungaroring': 'Permanent', 'Spa-Francorchamps': 'Permanent', 'Zandvoort': 'Permanent', 'Monza': 'Permanent', 'Baku': 'Street', 'Singapore': 'Street', 'Austin': 'Permanent', 'Mexico City': 'Permanent', 'Interlagos': 'Permanent', 'lusail': 'Street'}",Mercedes,RUS,2,INTERMEDIATE,28,33,6,False,106.19866666666667,100.405,-18.120999999999995,-2.3400000000000127,59.75442595189958,197.00170283506867,302.0,0.0,4,0.6666666666666666,2.5536666666666665,112.3735
2024,Silverstone,12,"{'Sakhir': 'Street', 'Jeddah': 'Street', 'Melbourne': 'Street', 'Suzuka': 'Permanent', 'Shanghai': 'Permanent', 'Miami': 'Street', 'Imola': 'Permanent', 'Monte Carlo': 'Street', 'Montreal': 'Street', 'Catalunya': 'Permanent', 'Spielberg': 'Permanent', 'Silverstone': 'Permanent', 'Hungaroring': 'Permanent', 'Spa-Francorchamps': 'Permanent', 'Zandvoort': 'Permanent', 'Monza': 'Permanent', 'Baku': 'Street', 'Singapore': 'Street', 'Austin': 'Permanent', 'Mexico City': 'Permanent', 'Interlagos': 'Permanent', 'lusail': 'Street'}",RB,RIC,1,MEDIUM,2,26,25,True,94.99272,92.721,11.104,0.2731407692307676,67.42759341891673,220.0285176918262,327.0,61.0,17,0.68,3.7928,98.02925
2024,Silverstone,12,"{'Sakhir': 'Street', 'Jeddah': 'Street', 'Melbourne': 'Street', 'Suzuka': 'Permanent', 'Shanghai': 'Permanent', 'Miami': 'Street', 'Imola': 'Permanent', 'Monte Carlo': 'Street', 'Montreal': 'Street', 'Catalunya': 'Permanent', 'Spielberg': 'Permanent', 'Silverstone': 'Permanent', 'Hungaroring': 'Permanent', 'Spa-Francorchamps': 'Permanent', 'Zandvoort': 'Permanent', 'Monza': 'Permanent', 'Baku': 'Street', 'Singapore': 'Street', 'Austin': 'Permanent', 'Mexico City': 'Permanent', 'Interlagos': 'Permanent', 'lusail': 'Street'}",RB,RIC,2,INTERMEDIATE,27,37,11,True,105.51809090909092,100.483,-22.304999999999993,-0.9004818181818177,61.04992352102072,199.6346901763454,303.0,0.0,8,0.7272727272727273,4.207272727272727,109.92833333333334
2024,Silverstone,12,"{'Sakhir': 'Street', 'Jeddah': 'Street', 'Melbourne': 'Street', 'Suzuka': 'Permanent', 'Shanghai': 'Permanent', 'Miami': 'Street', 'Imola': 'Permanent', 'Monte Carlo': 'Street', 'Montreal': 'Street', 'Catalunya': 'Permanent', 'Spielberg': 'Permanent', 'Silverstone': 'Permanent', 'Hungaroring': 'Permanent', 'Spa-Francorchamps': 'Permanent', 'Zandvoort': 'Permanent', 'Monza': 'Permanent', 'Baku': 'Street', 'Singapore': 'Street', 'Austin': 'Permanent', 'Mexico City': 'Permanent', 'Interlagos': 'Permanent', 'lusail': 'Street'}",RB,RIC,3,SOFT,38,51,14,False,94.19742857142857,90.735,-28.51400000000001,-0.7860439560439608,69.75614579162527,222.37783742477706,324.0,0.0,6,0.42857142857142855,3.689428571428571,92.088375
2024,Silverstone,12,"{'Sakhir': 'Street', 'Jeddah': 'Street', 'Melbourne': 'Street', 'Suzuka': 'Permanent', 'Shanghai': 'Permanent', 'Miami': 'Street', 'Imola': 'Permanent', 'Monte Carlo': 'Street', 'Montreal': 'Street', 'Catalunya': 'Permanent', 'Spielberg': 'Permanent', 'Silverstone': 'Permanent', 'Hungaroring': 'Permanent', 'Spa-Francorchamps': 'Permanent', 'Zandvoort': 'Permanent', 'Monza': 'Permanent', 'Baku': 'Street', 'Singapore': 'Street', 'Austin': 'Permanent', 'Mexico City': 'Permanent', 'Interlagos': 'Permanent', 'lusail': 'Street'}",RB,TSU,1,MEDIUM,2,27,26,True,94.82007692307694,92.57,14.912000000000006,0.3011692307692294,67.57844583991196,220.59093746494977,333.0,73.0,22,0.8461538461538461,1.4078461538461537,93.982
2024,Silverstone,12,"{'Sakhir': 'Street', 'Jeddah': 'Street', 'Melbourne': 'Street', 'Suzuka': 'Permanent', 'Shanghai': 'Permanent', 'Miami': 'Street', 'Imola': 'Permanent', 'Monte Carlo': 'Street', 'Montreal': 'Street', 'Catalunya': 'Permanent', 'Spielberg': 'Permanent', 'Silverstone': 'Permanent', 'Hungaroring': 'Permanent', 'Spa-Francorchamps': 'Permanent', 'Zandvoort': 'Permanent', 'Monza': 'Permanent', 'Baku': 'Street', 'Singapore': 'Street', 'Austin': 'Permanent', 'Mexico City': 'Permanent', 'Interlagos': 'Permanent', 'lusail': 'Street'}",RB,TSU,2,INTERMEDIATE,28,38,11,True,105.0139090909091,98.67,-24.77799999999999,-1.1990545454545398,62.496306310482716,199.81150915300063,305.0,0.0,6,0.5454545454545454,2.8450909090909096,102.43979999999999
2024,Silverstone,12,"{'Sakhir': 'Street', 'Jeddah': 'Street', 'Melbourne': 'Street', 'Suzuka': 'Permanent', 'Shanghai': 'Permanent', 'Miami': 'Street', 'Imola': 'Permanent', 'Monte Carlo': 'Street', 'Montreal': 'Street', 'Catalunya': 'Permanent', 'Spielberg': 'Permanent', 'Silverstone': 'Permanent', 'Hungaroring': 'Permanent', 'Spa-Francorchamps': 'Permanent', 'Zandvoort': 'Permanent', 'Monza': 'Permanent', 'Baku': 'Street', 'Singapore': 'Street', 'Austin': 'Permanent', 'Mexico City': 'Permanent', 'Interlagos': 'Permanent', 'lusail': 'Street'}",RB,TSU,3,SOFT,39,52,14,False,93.19842857142855,90.229,-26.546999999999997,-0.7403692307692398,71.74478828642764,225.27179714381387,315.0,0.0,2,0.14285714285714285,5.288785714285715,93.509
2024,Silverstone,12,"{'Sakhir': 'Street', 'Jeddah': 'Street', 'Melbourne': 'Street', 'Suzuka': 'Permanent', 'Shanghai': 'Permanent', 'Miami': 'Street', 'Imola': 'Permanent', 'Monte Carlo': 'Street', 'Montreal': 'Street', 'Catalunya': 'Permanent', 'Spielberg': 'Permanent', 'Silverstone': 'Permanent', 'Hungaroring': 'Permanent', 'Spa-Francorchamps': 'Permanent', 'Zandvoort': 'Permanent', 'Monza': 'Permanent', 'Baku': 'Street', 'Singapore': 'Street', 'Austin': 'Permanent', 'Mexico City': 'Permanent', 'Interlagos': 'Permanent', 'lusail': 'Street'}",Red Bull,PER,1,HARD,2,19,18,True,93.53977777777777,92.111,8.926000000000002,0.25192569659442626,68.36406568438343,223.15194179533194,336.0,68.0,16,0.8888888888888888,1.1439444444444444,92.756
2024,Silverstone,12,"{'Sakhir': 'Street', 'Jeddah': 'Street', 'Melbourne': 'Street', 'Suzuka': 'Permanent', 'Shanghai': 'Permanent', 'Miami': 'Street', 'Imola': 'Permanent', 'Monte Carlo': 'Street', 'Montreal': 'Street', 'Catalunya': 'Permanent', 'Spielberg': 'Permanent', 'Silverstone': 'Permanent', 'Hungaroring': 'Permanent', 'Spa-Francorchamps': 'Permanent', 'Zandvoort': 'Permanent', 'Monza': 'Permanent', 'Baku': 'Street', 'Singapore': 'Street', 'Austin': 'Permanent', 'Mexico City': 'Permanent', 'Interlagos': 'Permanent', 'lusail': 'Street'}",Red Bull,PER,2,INTERMEDIATE,20,28,9,True,108.20566666666667,101.997,-13.926000000000002,-0.35613333333333735,57.140316307363655,193.41151470456296,302.0,0.0,1,0.1111111111111111,9.632888888888889,108.3155
2024,Silverstone,12,"{'Sakhir': 'Street', 'Jeddah': 'Street', 'Melbourne': 'Street', 'Suzuka': 'Permanent', 'Shanghai': 'Permanent', 'Miami': 'Street', 'Imola': 'Permanent', 'Monte Carlo': 'Street', 'Montreal': 'Street', 'Catalunya': 'Permanent', 'Spielberg': 'Permanent', 'Silverstone': 'Permanent', 'Hungaroring': 'Permanent', 'Spa-Francorchamps': 'Permanent', 'Zandvoort': 'Permanent', 'Monza': 'Permanent', 'Baku': 'Street', 'Singapore': 'Street', 'Austin': 'Permanent', 'Mexico City': 'Permanent', 'Interlagos': 'Permanent', 'lusail': 'Street'}",Red Bull,PER,3,INTERMEDIATE,29,37,9,True,105.09766666666667,99.697,-24.688000000000002,-1.5092333333333394,60.37516547206319,199.9888678565644,304.0,0.0,0,0.0,13.905444444444445,105.09766666666667
2024,Silverstone,12,"{'Sakhir': 'Street', 'Jeddah': 'Street', 'Melbourne': 'Street', 'Suzuka': 'Permanent', 'Shanghai': 'Permanent', 'Miami': 'Street', 'Imola': 'Permanent', 'Monte Carlo': 'Street', 'Montreal': 'Street', 'Catalunya': 'Permanent', 'Spielberg': 'Permanent', 'Silverstone': 'Permanent', 'Hungaroring': 'Permanent', 'Spa-Francorchamps': 'Permanent', 'Zandvoort': 'Permanent', 'Monza': 'Permanent', 'Baku': 'Street', 'Singapore': 'Street', 'Austin': 'Permanent', 'Mexico City': 'Permanent', 'Interlagos': 'Permanent', 'lusail': 'Street'}",Red Bull,PER,4,MEDIUM,38,47,10,True,93.95859999999999,90.136,-29.376000000000005,-1.797466666666664,70.57284287754996,221.96353821252706,321.0,0.0,0,0.0,23.842599999999997,93.95859999999999
2024,Silverstone,12,"{'Sakhir': 'Street', 'Jeddah': 'Street', 'Melbourne': 'Street', 'Suzuka': 'Permanent', 'Shanghai': 'Permanent', 'Miami': 'Street', 'Imola': 'Permanent', 'Monte Carlo': 'Street', 'Montreal': 'Street', 'Catalunya': 'Permanent', 'Spielberg': 'Permanent', 'Silverstone': 'Permanent', 'Hungaroring': 'Permanent', 'Spa-Francorchamps': 'Permanent', 'Zandvoort': 'Permanent', 'Monza': 'Permanent', 'Baku': 'Street', 'Singapore': 'Street', 'Austin': 'Permanent', 'Mexico City': 'Permanent', 'Interlagos': 'Permanent', 'lusail': 'Street'}",Red Bull,PER,5,SOFT,48,50,3,False,104.19133333333333,89.707,-35.80000000000001,-17.89999999999999,60.87288181464779,201.30836101784496,308.0,0.0,0,0.0,23.230999999999998,104.19133333333333
2024,Silverstone,12,"{'Sakhir': 'Street', 'Jeddah': 'Street', 'Melbourne': 'Street', 'Suzuka': 'Permanent', 'Shanghai': 'Permanent', 'Miami': 'Street', 'Imola': 'Permanent', 'Monte Carlo': 'Street', 'Montreal': 'Street', 'Catalunya': 'Permanent', 'Spielberg': 'Permanent', 'Silverstone': 'Permanent', 'Hungaroring': 'Permanent', 'Spa-Francorchamps': 'Permanent', 'Zandvoort': 'Permanent', 'Monza': 'Permanent', 'Baku': 'Street', 'Singapore': 'Street', 'Austin': 'Permanent', 'Mexico City': 'Permanent', 'Interlagos': 'Permanent', 'lusail': 'Street'}",Red Bull,VER,1,MEDIUM,2,26,25,True,93.52244,91.661,9.718000000000004,0.23039230769230667,69.64431166581274,223.71497619208643,317.0,73.0,15,0.6,2.7016666666666667,95.03529999999999
2024,Silverstone,12,"{'Sakhir': 'Street', 'Jeddah': 'Street', 'Melbourne': 'Street', 'Suzuka': 'Permanent', 'Shanghai': 'Permanent', 'Miami': 'Street', 'Imola': 'Permanent', 'Monte Carlo': 'Street', 'Montreal': 'Street', 'Catalunya': 'Permanent', 'Spielberg': 'Permanent', 'Silverstone': 'Permanent', 'Hungaroring': 'Permanent', 'Spa-Francorchamps': 'Permanent', 'Zandvoort': 'Permanent', 'Monza': 'Permanent', 'Baku': 'Street', 'Singapore': 'Street', 'Austin': 'Permanent', 'Mexico City': 'Permanent', 'Interlagos': 'Permanent', 'lusail': 'Street'}",Red Bull,VER,2,INTERMEDIATE,27,38,12,True,102.78424999999999,95.963,-23.206000000000003,-0.9337937062937017,63.07479062821651,204.28133825752877,302.0,0.0,1,0.08333333333333333,7.7259166666666665,102.93045454545454
2024,Silverstone,12,"{'Sakhir': 'Street', 'Jeddah': 'Street', 'Melbourne': 'Street', 'Suzuka': 'Permanent', 'Shanghai': 'Permanent', 'Miami': 'Street', 'Imola': 'Permanent', 'Monte Carlo': 'Street', 'Montreal': 'Street', 'Catalunya': 'Permanent', 'Spielberg': 'Permanent', 'Silverstone': 'Permanent', 'Hungaroring': 'Permanent', 'Spa-Francorchamps': 'Permanent', 'Zandvoort': 'Permanent', 'Monza': 'Permanent', 'Baku': 'Street', 'Singapore': 'Street', 'Austin': 'Permanent', 'Mexico City': 'Permanent', 'Interlagos': 'Permanent', 'lusail': 'Street'}",Red Bull,VER,3,HARD,39,52,14,False,91.45292857142856,88.952,-29.22200000000001,-0.8552021978021976,74.56834945806666,229.1192945368759,327.0,0.0,9,0.6428571428571429,2.651785714285714,95.4006
2024,Silverstone,12,"{'Sakhir': 'Street', 'Jeddah': 'Street', 'Melbourne': 'Street', 'Suzuka': 'Permanent', 'Shanghai': 'Permanent', 'Miami': 'Street', 'Imola': 'Permanent', 'Monte Carlo': 'Street', 'Montreal': 'Street', 'Catalunya': 'Permanent', 'Spielberg': 'Permanent', 'Silverstone': 'Permanent', 'Hungaroring': 'Permanent', 'Spa-Francorchamps': 'Permanent', 'Zandvoort': 'Permanent', 'Monza': 'Permanent', 'Baku': 'Street', 'Singapore': 'Street', 'Austin': 'Permanent', 'Mexico City': 'Permanent', 'Interlagos': 'Permanent', 'lusail': 'Street'}",Sauber,BOT,1,MEDIUM,2,26,25,True,95.65451999999999,93.156,14.165000000000006,0.2899099999999989,69.53779288422427,219.12871721837143,323.0,72.0,11,0.44,5.83432,96.70342857142855
2024,Silverstone,12,"{'Sakhir': 'Street', 'Jeddah': 'Street', 'Melbourne': 'Street', 'Suzuka': 'Permanent', 'Shanghai': 'Permanent', 'Miami': 'Street', 'Imola': 'Permanent', 'Monte Carlo': 'Street', 'Montreal': 'Street', 'Catalunya': 'Permanent', 'Spielberg': 'Permanent', 'Silverstone': 'Permanent', 'Hungaroring': 'Permanent', 'Spa-Francorchamps': 'Permanent', 'Zandvoort': 'Permanent', 'Monza': 'Permanent', 'Baku': 'Street', 'Singapore': 'Street', 'Austin': 'Permanent', 'Mexico City': 'Permanent', 'Interlagos': 'Permanent', 'lusail': 'Street'}",Sauber,BOT,2,INTERMEDIATE,27,37,11,True,105.78127272727274,99.987,-25.38000000000001,-1.0387090909090864,62.785777387833804,197.94465110184157,296.0,0.0,0,0.0,21.01609090909091,105.78127272727274
2024,Silverstone,12,"{'Sakhir': 'Street', 'Jeddah': 'Street', 'Melbourne': 'Street', 'Suzuka': 'Permanent', 'Shanghai': 'Permanent', 'Miami': 'Street', 'Imola': 'Permanent', 'Monte Carlo': 'Street', 'Montreal': 'Street', 'Catalunya': 'Permanent', 'Spielberg': 'Permanent', 'Silverstone': 'Permanent', 'Hungaroring': 'Permanent', 'Spa-Francorchamps': 'Permanent', 'Zandvoort': 'Permanent', 'Monza': 'Permanent', 'Baku': 'Street', 'Singapore': 'Street', 'Austin': 'Permanent', 'Mexico City': 'Permanent', 'Interlagos': 'Permanent', 'lusail': 'Street'}",Sauber,BOT,3,SOFT,38,51,14,False,94.97378571428574,91.277,-34.411,-1.1532285714285702,71.35883093293805,221.05787786529814,310.0,0.0,1,0.07142857142857142,30.291642857142854,95.18584615384617
2024,Silverstone,12,"{'Sakhir': 'Street', 'Jeddah': 'Street', 'Melbourne': 'Street', 'Suzuka': 'Permanent', 'Shanghai': 'Permanent', 'Miami': 'Street', 'Imola': 'Permanent', 'Monte Carlo': 'Street', 'Montreal': 'Street', 'Catalunya': 'Permanent', 'Spielberg': 'Permanent', 'Silverstone': 'Permanent', 'Hungaroring': 'Permanent', 'Spa-Francorchamps': 'Permanent', 'Zandvoort': 'Permanent', 'Monza': 'Permanent', 'Baku': 'Street', 'Singapore': 'Street', 'Austin': 'Permanent', 'Mexico City': 'Permanent', 'Interlagos': 'Permanent', 'lusail': 'Street'}",Sauber,ZHO,1,SOFT,2,12,11,True,94.41454545454545,93.221,0.671999999999997,0.21743636363636806,69.66055070044608,221.35345319647547,330.0,76.0,9,0.8181818181818182,1.4808999999999999,94.0115
2024,Silverstone,12,"{'Sakhir': 'Street', 'Jeddah': 'Street', 'Melbourne': 'Street', 'Suzuka': 'Permanent', 'Shanghai': 'Permanent', 'Miami': 'Street', 'Imola': 'Permanent', 'Monte Carlo': 'Street', 'Montreal': 'Street', 'Catalunya': 'Permanent', 'Spielberg': 'Permanent', 'Silverstone': 'Permanent', 'Hungaroring': 'Permanent', 'Spa-Francorchamps': 'Permanent', 'Zandvoort': 'Permanent', 'Monza': 'Permanent', 'Baku': 'Street', 'Singapore': 'Street', 'Austin': 'Permanent', 'Mexico City': 'Permanent', 'Interlagos': 'Permanent', 'lusail': 'Street'}",Sauber,ZHO,2,MEDIUM,13,19,7,True,99.89085714285714,92.45,-8.736000000000004,-0.22167857142858627,67.02895470820656,209.62900749330663,301.0,0.0,0,0.0,22.067,99.89085714285714
2024,Silverstone,12,"{'Sakhir': 'Street', 'Jeddah': 'Street', 'Melbourne': 'Street', 'Suzuka': 'Permanent', 'Shanghai': 'Permanent', 'Miami': 'Street', 'Imola': 'Permanent', 'Monte Carlo': 'Street', 'Montreal': 'Street', 'Catalunya': 'Permanent', 'Spielberg': 'Permanent', 'Silverstone': 'Permanent', 'Hungaroring': 'Permanent', 'Spa-Francorchamps': 'Permanent', 'Zandvoort': 'Permanent', 'Monza': 'Permanent', 'Baku': 'Street', 'Singapore': 'Street', 'Austin': 'Permanent', 'Mexico City': 'Permanent', 'Interlagos': 'Permanent', 'lusail': 'Street'}",Sauber,ZHO,3,INTERMEDIATE,20,26,7,True,110.43842857142856,104.56,-20.842,-2.0191785714285824,58.21213705052278,189.61853152414162,299.0,0.0,0,0.0,39.42914285714285,110.43842857142856
2024,Silverstone,12,"{'Sakhir': 'Street', 'Jeddah': 'Street', 'Melbourne': 'Street', 'Suzuka': 'Permanent', 'Shanghai': 'Permanent', 'Miami': 'Street', 'Imola': 'Permanent', 'Monte Carlo': 'Street', 'Montreal': 'Street', 'Catalunya': 'Permanent', 'Spielberg': 'Permanent', 'Silverstone': 'Permanent', 'Hungaroring': 'Permanent', 'Spa-Francorchamps': 'Permanent', 'Zandvoort': 'Permanent', 'Monza': 'Permanent', 'Baku': 'Street', 'Singapore': 'Street', 'Austin': 'Permanent', 'Mexico City': 'Permanent', 'Interlagos': 'Permanent', 'lusail': 'Street'}",Sauber,ZHO,4,INTERMEDIATE,27,37,11,True,105.57254545454545,101.608,-22.906999999999996,-0.8925181818181787,61.81373737250063,198.88849984373937,301.0,0.0,0,0.0,44.934090909090905,105.57254545454545
2024,Silverstone,12,"{'Sakhir': 'Street', 'Jeddah': 'Street', 'Melbourne': 'Street', 'Suzuka': 'Permanent', 'Shanghai': 'Permanent', 'Miami': 'Street', 'Imola': 'Permanent', 'Monte Carlo': 'Street', 'Montreal': 'Street', 'Catalunya': 'Permanent', 'Spielberg': 'Permanent', 'Silverstone': 'Permanent', 'Hungaroring': 'Permanent', 'Spa-Francorchamps': 'Permanent', 'Zandvoort': 'Permanent', 'Monza': 'Permanent', 'Baku': 'Street', 'Singapore': 'Street', 'Austin': 'Permanent', 'Mexico City': 'Permanent', 'Interlagos': 'Permanent', 'lusail': 'Street'}",Sauber,ZHO,5,SOFT,38,50,13,False,94.39546153846153,91.014,-34.980000000000004,-1.1864615384615371,71.29349974635907,221.8007614196905,308.0,0.0,0,0.0,47.59861538461538,94.39546153846153
2024,Silverstone,12,"{'Sakhir': 'Street', 'Jeddah': 'Street', 'Melbourne': 'Street', 'Suzuka': 'Permanent', 'Shanghai': 'Permanent', 'Miami': 'Street', 'Imola': 'Permanent', 'Monte Carlo': 'Street', 'Montreal': 'Street', 'Catalunya': 'Permanent', 'Spielberg': 'Permanent', 'Silverstone': 'Permanent', 'Hungaroring': 'Permanent', 'Spa-Francorchamps': 'Permanent', 'Zandvoort': 'Permanent', 'Monza': 'Permanent', 'Baku': 'Street', 'Singapore': 'Street', 'Austin': 'Permanent', 'Mexico City': 'Permanent', 'Interlagos': 'Permanent', 'lusail': 'Street'}",Williams,ALB,1,MEDIUM,2,27,26,True,94.82907692307693,92.265,14.596000000000004,0.2948136752136737,63.79016124554607,220.6116074926528,332.0,69.0,26,1.0,1.0758076923076922,
2024,Silverstone,12,"{'Sakhir': 'Street', 'Jeddah': 'Street', 'Melbourne': 'Street', 'Suzuka': 'Permanent', 'Shanghai': 'Permanent', 'Miami': 'Street', 'Imola': 'Permanent', 'Monte Carlo': 'Street', 'Montreal': 'Street', 'Catalunya': 'Permanent', 'Spielberg': 'Permanent', 'Silverstone': 'Permanent', 'Hungaroring': 'Permanent', 'Spa-Francorchamps': 'Permanent', 'Zandvoort': 'Permanent', 'Monza': 'Permanent', 'Baku': 'Street', 'Singapore': 'Street', 'Austin': 'Permanent', 'Mexico City': 'Permanent', 'Interlagos': 'Permanent', 'lusail': 'Street'}",Williams,ALB,2,INTERMEDIATE,28,38,11,True,105.2198181818182,97.843,-30.616,-1.4056545454545444,57.11158001022888,199.85135281176173,305.0,0.0,0,0.0,4.251,105.2198181818182
2024,Silverstone,12,"{'Sakhir': 'Street', 'Jeddah': 'Street', 'Melbourne': 'Street', 'Suzuka': 'Permanent', 'Shanghai': 'Permanent', 'Miami': 'Street', 'Imola': 'Permanent', 'Monte Carlo': 'Street', 'Montreal': 'Street', 'Catalunya': 'Permanent', 'Spielberg': 'Permanent', 'Silverstone': 'Permanent', 'Hungaroring': 'Permanent', 'Spa-Francorchamps': 'Permanent', 'Zandvoort': 'Permanent', 'Monza': 'Permanent', 'Baku': 'Street', 'Singapore': 'Street', 'Austin': 'Permanent', 'Mexico City': 'Permanent', 'Interlagos': 'Permanent', 'lusail': 'Street'}",Williams,ALB,3,MEDIUM,39,52,14,False,92.206,89.718,-27.959999999999994,-0.8525054945054948,69.05369561148866,227.31717070386804,332.0,0.0,6,0.42857142857142855,4.460785714285715,93.44375
2024,Silverstone,12,"{'Sakhir': 'Street', 'Jeddah': 'Street', 'Melbourne': 'Street', 'Suzuka': 'Permanent', 'Shanghai': 'Permanent', 'Miami': 'Street', 'Imola': 'Permanent', 'Monte Carlo': 'Street', 'Montreal': 'Street', 'Catalunya': 'Permanent', 'Spielberg': 'Permanent', 'Silverstone': 'Permanent', 'Hungaroring': 'Permanent', 'Spa-Francorchamps': 'Permanent', 'Zandvoort': 'Permanent', 'Monza': 'Permanent', 'Baku': 'Street', 'Singapore': 'Street', 'Austin': 'Permanent', 'Mexico City': 'Permanent', 'Interlagos': 'Permanent', 'lusail': 'Street'}",Williams,SAR,1,MEDIUM,2,27,26,True,95.13973076923077,92.543,18.810999999999993,0.3452420512820492,66.06594739624143,219.46054989850532,330.0,68.0,26,1.0,1.0671923076923078,
2024,Silverstone,12,"{'Sakhir': 'Street', 'Jeddah': 'Street', 'Melbourne': 'Street', 'Suzuka': 'Permanent', 'Shanghai': 'Permanent', 'Miami': 'Street', 'Imola': 'Permanent', 'Monte Carlo': 'Street', 'Montreal': 'Street', 'Catalunya': 'Permanent', 'Spielberg': 'Permanent', 'Silverstone': 'Permanent', 'Hungaroring': 'Permanent', 'Spa-Francorchamps': 'Permanent', 'Zandvoort': 'Permanent', 'Monza': 'Permanent', 'Baku': 'Street', 'Singapore': 'Street', 'Austin': 'Permanent', 'Mexico City': 'Permanent', 'Interlagos': 'Permanent', 'lusail': 'Street'}",Williams,SAR,2,INTERMEDIATE,28,38,11,True,105.62990909090908,98.811,-27.169999999999987,-1.1726727272727209,58.452608081026916,198.53356175357808,303.0,0.0,5,0.45454545454545453,3.641181818181818,107.63116666666667
2024,Silverstone,12,"{'Sakhir': 'Street', 'Jeddah': 'Street', 'Melbourne': 'Street', 'Suzuka': 'Permanent', 'Shanghai': 'Permanent', 'Miami': 'Street', 'Imola': 'Permanent', 'Monte Carlo': 'Street', 'Montreal': 'Street', 'Catalunya': 'Permanent', 'Spielberg': 'Permanent', 'Silverstone': 'Permanent', 'Hungaroring': 'Permanent', 'Spa-Francorchamps': 'Permanent', 'Zandvoort': 'Permanent', 'Monza': 'Permanent', 'Baku': 'Street', 'Singapore': 'Street', 'Austin': 'Permanent', 'Mexico City': 'Permanent', 'Interlagos': 'Permanent', 'lusail': 'Street'}",Williams,SAR,3,SOFT,39,52,14,False,92.76321428571428,89.972,-24.168000000000006,-0.6370307692307717,71.44844961180847,225.40218132414097,330.0,0.0,6,0.42857142857142855,6.030357142857143,91.258
2024,Singapore,18,"{'Sakhir': 'Street', 'Jeddah': 'Street', 'Melbourne': 'Street', 'Suzuka': 'Permanent', 'Shanghai': 'Permanent', 'Miami': 'Street', 'Imola': 'Permanent', 'Monte Carlo': 'Street', 'Montreal': 'Street', 'Catalunya': 'Permanent', 'Spielberg': 'Permanent', 'Silverstone': 'Permanent', 'Hungaroring': 'Permanent', 'Spa-Francorchamps': 'Permanent', 'Zandvoort': 'Permanent', 'Monza': 'Permanent', 'Baku': 'Street', 'Singapore': 'Street', 'Austin': 'Permanent', 'Mexico City': 'Permanent', 'Interlagos': 'Permanent', 'lusail': 'Street'}",Alpine,GAS,1,MEDIUM,2,37,36,True,100.65036111111112,99.106,11.316000000000003,0.11150592020592272,58.4502117723298,173.92824667695135,308.0,55.0,19,0.5277777777777778,3.024114285714286,99.97158823529412
2024,Singapore,18,"{'Sakhir': 'Street', 'Jeddah': 'Street', 'Melbourne': 'Street', 'Suzuka': 'Permanent', 'Shanghai': 'Permanent', 'Miami': 'Street', 'Imola': 'Permanent', 'Monte Carlo': 'Street', 'Montreal': 'Street', 'Catalunya': 'Permanent', 'Spielberg': 'Permanent', 'Silverstone': 'Permanent', 'Hungaroring': 'Permanent', 'Spa-Francorchamps': 'Permanent', 'Zandvoort': 'Permanent', 'Monza': 'Permanent', 'Baku': 'Street', 'Singapore': 'Street', 'Austin': 'Permanent', 'Mexico City': 'Permanent', 'Interlagos': 'Permanent', 'lusail': 'Street'}",Alpine,GAS,2,SOFT,38,61,24,False,99.00983333333333,96.927,-22.146,-0.18551739130434608,58.818438297886274,177.23430837106434,314.0,0.0,15,0.625,3.269083333333333,100.13666666666667
2024,Singapore,18,"{'Sakhir': 'Street', 'Jeddah': 'Street', 'Melbourne': 'Street', 'Suzuka': 'Permanent', 'Shanghai': 'Permanent', 'Miami': 'Street', 'Imola': 'Permanent', 'Monte Carlo': 'Street', 'Montreal': 'Street', 'Catalunya': 'Permanent', 'Spielberg': 'Permanent', 'Silverstone': 'Permanent', 'Hungaroring': 'Permanent', 'Spa-Francorchamps': 'Permanent', 'Zandvoort': 'Permanent', 'Monza': 'Permanent', 'Baku': 'Street', 'Singapore': 'Street', 'Austin': 'Permanent', 'Mexico City': 'Permanent', 'Interlagos': 'Permanent', 'lusail': 'Street'}",Alpine,OCO,1,MEDIUM,2,29,28,True,100.12510714285715,98.999,9.653999999999996,0.12299206349206625,58.351463564128416,174.60383330977325,306.0,59.0,19,0.6785714285714286,2.559392857142857,100.24255555555555
2024,Singapore,18,"{'Sakhir': 'Street', 'Jeddah': 'Street', 'Melbourne': 'Street', 'Suzuka': 'Permanent', 'Shanghai': 'Permanent', 'Miami': 'Street', 'Imola': 'Permanent', 'Monte Carlo': 'Street', 'Montreal': 'Street', 'Catalunya': 'Permanent', 'Spielberg': 'Permanent', 'Silverstone': 'Permanent', 'Hungaroring': 'Permanent', 'Spa-Francorchamps': 'Permanent', 'Zandvoort': 'Permanent', 'Monza': 'Permanent', 'Baku': 'Street', 'Singapore': 'Street', 'Austin': 'Permanent', 'Mexico City': 'Permanent', 'Interlagos': 'Permanent', 'lusail': 'Street'}",Alpine,OCO,2,HARD,30,61,32,False,99.4733125,97.964,-19.573999999999998,-0.11447653958944476,58.96540024805085,176.20942150692466,314.0,0.0,8,0.25,13.229625,99.62633333333333
2024,Singapore,18,"{'Sakhir': 'Street', 'Jeddah': 'Street', 'Melbourne': 'Street', 'Suzuka': 'Permanent', 'Shanghai': 'Permanent', 'Miami': 'Street', 'Imola': 'Permanent', 'Monte Carlo': 'Street', 'Montreal': 'Street', 'Catalunya': 'Permanent', 'Spielberg': 'Permanent', 'Silverstone': 'Permanent', 'Hungaroring': 'Permanent', 'Spa-Francorchamps': 'Permanent', 'Zandvoort': 'Permanent', 'Monza': 'Permanent', 'Baku': 'Street', 'Singapore': 'Street', 'Austin': 'Permanent', 'Mexico City': 'Permanent', 'Interlagos': 'Permanent', 'lusail': 'Street'}",Aston Martin,ALO,1,MEDIUM,2,25,24,True,99.40341666666666,98.524,9.12299999999999,0.10576347826087085,53.25301870811049,175.94110819009356,311.0,55.0,24,1.0,0.8174166666666668,
2024,Singapore,18,"{'Sakhir': 'Street', 'Jeddah': 'Street', 'Melbourne': 'Street', 'Suzuka': 'Permanent', 'Shanghai': 'Permanent', 'Miami': 'Street', 'Imola': 'Permanent', 'Monte Carlo': 'Street', 'Montreal': 'Street', 'Catalunya': 'Permanent', 'Spielberg': 'Permanent', 'Silverstone': 'Permanent', 'Hungaroring': 'Permanent', 'Spa-Francorchamps': 'Permanent', 'Zandvoort': 'Permanent', 'Monza': 'Permanent', 'Baku': 'Street', 'Singapore': 'Street', 'Austin': 'Permanent', 'Mexico City': 'Permanent', 'Interlagos': 'Permanent', 'lusail': 'Street'}",Aston Martin,ALO,2,HARD,26,61,36,False,98.92716666666666,97.741,-17.406000000000006,-0.09191557271557022,54.71433834174729,177.44658062074075,316.0,0.0,11,0.3055555555555556,3.4376571428571427,99.09255999999999
2024,Singapore,18,"{'Sakhir': 'Street', 'Jeddah': 'Street', 'Melbourne': 'Street', 'Suzuka': 'Permanent', 'Shanghai': 'Permanent', 'Miami': 'Street', 'Imola': 'Permanent', 'Monte Carlo': 'Street', 'Montreal': 'Street', 'Catalunya': 'Permanent', 'Spielberg': 'Permanent', 'Silverstone': 'Permanent', 'Hungaroring': 'Permanent', 'Spa-Francorchamps': 'Permanent', 'Zandvoort': 'Permanent', 'Monza': 'Permanent', 'Baku': 'Street', 'Singapore': 'Street', 'Austin': 'Permanent', 'Mexico City': 'Permanent', 'Interlagos': 'Permanent', 'lusail': 'Street'}",Aston Martin,STR,1,HARD,2,26,25,True,100.39776,99.494,7.644999999999996,0.09447230769230634,53.4666720897305,174.52159211855218,309.0,55.0,17,0.68,2.4810416666666666,100.07875
2024,Singapore,18,"{'Sakhir': 'Street', 'Jeddah': 'Street', 'Melbourne': 'Street', 'Suzuka': 'Permanent', 'Shanghai': 'Permanent', 'Miami': 'Street', 'Imola': 'Permanent', 'Monte Carlo': 'Street', 'Montreal': 'Street', 'Catalunya': 'Permanent', 'Spielberg': 'Permanent', 'Silverstone': 'Permanent', 'Hungaroring': 'Permanent', 'Spa-Francorchamps': 'Permanent', 'Zandvoort': 'Permanent', 'Monza': 'Permanent', 'Baku': 'Street', 'Singapore': 'Street', 'Austin': 'Permanent', 'Mexico City': 'Permanent', 'Interlagos': 'Permanent', 'lusail': 'Street'}",Aston Martin,STR,2,MEDIUM,27,61,35,False,99.35968571428572,97.851,-20.555999999999997,-0.0973624649859962,54.593905544383915,176.21377751017596,313.0,0.0,8,0.22857142857142856,4.699000000000001,99.41374074074074
2024,Singapore,18,"{'Sakhir': 'Street', 'Jeddah': 'Street', 'Melbourne': 'Street', 'Suzuka': 'Permanent', 'Shanghai': 'Permanent', 'Miami': 'Street', 'Imola': 'Permanent', 'Monte Carlo': 'Street', 'Montreal': 'Street', 'Catalunya': 'Permanent', 'Spielberg': 'Permanent', 'Silverstone': 'Permanent', 'Hungaroring': 'Permanent', 'Spa-Francorchamps': 'Permanent', 'Zandvoort': 'Permanent', 'Monza': 'Permanent', 'Baku': 'Street', 'Singapore': 'Street', 'Austin': 'Permanent', 'Mexico City': 'Permanent', 'Interlagos': 'Permanent', 'lusail': 'Street'}",Ferrari,LEC,1,MEDIUM,2,36,35,True,99.23654285714285,98.187,7.3089999999999975,0.039378431372548324,58.33051082202317,176.80804554654208,319.0,55.0,28,0.8,2.8826857142857145,99.92114285714287
2024,Singapore,18,"{'Sakhir': 'Street', 'Jeddah': 'Street', 'Melbourne': 'Street', 'Suzuka': 'Permanent', 'Shanghai': 'Permanent', 'Miami': 'Street', 'Imola': 'Permanent', 'Monte Carlo': 'Street', 'Montreal': 'Street', 'Catalunya': 'Permanent', 'Spielberg': 'Permanent', 'Silverstone': 'Permanent', 'Hungaroring': 'Permanent', 'Spa-Francorchamps': 'Permanent', 'Zandvoort': 'Permanent', 'Monza': 'Permanent', 'Baku': 'Street', 'Singapore': 'Street', 'Austin': 'Permanent', 'Mexico City': 'Permanent', 'Interlagos': 'Permanent', 'lusail': 'Street'}",Ferrari,LEC,2,HARD,37,62,26,False,97.48584615384615,95.371,-18.442000000000007,-0.10810051282051378,61.81206235552211,180.1945555026205,319.0,0.0,13,0.5,4.258115384615386,97.72123076923074
2024,Singapore,18,"{'Sakhir': 'Street', 'Jeddah': 'Street', 'Melbourne': 'Street', 'Suzuka': 'Permanent', 'Shanghai': 'Permanent', 'Miami': 'Street', 'Imola': 'Permanent', 'Monte Carlo': 'Street', 'Montreal': 'Street', 'Catalunya': 'Permanent', 'Spielberg': 'Permanent', 'Silverstone': 'Permanent', 'Hungaroring': 'Permanent', 'Spa-Francorchamps': 'Permanent', 'Zandvoort': 'Permanent', 'Monza': 'Permanent', 'Baku': 'Street', 'Singapore': 'Street', 'Austin': 'Permanent', 'Mexico City': 'Permanent', 'Interlagos': 'Permanent', 'lusail': 'Street'}",Ferrari,SAI,1,MEDIUM,2,13,12,True,99.89441666666669,98.694,6.855000000000004,0.25562587412587334,56.70360510822598,175.65191837752113,318.0,55.0,12,1.0,0.6692499999999999,
2024,Singapore,18,"{'Sakhir': 'Street', 'Jeddah': 'Street', 'Melbourne': 'Street', 'Suzuka': 'Permanent', 'Shanghai': 'Permanent', 'Miami': 'Street', 'Imola': 'Permanent', 'Monte Carlo': 'Street', 'Montreal': 'Street', 'Catalunya': 'Permanent', 'Spielberg': 'Permanent', 'Silverstone': 'Permanent', 'Hungaroring': 'Permanent', 'Spa-Francorchamps': 'Permanent', 'Zandvoort': 'Permanent', 'Monza': 'Permanent', 'Baku': 'Street', 'Singapore': 'Street', 'Austin': 'Permanent', 'Mexico City': 'Permanent', 'Interlagos': 'Permanent', 'lusail': 'Street'}",Ferrari,SAI,2,HARD,14,62,49,False,98.78318367346937,96.561,-17.195999999999998,-0.04333173469387826,59.67638119813639,177.9529720394225,316.0,0.0,11,0.22448979591836735,9.160458333333334,98.83626315789475
2024,Singapore,18,"{'Sakhir': 'Street', 'Jeddah': 'Street', 'Melbourne': 'Street', 'Suzuka': 'Permanent', 'Shanghai': 'Permanent', 'Miami': 'Street', 'Imola': 'Permanent', 'Monte Carlo': 'Street', 'Montreal': 'Street', 'Catalunya': 'Permanent', 'Spielberg': 'Permanent', 'Silverstone': 'Permanent', 'Hungaroring': 'Permanent', 'Spa-Francorchamps': 'Permanent', 'Zandvoort': 'Permanent', 'Monza': 'Permanent', 'Baku': 'Street', 'Singapore': 'Street', 'Austin': 'Permanent', 'Mexico City': 'Permanent', 'Interlagos': 'Permanent', 'lusail': 'Street'}",Haas,HUL,1,MEDIUM,2,29,28,True,99.47932142857144,98.404,9.100999999999999,0.10407909140668029,55.92151462850328,176.85947105320386,309.0,58.0,10,0.35714285714285715,6.446000000000001,99.24327777777778
2024,Singapore,18,"{'Sakhir': 'Street', 'Jeddah': 'Street', 'Melbourne': 'Street', 'Suzuka': 'Permanent', 'Shanghai': 'Permanent', 'Miami': 'Street', 'Imola': 'Permanent', 'Monte Carlo': 'Street', 'Montreal': 'Street', 'Catalunya': 'Permanent', 'Spielberg': 'Permanent', 'Silverstone': 'Permanent', 'Hungaroring': 'Permanent', 'Spa-Francorchamps': 'Permanent', 'Zandvoort': 'Permanent', 'Monza': 'Permanent', 'Baku': 'Street', 'Singapore': 'Street', 'Austin': 'Permanent', 'Mexico City': 'Permanent', 'Interlagos': 'Permanent', 'lusail': 'Street'}",Haas,HUL,2,HARD,30,61,32,False,98.89271875,97.47,-22.918000000000006,-0.11277364369501597,55.51595138942299,178.1340983674145,321.0,0.0,20,0.625,3.2080312499999994,98.25733333333334
2024,Singapore,18,"{'Sakhir': 'Street', 'Jeddah': 'Street', 'Melbourne': 'Street', 'Suzuka': 'Permanent', 'Shanghai': 'Permanent', 'Miami': 'Street', 'Imola': 'Permanent', 'Monte Carlo': 'Street', 'Montreal': 'Street', 'Catalunya': 'Permanent', 'Spielberg': 'Permanent', 'Silverstone': 'Permanent', 'Hungaroring': 'Permanent', 'Spa-Francorchamps': 'Permanent', 'Zandvoort': 'Permanent', 'Monza': 'Permanent', 'Baku': 'Street', 'Singapore': 'Street', 'Austin': 'Permanent', 'Mexico City': 'Permanent', 'Interlagos': 'Permanent', 'lusail': 'Street'}",Haas,MAG,1,HARD,2,28,27,True,100.2931111111111,98.948,9.183000000000007,0.13182967032966805,55.1697794889108,175.4669606426427,316.0,56.0,22,0.8148148148148148,2.0501111111111108,100.40599999999999
2024,Singapore,18,"{'Sakhir': 'Street', 'Jeddah': 'Street', 'Melbourne': 'Street', 'Suzuka': 'Permanent', 'Shanghai': 'Permanent', 'Miami': 'Street', 'Imola': 'Permanent', 'Monte Carlo': 'Street', 'Montreal': 'Street', 'Catalunya': 'Permanent', 'Spielberg': 'Permanent', 'Silverstone': 'Permanent', 'Hungaroring': 'Permanent', 'Spa-Francorchamps': 'Permanent', 'Zandvoort': 'Permanent', 'Monza': 'Permanent', 'Baku': 'Street', 'Singapore': 'Street', 'Austin': 'Permanent', 'Mexico City': 'Permanent', 'Interlagos': 'Permanent', 'lusail': 'Street'}",Haas,MAG,2,MEDIUM,29,49,21,True,103.09666666666665,97.926,50.74499999999999,0.6753584415584418,52.99658769502645,170.33143757178263,319.0,0.0,19,0.9047619047619048,2.3984761904761904,145.2875
2024,Singapore,18,"{'Sakhir': 'Street', 'Jeddah': 'Street', 'Melbourne': 'Street', 'Suzuka': 'Permanent', 'Shanghai': 'Permanent', 'Miami': 'Street', 'Imola': 'Permanent', 'Monte Carlo': 'Street', 'Montreal': 'Street', 'Catalunya': 'Permanent', 'Spielberg': 'Permanent', 'Silverstone': 'Permanent', 'Hungaroring': 'Permanent', 'Spa-Francorchamps': 'Permanent', 'Zandvoort': 'Permanent', 'Monza': 'Permanent', 'Baku': 'Street', 'Singapore': 'Street', 'Austin': 'Permanent', 'Mexico City': 'Permanent', 'Interlagos': 'Permanent', 'lusail': 'Street'}",Haas,MAG,3,SOFT,50,57,8,False,103.569125,94.754,-26.37599999999999,-1.9392738095238062,52.141369057475906,169.4096399818775,318.0,0.0,0,0.0,74.28750000000001,103.569125
2024,Singapore,18,"{'Sakhir': 'Street', 'Jeddah': 'Street', 'Melbourne': 'Street', 'Suzuka': 'Permanent', 'Shanghai': 'Permanent', 'Miami': 'Street', 'Imola': 'Permanent', 'Monte Carlo': 'Street', 'Montreal': 'Street', 'Catalunya': 'Permanent', 'Spielberg': 'Permanent', 'Silverstone': 'Permanent', 'Hungaroring': 'Permanent', 'Spa-Francorchamps': 'Permanent', 'Zandvoort': 'Permanent', 'Monza': 'Permanent', 'Baku': 'Street', 'Singapore': 'Street', 'Austin': 'Permanent', 'Mexico City': 'Permanent', 'Interlagos': 'Permanent', 'lusail': 'Street'}",McLaren,NOR,1,MEDIUM,2,30,29,True,97.77358620689655,96.495,8.59299999999999,0.07811034482758289,55.94140626531474,179.63929836517653,292.0,28.0,29,1.0,0.0,
2024,Singapore,18,"{'Sakhir': 'Street', 'Jeddah': 'Street', 'Melbourne': 'Street', 'Suzuka': 'Permanent', 'Shanghai': 'Permanent', 'Miami': 'Street', 'Imola': 'Permanent', 'Monte Carlo': 'Street', 'Montreal': 'Street', 'Catalunya': 'Permanent', 'Spielberg': 'Permanent', 'Silverstone': 'Permanent', 'Hungaroring': 'Permanent', 'Spa-Francorchamps': 'Permanent', 'Zandvoort': 'Permanent', 'Monza': 'Permanent', 'Baku': 'Street', 'Singapore': 'Street', 'Austin': 'Permanent', 'Mexico City': 'Permanent', 'Interlagos': 'Permanent', 'lusail': 'Street'}",McLaren,NOR,2,HARD,31,62,32,False,97.39728124999999,94.925,-20.486000000000004,-0.10399505131964967,54.47951155147283,180.37562003442864,310.0,0.0,32,1.0,0.0,
2024,Singapore,18,"{'Sakhir': 'Street', 'Jeddah': 'Street', 'Melbourne': 'Street', 'Suzuka': 'Permanent', 'Shanghai': 'Permanent', 'Miami': 'Street', 'Imola': 'Permanent', 'Monte Carlo': 'Street', 'Montreal': 'Street', 'Catalunya': 'Permanent', 'Spielberg': 'Permanent', 'Silverstone': 'Permanent', 'Hungaroring': 'Permanent', 'Spa-Francorchamps': 'Permanent', 'Zandvoort': 'Permanent', 'Monza': 'Permanent', 'Baku': 'Street', 'Singapore': 'Street', 'Austin': 'Permanent', 'Mexico City': 'Permanent', 'Interlagos': 'Permanent', 'lusail': 'Street'}",McLaren,PIA,1,MEDIUM,2,38,37,True,98.59756756756755,97.651,7.456000000000003,0.020325509720246205,55.71856084829845,177.76685763125528,309.0,58.0,25,0.6756756756756757,4.278083333333332,98.86966666666666
2024,Singapore,18,"{'Sakhir': 'Street', 'Jeddah': 'Street', 'Melbourne': 'Street', 'Suzuka': 'Permanent', 'Shanghai': 'Permanent', 'Miami': 'Street', 'Imola': 'Permanent', 'Monte Carlo': 'Street', 'Montreal': 'Street', 'Catalunya': 'Permanent', 'Spielberg': 'Permanent', 'Silverstone': 'Permanent', 'Hungaroring': 'Permanent', 'Spa-Francorchamps': 'Permanent', 'Zandvoort': 'Permanent', 'Monza': 'Permanent', 'Baku': 'Street', 'Singapore': 'Street', 'Austin': 'Permanent', 'Mexico City': 'Permanent', 'Interlagos': 'Permanent', 'lusail': 'Street'}",McLaren,PIA,2,HARD,39,62,24,False,97.54233333333333,95.745,-20.682000000000002,-0.19126086956521474,54.62001159592484,180.05521981704652,319.0,0.0,4,0.16666666666666666,14.238083333333334,96.70235
2024,Singapore,18,"{'Sakhir': 'Street', 'Jeddah': 'Street', 'Melbourne': 'Street', 'Suzuka': 'Permanent', 'Shanghai': 'Permanent', 'Miami': 'Street', 'Imola': 'Permanent', 'Monte Carlo': 'Street', 'Montreal': 'Street', 'Catalunya': 'Permanent', 'Spielberg': 'Permanent', 'Silverstone': 'Permanent', 'Hungaroring': 'Permanent', 'Spa-Francorchamps': 'Permanent', 'Zandvoort': 'Permanent', 'Monza': 'Permanent', 'Baku': 'Street', 'Singapore': 'Street', 'Austin': 'Permanent', 'Mexico City': 'Permanent', 'Interlagos': 'Permanent', 'lusail': 'Street'}",Mercedes,HAM,1,SOFT,2,17,16,True,98.9419375,97.916,8.009,0.15273970588235633,57.53803466756985,177.20926624334308,293.0,53.0,5,0.3125,4.5038125,99.0300909090909
2024,Singapore,18,"{'Sakhir': 'Street', 'Jeddah': 'Street', 'Melbourne': 'Street', 'Suzuka': 'Permanent', 'Shanghai': 'Permanent', 'Miami': 'Street', 'Imola': 'Permanent', 'Monte Carlo': 'Street', 'Montreal': 'Street', 'Catalunya': 'Permanent', 'Spielberg': 'Permanent', 'Silverstone': 'Permanent', 'Hungaroring': 'Permanent', 'Spa-Francorchamps': 'Permanent', 'Zandvoort': 'Permanent', 'Monza': 'Permanent', 'Baku': 'Street', 'Singapore': 'Street', 'Austin': 'Permanent', 'Mexico City': 'Permanent', 'Interlagos': 'Permanent', 'lusail': 'Street'}",Mercedes,HAM,2,HARD,18,62,45,False,98.93435555555554,97.393,-19.015,-0.05107905138339842,56.943394170326854,177.5299267129686,320.0,0.0,11,0.24444444444444444,7.048177777777778,98.25455882352942
2024,Singapore,18,"{'Sakhir': 'Street', 'Jeddah': 'Street', 'Melbourne': 'Street', 'Suzuka': 'Permanent', 'Shanghai': 'Permanent', 'Miami': 'Street', 'Imola': 'Permanent', 'Monte Carlo': 'Street', 'Montreal': 'Street', 'Catalunya': 'Permanent', 'Spielberg': 'Permanent', 'Silverstone': 'Permanent', 'Hungaroring': 'Permanent', 'Spa-Francorchamps': 'Permanent', 'Zandvoort': 'Permanent', 'Monza': 'Permanent', 'Baku': 'Street', 'Singapore': 'Street', 'Austin': 'Permanent', 'Mexico City': 'Permanent', 'Interlagos': 'Permanent', 'lusail': 'Street'}",Mercedes,RUS,1,MEDIUM,2,27,26,True,98.81115384615383,98.05,8.414000000000001,0.06572102564102417,57.78919661873526,177.12314824695846,308.0,56.0,16,0.6153846153846154,5.590307692307691,99.3279
2024,Singapore,18,"{'Sakhir': 'Street', 'Jeddah': 'Street', 'Melbourne': 'Street', 'Suzuka': 'Permanent', 'Shanghai': 'Permanent', 'Miami': 'Street', 'Imola': 'Permanent', 'Monte Carlo': 'Street', 'Montreal': 'Street', 'Catalunya': 'Permanent', 'Spielberg': 'Permanent', 'Silverstone': 'Permanent', 'Hungaroring': 'Permanent', 'Spa-Francorchamps': 'Permanent', 'Zandvoort': 'Permanent', 'Monza': 'Permanent', 'Baku': 'Street', 'Singapore': 'Street', 'Austin': 'Permanent', 'Mexico City': 'Permanent', 'Interlagos': 'Permanent', 'lusail': 'Street'}",Mercedes,RUS,2,HARD,28,62,35,False,98.30568571428573,97.047,-18.906000000000006,-0.08766890756302499,57.12722281033871,178.58634994591057,311.0,0.0,7,0.2,9.547323529411765,97.62628571428571
2024,Singapore,18,"{'Sakhir': 'Street', 'Jeddah': 'Street', 'Melbourne': 'Street', 'Suzuka': 'Permanent', 'Shanghai': 'Permanent', 'Miami': 'Street', 'Imola': 'Permanent', 'Monte Carlo': 'Street', 'Montreal': 'Street', 'Catalunya': 'Permanent', 'Spielberg': 'Permanent', 'Silverstone': 'Permanent', 'Hungaroring': 'Permanent', 'Spa-Francorchamps': 'Permanent', 'Zandvoort': 'Permanent', 'Monza': 'Permanent', 'Baku': 'Street', 'Singapore': 'Street', 'Austin': 'Permanent', 'Mexico City': 'Permanent', 'Interlagos': 'Permanent', 'lusail': 'Street'}",RB,RIC,1,SOFT,2,10,9,True,100.64977777777777,99.223,6.733000000000004,0.4284666666666625,57.11269173104302,173.71952001589577,307.0,58.0,8,0.8888888888888888,1.5692499999999998,99.598
2024,Singapore,18,"{'Sakhir': 'Street', 'Jeddah': 'Street', 'Melbourne': 'Street', 'Suzuka': 'Permanent', 'Shanghai': 'Permanent', 'Miami': 'Street', 'Imola': 'Permanent', 'Monte Carlo': 'Street', 'Montreal': 'Street', 'Catalunya': 'Permanent', 'Spielberg': 'Permanent', 'Silverstone': 'Permanent', 'Hungaroring': 'Permanent', 'Spa-Francorchamps': 'Permanent', 'Zandvoort': 'Permanent', 'Monza': 'Permanent', 'Baku': 'Street', 'Singapore': 'Street', 'Austin': 'Permanent', 'Mexico City': 'Permanent', 'Interlagos': 'Permanent', 'lusail': 'Street'}",RB,RIC,2,MEDIUM,11,46,36,True,100.34875000000002,98.261,-9.930999999999997,0.0061875160875175875,59.39027247853655,174.92025016365724,313.0,0.0,15,0.4166666666666667,6.285222222222221,100.09085714285713
2024,Singapore,18,"{'Sakhir': 'Street', 'Jeddah': 'Street', 'Melbourne': 'Street', 'Suzuka': 'Permanent', 'Shanghai': 'Permanent', 'Miami': 'Street', 'Imola': 'Permanent', 'Monte Carlo': 'Street', 'Montreal': 'Street', 'Catalunya': 'Permanent', 'Spielberg': 'Permanent', 'Silverstone': 'Permanent', 'Hungaroring': 'Permanent', 'Spa-Francorchamps': 'Permanent', 'Zandvoort': 'Permanent', 'Monza': 'Permanent', 'Baku': 'Street', 'Singapore': 'Street', 'Austin': 'Permanent', 'Mexico City': 'Permanent', 'Interlagos': 'Permanent', 'lusail': 'Street'}",RB,RIC,3,SOFT,47,58,12,True,99.97733333333333,96.357,-14.554000000000002,-0.5323496503496515,59.82432630028081,175.2907004605166,294.0,0.0,0,0.0,10.2715,99.97733333333333
2024,Singapore,18,"{'Sakhir': 'Street', 'Jeddah': 'Street', 'Melbourne': 'Street', 'Suzuka': 'Permanent', 'Shanghai': 'Permanent', 'Miami': 'Street', 'Imola': 'Permanent', 'Monte Carlo': 'Street', 'Montreal': 'Street', 'Catalunya': 'Permanent', 'Spielberg': 'Permanent', 'Silverstone': 'Permanent', 'Hungaroring': 'Permanent', 'Spa-Francorchamps': 'Permanent', 'Zandvoort': 'Permanent', 'Monza': 'Permanent', 'Baku': 'Street', 'Singapore': 'Street', 'Austin': 'Permanent', 'Mexico City': 'Permanent', 'Interlagos': 'Permanent', 'lusail': 'Street'}",RB,RIC,4,SOFT,59,61,3,False,104.30566666666668,94.486,-19.331000000000003,-9.665500000000005,59.07397748491565,168.26446471135733,293.0,0.0,0,0.0,32.639,104.30566666666668
2024,Singapore,18,"{'Sakhir': 'Street', 'Jeddah': 'Street', 'Melbourne': 'Street', 'Suzuka': 'Permanent', 'Shanghai': 'Permanent', 'Miami': 'Street', 'Imola': 'Permanent', 'Monte Carlo': 'Street', 'Montreal': 'Street', 'Catalunya': 'Permanent', 'Spielberg': 'Permanent', 'Silverstone': 'Permanent', 'Hungaroring': 'Permanent', 'Spa-Francorchamps': 'Permanent', 'Zandvoort': 'Permanent', 'Monza': 'Permanent', 'Baku': 'Street', 'Singapore': 'Street', 'Austin': 'Permanent', 'Mexico City': 'Permanent', 'Interlagos': 'Permanent', 'lusail': 'Street'}",RB,TSU,1,MEDIUM,2,33,32,True,99.88265625,98.861,7.947999999999993,0.08378207478005834,58.33279156583118,175.9092594456246,308.0,53.0,16,0.5,3.46525,100.3933125
2024,Singapore,18,"{'Sakhir': 'Street', 'Jeddah': 'Street', 'Melbourne': 'Street', 'Suzuka': 'Permanent', 'Shanghai': 'Permanent', 'Miami': 'Street', 'Imola': 'Permanent', 'Monte Carlo': 'Street', 'Montreal': 'Street', 'Catalunya': 'Permanent', 'Spielberg': 'Permanent', 'Silverstone': 'Permanent', 'Hungaroring': 'Permanent', 'Spa-Francorchamps': 'Permanent', 'Zandvoort': 'Permanent', 'Monza': 'Permanent', 'Baku': 'Street', 'Singapore': 'Street', 'Austin': 'Permanent', 'Mexico City': 'Permanent', 'Interlagos': 'Permanent', 'lusail': 'Street'}",RB,TSU,2,SOFT,34,61,28,False,98.43639285714285,96.393,-22.173999999999992,-0.21597947454843844,59.31623678512003,178.57017443610715,307.0,0.0,6,0.21428571428571427,11.263321428571432,97.45495454545453
2024,Singapore,18,"{'Sakhir': 'Street', 'Jeddah': 'Street', 'Melbourne': 'Street', 'Suzuka': 'Permanent', 'Shanghai': 'Permanent', 'Miami': 'Street', 'Imola': 'Permanent', 'Monte Carlo': 'Street', 'Montreal': 'Street', 'Catalunya': 'Permanent', 'Spielberg': 'Permanent', 'Silverstone': 'Permanent', 'Hungaroring': 'Permanent', 'Spa-Francorchamps': 'Permanent', 'Zandvoort': 'Permanent', 'Monza': 'Permanent', 'Baku': 'Street', 'Singapore': 'Street', 'Austin': 'Permanent', 'Mexico City': 'Permanent', 'Interlagos': 'Permanent', 'lusail': 'Street'}",Red Bull,PER,1,MEDIUM,2,28,27,True,99.59111111111112,98.357,7.489000000000004,0.08247924297923923,54.78014947123374,176.0941084786648,308.0,57.0,19,0.7037037037037037,2.1355555555555554,100.558625
2024,Singapore,18,"{'Sakhir': 'Street', 'Jeddah': 'Street', 'Melbourne': 'Street', 'Suzuka': 'Permanent', 'Shanghai': 'Permanent', 'Miami': 'Street', 'Imola': 'Permanent', 'Monte Carlo': 'Street', 'Montreal': 'Street', 'Catalunya': 'Permanent', 'Spielberg': 'Permanent', 'Silverstone': 'Permanent', 'Hungaroring': 'Permanent', 'Spa-Francorchamps': 'Permanent', 'Zandvoort': 'Permanent', 'Monza': 'Permanent', 'Baku': 'Street', 'Singapore': 'Street', 'Austin': 'Permanent', 'Mexico City': 'Permanent', 'Interlagos': 'Permanent', 'lusail': 'Street'}",Red Bull,PER,2,HARD,29,61,33,False,98.79045454545454,97.477,-18.995000000000005,-0.08908121657753738,56.718820477919785,177.61706214034697,317.0,0.0,31,0.9393939393939394,1.2807575757575758,108.9605
2024,Singapore,18,"{'Sakhir': 'Street', 'Jeddah': 'Street', 'Melbourne': 'Street', 'Suzuka': 'Permanent', 'Shanghai': 'Permanent', 'Miami': 'Street', 'Imola': 'Permanent', 'Monte Carlo': 'Street', 'Montreal': 'Street', 'Catalunya': 'Permanent', 'Spielberg': 'Permanent', 'Silverstone': 'Permanent', 'Hungaroring': 'Permanent', 'Spa-Francorchamps': 'Permanent', 'Zandvoort': 'Permanent', 'Monza': 'Permanent', 'Baku': 'Street', 'Singapore': 'Street', 'Austin': 'Permanent', 'Mexico City': 'Permanent', 'Interlagos': 'Permanent', 'lusail': 'Street'}",Red Bull,VER,1,MEDIUM,2,29,28,True,98.50278571428571,97.593,9.082999999999998,0.08966174055829404,57.20955958825682,178.5207042365636,300.0,54.0,7,0.25,10.70125,98.59785714285714
2024,Singapore,18,"{'Sakhir': 'Street', 'Jeddah': 'Street', 'Melbourne': 'Street', 'Suzuka': 'Permanent', 'Shanghai': 'Permanent', 'Miami': 'Street', 'Imola': 'Permanent', 'Monte Carlo': 'Street', 'Montreal': 'Street', 'Catalunya': 'Permanent', 'Spielberg': 'Permanent', 'Silverstone': 'Permanent', 'Hungaroring': 'Permanent', 'Spa-Francorchamps': 'Permanent', 'Zandvoort': 'Permanent', 'Monza': 'Permanent', 'Baku': 'Street', 'Singapore': 'Street', 'Austin': 'Permanent', 'Mexico City': 'Permanent', 'Interlagos': 'Permanent', 'lusail': 'Street'}",Red Bull,VER,2,HARD,30,62,33,False,97.39469696969697,95.967,-22.058000000000007,-0.1384575534759351,57.9676566628661,180.53207935071387,309.0,0.0,1,0.030303030303030304,21.834666666666667,96.719875
2024,Singapore,18,"{'Sakhir': 'Street', 'Jeddah': 'Street', 'Melbourne': 'Street', 'Suzuka': 'Permanent', 'Shanghai': 'Permanent', 'Miami': 'Street', 'Imola': 'Permanent', 'Monte Carlo': 'Street', 'Montreal': 'Street', 'Catalunya': 'Permanent', 'Spielberg': 'Permanent', 'Silverstone': 'Permanent', 'Hungaroring': 'Permanent', 'Spa-Francorchamps': 'Permanent', 'Zandvoort': 'Permanent', 'Monza': 'Permanent', 'Baku': 'Street', 'Singapore': 'Street', 'Austin': 'Permanent', 'Mexico City': 'Permanent', 'Interlagos': 'Permanent', 'lusail': 'Street'}",Sauber,BOT,1,HARD,2,33,32,True,100.62796875000001,99.404,7.522999999999996,0.052618951612902434,57.0668537737598,174.78958686395237,310.0,56.0,16,0.5,2.81428125,100.0209375
2024,Singapore,18,"{'Sakhir': 'Street', 'Jeddah': 'Street', 'Melbourne': 'Street', 'Suzuka': 'Permanent', 'Shanghai': 'Permanent', 'Miami': 'Street', 'Imola': 'Permanent', 'Monte Carlo': 'Street', 'Montreal': 'Street', 'Catalunya': 'Permanent', 'Spielberg': 'Permanent', 'Silverstone': 'Permanent', 'Hungaroring': 'Permanent', 'Spa-Francorchamps': 'Permanent', 'Zandvoort': 'Permanent', 'Monza': 'Permanent', 'Baku': 'Street', 'Singapore': 'Street', 'Austin': 'Permanent', 'Mexico City': 'Permanent', 'Interlagos': 'Permanent', 'lusail': 'Street'}",Sauber,BOT,2,MEDIUM,34,61,28,False,99.17657142857142,97.524,-20.754999999999995,-0.16143130815544207,57.548964714216645,177.29735398638158,316.0,0.0,27,0.9642857142857143,1.8477142857142856,119.526
2024,Singapore,18,"{'Sakhir': 'Street', 'Jeddah': 'Street', 'Melbourne': 'Street', 'Suzuka': 'Permanent', 'Shanghai': 'Permanent', 'Miami': 'Street', 'Imola': 'Permanent', 'Monte Carlo': 'Street', 'Montreal': 'Street', 'Catalunya': 'Permanent', 'Spielberg': 'Permanent', 'Silverstone': 'Permanent', 'Hungaroring': 'Permanent', 'Spa-Francorchamps': 'Permanent', 'Zandvoort': 'Permanent', 'Monza': 'Permanent', 'Baku': 'Street', 'Singapore': 'Street', 'Austin': 'Permanent', 'Mexico City': 'Permanent', 'Interlagos': 'Permanent', 'lusail': 'Street'}",Sauber,ZHO,1,HARD,2,34,33,True,100.55860606060604,99.36,7.230000000000004,0.07343983957219336,55.508967848106494,175.19463534799553,310.0,57.0,22,0.6666666666666666,2.6618181818181816,101.10118181818183
2024,Singapore,18,"{'Sakhir': 'Street', 'Jeddah': 'Street', 'Melbourne': 'Street', 'Suzuka': 'Permanent', 'Shanghai': 'Permanent', 'Miami': 'Street', 'Imola': 'Permanent', 'Monte Carlo': 'Street', 'Montreal': 'Street', 'Catalunya': 'Permanent', 'Spielberg': 'Permanent', 'Silverstone': 'Permanent', 'Hungaroring': 'Permanent', 'Spa-Francorchamps': 'Permanent', 'Zandvoort': 'Permanent', 'Monza': 'Permanent', 'Baku': 'Street', 'Singapore': 'Street', 'Austin': 'Permanent', 'Mexico City': 'Permanent', 'Interlagos': 'Permanent', 'lusail': 'Street'}",Sauber,ZHO,2,MEDIUM,35,61,27,False,99.16796296296296,97.461,-20.63900000000001,-0.16065201465201767,56.612279256702266,177.22120513423442,307.0,0.0,0,0.0,14.822074074074076,99.16796296296296
2024,Singapore,18,"{'Sakhir': 'Street', 'Jeddah': 'Street', 'Melbourne': 'Street', 'Suzuka': 'Permanent', 'Shanghai': 'Permanent', 'Miami': 'Street', 'Imola': 'Permanent', 'Monte Carlo': 'Street', 'Montreal': 'Street', 'Catalunya': 'Permanent', 'Spielberg': 'Permanent', 'Silverstone': 'Permanent', 'Hungaroring': 'Permanent', 'Spa-Francorchamps': 'Permanent', 'Zandvoort': 'Permanent', 'Monza': 'Permanent', 'Baku': 'Street', 'Singapore': 'Street', 'Austin': 'Permanent', 'Mexico City': 'Permanent', 'Interlagos': 'Permanent', 'lusail': 'Street'}",Williams,ALB,1,MEDIUM,2,11,10,True,100.3,99.039,5.915999999999997,0.3427636363636399,51.29862430333693,173.62636235464106,309.0,57.0,10,1.0,0.7102,
2024,Singapore,18,"{'Sakhir': 'Street', 'Jeddah': 'Street', 'Melbourne': 'Street', 'Suzuka': 'Permanent', 'Shanghai': 'Permanent', 'Miami': 'Street', 'Imola': 'Permanent', 'Monte Carlo': 'Street', 'Montreal': 'Street', 'Catalunya': 'Permanent', 'Spielberg': 'Permanent', 'Silverstone': 'Permanent', 'Hungaroring': 'Permanent', 'Spa-Francorchamps': 'Permanent', 'Zandvoort': 'Permanent', 'Monza': 'Permanent', 'Baku': 'Street', 'Singapore': 'Street', 'Austin': 'Permanent', 'Mexico City': 'Permanent', 'Interlagos': 'Permanent', 'lusail': 'Street'}",Williams,ALB,2,HARD,12,15,4,False,111.733,96.888,15.251999999999995,4.760799999999971,46.19693163177545,156.25903408575928,298.0,0.0,1,0.25,9.36375,116.06400000000001
2024,Singapore,18,"{'Sakhir': 'Street', 'Jeddah': 'Street', 'Melbourne': 'Street', 'Suzuka': 'Permanent', 'Shanghai': 'Permanent', 'Miami': 'Street', 'Imola': 'Permanent', 'Monte Carlo': 'Street', 'Montreal': 'Street', 'Catalunya': 'Permanent', 'Spielberg': 'Permanent', 'Silverstone': 'Permanent', 'Hungaroring': 'Permanent', 'Spa-Francorchamps': 'Permanent', 'Zandvoort': 'Permanent', 'Monza': 'Permanent', 'Baku': 'Street', 'Singapore': 'Street', 'Austin': 'Permanent', 'Mexico City': 'Permanent', 'Interlagos': 'Permanent', 'lusail': 'Street'}",Williams,COL,1,MEDIUM,2,29,28,True,99.48475,98.682,8.453999999999994,0.08102818828681117,53.19776653473099,176.61582995813308,308.0,55.0,28,1.0,1.9310714285714285,
2024,Singapore,18,"{'Sakhir': 'Street', 'Jeddah': 'Street', 'Melbourne': 'Street', 'Suzuka': 'Permanent', 'Shanghai': 'Permanent', 'Miami': 'Street', 'Imola': 'Permanent', 'Monte Carlo': 'Street', 'Montreal': 'Street', 'Catalunya': 'Permanent', 'Spielberg': 'Permanent', 'Silverstone': 'Permanent', 'Hungaroring': 'Permanent', 'Spa-Francorchamps': 'Permanent', 'Zandvoort': 'Permanent', 'Monza': 'Permanent', 'Baku': 'Street', 'Singapore': 'Street', 'Austin': 'Permanent', 'Mexico City': 'Permanent', 'Interlagos': 'Permanent', 'lusail': 'Street'}",Williams,COL,2,HARD,30,61,32,False,98.92456250000001,97.262,-23.509,-0.11931341642228632,53.20023411101881,177.46466051195432,314.0,0.0,30,0.9375,1.91603125,98.33349999999999
2024,Spa-Francorchamps,14,"{'Sakhir': 'Street', 'Jeddah': 'Street', 'Melbourne': 'Street', 'Suzuka': 'Permanent', 'Shanghai': 'Permanent', 'Miami': 'Street', 'Imola': 'Permanent', 'Monte Carlo': 'Street', 'Montreal': 'Street', 'Catalunya': 'Permanent', 'Spielberg': 'Permanent', 'Silverstone': 'Permanent', 'Hungaroring': 'Permanent', 'Spa-Francorchamps': 'Permanent', 'Zandvoort': 'Permanent', 'Monza': 'Permanent', 'Baku': 'Street', 'Singapore': 'Street', 'Austin': 'Permanent', 'Mexico City': 'Permanent', 'Interlagos': 'Permanent', 'lusail': 'Street'}",Alpine,GAS,1,MEDIUM,2,9,8,True,111.570375,110.366,4.737000000000009,0.4669880952381022,72.09721309954351,223.29401946402254,348.0,68.0,8,1.0,0.9359999999999999,
2024,Spa-Francorchamps,14,"{'Sakhir': 'Street', 'Jeddah': 'Street', 'Melbourne': 'Street', 'Suzuka': 'Permanent', 'Shanghai': 'Permanent', 'Miami': 'Street', 'Imola': 'Permanent', 'Monte Carlo': 'Street', 'Montreal': 'Street', 'Catalunya': 'Permanent', 'Spielberg': 'Permanent', 'Silverstone': 'Permanent', 'Hungaroring': 'Permanent', 'Spa-Francorchamps': 'Permanent', 'Zandvoort': 'Permanent', 'Monza': 'Permanent', 'Baku': 'Street', 'Singapore': 'Street', 'Austin': 'Permanent', 'Mexico City': 'Permanent', 'Interlagos': 'Permanent', 'lusail': 'Street'}",Alpine,GAS,2,HARD,10,28,19,True,110.8483157894737,109.287,-11.11099999999999,-0.20679298245613578,72.08977889310475,225.15741233985983,348.0,0.0,18,0.9473684210526315,1.6580526315789474,113.715
2024,Spa-Francorchamps,14,"{'Sakhir': 'Street', 'Jeddah': 'Street', 'Melbourne': 'Street', 'Suzuka': 'Permanent', 'Shanghai': 'Permanent', 'Miami': 'Street', 'Imola': 'Permanent', 'Monte Carlo': 'Street', 'Montreal': 'Street', 'Catalunya': 'Permanent', 'Spielberg': 'Permanent', 'Silverstone': 'Permanent', 'Hungaroring': 'Permanent', 'Spa-Francorchamps': 'Permanent', 'Zandvoort': 'Permanent', 'Monza': 'Permanent', 'Baku': 'Street', 'Singapore': 'Street', 'Austin': 'Permanent', 'Mexico City': 'Permanent', 'Interlagos': 'Permanent', 'lusail': 'Street'}",Alpine,GAS,3,HARD,29,44,16,False,109.01062499999999,107.418,-14.644000000000005,-0.3026205882352887,73.76884970073709,228.753853676426,341.0,0.0,12,0.75,2.136125,107.94874999999999
2024,Spa-Francorchamps,14,"{'Sakhir': 'Street', 'Jeddah': 'Street', 'Melbourne': 'Street', 'Suzuka': 'Permanent', 'Shanghai': 'Permanent', 'Miami': 'Street', 'Imola': 'Permanent', 'Monte Carlo': 'Street', 'Montreal': 'Street', 'Catalunya': 'Permanent', 'Spielberg': 'Permanent', 'Silverstone': 'Permanent', 'Hungaroring': 'Permanent', 'Spa-Francorchamps': 'Permanent', 'Zandvoort': 'Permanent', 'Monza': 'Permanent', 'Baku': 'Street', 'Singapore': 'Street', 'Austin': 'Permanent', 'Mexico City': 'Permanent', 'Interlagos': 'Permanent', 'lusail': 'Street'}",Alpine,OCO,1,MEDIUM,2,12,11,True,111.34518181818181,110.371,4.213000000000008,0.2400272727272727,70.04354037190217,223.95316690726463,340.0,68.0,11,1.0,1.371,
2024,Spa-Francorchamps,14,"{'Sakhir': 'Street', 'Jeddah': 'Street', 'Melbourne': 'Street', 'Suzuka': 'Permanent', 'Shanghai': 'Permanent', 'Miami': 'Street', 'Imola': 'Permanent', 'Monte Carlo': 'Street', 'Montreal': 'Street', 'Catalunya': 'Permanent', 'Spielberg': 'Permanent', 'Silverstone': 'Permanent', 'Hungaroring': 'Permanent', 'Spa-Francorchamps': 'Permanent', 'Zandvoort': 'Permanent', 'Monza': 'Permanent', 'Baku': 'Street', 'Singapore': 'Street', 'Austin': 'Permanent', 'Mexico City': 'Permanent', 'Interlagos': 'Permanent', 'lusail': 'Street'}",Alpine,OCO,2,HARD,13,30,18,True,110.18444444444445,108.419,-10.921999999999997,-0.24784520123838782,70.7064635872716,226.0920442443789,352.0,0.0,12,0.6666666666666666,3.2990555555555563,109.27533333333334
2024,Spa-Francorchamps,14,"{'Sakhir': 'Street', 'Jeddah': 'Street', 'Melbourne': 'Street', 'Suzuka': 'Permanent', 'Shanghai': 'Permanent', 'Miami': 'Street', 'Imola': 'Permanent', 'Monte Carlo': 'Street', 'Montreal': 'Street', 'Catalunya': 'Permanent', 'Spielberg': 'Permanent', 'Silverstone': 'Permanent', 'Hungaroring': 'Permanent', 'Spa-Francorchamps': 'Permanent', 'Zandvoort': 'Permanent', 'Monza': 'Permanent', 'Baku': 'Street', 'Singapore': 'Street', 'Austin': 'Permanent', 'Mexico City': 'Permanent', 'Interlagos': 'Permanent', 'lusail': 'Street'}",Alpine,OCO,3,HARD,31,44,14,False,108.83057142857142,106.957,-14.96799999999999,-0.48762197802198076,71.55427713047399,228.79411547804128,347.0,0.0,11,0.7857142857142857,1.9752142857142856,107.15066666666667
2024,Spa-Francorchamps,14,"{'Sakhir': 'Street', 'Jeddah': 'Street', 'Melbourne': 'Street', 'Suzuka': 'Permanent', 'Shanghai': 'Permanent', 'Miami': 'Street', 'Imola': 'Permanent', 'Monte Carlo': 'Street', 'Montreal': 'Street', 'Catalunya': 'Permanent', 'Spielberg': 'Permanent', 'Silverstone': 'Permanent', 'Hungaroring': 'Permanent', 'Spa-Francorchamps': 'Permanent', 'Zandvoort': 'Permanent', 'Monza': 'Permanent', 'Baku': 'Street', 'Singapore': 'Street', 'Austin': 'Permanent', 'Mexico City': 'Permanent', 'Interlagos': 'Permanent', 'lusail': 'Street'}",Aston Martin,ALO,1,MEDIUM,2,13,12,True,111.11333333333333,110.204,3.337999999999994,0.16553846153846466,70.10116720286841,224.20779601213937,337.0,69.0,6,0.5,3.7435000000000005,111.53333333333335
2024,Spa-Francorchamps,14,"{'Sakhir': 'Street', 'Jeddah': 'Street', 'Melbourne': 'Street', 'Suzuka': 'Permanent', 'Shanghai': 'Permanent', 'Miami': 'Street', 'Imola': 'Permanent', 'Monte Carlo': 'Street', 'Montreal': 'Street', 'Catalunya': 'Permanent', 'Spielberg': 'Permanent', 'Silverstone': 'Permanent', 'Hungaroring': 'Permanent', 'Spa-Francorchamps': 'Permanent', 'Zandvoort': 'Permanent', 'Monza': 'Permanent', 'Baku': 'Street', 'Singapore': 'Street', 'Austin': 'Permanent', 'Mexico City': 'Permanent', 'Interlagos': 'Permanent', 'lusail': 'Street'}",Aston Martin,ALO,2,HARD,14,44,31,False,109.58277419354839,108.051,-15.924999999999997,-0.15664838709677553,69.78776395196076,227.7363460761125,342.0,0.0,11,0.3548387096774194,9.25832258064516,108.6787
2024,Spa-Francorchamps,14,"{'Sakhir': 'Street', 'Jeddah': 'Street', 'Melbourne': 'Street', 'Suzuka': 'Permanent', 'Shanghai': 'Permanent', 'Miami': 'Street', 'Imola': 'Permanent', 'Monte Carlo': 'Street', 'Montreal': 'Street', 'Catalunya': 'Permanent', 'Spielberg': 'Permanent', 'Silverstone': 'Permanent', 'Hungaroring': 'Permanent', 'Spa-Francorchamps': 'Permanent', 'Zandvoort': 'Permanent', 'Monza': 'Permanent', 'Baku': 'Street', 'Singapore': 'Street', 'Austin': 'Permanent', 'Mexico City': 'Permanent', 'Interlagos': 'Permanent', 'lusail': 'Street'}",Aston Martin,STR,1,MEDIUM,2,12,11,True,111.51663636363637,110.495,3.5919999999999987,0.17322727272728072,68.80384805016917,223.06188054731177,356.0,62.0,10,0.9090909090909091,1.3098181818181818,115.246
2024,Spa-Francorchamps,14,"{'Sakhir': 'Street', 'Jeddah': 'Street', 'Melbourne': 'Street', 'Suzuka': 'Permanent', 'Shanghai': 'Permanent', 'Miami': 'Street', 'Imola': 'Permanent', 'Monte Carlo': 'Street', 'Montreal': 'Street', 'Catalunya': 'Permanent', 'Spielberg': 'Permanent', 'Silverstone': 'Permanent', 'Hungaroring': 'Permanent', 'Spa-Francorchamps': 'Permanent', 'Zandvoort': 'Permanent', 'Monza': 'Permanent', 'Baku': 'Street', 'Singapore': 'Street', 'Austin': 'Permanent', 'Mexico City': 'Permanent', 'Interlagos': 'Permanent', 'lusail': 'Street'}",Aston Martin,STR,2,HARD,13,44,32,False,109.8046875,108.105,-16.447000000000003,-0.12362976539589422,69.25904172504723,227.21695250181367,347.0,0.0,24,0.75,2.593,108.754625
2024,Spa-Francorchamps,14,"{'Sakhir': 'Street', 'Jeddah': 'Street', 'Melbourne': 'Street', 'Suzuka': 'Permanent', 'Shanghai': 'Permanent', 'Miami': 'Street', 'Imola': 'Permanent', 'Monte Carlo': 'Street', 'Montreal': 'Street', 'Catalunya': 'Permanent', 'Spielberg': 'Permanent', 'Silverstone': 'Permanent', 'Hungaroring': 'Permanent', 'Spa-Francorchamps': 'Permanent', 'Zandvoort': 'Permanent', 'Monza': 'Permanent', 'Baku': 'Street', 'Singapore': 'Street', 'Austin': 'Permanent', 'Mexico City': 'Permanent', 'Interlagos': 'Permanent', 'lusail': 'Street'}",Ferrari,LEC,1,MEDIUM,2,12,11,True,110.28827272727273,109.494,3.850999999999999,0.1694818181818149,74.2249978494679,226.95461477621564,323.0,68.0,11,1.0,1.2015454545454547,
2024,Spa-Francorchamps,14,"{'Sakhir': 'Street', 'Jeddah': 'Street', 'Melbourne': 'Street', 'Suzuka': 'Permanent', 'Shanghai': 'Permanent', 'Miami': 'Street', 'Imola': 'Permanent', 'Monte Carlo': 'Street', 'Montreal': 'Street', 'Catalunya': 'Permanent', 'Spielberg': 'Permanent', 'Silverstone': 'Permanent', 'Hungaroring': 'Permanent', 'Spa-Francorchamps': 'Permanent', 'Zandvoort': 'Permanent', 'Monza': 'Permanent', 'Baku': 'Street', 'Singapore': 'Street', 'Austin': 'Permanent', 'Mexico City': 'Permanent', 'Interlagos': 'Permanent', 'lusail': 'Street'}",Ferrari,LEC,2,HARD,13,25,13,True,109.65084615384616,107.971,-10.308999999999997,-0.3122472527472535,74.95764755458612,227.878559385495,326.0,0.0,13,1.0,1.7515384615384617,
2024,Spa-Francorchamps,14,"{'Sakhir': 'Street', 'Jeddah': 'Street', 'Melbourne': 'Street', 'Suzuka': 'Permanent', 'Shanghai': 'Permanent', 'Miami': 'Street', 'Imola': 'Permanent', 'Monte Carlo': 'Street', 'Montreal': 'Street', 'Catalunya': 'Permanent', 'Spielberg': 'Permanent', 'Silverstone': 'Permanent', 'Hungaroring': 'Permanent', 'Spa-Francorchamps': 'Permanent', 'Zandvoort': 'Permanent', 'Monza': 'Permanent', 'Baku': 'Street', 'Singapore': 'Street', 'Austin': 'Permanent', 'Mexico City': 'Permanent', 'Interlagos': 'Permanent', 'lusail': 'Street'}",Ferrari,LEC,3,HARD,26,44,19,False,108.16026315789475,107.013,-14.910999999999987,-0.2228614035087681,75.2922640657272,230.70581629517096,327.0,0.0,12,0.631578947368421,3.5346315789473683,109.49357142857143
2024,Spa-Francorchamps,14,"{'Sakhir': 'Street', 'Jeddah': 'Street', 'Melbourne': 'Street', 'Suzuka': 'Permanent', 'Shanghai': 'Permanent', 'Miami': 'Street', 'Imola': 'Permanent', 'Monte Carlo': 'Street', 'Montreal': 'Street', 'Catalunya': 'Permanent', 'Spielberg': 'Permanent', 'Silverstone': 'Permanent', 'Hungaroring': 'Permanent', 'Spa-Francorchamps': 'Permanent', 'Zandvoort': 'Permanent', 'Monza': 'Permanent', 'Baku': 'Street', 'Singapore': 'Street', 'Austin': 'Permanent', 'Mexico City': 'Permanent', 'Interlagos': 'Permanent', 'lusail': 'Street'}",Ferrari,SAI,1,HARD,2,20,19,True,109.97310526315789,108.831,3.4579999999999984,0.0008017543859704583,72.53987193979991,226.8230939761107,349.0,67.0,18,0.9473684210526315,0.6568421052631579,109.141
2024,Spa-Francorchamps,14,"{'Sakhir': 'Street', 'Jeddah': 'Street', 'Melbourne': 'Street', 'Suzuka': 'Permanent', 'Shanghai': 'Permanent', 'Miami': 'Street', 'Imola': 'Permanent', 'Monte Carlo': 'Street', 'Montreal': 'Street', 'Catalunya': 'Permanent', 'Spielberg': 'Permanent', 'Silverstone': 'Permanent', 'Hungaroring': 'Permanent', 'Spa-Francorchamps': 'Permanent', 'Zandvoort': 'Permanent', 'Monza': 'Permanent', 'Baku': 'Street', 'Singapore': 'Street', 'Austin': 'Permanent', 'Mexico City': 'Permanent', 'Interlagos': 'Permanent', 'lusail': 'Street'}",Ferrari,SAI,2,MEDIUM,21,28,8,True,110.463375,107.75,-10.073999999999998,-0.8334166666666604,74.11058301817658,226.0011000989936,324.0,0.0,0,0.0,4.397875,110.463375
2024,Spa-Francorchamps,14,"{'Sakhir': 'Street', 'Jeddah': 'Street', 'Melbourne': 'Street', 'Suzuka': 'Permanent', 'Shanghai': 'Permanent', 'Miami': 'Street', 'Imola': 'Permanent', 'Monte Carlo': 'Street', 'Montreal': 'Street', 'Catalunya': 'Permanent', 'Spielberg': 'Permanent', 'Silverstone': 'Permanent', 'Hungaroring': 'Permanent', 'Spa-Francorchamps': 'Permanent', 'Zandvoort': 'Permanent', 'Monza': 'Permanent', 'Baku': 'Street', 'Singapore': 'Street', 'Austin': 'Permanent', 'Mexico City': 'Permanent', 'Interlagos': 'Permanent', 'lusail': 'Street'}",Ferrari,SAI,3,HARD,29,44,16,False,108.02306250000001,106.364,-15.245999999999995,-0.3221161764705843,74.31722808087856,230.67804654679856,345.0,0.0,4,0.25,6.27575,108.22658333333334
2024,Spa-Francorchamps,14,"{'Sakhir': 'Street', 'Jeddah': 'Street', 'Melbourne': 'Street', 'Suzuka': 'Permanent', 'Shanghai': 'Permanent', 'Miami': 'Street', 'Imola': 'Permanent', 'Monte Carlo': 'Street', 'Montreal': 'Street', 'Catalunya': 'Permanent', 'Spielberg': 'Permanent', 'Silverstone': 'Permanent', 'Hungaroring': 'Permanent', 'Spa-Francorchamps': 'Permanent', 'Zandvoort': 'Permanent', 'Monza': 'Permanent', 'Baku': 'Street', 'Singapore': 'Street', 'Austin': 'Permanent', 'Mexico City': 'Permanent', 'Interlagos': 'Permanent', 'lusail': 'Street'}",Haas,HUL,1,MEDIUM,2,7,6,True,111.91883333333334,110.769,3.719999999999999,0.5311142857142728,67.9529147433385,222.5357098474553,353.0,68.0,6,1.0,0.9148333333333332,
2024,Spa-Francorchamps,14,"{'Sakhir': 'Street', 'Jeddah': 'Street', 'Melbourne': 'Street', 'Suzuka': 'Permanent', 'Shanghai': 'Permanent', 'Miami': 'Street', 'Imola': 'Permanent', 'Monte Carlo': 'Street', 'Montreal': 'Street', 'Catalunya': 'Permanent', 'Spielberg': 'Permanent', 'Silverstone': 'Permanent', 'Hungaroring': 'Permanent', 'Spa-Francorchamps': 'Permanent', 'Zandvoort': 'Permanent', 'Monza': 'Permanent', 'Baku': 'Street', 'Singapore': 'Street', 'Austin': 'Permanent', 'Mexico City': 'Permanent', 'Interlagos': 'Permanent', 'lusail': 'Street'}",Haas,HUL,2,HARD,8,20,13,True,111.689,109.269,-9.995999999999995,-0.22304945054944933,70.36783431322841,223.7072674843179,351.0,0.0,12,0.9230769230769231,2.6067692307692307,124.815
2024,Spa-Francorchamps,14,"{'Sakhir': 'Street', 'Jeddah': 'Street', 'Melbourne': 'Street', 'Suzuka': 'Permanent', 'Shanghai': 'Permanent', 'Miami': 'Street', 'Imola': 'Permanent', 'Monte Carlo': 'Street', 'Montreal': 'Street', 'Catalunya': 'Permanent', 'Spielberg': 'Permanent', 'Silverstone': 'Permanent', 'Hungaroring': 'Permanent', 'Spa-Francorchamps': 'Permanent', 'Zandvoort': 'Permanent', 'Monza': 'Permanent', 'Baku': 'Street', 'Singapore': 'Street', 'Austin': 'Permanent', 'Mexico City': 'Permanent', 'Interlagos': 'Permanent', 'lusail': 'Street'}",Haas,HUL,3,MEDIUM,21,44,24,False,110.09362500000002,108.954,-14.88300000000001,-0.1590891304347832,71.68284020078318,227.21108650431887,326.0,0.0,2,0.08333333333333333,5.4435,110.15086363636364
2024,Spa-Francorchamps,14,"{'Sakhir': 'Street', 'Jeddah': 'Street', 'Melbourne': 'Street', 'Suzuka': 'Permanent', 'Shanghai': 'Permanent', 'Miami': 'Street', 'Imola': 'Permanent', 'Monte Carlo': 'Street', 'Montreal': 'Street', 'Catalunya': 'Permanent', 'Spielberg': 'Permanent', 'Silverstone': 'Permanent', 'Hungaroring': 'Permanent', 'Spa-Francorchamps': 'Permanent', 'Zandvoort': 'Permanent', 'Monza': 'Permanent', 'Baku': 'Street', 'Singapore': 'Street', 'Austin': 'Permanent', 'Mexico City': 'Permanent', 'Interlagos': 'Permanent', 'lusail': 'Street'}",Haas,MAG,1,MEDIUM,2,17,16,True,111.4588125,110.473,2.823999999999998,0.04919852941176709,68.63896060203041,223.61738171831794,344.0,68.0,11,0.6875,2.8645000000000005,111.52640000000001
2024,Spa-Francorchamps,14,"{'Sakhir': 'Street', 'Jeddah': 'Street', 'Melbourne': 'Street', 'Suzuka': 'Permanent', 'Shanghai': 'Permanent', 'Miami': 'Street', 'Imola': 'Permanent', 'Monte Carlo': 'Street', 'Montreal': 'Street', 'Catalunya': 'Permanent', 'Spielberg': 'Permanent', 'Silverstone': 'Permanent', 'Hungaroring': 'Permanent', 'Spa-Francorchamps': 'Permanent', 'Zandvoort': 'Permanent', 'Monza': 'Permanent', 'Baku': 'Street', 'Singapore': 'Street', 'Austin': 'Permanent', 'Mexico City': 'Permanent', 'Interlagos': 'Permanent', 'lusail': 'Street'}",Haas,MAG,2,HARD,18,44,27,False,109.61414814814815,107.848,-16.534000000000006,-0.17119047619047556,70.1937685384224,227.8965069016698,344.0,0.0,17,0.6296296296296297,3.176576923076923,110.53299999999999
2024,Spa-Francorchamps,14,"{'Sakhir': 'Street', 'Jeddah': 'Street', 'Melbourne': 'Street', 'Suzuka': 'Permanent', 'Shanghai': 'Permanent', 'Miami': 'Street', 'Imola': 'Permanent', 'Monte Carlo': 'Street', 'Montreal': 'Street', 'Catalunya': 'Permanent', 'Spielberg': 'Permanent', 'Silverstone': 'Permanent', 'Hungaroring': 'Permanent', 'Spa-Francorchamps': 'Permanent', 'Zandvoort': 'Permanent', 'Monza': 'Permanent', 'Baku': 'Street', 'Singapore': 'Street', 'Austin': 'Permanent', 'Mexico City': 'Permanent', 'Interlagos': 'Permanent', 'lusail': 'Street'}",McLaren,NOR,1,MEDIUM,2,15,14,True,110.37114285714286,109.567,3.4239999999999924,0.07621098901099177,67.35614750981541,225.56817527648633,355.0,66.0,13,0.9285714285714286,1.3557857142857144,113.928
2024,Spa-Francorchamps,14,"{'Sakhir': 'Street', 'Jeddah': 'Street', 'Melbourne': 'Street', 'Suzuka': 'Permanent', 'Shanghai': 'Permanent', 'Miami': 'Street', 'Imola': 'Permanent', 'Monte Carlo': 'Street', 'Montreal': 'Street', 'Catalunya': 'Permanent', 'Spielberg': 'Permanent', 'Silverstone': 'Permanent', 'Hungaroring': 'Permanent', 'Spa-Francorchamps': 'Permanent', 'Zandvoort': 'Permanent', 'Monza': 'Permanent', 'Baku': 'Street', 'Singapore': 'Street', 'Austin': 'Permanent', 'Mexico City': 'Permanent', 'Interlagos': 'Permanent', 'lusail': 'Street'}",McLaren,NOR,2,HARD,16,29,14,True,109.24785714285716,107.515,-9.97999999999999,-0.3021846153846137,68.07041993647411,228.21433563516183,340.0,0.0,10,0.7142857142857143,2.3668571428571425,111.36875
2024,Spa-Francorchamps,14,"{'Sakhir': 'Street', 'Jeddah': 'Street', 'Melbourne': 'Street', 'Suzuka': 'Permanent', 'Shanghai': 'Permanent', 'Miami': 'Street', 'Imola': 'Permanent', 'Monte Carlo': 'Street', 'Montreal': 'Street', 'Catalunya': 'Permanent', 'Spielberg': 'Permanent', 'Silverstone': 'Permanent', 'Hungaroring': 'Permanent', 'Spa-Francorchamps': 'Permanent', 'Zandvoort': 'Permanent', 'Monza': 'Permanent', 'Baku': 'Street', 'Singapore': 'Street', 'Austin': 'Permanent', 'Mexico City': 'Permanent', 'Interlagos': 'Permanent', 'lusail': 'Street'}",McLaren,NOR,3,HARD,30,44,15,False,107.76646666666666,105.563,-13.468999999999994,-0.259417857142853,68.52181084035584,230.94183902658426,344.0,0.0,15,1.0,0.9830666666666665,
2024,Spa-Francorchamps,14,"{'Sakhir': 'Street', 'Jeddah': 'Street', 'Melbourne': 'Street', 'Suzuka': 'Permanent', 'Shanghai': 'Permanent', 'Miami': 'Street', 'Imola': 'Permanent', 'Monte Carlo': 'Street', 'Montreal': 'Street', 'Catalunya': 'Permanent', 'Spielberg': 'Permanent', 'Silverstone': 'Permanent', 'Hungaroring': 'Permanent', 'Spa-Francorchamps': 'Permanent', 'Zandvoort': 'Permanent', 'Monza': 'Permanent', 'Baku': 'Street', 'Singapore': 'Street', 'Austin': 'Permanent', 'Mexico City': 'Permanent', 'Interlagos': 'Permanent', 'lusail': 'Street'}",McLaren,PIA,1,MEDIUM,2,11,10,True,110.49190000000002,109.847,4.106999999999999,0.24635757575758532,68.38226536142014,225.96125678340982,344.0,71.0,10,1.0,1.0847,
2024,Spa-Francorchamps,14,"{'Sakhir': 'Street', 'Jeddah': 'Street', 'Melbourne': 'Street', 'Suzuka': 'Permanent', 'Shanghai': 'Permanent', 'Miami': 'Street', 'Imola': 'Permanent', 'Monte Carlo': 'Street', 'Montreal': 'Street', 'Catalunya': 'Permanent', 'Spielberg': 'Permanent', 'Silverstone': 'Permanent', 'Hungaroring': 'Permanent', 'Spa-Francorchamps': 'Permanent', 'Zandvoort': 'Permanent', 'Monza': 'Permanent', 'Baku': 'Street', 'Singapore': 'Street', 'Austin': 'Permanent', 'Mexico City': 'Permanent', 'Interlagos': 'Permanent', 'lusail': 'Street'}",McLaren,PIA,2,HARD,12,30,19,True,108.99784210526315,107.024,-11.364999999999995,-0.2072754385964849,68.59525149611582,229.10717661135877,345.0,0.0,16,0.8421052631578947,2.0776842105263156,107.949
2024,Spa-Francorchamps,14,"{'Sakhir': 'Street', 'Jeddah': 'Street', 'Melbourne': 'Street', 'Suzuka': 'Permanent', 'Shanghai': 'Permanent', 'Miami': 'Street', 'Imola': 'Permanent', 'Monte Carlo': 'Street', 'Montreal': 'Street', 'Catalunya': 'Permanent', 'Spielberg': 'Permanent', 'Silverstone': 'Permanent', 'Hungaroring': 'Permanent', 'Spa-Francorchamps': 'Permanent', 'Zandvoort': 'Permanent', 'Monza': 'Permanent', 'Baku': 'Street', 'Singapore': 'Street', 'Austin': 'Permanent', 'Mexico City': 'Permanent', 'Interlagos': 'Permanent', 'lusail': 'Street'}",McLaren,PIA,3,HARD,31,44,14,False,107.72050000000002,105.84,-14.796000000000006,-0.43286813186813133,69.7325091744574,231.2786801868347,349.0,0.0,7,0.5,3.2005714285714286,108.80442857142859
2024,Spa-Francorchamps,14,"{'Sakhir': 'Street', 'Jeddah': 'Street', 'Melbourne': 'Street', 'Suzuka': 'Permanent', 'Shanghai': 'Permanent', 'Miami': 'Street', 'Imola': 'Permanent', 'Monte Carlo': 'Street', 'Montreal': 'Street', 'Catalunya': 'Permanent', 'Spielberg': 'Permanent', 'Silverstone': 'Permanent', 'Hungaroring': 'Permanent', 'Spa-Francorchamps': 'Permanent', 'Zandvoort': 'Permanent', 'Monza': 'Permanent', 'Baku': 'Street', 'Singapore': 'Street', 'Austin': 'Permanent', 'Mexico City': 'Permanent', 'Interlagos': 'Permanent', 'lusail': 'Street'}",Mercedes,HAM,1,MEDIUM,2,11,10,True,110.0548,109.109,4.478999999999999,0.2818909090909115,72.38324368229732,227.18674186633754,334.0,71.0,10,1.0,0.0674,
2024,Spa-Francorchamps,14,"{'Sakhir': 'Street', 'Jeddah': 'Street', 'Melbourne': 'Street', 'Suzuka': 'Permanent', 'Shanghai': 'Permanent', 'Miami': 'Street', 'Imola': 'Permanent', 'Monte Carlo': 'Street', 'Montreal': 'Street', 'Catalunya': 'Permanent', 'Spielberg': 'Permanent', 'Silverstone': 'Permanent', 'Hungaroring': 'Permanent', 'Spa-Francorchamps': 'Permanent', 'Zandvoort': 'Permanent', 'Monza': 'Permanent', 'Baku': 'Street', 'Singapore': 'Street', 'Austin': 'Permanent', 'Mexico City': 'Permanent', 'Interlagos': 'Permanent', 'lusail': 'Street'}",Mercedes,HAM,2,HARD,12,26,15,True,109.49393333333333,107.845,-12.745000000000005,-0.3168107142857126,73.59108652565347,228.73234218272665,338.0,0.0,9,0.6,2.839466666666667,108.02566666666667
2024,Spa-Francorchamps,14,"{'Sakhir': 'Street', 'Jeddah': 'Street', 'Melbourne': 'Street', 'Suzuka': 'Permanent', 'Shanghai': 'Permanent', 'Miami': 'Street', 'Imola': 'Permanent', 'Monte Carlo': 'Street', 'Montreal': 'Street', 'Catalunya': 'Permanent', 'Spielberg': 'Permanent', 'Silverstone': 'Permanent', 'Hungaroring': 'Permanent', 'Spa-Francorchamps': 'Permanent', 'Zandvoort': 'Permanent', 'Monza': 'Permanent', 'Baku': 'Street', 'Singapore': 'Street', 'Austin': 'Permanent', 'Mexico City': 'Permanent', 'Interlagos': 'Permanent', 'lusail': 'Street'}",Mercedes,HAM,3,HARD,27,44,18,False,107.88383333333334,106.653,-14.265999999999991,-0.24315067079463476,74.064600408271,231.41297807554932,340.0,0.0,8,0.4444444444444444,3.5957058823529415,107.0252
2024,Spa-Francorchamps,14,"{'Sakhir': 'Street', 'Jeddah': 'Street', 'Melbourne': 'Street', 'Suzuka': 'Permanent', 'Shanghai': 'Permanent', 'Miami': 'Street', 'Imola': 'Permanent', 'Monte Carlo': 'Street', 'Montreal': 'Street', 'Catalunya': 'Permanent', 'Spielberg': 'Permanent', 'Silverstone': 'Permanent', 'Hungaroring': 'Permanent', 'Spa-Francorchamps': 'Permanent', 'Zandvoort': 'Permanent', 'Monza': 'Permanent', 'Baku': 'Street', 'Singapore': 'Street', 'Austin': 'Permanent', 'Mexico City': 'Permanent', 'Interlagos': 'Permanent', 'lusail': 'Street'}",Mercedes,RUS,1,MEDIUM,2,10,9,True,110.63977777777778,109.912,4.492000000000004,0.3177833333333238,69.90378727235482,225.34217151710595,339.0,69.0,9,1.0,0.8872222222222222,
2024,Spa-Francorchamps,14,"{'Sakhir': 'Street', 'Jeddah': 'Street', 'Melbourne': 'Street', 'Suzuka': 'Permanent', 'Shanghai': 'Permanent', 'Miami': 'Street', 'Imola': 'Permanent', 'Monte Carlo': 'Street', 'Montreal': 'Street', 'Catalunya': 'Permanent', 'Spielberg': 'Permanent', 'Silverstone': 'Permanent', 'Hungaroring': 'Permanent', 'Spa-Francorchamps': 'Permanent', 'Zandvoort': 'Permanent', 'Monza': 'Permanent', 'Baku': 'Street', 'Singapore': 'Street', 'Austin': 'Permanent', 'Mexico City': 'Permanent', 'Interlagos': 'Permanent', 'lusail': 'Street'}",Mercedes,RUS,2,HARD,11,44,34,False,108.42702941176469,107.113,-15.343000000000004,-0.11926585179526078,72.58136202527456,230.6102520445483,346.0,0.0,23,0.6764705882352942,1.6302121212121214,107.99218181818182
2024,Spa-Francorchamps,14,"{'Sakhir': 'Street', 'Jeddah': 'Street', 'Melbourne': 'Street', 'Suzuka': 'Permanent', 'Shanghai': 'Permanent', 'Miami': 'Street', 'Imola': 'Permanent', 'Monte Carlo': 'Street', 'Montreal': 'Street', 'Catalunya': 'Permanent', 'Spielberg': 'Permanent', 'Silverstone': 'Permanent', 'Hungaroring': 'Permanent', 'Spa-Francorchamps': 'Permanent', 'Zandvoort': 'Permanent', 'Monza': 'Permanent', 'Baku': 'Street', 'Singapore': 'Street', 'Austin': 'Permanent', 'Mexico City': 'Permanent', 'Interlagos': 'Permanent', 'lusail': 'Street'}",RB,RIC,1,SOFT,2,8,7,True,111.66142857142857,110.314,4.054000000000002,0.44846428571426905,69.42271635650545,223.07735040718407,344.0,67.0,7,1.0,0.6231428571428571,
2024,Spa-Francorchamps,14,"{'Sakhir': 'Street', 'Jeddah': 'Street', 'Melbourne': 'Street', 'Suzuka': 'Permanent', 'Shanghai': 'Permanent', 'Miami': 'Street', 'Imola': 'Permanent', 'Monte Carlo': 'Street', 'Montreal': 'Street', 'Catalunya': 'Permanent', 'Spielberg': 'Permanent', 'Silverstone': 'Permanent', 'Hungaroring': 'Permanent', 'Spa-Francorchamps': 'Permanent', 'Zandvoort': 'Permanent', 'Monza': 'Permanent', 'Baku': 'Street', 'Singapore': 'Street', 'Austin': 'Permanent', 'Mexico City': 'Permanent', 'Interlagos': 'Permanent', 'lusail': 'Street'}",RB,RIC,2,MEDIUM,9,21,13,True,111.19730769230767,109.471,-8.632000000000005,-0.27246153846153826,71.27855963396554,224.15950867809994,333.0,0.0,8,0.6153846153846154,1.8301666666666667,112.48440000000001
2024,Spa-Francorchamps,14,"{'Sakhir': 'Street', 'Jeddah': 'Street', 'Melbourne': 'Street', 'Suzuka': 'Permanent', 'Shanghai': 'Permanent', 'Miami': 'Street', 'Imola': 'Permanent', 'Monte Carlo': 'Street', 'Montreal': 'Street', 'Catalunya': 'Permanent', 'Spielberg': 'Permanent', 'Silverstone': 'Permanent', 'Hungaroring': 'Permanent', 'Spa-Francorchamps': 'Permanent', 'Zandvoort': 'Permanent', 'Monza': 'Permanent', 'Baku': 'Street', 'Singapore': 'Street', 'Austin': 'Permanent', 'Mexico City': 'Permanent', 'Interlagos': 'Permanent', 'lusail': 'Street'}",RB,RIC,3,HARD,22,44,23,False,108.9354347826087,107.435,-16.790000000000006,-0.20142292490118666,72.54797314946377,228.66936154229592,345.0,0.0,13,0.5652173913043478,3.294478260869565,108.13629999999998
2024,Spa-Francorchamps,14,"{'Sakhir': 'Street', 'Jeddah': 'Street', 'Melbourne': 'Street', 'Suzuka': 'Permanent', 'Shanghai': 'Permanent', 'Miami': 'Street', 'Imola': 'Permanent', 'Monte Carlo': 'Street', 'Montreal': 'Street', 'Catalunya': 'Permanent', 'Spielberg': 'Permanent', 'Silverstone': 'Permanent', 'Hungaroring': 'Permanent', 'Spa-Francorchamps': 'Permanent', 'Zandvoort': 'Permanent', 'Monza': 'Permanent', 'Baku': 'Street', 'Singapore': 'Street', 'Austin': 'Permanent', 'Mexico City': 'Permanent', 'Interlagos': 'Permanent', 'lusail': 'Street'}",RB,TSU,1,MEDIUM,2,15,14,True,111.80471428571427,110.858,4.016999999999996,0.1515956043956009,69.81520213979387,222.84560747809772,347.0,66.0,13,0.9285714285714286,1.3697692307692308,111.318
2024,Spa-Francorchamps,14,"{'Sakhir': 'Street', 'Jeddah': 'Street', 'Melbourne': 'Street', 'Suzuka': 'Permanent', 'Shanghai': 'Permanent', 'Miami': 'Street', 'Imola': 'Permanent', 'Monte Carlo': 'Street', 'Montreal': 'Street', 'Catalunya': 'Permanent', 'Spielberg': 'Permanent', 'Silverstone': 'Permanent', 'Hungaroring': 'Permanent', 'Spa-Francorchamps': 'Permanent', 'Zandvoort': 'Permanent', 'Monza': 'Permanent', 'Baku': 'Street', 'Singapore': 'Street', 'Austin': 'Permanent', 'Mexico City': 'Permanent', 'Interlagos': 'Permanent', 'lusail': 'Street'}",RB,TSU,2,HARD,16,44,29,False,109.89206896551724,107.969,-16.87100000000001,-0.16436059113300586,71.54992980613943,227.33727588124427,346.0,6.0,10,0.3448275862068966,4.172551724137931,109.75294736842106
2024,Spa-Francorchamps,14,"{'Sakhir': 'Street', 'Jeddah': 'Street', 'Melbourne': 'Street', 'Suzuka': 'Permanent', 'Shanghai': 'Permanent', 'Miami': 'Street', 'Imola': 'Permanent', 'Monte Carlo': 'Street', 'Montreal': 'Street', 'Catalunya': 'Permanent', 'Spielberg': 'Permanent', 'Silverstone': 'Permanent', 'Hungaroring': 'Permanent', 'Spa-Francorchamps': 'Permanent', 'Zandvoort': 'Permanent', 'Monza': 'Permanent', 'Baku': 'Street', 'Singapore': 'Street', 'Austin': 'Permanent', 'Mexico City': 'Permanent', 'Interlagos': 'Permanent', 'lusail': 'Street'}",Red Bull,PER,1,MEDIUM,2,11,10,True,110.47740000000002,109.637,4.603999999999999,0.2666060606060638,69.78840174582243,226.22577386361365,330.0,59.18750117647059,10,1.0,1.5725,
2024,Spa-Francorchamps,14,"{'Sakhir': 'Street', 'Jeddah': 'Street', 'Melbourne': 'Street', 'Suzuka': 'Permanent', 'Shanghai': 'Permanent', 'Miami': 'Street', 'Imola': 'Permanent', 'Monte Carlo': 'Street', 'Montreal': 'Street', 'Catalunya': 'Permanent', 'Spielberg': 'Permanent', 'Silverstone': 'Permanent', 'Hungaroring': 'Permanent', 'Spa-Francorchamps': 'Permanent', 'Zandvoort': 'Permanent', 'Monza': 'Permanent', 'Baku': 'Street', 'Singapore': 'Street', 'Austin': 'Permanent', 'Mexico City': 'Permanent', 'Interlagos': 'Permanent', 'lusail': 'Street'}",Red Bull,PER,2,MEDIUM,12,21,10,True,110.77650000000001,108.305,-9.021999999999991,-0.44073333333333214,70.38041271947816,225.3002927308283,340.0,0.0,10,1.0,1.3596,
2024,Spa-Francorchamps,14,"{'Sakhir': 'Street', 'Jeddah': 'Street', 'Melbourne': 'Street', 'Suzuka': 'Permanent', 'Shanghai': 'Permanent', 'Miami': 'Street', 'Imola': 'Permanent', 'Monte Carlo': 'Street', 'Montreal': 'Street', 'Catalunya': 'Permanent', 'Spielberg': 'Permanent', 'Silverstone': 'Permanent', 'Hungaroring': 'Permanent', 'Spa-Francorchamps': 'Permanent', 'Zandvoort': 'Permanent', 'Monza': 'Permanent', 'Baku': 'Street', 'Singapore': 'Street', 'Austin': 'Permanent', 'Mexico City': 'Permanent', 'Interlagos': 'Permanent', 'lusail': 'Street'}",Red Bull,PER,3,HARD,22,42,21,True,108.85871428571429,107.223,-8.965000000000003,-0.09266493506493473,70.76247033305754,228.60146881359458,326.0,0.0,5,0.23809523809523808,6.5759523809523825,108.739
2024,Spa-Francorchamps,14,"{'Sakhir': 'Street', 'Jeddah': 'Street', 'Melbourne': 'Street', 'Suzuka': 'Permanent', 'Shanghai': 'Permanent', 'Miami': 'Street', 'Imola': 'Permanent', 'Monte Carlo': 'Street', 'Montreal': 'Street', 'Catalunya': 'Permanent', 'Spielberg': 'Permanent', 'Silverstone': 'Permanent', 'Hungaroring': 'Permanent', 'Spa-Francorchamps': 'Permanent', 'Zandvoort': 'Permanent', 'Monza': 'Permanent', 'Baku': 'Street', 'Singapore': 'Street', 'Austin': 'Permanent', 'Mexico City': 'Permanent', 'Interlagos': 'Permanent', 'lusail': 'Street'}",Red Bull,PER,4,SOFT,43,44,2,False,114.112,104.701,-18.822000000000003,-18.82200000000001,71.9523928210389,218.35416263061973,319.0,0.0,0,0.0,23.9595,114.112
2024,Spa-Francorchamps,14,"{'Sakhir': 'Street', 'Jeddah': 'Street', 'Melbourne': 'Street', 'Suzuka': 'Permanent', 'Shanghai': 'Permanent', 'Miami': 'Street', 'Imola': 'Permanent', 'Monte Carlo': 'Street', 'Montreal': 'Street', 'Catalunya': 'Permanent', 'Spielberg': 'Permanent', 'Silverstone': 'Permanent', 'Hungaroring': 'Permanent', 'Spa-Francorchamps': 'Permanent', 'Zandvoort': 'Permanent', 'Monza': 'Permanent', 'Baku': 'Street', 'Singapore': 'Street', 'Austin': 'Permanent', 'Mexico City': 'Permanent', 'Interlagos': 'Permanent', 'lusail': 'Street'}",Red Bull,VER,1,MEDIUM,2,10,9,True,110.63766666666668,109.828,4.826999999999998,0.34663333333331947,66.99048320859023,224.99387132080503,345.0,62.17856914285714,9,1.0,0.49900000000000005,
2024,Spa-Francorchamps,14,"{'Sakhir': 'Street', 'Jeddah': 'Street', 'Melbourne': 'Street', 'Suzuka': 'Permanent', 'Shanghai': 'Permanent', 'Miami': 'Street', 'Imola': 'Permanent', 'Monte Carlo': 'Street', 'Montreal': 'Street', 'Catalunya': 'Permanent', 'Spielberg': 'Permanent', 'Silverstone': 'Permanent', 'Hungaroring': 'Permanent', 'Spa-Francorchamps': 'Permanent', 'Zandvoort': 'Permanent', 'Monza': 'Permanent', 'Baku': 'Street', 'Singapore': 'Street', 'Austin': 'Permanent', 'Mexico City': 'Permanent', 'Interlagos': 'Permanent', 'lusail': 'Street'}",Red Bull,VER,2,HARD,11,28,18,True,109.39527777777779,107.431,-10.763000000000005,-0.21374509803921452,69.36681251540996,228.33084457523404,346.0,0.0,18,1.0,1.2300555555555557,
2024,Spa-Francorchamps,14,"{'Sakhir': 'Street', 'Jeddah': 'Street', 'Melbourne': 'Street', 'Suzuka': 'Permanent', 'Shanghai': 'Permanent', 'Miami': 'Street', 'Imola': 'Permanent', 'Monte Carlo': 'Street', 'Montreal': 'Street', 'Catalunya': 'Permanent', 'Spielberg': 'Permanent', 'Silverstone': 'Permanent', 'Hungaroring': 'Permanent', 'Spa-Francorchamps': 'Permanent', 'Zandvoort': 'Permanent', 'Monza': 'Permanent', 'Baku': 'Street', 'Singapore': 'Street', 'Austin': 'Permanent', 'Mexico City': 'Permanent', 'Interlagos': 'Permanent', 'lusail': 'Street'}",Red Bull,VER,3,MEDIUM,29,44,16,False,107.7643125,106.128,-13.590000000000003,-0.2408073529411736,71.78883228152971,231.17494616774812,344.0,0.0,11,0.6875,1.897,106.5094
2024,Spa-Francorchamps,14,"{'Sakhir': 'Street', 'Jeddah': 'Street', 'Melbourne': 'Street', 'Suzuka': 'Permanent', 'Shanghai': 'Permanent', 'Miami': 'Street', 'Imola': 'Permanent', 'Monte Carlo': 'Street', 'Montreal': 'Street', 'Catalunya': 'Permanent', 'Spielberg': 'Permanent', 'Silverstone': 'Permanent', 'Hungaroring': 'Permanent', 'Spa-Francorchamps': 'Permanent', 'Zandvoort': 'Permanent', 'Monza': 'Permanent', 'Baku': 'Street', 'Singapore': 'Street', 'Austin': 'Permanent', 'Mexico City': 'Permanent', 'Interlagos': 'Permanent', 'lusail': 'Street'}",Sauber,BOT,1,MEDIUM,2,11,10,True,111.47170000000001,110.462,3.774000000000001,0.241024242424247,70.59853957762142,223.48120771677475,344.0,67.0,10,1.0,0.9963,
2024,Spa-Francorchamps,14,"{'Sakhir': 'Street', 'Jeddah': 'Street', 'Melbourne': 'Street', 'Suzuka': 'Permanent', 'Shanghai': 'Permanent', 'Miami': 'Street', 'Imola': 'Permanent', 'Monte Carlo': 'Street', 'Montreal': 'Street', 'Catalunya': 'Permanent', 'Spielberg': 'Permanent', 'Silverstone': 'Permanent', 'Hungaroring': 'Permanent', 'Spa-Francorchamps': 'Permanent', 'Zandvoort': 'Permanent', 'Monza': 'Permanent', 'Baku': 'Street', 'Singapore': 'Street', 'Austin': 'Permanent', 'Mexico City': 'Permanent', 'Interlagos': 'Permanent', 'lusail': 'Street'}",Sauber,BOT,2,HARD,12,35,24,True,110.36970833333334,108.766,-9.686999999999998,-0.14867347826086602,71.3489834802406,226.28298695883822,348.0,0.0,17,0.7083333333333334,2.2693333333333334,109.65957142857141
2024,Spa-Francorchamps,14,"{'Sakhir': 'Street', 'Jeddah': 'Street', 'Melbourne': 'Street', 'Suzuka': 'Permanent', 'Shanghai': 'Permanent', 'Miami': 'Street', 'Imola': 'Permanent', 'Monte Carlo': 'Street', 'Montreal': 'Street', 'Catalunya': 'Permanent', 'Spielberg': 'Permanent', 'Silverstone': 'Permanent', 'Hungaroring': 'Permanent', 'Spa-Francorchamps': 'Permanent', 'Zandvoort': 'Permanent', 'Monza': 'Permanent', 'Baku': 'Street', 'Singapore': 'Street', 'Austin': 'Permanent', 'Mexico City': 'Permanent', 'Interlagos': 'Permanent', 'lusail': 'Street'}",Sauber,BOT,3,MEDIUM,36,44,9,False,109.48077777777777,107.019,-14.675999999999988,-0.89548333333334,72.71234608305225,227.69065262721207,342.0,0.0,1,0.1111111111111111,5.378888888888889,107.891875
2024,Spa-Francorchamps,14,"{'Sakhir': 'Street', 'Jeddah': 'Street', 'Melbourne': 'Street', 'Suzuka': 'Permanent', 'Shanghai': 'Permanent', 'Miami': 'Street', 'Imola': 'Permanent', 'Monte Carlo': 'Street', 'Montreal': 'Street', 'Catalunya': 'Permanent', 'Spielberg': 'Permanent', 'Silverstone': 'Permanent', 'Hungaroring': 'Permanent', 'Spa-Francorchamps': 'Permanent', 'Zandvoort': 'Permanent', 'Monza': 'Permanent', 'Baku': 'Street', 'Singapore': 'Street', 'Austin': 'Permanent', 'Mexico City': 'Permanent', 'Interlagos': 'Permanent', 'lusail': 'Street'}",Sauber,ZHO,1,HARD,2,5,4,False,134.8075,112.099,21.534000000000006,-0.4144000000000285,51.28815773304426,184.99980142480544,344.0,49.0,1,0.25,41.8675,142.37700000000004
2024,Spa-Francorchamps,14,"{'Sakhir': 'Street', 'Jeddah': 'Street', 'Melbourne': 'Street', 'Suzuka': 'Permanent', 'Shanghai': 'Permanent', 'Miami': 'Street', 'Imola': 'Permanent', 'Monte Carlo': 'Street', 'Montreal': 'Street', 'Catalunya': 'Permanent', 'Spielberg': 'Permanent', 'Silverstone': 'Permanent', 'Hungaroring': 'Permanent', 'Spa-Francorchamps': 'Permanent', 'Zandvoort': 'Permanent', 'Monza': 'Permanent', 'Baku': 'Street', 'Singapore': 'Street', 'Austin': 'Permanent', 'Mexico City': 'Permanent', 'Interlagos': 'Permanent', 'lusail': 'Street'}",Williams,ALB,1,MEDIUM,2,8,7,True,111.40200000000002,110.2,4.081999999999994,0.5133928571428498,65.52988403662438,223.48937473580523,348.0,63.0,7,1.0,0.7567142857142858,
2024,Spa-Francorchamps,14,"{'Sakhir': 'Street', 'Jeddah': 'Street', 'Melbourne': 'Street', 'Suzuka': 'Permanent', 'Shanghai': 'Permanent', 'Miami': 'Street', 'Imola': 'Permanent', 'Monte Carlo': 'Street', 'Montreal': 'Street', 'Catalunya': 'Permanent', 'Spielberg': 'Permanent', 'Silverstone': 'Permanent', 'Hungaroring': 'Permanent', 'Spa-Francorchamps': 'Permanent', 'Zandvoort': 'Permanent', 'Monza': 'Permanent', 'Baku': 'Street', 'Singapore': 'Street', 'Austin': 'Permanent', 'Mexico City': 'Permanent', 'Interlagos': 'Permanent', 'lusail': 'Street'}",Williams,ALB,2,MEDIUM,9,23,15,True,111.21853333333333,109.702,-8.891999999999996,-0.22379285714285727,65.79056966632102,223.90710548243757,340.0,0.0,7,0.4666666666666667,6.075333333333334,112.135125
2024,Spa-Francorchamps,14,"{'Sakhir': 'Street', 'Jeddah': 'Street', 'Melbourne': 'Street', 'Suzuka': 'Permanent', 'Shanghai': 'Permanent', 'Miami': 'Street', 'Imola': 'Permanent', 'Monte Carlo': 'Street', 'Montreal': 'Street', 'Catalunya': 'Permanent', 'Spielberg': 'Permanent', 'Silverstone': 'Permanent', 'Hungaroring': 'Permanent', 'Spa-Francorchamps': 'Permanent', 'Zandvoort': 'Permanent', 'Monza': 'Permanent', 'Baku': 'Street', 'Singapore': 'Street', 'Austin': 'Permanent', 'Mexico City': 'Permanent', 'Interlagos': 'Permanent', 'lusail': 'Street'}",Williams,ALB,3,HARD,24,44,21,False,109.29895238095239,107.996,-15.163000000000011,-0.18469480519480677,66.63940485237143,227.7082276149461,347.0,0.0,21,1.0,1.2178095238095237,
2024,Spa-Francorchamps,14,"{'Sakhir': 'Street', 'Jeddah': 'Street', 'Melbourne': 'Street', 'Suzuka': 'Permanent', 'Shanghai': 'Permanent', 'Miami': 'Street', 'Imola': 'Permanent', 'Monte Carlo': 'Street', 'Montreal': 'Street', 'Catalunya': 'Permanent', 'Spielberg': 'Permanent', 'Silverstone': 'Permanent', 'Hungaroring': 'Permanent', 'Spa-Francorchamps': 'Permanent', 'Zandvoort': 'Permanent', 'Monza': 'Permanent', 'Baku': 'Street', 'Singapore': 'Street', 'Austin': 'Permanent', 'Mexico City': 'Permanent', 'Interlagos': 'Permanent', 'lusail': 'Street'}",Williams,SAR,1,MEDIUM,2,8,7,True,112.0172857142857,110.772,3.347999999999999,0.39807142857141337,65.50458814252357,222.1956390312294,351.0,66.0,7,1.0,0.7625714285714285,
2024,Spa-Francorchamps,14,"{'Sakhir': 'Street', 'Jeddah': 'Street', 'Melbourne': 'Street', 'Suzuka': 'Permanent', 'Shanghai': 'Permanent', 'Miami': 'Street', 'Imola': 'Permanent', 'Monte Carlo': 'Street', 'Montreal': 'Street', 'Catalunya': 'Permanent', 'Spielberg': 'Permanent', 'Silverstone': 'Permanent', 'Hungaroring': 'Permanent', 'Spa-Francorchamps': 'Permanent', 'Zandvoort': 'Permanent', 'Monza': 'Permanent', 'Baku': 'Street', 'Singapore': 'Street', 'Austin': 'Permanent', 'Mexico City': 'Permanent', 'Interlagos': 'Permanent', 'lusail': 'Street'}",Williams,SAR,2,MEDIUM,9,24,16,True,111.952375,109.428,-8.173000000000002,-0.08742941176470484,67.49915717705106,222.49379015632942,342.0,0.0,5,0.3125,3.749625,112.25663636363637
2024,Spa-Francorchamps,14,"{'Sakhir': 'Street', 'Jeddah': 'Street', 'Melbourne': 'Street', 'Suzuka': 'Permanent', 'Shanghai': 'Permanent', 'Miami': 'Street', 'Imola': 'Permanent', 'Monte Carlo': 'Street', 'Montreal': 'Street', 'Catalunya': 'Permanent', 'Spielberg': 'Permanent', 'Silverstone': 'Permanent', 'Hungaroring': 'Permanent', 'Spa-Francorchamps': 'Permanent', 'Zandvoort': 'Permanent', 'Monza': 'Permanent', 'Baku': 'Street', 'Singapore': 'Street', 'Austin': 'Permanent', 'Mexico City': 'Permanent', 'Interlagos': 'Permanent', 'lusail': 'Street'}",Williams,SAR,3,HARD,25,44,20,False,109.27740000000001,107.49,-15.719999999999999,-0.2354315789473714,69.79287590988298,228.0076643340858,346.0,0.0,4,0.2,7.990249999999999,109.415625
2024,Spielberg,11,"{'Sakhir': 'Street', 'Jeddah': 'Street', 'Melbourne': 'Street', 'Suzuka': 'Permanent', 'Shanghai': 'Permanent', 'Miami': 'Street', 'Imola': 'Permanent', 'Monte Carlo': 'Street', 'Montreal': 'Street', 'Catalunya': 'Permanent', 'Spielberg': 'Permanent', 'Silverstone': 'Permanent', 'Hungaroring': 'Permanent', 'Spa-Francorchamps': 'Permanent', 'Zandvoort': 'Permanent', 'Monza': 'Permanent', 'Baku': 'Street', 'Singapore': 'Street', 'Austin': 'Permanent', 'Mexico City': 'Permanent', 'Interlagos': 'Permanent', 'lusail': 'Street'}",Alpine,GAS,1,MEDIUM,2,20,19,True,71.98363157894737,71.011,4.426000000000002,0.13599298245614283,68.30860902272399,214.91980854590395,323.0,56.0,18,0.9473684210526315,1.433421052631579,75.809
2024,Spielberg,11,"{'Sakhir': 'Street', 'Jeddah': 'Street', 'Melbourne': 'Street', 'Suzuka': 'Permanent', 'Shanghai': 'Permanent', 'Miami': 'Street', 'Imola': 'Permanent', 'Monte Carlo': 'Street', 'Montreal': 'Street', 'Catalunya': 'Permanent', 'Spielberg': 'Permanent', 'Silverstone': 'Permanent', 'Hungaroring': 'Permanent', 'Spa-Francorchamps': 'Permanent', 'Zandvoort': 'Permanent', 'Monza': 'Permanent', 'Baku': 'Street', 'Singapore': 'Street', 'Austin': 'Permanent', 'Mexico City': 'Permanent', 'Interlagos': 'Permanent', 'lusail': 'Street'}",Alpine,GAS,2,HARD,21,42,22,True,72.4930909090909,70.725,-12.625,-0.11008469791078405,67.97850256612446,213.48432231762487,329.0,0.0,20,0.9090909090909091,2.528409090909091,73.6615
2024,Spielberg,11,"{'Sakhir': 'Street', 'Jeddah': 'Street', 'Melbourne': 'Street', 'Suzuka': 'Permanent', 'Shanghai': 'Permanent', 'Miami': 'Street', 'Imola': 'Permanent', 'Monte Carlo': 'Street', 'Montreal': 'Street', 'Catalunya': 'Permanent', 'Spielberg': 'Permanent', 'Silverstone': 'Permanent', 'Hungaroring': 'Permanent', 'Spa-Francorchamps': 'Permanent', 'Zandvoort': 'Permanent', 'Monza': 'Permanent', 'Baku': 'Street', 'Singapore': 'Street', 'Austin': 'Permanent', 'Mexico City': 'Permanent', 'Interlagos': 'Permanent', 'lusail': 'Street'}",Alpine,GAS,3,MEDIUM,43,71,29,False,71.82475862068966,69.609,-15.950999999999993,-0.009738916256156941,67.92381722607315,215.3350048024873,324.0,0.0,25,0.8620689655172413,1.4123793103448277,74.46674999999999
2024,Spielberg,11,"{'Sakhir': 'Street', 'Jeddah': 'Street', 'Melbourne': 'Street', 'Suzuka': 'Permanent', 'Shanghai': 'Permanent', 'Miami': 'Street', 'Imola': 'Permanent', 'Monte Carlo': 'Street', 'Montreal': 'Street', 'Catalunya': 'Permanent', 'Spielberg': 'Permanent', 'Silverstone': 'Permanent', 'Hungaroring': 'Permanent', 'Spa-Francorchamps': 'Permanent', 'Zandvoort': 'Permanent', 'Monza': 'Permanent', 'Baku': 'Street', 'Singapore': 'Street', 'Austin': 'Permanent', 'Mexico City': 'Permanent', 'Interlagos': 'Permanent', 'lusail': 'Street'}",Alpine,OCO,1,MEDIUM,2,19,18,True,71.96461111111111,70.919,4.668000000000006,0.14835810113519327,70.03640488015704,215.1500614749467,314.0,59.0,11,0.6111111111111112,2.4095555555555555,72.75314285714286
2024,Spielberg,11,"{'Sakhir': 'Street', 'Jeddah': 'Street', 'Melbourne': 'Street', 'Suzuka': 'Permanent', 'Shanghai': 'Permanent', 'Miami': 'Street', 'Imola': 'Permanent', 'Monte Carlo': 'Street', 'Montreal': 'Street', 'Catalunya': 'Permanent', 'Spielberg': 'Permanent', 'Silverstone': 'Permanent', 'Hungaroring': 'Permanent', 'Spa-Francorchamps': 'Permanent', 'Zandvoort': 'Permanent', 'Monza': 'Permanent', 'Baku': 'Street', 'Singapore': 'Street', 'Austin': 'Permanent', 'Mexico City': 'Permanent', 'Interlagos': 'Permanent', 'lusail': 'Street'}",Alpine,OCO,2,HARD,20,43,24,True,72.54537499999999,70.86,-13.608000000000004,-0.09319434782608643,69.82611097367308,213.1631621318918,324.0,0.0,20,0.8333333333333334,3.2065416666666664,72.8775
2024,Spielberg,11,"{'Sakhir': 'Street', 'Jeddah': 'Street', 'Melbourne': 'Street', 'Suzuka': 'Permanent', 'Shanghai': 'Permanent', 'Miami': 'Street', 'Imola': 'Permanent', 'Monte Carlo': 'Street', 'Montreal': 'Street', 'Catalunya': 'Permanent', 'Spielberg': 'Permanent', 'Silverstone': 'Permanent', 'Hungaroring': 'Permanent', 'Spa-Francorchamps': 'Permanent', 'Zandvoort': 'Permanent', 'Monza': 'Permanent', 'Baku': 'Street', 'Singapore': 'Street', 'Austin': 'Permanent', 'Mexico City': 'Permanent', 'Interlagos': 'Permanent', 'lusail': 'Street'}",Alpine,OCO,3,MEDIUM,44,71,28,False,72.03457142857143,69.649,-15.906999999999996,0.0020826491516173517,70.0188343412279,214.8402386374148,323.0,0.0,18,0.6428571428571429,3.230107142857143,73.01780000000001
2024,Spielberg,11,"{'Sakhir': 'Street', 'Jeddah': 'Street', 'Melbourne': 'Street', 'Suzuka': 'Permanent', 'Shanghai': 'Permanent', 'Miami': 'Street', 'Imola': 'Permanent', 'Monte Carlo': 'Street', 'Montreal': 'Street', 'Catalunya': 'Permanent', 'Spielberg': 'Permanent', 'Silverstone': 'Permanent', 'Hungaroring': 'Permanent', 'Spa-Francorchamps': 'Permanent', 'Zandvoort': 'Permanent', 'Monza': 'Permanent', 'Baku': 'Street', 'Singapore': 'Street', 'Austin': 'Permanent', 'Mexico City': 'Permanent', 'Interlagos': 'Permanent', 'lusail': 'Street'}",Aston Martin,ALO,1,MEDIUM,2,11,10,True,72.017,71.32,3.027000000000001,0.1875151515151552,66.55133010777939,214.6076251711752,328.0,58.0,10,1.0,0.5475999999999999,
2024,Spielberg,11,"{'Sakhir': 'Street', 'Jeddah': 'Street', 'Melbourne': 'Street', 'Suzuka': 'Permanent', 'Shanghai': 'Permanent', 'Miami': 'Street', 'Imola': 'Permanent', 'Monte Carlo': 'Street', 'Montreal': 'Street', 'Catalunya': 'Permanent', 'Spielberg': 'Permanent', 'Silverstone': 'Permanent', 'Hungaroring': 'Permanent', 'Spa-Francorchamps': 'Permanent', 'Zandvoort': 'Permanent', 'Monza': 'Permanent', 'Baku': 'Street', 'Singapore': 'Street', 'Austin': 'Permanent', 'Mexico City': 'Permanent', 'Interlagos': 'Permanent', 'lusail': 'Street'}",Aston Martin,ALO,2,MEDIUM,12,35,24,True,72.52454166666666,70.912,-9.550000000000011,-0.06262565217391111,65.93354251191329,212.8294455868185,321.0,0.0,21,0.875,1.3669583333333335,76.65400000000001
2024,Spielberg,11,"{'Sakhir': 'Street', 'Jeddah': 'Street', 'Melbourne': 'Street', 'Suzuka': 'Permanent', 'Shanghai': 'Permanent', 'Miami': 'Street', 'Imola': 'Permanent', 'Monte Carlo': 'Street', 'Montreal': 'Street', 'Catalunya': 'Permanent', 'Spielberg': 'Permanent', 'Silverstone': 'Permanent', 'Hungaroring': 'Permanent', 'Spa-Francorchamps': 'Permanent', 'Zandvoort': 'Permanent', 'Monza': 'Permanent', 'Baku': 'Street', 'Singapore': 'Street', 'Austin': 'Permanent', 'Mexico City': 'Permanent', 'Interlagos': 'Permanent', 'lusail': 'Street'}",Aston Martin,ALO,3,HARD,36,68,33,True,73.0829090909091,70.576,-25.35600000000001,-0.01597159090909042,64.17715382289515,211.71221353368128,323.0,0.0,18,0.5454545454545454,3.468969696969697,72.83840000000001
2024,Spielberg,11,"{'Sakhir': 'Street', 'Jeddah': 'Street', 'Melbourne': 'Street', 'Suzuka': 'Permanent', 'Shanghai': 'Permanent', 'Miami': 'Street', 'Imola': 'Permanent', 'Monte Carlo': 'Street', 'Montreal': 'Street', 'Catalunya': 'Permanent', 'Spielberg': 'Permanent', 'Silverstone': 'Permanent', 'Hungaroring': 'Permanent', 'Spa-Francorchamps': 'Permanent', 'Zandvoort': 'Permanent', 'Monza': 'Permanent', 'Baku': 'Street', 'Singapore': 'Street', 'Austin': 'Permanent', 'Mexico City': 'Permanent', 'Interlagos': 'Permanent', 'lusail': 'Street'}",Aston Martin,ALO,4,SOFT,69,70,2,False,79.0275,67.694,-22.667,-22.667000000000005,64.13189608284623,194.85599613781991,308.0,0.0,0,0.0,4.577,79.0275
2024,Spielberg,11,"{'Sakhir': 'Street', 'Jeddah': 'Street', 'Melbourne': 'Street', 'Suzuka': 'Permanent', 'Shanghai': 'Permanent', 'Miami': 'Street', 'Imola': 'Permanent', 'Monte Carlo': 'Street', 'Montreal': 'Street', 'Catalunya': 'Permanent', 'Spielberg': 'Permanent', 'Silverstone': 'Permanent', 'Hungaroring': 'Permanent', 'Spa-Francorchamps': 'Permanent', 'Zandvoort': 'Permanent', 'Monza': 'Permanent', 'Baku': 'Street', 'Singapore': 'Street', 'Austin': 'Permanent', 'Mexico City': 'Permanent', 'Interlagos': 'Permanent', 'lusail': 'Street'}",Aston Martin,STR,1,MEDIUM,2,20,19,True,72.2191052631579,71.336,4.052999999999997,0.12194912280702037,65.79208832371913,213.2468088865184,330.0,49.0,16,0.8421052631578947,1.5326470588235295,73.64566666666667
2024,Spielberg,11,"{'Sakhir': 'Street', 'Jeddah': 'Street', 'Melbourne': 'Street', 'Suzuka': 'Permanent', 'Shanghai': 'Permanent', 'Miami': 'Street', 'Imola': 'Permanent', 'Monte Carlo': 'Street', 'Montreal': 'Street', 'Catalunya': 'Permanent', 'Spielberg': 'Permanent', 'Silverstone': 'Permanent', 'Hungaroring': 'Permanent', 'Spa-Francorchamps': 'Permanent', 'Zandvoort': 'Permanent', 'Monza': 'Permanent', 'Baku': 'Street', 'Singapore': 'Street', 'Austin': 'Permanent', 'Mexico City': 'Permanent', 'Interlagos': 'Permanent', 'lusail': 'Street'}",Aston Martin,STR,2,MEDIUM,21,43,23,True,72.43621739130434,71.033,-12.816000000000003,-0.10308893280632535,66.0374682003292,212.94485140303098,328.0,0.0,17,0.7391304347826086,1.813590909090909,74.92383333333332
2024,Spielberg,11,"{'Sakhir': 'Street', 'Jeddah': 'Street', 'Melbourne': 'Street', 'Suzuka': 'Permanent', 'Shanghai': 'Permanent', 'Miami': 'Street', 'Imola': 'Permanent', 'Monte Carlo': 'Street', 'Montreal': 'Street', 'Catalunya': 'Permanent', 'Spielberg': 'Permanent', 'Silverstone': 'Permanent', 'Hungaroring': 'Permanent', 'Spa-Francorchamps': 'Permanent', 'Zandvoort': 'Permanent', 'Monza': 'Permanent', 'Baku': 'Street', 'Singapore': 'Street', 'Austin': 'Permanent', 'Mexico City': 'Permanent', 'Interlagos': 'Permanent', 'lusail': 'Street'}",Aston Martin,STR,3,HARD,44,70,27,False,72.35940740740742,70.143,-16.700000000000003,0.0043394383394364765,63.78632355612518,213.70204272598542,324.0,0.0,8,0.2962962962962963,6.396481481481481,73.00347368421053
2024,Spielberg,11,"{'Sakhir': 'Street', 'Jeddah': 'Street', 'Melbourne': 'Street', 'Suzuka': 'Permanent', 'Shanghai': 'Permanent', 'Miami': 'Street', 'Imola': 'Permanent', 'Monte Carlo': 'Street', 'Montreal': 'Street', 'Catalunya': 'Permanent', 'Spielberg': 'Permanent', 'Silverstone': 'Permanent', 'Hungaroring': 'Permanent', 'Spa-Francorchamps': 'Permanent', 'Zandvoort': 'Permanent', 'Monza': 'Permanent', 'Baku': 'Street', 'Singapore': 'Street', 'Austin': 'Permanent', 'Mexico City': 'Permanent', 'Interlagos': 'Permanent', 'lusail': 'Street'}",Ferrari,LEC,2,HARD,2,16,15,True,73.19993333333333,70.326,-23.60300000000001,-0.5051142857142855,68.18785427585222,211.06929432698547,315.0,0.0,5,0.3333333333333333,12.975266666666668,73.5567
2024,Spielberg,11,"{'Sakhir': 'Street', 'Jeddah': 'Street', 'Melbourne': 'Street', 'Suzuka': 'Permanent', 'Shanghai': 'Permanent', 'Miami': 'Street', 'Imola': 'Permanent', 'Monte Carlo': 'Street', 'Montreal': 'Street', 'Catalunya': 'Permanent', 'Spielberg': 'Permanent', 'Silverstone': 'Permanent', 'Hungaroring': 'Permanent', 'Spa-Francorchamps': 'Permanent', 'Zandvoort': 'Permanent', 'Monza': 'Permanent', 'Baku': 'Street', 'Singapore': 'Street', 'Austin': 'Permanent', 'Mexico City': 'Permanent', 'Interlagos': 'Permanent', 'lusail': 'Street'}",Ferrari,LEC,3,MEDIUM,17,33,17,True,72.05735294117648,70.309,-13.768999999999991,-0.2878186274509798,69.81282408053272,214.93050679246534,306.0,0.0,5,0.29411764705882354,7.620529411764706,70.73333333333332
2024,Spielberg,11,"{'Sakhir': 'Street', 'Jeddah': 'Street', 'Melbourne': 'Street', 'Suzuka': 'Permanent', 'Shanghai': 'Permanent', 'Miami': 'Street', 'Imola': 'Permanent', 'Monte Carlo': 'Street', 'Montreal': 'Street', 'Catalunya': 'Permanent', 'Spielberg': 'Permanent', 'Silverstone': 'Permanent', 'Hungaroring': 'Permanent', 'Spa-Francorchamps': 'Permanent', 'Zandvoort': 'Permanent', 'Monza': 'Permanent', 'Baku': 'Street', 'Singapore': 'Street', 'Austin': 'Permanent', 'Mexico City': 'Permanent', 'Interlagos': 'Permanent', 'lusail': 'Street'}",Ferrari,LEC,4,MEDIUM,34,51,18,True,71.64833333333333,69.894,-14.554000000000002,-0.20712074303405562,68.59017773189962,215.36177644275358,321.0,0.0,6,0.3333333333333333,7.290166666666666,71.79433333333333
2024,Spielberg,11,"{'Sakhir': 'Street', 'Jeddah': 'Street', 'Melbourne': 'Street', 'Suzuka': 'Permanent', 'Shanghai': 'Permanent', 'Miami': 'Street', 'Imola': 'Permanent', 'Monte Carlo': 'Street', 'Montreal': 'Street', 'Catalunya': 'Permanent', 'Spielberg': 'Permanent', 'Silverstone': 'Permanent', 'Hungaroring': 'Permanent', 'Spa-Francorchamps': 'Permanent', 'Zandvoort': 'Permanent', 'Monza': 'Permanent', 'Baku': 'Street', 'Singapore': 'Street', 'Austin': 'Permanent', 'Mexico City': 'Permanent', 'Interlagos': 'Permanent', 'lusail': 'Street'}",Ferrari,LEC,5,MEDIUM,52,71,20,False,71.75625,69.584,-15.817999999999998,-0.11385488721804611,68.54084331580793,215.49819902127072,327.0,0.0,14,0.7,2.2915,72.981
2024,Spielberg,11,"{'Sakhir': 'Street', 'Jeddah': 'Street', 'Melbourne': 'Street', 'Suzuka': 'Permanent', 'Shanghai': 'Permanent', 'Miami': 'Street', 'Imola': 'Permanent', 'Monte Carlo': 'Street', 'Montreal': 'Street', 'Catalunya': 'Permanent', 'Spielberg': 'Permanent', 'Silverstone': 'Permanent', 'Hungaroring': 'Permanent', 'Spa-Francorchamps': 'Permanent', 'Zandvoort': 'Permanent', 'Monza': 'Permanent', 'Baku': 'Street', 'Singapore': 'Street', 'Austin': 'Permanent', 'Mexico City': 'Permanent', 'Interlagos': 'Permanent', 'lusail': 'Street'}",Ferrari,SAI,1,MEDIUM,2,22,21,True,71.34219047619047,70.401,4.160000000000011,0.10681818181818148,71.62297310523377,216.60930465060264,315.0,58.0,21,1.0,1.8002380952380952,
2024,Spielberg,11,"{'Sakhir': 'Street', 'Jeddah': 'Street', 'Melbourne': 'Street', 'Suzuka': 'Permanent', 'Shanghai': 'Permanent', 'Miami': 'Street', 'Imola': 'Permanent', 'Monte Carlo': 'Street', 'Montreal': 'Street', 'Catalunya': 'Permanent', 'Spielberg': 'Permanent', 'Silverstone': 'Permanent', 'Hungaroring': 'Permanent', 'Spa-Francorchamps': 'Permanent', 'Zandvoort': 'Permanent', 'Monza': 'Permanent', 'Baku': 'Street', 'Singapore': 'Street', 'Austin': 'Permanent', 'Mexico City': 'Permanent', 'Interlagos': 'Permanent', 'lusail': 'Street'}",Ferrari,SAI,2,HARD,23,47,25,True,71.32184000000001,69.889,-11.972999999999999,-0.0678400000000001,69.76672110254464,216.34303675765963,313.0,0.0,2,0.08,4.19984,70.70656521739129
2024,Spielberg,11,"{'Sakhir': 'Street', 'Jeddah': 'Street', 'Melbourne': 'Street', 'Suzuka': 'Permanent', 'Shanghai': 'Permanent', 'Miami': 'Street', 'Imola': 'Permanent', 'Monte Carlo': 'Street', 'Montreal': 'Street', 'Catalunya': 'Permanent', 'Spielberg': 'Permanent', 'Silverstone': 'Permanent', 'Hungaroring': 'Permanent', 'Spa-Francorchamps': 'Permanent', 'Zandvoort': 'Permanent', 'Monza': 'Permanent', 'Baku': 'Street', 'Singapore': 'Street', 'Austin': 'Permanent', 'Mexico City': 'Permanent', 'Interlagos': 'Permanent', 'lusail': 'Street'}",Ferrari,SAI,3,MEDIUM,48,71,24,False,71.27679166666667,69.282,-16.736000000000004,-0.04541086956521466,69.82203002747082,217.51225739196323,315.0,0.0,10,0.4166666666666667,3.3184347826086955,70.8845
2024,Spielberg,11,"{'Sakhir': 'Street', 'Jeddah': 'Street', 'Melbourne': 'Street', 'Suzuka': 'Permanent', 'Shanghai': 'Permanent', 'Miami': 'Street', 'Imola': 'Permanent', 'Monte Carlo': 'Street', 'Montreal': 'Street', 'Catalunya': 'Permanent', 'Spielberg': 'Permanent', 'Silverstone': 'Permanent', 'Hungaroring': 'Permanent', 'Spa-Francorchamps': 'Permanent', 'Zandvoort': 'Permanent', 'Monza': 'Permanent', 'Baku': 'Street', 'Singapore': 'Street', 'Austin': 'Permanent', 'Mexico City': 'Permanent', 'Interlagos': 'Permanent', 'lusail': 'Street'}",Haas,HUL,1,MEDIUM,2,11,10,True,71.5789,70.217,4.8940000000000055,0.3526242424242467,67.82053241502807,215.85751671426917,330.0,61.0,9,0.9,1.5985555555555555,70.217
2024,Spielberg,11,"{'Sakhir': 'Street', 'Jeddah': 'Street', 'Melbourne': 'Street', 'Suzuka': 'Permanent', 'Shanghai': 'Permanent', 'Miami': 'Street', 'Imola': 'Permanent', 'Monte Carlo': 'Street', 'Montreal': 'Street', 'Catalunya': 'Permanent', 'Spielberg': 'Permanent', 'Silverstone': 'Permanent', 'Hungaroring': 'Permanent', 'Spa-Francorchamps': 'Permanent', 'Zandvoort': 'Permanent', 'Monza': 'Permanent', 'Baku': 'Street', 'Singapore': 'Street', 'Austin': 'Permanent', 'Mexico City': 'Permanent', 'Interlagos': 'Permanent', 'lusail': 'Street'}",Haas,HUL,2,HARD,12,39,28,True,72.25064285714286,70.544,-14.317999999999998,-0.0803721948549513,66.79587097390734,214.28381714095013,322.0,0.0,7,0.25,4.694,72.56166666666667
2024,Spielberg,11,"{'Sakhir': 'Street', 'Jeddah': 'Street', 'Melbourne': 'Street', 'Suzuka': 'Permanent', 'Shanghai': 'Permanent', 'Miami': 'Street', 'Imola': 'Permanent', 'Monte Carlo': 'Street', 'Montreal': 'Street', 'Catalunya': 'Permanent', 'Spielberg': 'Permanent', 'Silverstone': 'Permanent', 'Hungaroring': 'Permanent', 'Spa-Francorchamps': 'Permanent', 'Zandvoort': 'Permanent', 'Monza': 'Permanent', 'Baku': 'Street', 'Singapore': 'Street', 'Austin': 'Permanent', 'Mexico City': 'Permanent', 'Interlagos': 'Permanent', 'lusail': 'Street'}",Haas,HUL,3,HARD,40,71,32,False,71.86434375,70.215,-16.235,-0.03061345307917906,65.5746114073995,215.69736598166656,325.0,0.0,2,0.0625,17.767999999999997,71.36819999999999
2024,Spielberg,11,"{'Sakhir': 'Street', 'Jeddah': 'Street', 'Melbourne': 'Street', 'Suzuka': 'Permanent', 'Shanghai': 'Permanent', 'Miami': 'Street', 'Imola': 'Permanent', 'Monte Carlo': 'Street', 'Montreal': 'Street', 'Catalunya': 'Permanent', 'Spielberg': 'Permanent', 'Silverstone': 'Permanent', 'Hungaroring': 'Permanent', 'Spa-Francorchamps': 'Permanent', 'Zandvoort': 'Permanent', 'Monza': 'Permanent', 'Baku': 'Street', 'Singapore': 'Street', 'Austin': 'Permanent', 'Mexico City': 'Permanent', 'Interlagos': 'Permanent', 'lusail': 'Street'}",Haas,MAG,1,MEDIUM,2,10,9,True,71.70544444444445,70.92,4.034000000000006,0.3252333333333319,65.48089471017363,215.4677858222094,324.0,57.0,9,1.0,0.6033333333333334,
2024,Spielberg,11,"{'Sakhir': 'Street', 'Jeddah': 'Street', 'Melbourne': 'Street', 'Suzuka': 'Permanent', 'Shanghai': 'Permanent', 'Miami': 'Street', 'Imola': 'Permanent', 'Monte Carlo': 'Street', 'Montreal': 'Street', 'Catalunya': 'Permanent', 'Spielberg': 'Permanent', 'Silverstone': 'Permanent', 'Hungaroring': 'Permanent', 'Spa-Francorchamps': 'Permanent', 'Zandvoort': 'Permanent', 'Monza': 'Permanent', 'Baku': 'Street', 'Singapore': 'Street', 'Austin': 'Permanent', 'Mexico City': 'Permanent', 'Interlagos': 'Permanent', 'lusail': 'Street'}",Haas,MAG,2,HARD,11,38,28,True,72.36539285714285,70.994,-12.11999999999999,-0.07232484948001804,65.9510463308037,213.93568670232625,327.0,0.0,12,0.42857142857142855,3.137518518518519,72.976
2024,Spielberg,11,"{'Sakhir': 'Street', 'Jeddah': 'Street', 'Melbourne': 'Street', 'Suzuka': 'Permanent', 'Shanghai': 'Permanent', 'Miami': 'Street', 'Imola': 'Permanent', 'Monte Carlo': 'Street', 'Montreal': 'Street', 'Catalunya': 'Permanent', 'Spielberg': 'Permanent', 'Silverstone': 'Permanent', 'Hungaroring': 'Permanent', 'Spa-Francorchamps': 'Permanent', 'Zandvoort': 'Permanent', 'Monza': 'Permanent', 'Baku': 'Street', 'Singapore': 'Street', 'Austin': 'Permanent', 'Mexico City': 'Permanent', 'Interlagos': 'Permanent', 'lusail': 'Street'}",Haas,MAG,3,HARD,39,71,33,False,71.90142424242424,70.125,-15.855999999999995,-0.008871657754009188,65.4966486463909,215.73433596377794,321.0,0.0,19,0.5757575757575758,3.2836666666666665,73.4517857142857
2024,Spielberg,11,"{'Sakhir': 'Street', 'Jeddah': 'Street', 'Melbourne': 'Street', 'Suzuka': 'Permanent', 'Shanghai': 'Permanent', 'Miami': 'Street', 'Imola': 'Permanent', 'Monte Carlo': 'Street', 'Montreal': 'Street', 'Catalunya': 'Permanent', 'Spielberg': 'Permanent', 'Silverstone': 'Permanent', 'Hungaroring': 'Permanent', 'Spa-Francorchamps': 'Permanent', 'Zandvoort': 'Permanent', 'Monza': 'Permanent', 'Baku': 'Street', 'Singapore': 'Street', 'Austin': 'Permanent', 'Mexico City': 'Permanent', 'Interlagos': 'Permanent', 'lusail': 'Street'}",McLaren,NOR,1,MEDIUM,2,23,22,True,71.09045454545455,69.813,5.224000000000004,0.10595031055900611,68.46422639920462,216.96999871209613,307.0,58.0,5,0.22727272727272727,4.34190909090909,71.32394117647061
2024,Spielberg,11,"{'Sakhir': 'Street', 'Jeddah': 'Street', 'Melbourne': 'Street', 'Suzuka': 'Permanent', 'Shanghai': 'Permanent', 'Miami': 'Street', 'Imola': 'Permanent', 'Monte Carlo': 'Street', 'Montreal': 'Street', 'Catalunya': 'Permanent', 'Spielberg': 'Permanent', 'Silverstone': 'Permanent', 'Hungaroring': 'Permanent', 'Spa-Francorchamps': 'Permanent', 'Zandvoort': 'Permanent', 'Monza': 'Permanent', 'Baku': 'Street', 'Singapore': 'Street', 'Austin': 'Permanent', 'Mexico City': 'Permanent', 'Interlagos': 'Permanent', 'lusail': 'Street'}",McLaren,NOR,2,HARD,24,51,28,True,70.90842857142857,69.4,-13.686000000000007,-0.06455883962780232,68.68612486009124,217.75284607573823,317.0,0.0,0,0.0,7.238178571428572,70.90842857142857
2024,Spielberg,11,"{'Sakhir': 'Street', 'Jeddah': 'Street', 'Melbourne': 'Street', 'Suzuka': 'Permanent', 'Shanghai': 'Permanent', 'Miami': 'Street', 'Imola': 'Permanent', 'Monte Carlo': 'Street', 'Montreal': 'Street', 'Catalunya': 'Permanent', 'Spielberg': 'Permanent', 'Silverstone': 'Permanent', 'Hungaroring': 'Permanent', 'Spa-Francorchamps': 'Permanent', 'Zandvoort': 'Permanent', 'Monza': 'Permanent', 'Baku': 'Street', 'Singapore': 'Street', 'Austin': 'Permanent', 'Mexico City': 'Permanent', 'Interlagos': 'Permanent', 'lusail': 'Street'}",McLaren,NOR,3,MEDIUM,52,64,13,False,74.4813076923077,68.016,34.494,1.249934065934068,63.96319078344098,207.93517074743642,322.0,0.0,13,1.0,0.6892307692307693,
2024,Spielberg,11,"{'Sakhir': 'Street', 'Jeddah': 'Street', 'Melbourne': 'Street', 'Suzuka': 'Permanent', 'Shanghai': 'Permanent', 'Miami': 'Street', 'Imola': 'Permanent', 'Monte Carlo': 'Street', 'Montreal': 'Street', 'Catalunya': 'Permanent', 'Spielberg': 'Permanent', 'Silverstone': 'Permanent', 'Hungaroring': 'Permanent', 'Spa-Francorchamps': 'Permanent', 'Zandvoort': 'Permanent', 'Monza': 'Permanent', 'Baku': 'Street', 'Singapore': 'Street', 'Austin': 'Permanent', 'Mexico City': 'Permanent', 'Interlagos': 'Permanent', 'lusail': 'Street'}",McLaren,PIA,1,MEDIUM,2,25,24,True,71.414125,70.541,3.8020000000000067,0.06562565217391357,66.60366863037873,216.27311435676725,322.0,59.0,22,0.9166666666666666,1.9830833333333333,71.295
2024,Spielberg,11,"{'Sakhir': 'Street', 'Jeddah': 'Street', 'Melbourne': 'Street', 'Suzuka': 'Permanent', 'Shanghai': 'Permanent', 'Miami': 'Street', 'Imola': 'Permanent', 'Monte Carlo': 'Street', 'Montreal': 'Street', 'Catalunya': 'Permanent', 'Spielberg': 'Permanent', 'Silverstone': 'Permanent', 'Hungaroring': 'Permanent', 'Spa-Francorchamps': 'Permanent', 'Zandvoort': 'Permanent', 'Monza': 'Permanent', 'Baku': 'Street', 'Singapore': 'Street', 'Austin': 'Permanent', 'Mexico City': 'Permanent', 'Interlagos': 'Permanent', 'lusail': 'Street'}",McLaren,PIA,2,HARD,26,51,26,True,71.20303846153845,69.516,-13.170999999999992,-0.08086871794871833,66.07803263763456,216.98749325801808,321.0,0.0,11,0.4230769230769231,5.828130434782609,71.65086666666667
2024,Spielberg,11,"{'Sakhir': 'Street', 'Jeddah': 'Street', 'Melbourne': 'Street', 'Suzuka': 'Permanent', 'Shanghai': 'Permanent', 'Miami': 'Street', 'Imola': 'Permanent', 'Monte Carlo': 'Street', 'Montreal': 'Street', 'Catalunya': 'Permanent', 'Spielberg': 'Permanent', 'Silverstone': 'Permanent', 'Hungaroring': 'Permanent', 'Spa-Francorchamps': 'Permanent', 'Zandvoort': 'Permanent', 'Monza': 'Permanent', 'Baku': 'Street', 'Singapore': 'Street', 'Austin': 'Permanent', 'Mexico City': 'Permanent', 'Interlagos': 'Permanent', 'lusail': 'Street'}",McLaren,PIA,3,MEDIUM,52,71,20,False,71.1268,68.697,-15.683999999999997,-0.07252330827067653,65.77092868354246,217.63871811105386,323.0,0.0,11,0.55,2.945555555555556,72.97111111111113
2024,Spielberg,11,"{'Sakhir': 'Street', 'Jeddah': 'Street', 'Melbourne': 'Street', 'Suzuka': 'Permanent', 'Shanghai': 'Permanent', 'Miami': 'Street', 'Imola': 'Permanent', 'Monte Carlo': 'Street', 'Montreal': 'Street', 'Catalunya': 'Permanent', 'Spielberg': 'Permanent', 'Silverstone': 'Permanent', 'Hungaroring': 'Permanent', 'Spa-Francorchamps': 'Permanent', 'Zandvoort': 'Permanent', 'Monza': 'Permanent', 'Baku': 'Street', 'Singapore': 'Street', 'Austin': 'Permanent', 'Mexico City': 'Permanent', 'Interlagos': 'Permanent', 'lusail': 'Street'}",Mercedes,HAM,1,MEDIUM,2,21,20,True,71.507,70.476,5.200000000000003,0.12016691729323375,68.71202764052465,215.98985315437622,322.0,57.0,20,1.0,1.1913,
2024,Spielberg,11,"{'Sakhir': 'Street', 'Jeddah': 'Street', 'Melbourne': 'Street', 'Suzuka': 'Permanent', 'Shanghai': 'Permanent', 'Miami': 'Street', 'Imola': 'Permanent', 'Monte Carlo': 'Street', 'Montreal': 'Street', 'Catalunya': 'Permanent', 'Spielberg': 'Permanent', 'Silverstone': 'Permanent', 'Hungaroring': 'Permanent', 'Spa-Francorchamps': 'Permanent', 'Zandvoort': 'Permanent', 'Monza': 'Permanent', 'Baku': 'Street', 'Singapore': 'Street', 'Austin': 'Permanent', 'Mexico City': 'Permanent', 'Interlagos': 'Permanent', 'lusail': 'Street'}",Mercedes,HAM,2,HARD,22,53,32,True,71.33290625000001,70.128,-11.575000000000003,-0.030227822580644874,68.24508471754635,216.4630849082381,320.0,0.0,18,0.5625,3.21371875,72.15321428571428
2024,Spielberg,11,"{'Sakhir': 'Street', 'Jeddah': 'Street', 'Melbourne': 'Street', 'Suzuka': 'Permanent', 'Shanghai': 'Permanent', 'Miami': 'Street', 'Imola': 'Permanent', 'Monte Carlo': 'Street', 'Montreal': 'Street', 'Catalunya': 'Permanent', 'Spielberg': 'Permanent', 'Silverstone': 'Permanent', 'Hungaroring': 'Permanent', 'Spa-Francorchamps': 'Permanent', 'Zandvoort': 'Permanent', 'Monza': 'Permanent', 'Baku': 'Street', 'Singapore': 'Street', 'Austin': 'Permanent', 'Mexico City': 'Permanent', 'Interlagos': 'Permanent', 'lusail': 'Street'}",Mercedes,HAM,3,MEDIUM,54,71,18,False,72.12816666666669,69.562,-22.438000000000002,-0.2766284829721356,65.76494696145944,214.2163938585975,307.0,0.0,0,0.0,18.093555555555554,72.12816666666669
2024,Spielberg,11,"{'Sakhir': 'Street', 'Jeddah': 'Street', 'Melbourne': 'Street', 'Suzuka': 'Permanent', 'Shanghai': 'Permanent', 'Miami': 'Street', 'Imola': 'Permanent', 'Monte Carlo': 'Street', 'Montreal': 'Street', 'Catalunya': 'Permanent', 'Spielberg': 'Permanent', 'Silverstone': 'Permanent', 'Hungaroring': 'Permanent', 'Spa-Francorchamps': 'Permanent', 'Zandvoort': 'Permanent', 'Monza': 'Permanent', 'Baku': 'Street', 'Singapore': 'Street', 'Austin': 'Permanent', 'Mexico City': 'Permanent', 'Interlagos': 'Permanent', 'lusail': 'Street'}",Mercedes,RUS,1,MEDIUM,2,22,21,True,71.26409523809524,70.193,4.497,0.11066753246753225,69.16417883849456,216.73314548461286,309.0,58.0,11,0.5238095238095238,3.045714285714286,71.8188
2024,Spielberg,11,"{'Sakhir': 'Street', 'Jeddah': 'Street', 'Melbourne': 'Street', 'Suzuka': 'Permanent', 'Shanghai': 'Permanent', 'Miami': 'Street', 'Imola': 'Permanent', 'Monte Carlo': 'Street', 'Montreal': 'Street', 'Catalunya': 'Permanent', 'Spielberg': 'Permanent', 'Silverstone': 'Permanent', 'Hungaroring': 'Permanent', 'Spa-Francorchamps': 'Permanent', 'Zandvoort': 'Permanent', 'Monza': 'Permanent', 'Baku': 'Street', 'Singapore': 'Street', 'Austin': 'Permanent', 'Mexico City': 'Permanent', 'Interlagos': 'Permanent', 'lusail': 'Street'}",Mercedes,RUS,2,MEDIUM,23,46,24,True,71.33041666666666,69.563,-11.082000000000008,-0.05459043478260597,68.53959016907125,216.60337130648946,312.0,0.0,5,0.20833333333333334,6.219181818181818,71.71521052631579
2024,Spielberg,11,"{'Sakhir': 'Street', 'Jeddah': 'Street', 'Melbourne': 'Street', 'Suzuka': 'Permanent', 'Shanghai': 'Permanent', 'Miami': 'Street', 'Imola': 'Permanent', 'Monte Carlo': 'Street', 'Montreal': 'Street', 'Catalunya': 'Permanent', 'Spielberg': 'Permanent', 'Silverstone': 'Permanent', 'Hungaroring': 'Permanent', 'Spa-Francorchamps': 'Permanent', 'Zandvoort': 'Permanent', 'Monza': 'Permanent', 'Baku': 'Street', 'Singapore': 'Street', 'Austin': 'Permanent', 'Mexico City': 'Permanent', 'Interlagos': 'Permanent', 'lusail': 'Street'}",Mercedes,RUS,3,HARD,47,71,25,False,71.19684000000001,69.164,-15.951000000000008,-0.04380230769230821,67.97183353380647,217.25138911030677,323.0,0.0,7,0.28,8.38144,70.78594444444443
2024,Spielberg,11,"{'Sakhir': 'Street', 'Jeddah': 'Street', 'Melbourne': 'Street', 'Suzuka': 'Permanent', 'Shanghai': 'Permanent', 'Miami': 'Street', 'Imola': 'Permanent', 'Monte Carlo': 'Street', 'Montreal': 'Street', 'Catalunya': 'Permanent', 'Spielberg': 'Permanent', 'Silverstone': 'Permanent', 'Hungaroring': 'Permanent', 'Spa-Francorchamps': 'Permanent', 'Zandvoort': 'Permanent', 'Monza': 'Permanent', 'Baku': 'Street', 'Singapore': 'Street', 'Austin': 'Permanent', 'Mexico City': 'Permanent', 'Interlagos': 'Permanent', 'lusail': 'Street'}",RB,RIC,1,MEDIUM,2,10,9,True,71.75533333333334,71.032,3.2590000000000003,0.2449666666666646,66.49106885228154,215.14767833257187,330.0,60.0,9,1.0,0.5704444444444444,
2024,Spielberg,11,"{'Sakhir': 'Street', 'Jeddah': 'Street', 'Melbourne': 'Street', 'Suzuka': 'Permanent', 'Shanghai': 'Permanent', 'Miami': 'Street', 'Imola': 'Permanent', 'Monte Carlo': 'Street', 'Montreal': 'Street', 'Catalunya': 'Permanent', 'Spielberg': 'Permanent', 'Silverstone': 'Permanent', 'Hungaroring': 'Permanent', 'Spa-Francorchamps': 'Permanent', 'Zandvoort': 'Permanent', 'Monza': 'Permanent', 'Baku': 'Street', 'Singapore': 'Street', 'Austin': 'Permanent', 'Mexico City': 'Permanent', 'Interlagos': 'Permanent', 'lusail': 'Street'}",RB,RIC,2,HARD,11,37,27,True,72.41744444444446,71.27,-12.707999999999998,-0.08335409035409153,67.46669846538987,213.20429437565298,320.0,0.0,27,1.0,1.5786296296296296,
2024,Spielberg,11,"{'Sakhir': 'Street', 'Jeddah': 'Street', 'Melbourne': 'Street', 'Suzuka': 'Permanent', 'Shanghai': 'Permanent', 'Miami': 'Street', 'Imola': 'Permanent', 'Monte Carlo': 'Street', 'Montreal': 'Street', 'Catalunya': 'Permanent', 'Spielberg': 'Permanent', 'Silverstone': 'Permanent', 'Hungaroring': 'Permanent', 'Spa-Francorchamps': 'Permanent', 'Zandvoort': 'Permanent', 'Monza': 'Permanent', 'Baku': 'Street', 'Singapore': 'Street', 'Austin': 'Permanent', 'Mexico City': 'Permanent', 'Interlagos': 'Permanent', 'lusail': 'Street'}",RB,RIC,3,HARD,38,71,34,False,71.86444117647059,70.426,-15.887,-0.019057142857142082,66.32834353467739,215.1739003272872,325.0,0.0,29,0.8529411764705882,2.017852941176471,77.2302
2024,Spielberg,11,"{'Sakhir': 'Street', 'Jeddah': 'Street', 'Melbourne': 'Street', 'Suzuka': 'Permanent', 'Shanghai': 'Permanent', 'Miami': 'Street', 'Imola': 'Permanent', 'Monte Carlo': 'Street', 'Montreal': 'Street', 'Catalunya': 'Permanent', 'Spielberg': 'Permanent', 'Silverstone': 'Permanent', 'Hungaroring': 'Permanent', 'Spa-Francorchamps': 'Permanent', 'Zandvoort': 'Permanent', 'Monza': 'Permanent', 'Baku': 'Street', 'Singapore': 'Street', 'Austin': 'Permanent', 'Mexico City': 'Permanent', 'Interlagos': 'Permanent', 'lusail': 'Street'}",RB,TSU,1,MEDIUM,2,21,20,True,72.1488,71.316,4.634,0.12616842105263074,67.73159605656902,214.15133580727164,321.0,55.0,16,0.8,2.5562222222222224,73.48325
2024,Spielberg,11,"{'Sakhir': 'Street', 'Jeddah': 'Street', 'Melbourne': 'Street', 'Suzuka': 'Permanent', 'Shanghai': 'Permanent', 'Miami': 'Street', 'Imola': 'Permanent', 'Monte Carlo': 'Street', 'Montreal': 'Street', 'Catalunya': 'Permanent', 'Spielberg': 'Permanent', 'Silverstone': 'Permanent', 'Hungaroring': 'Permanent', 'Spa-Francorchamps': 'Permanent', 'Zandvoort': 'Permanent', 'Monza': 'Permanent', 'Baku': 'Street', 'Singapore': 'Street', 'Austin': 'Permanent', 'Mexico City': 'Permanent', 'Interlagos': 'Permanent', 'lusail': 'Street'}",RB,TSU,2,HARD,22,44,23,True,72.4058695652174,71.011,-13.006,-0.11192193675889435,66.81227947770071,213.14450295015854,325.0,0.0,11,0.4782608695652174,4.006869565217391,73.14899999999999
2024,Spielberg,11,"{'Sakhir': 'Street', 'Jeddah': 'Street', 'Melbourne': 'Street', 'Suzuka': 'Permanent', 'Shanghai': 'Permanent', 'Miami': 'Street', 'Imola': 'Permanent', 'Monte Carlo': 'Street', 'Montreal': 'Street', 'Catalunya': 'Permanent', 'Spielberg': 'Permanent', 'Silverstone': 'Permanent', 'Hungaroring': 'Permanent', 'Spa-Francorchamps': 'Permanent', 'Zandvoort': 'Permanent', 'Monza': 'Permanent', 'Baku': 'Street', 'Singapore': 'Street', 'Austin': 'Permanent', 'Mexico City': 'Permanent', 'Interlagos': 'Permanent', 'lusail': 'Street'}",RB,TSU,3,HARD,45,70,26,False,72.59757692307691,70.318,-20.73899999999999,-0.0707948717948741,65.9576016621638,213.2426478491973,320.0,0.0,8,0.3076923076923077,3.432384615384615,72.05872222222223
2024,Spielberg,11,"{'Sakhir': 'Street', 'Jeddah': 'Street', 'Melbourne': 'Street', 'Suzuka': 'Permanent', 'Shanghai': 'Permanent', 'Miami': 'Street', 'Imola': 'Permanent', 'Monte Carlo': 'Street', 'Montreal': 'Street', 'Catalunya': 'Permanent', 'Spielberg': 'Permanent', 'Silverstone': 'Permanent', 'Hungaroring': 'Permanent', 'Spa-Francorchamps': 'Permanent', 'Zandvoort': 'Permanent', 'Monza': 'Permanent', 'Baku': 'Street', 'Singapore': 'Street', 'Austin': 'Permanent', 'Mexico City': 'Permanent', 'Interlagos': 'Permanent', 'lusail': 'Street'}",Red Bull,PER,1,MEDIUM,2,21,20,True,71.75789999999998,70.621,5.662000000000006,0.12229022556391064,67.24364149520677,214.90233066994358,317.0,57.0,14,0.7,2.15145,72.61850000000001
2024,Spielberg,11,"{'Sakhir': 'Street', 'Jeddah': 'Street', 'Melbourne': 'Street', 'Suzuka': 'Permanent', 'Shanghai': 'Permanent', 'Miami': 'Street', 'Imola': 'Permanent', 'Monte Carlo': 'Street', 'Montreal': 'Street', 'Catalunya': 'Permanent', 'Spielberg': 'Permanent', 'Silverstone': 'Permanent', 'Hungaroring': 'Permanent', 'Spa-Francorchamps': 'Permanent', 'Zandvoort': 'Permanent', 'Monza': 'Permanent', 'Baku': 'Street', 'Singapore': 'Street', 'Austin': 'Permanent', 'Mexico City': 'Permanent', 'Interlagos': 'Permanent', 'lusail': 'Street'}",Red Bull,PER,2,HARD,22,51,30,True,71.7933,70.492,-11.661000000000001,-0.04411590656284763,67.80565217039445,214.79816883817318,320.0,0.0,7,0.23333333333333334,8.1128,71.34321739130434
2024,Spielberg,11,"{'Sakhir': 'Street', 'Jeddah': 'Street', 'Melbourne': 'Street', 'Suzuka': 'Permanent', 'Shanghai': 'Permanent', 'Miami': 'Street', 'Imola': 'Permanent', 'Monte Carlo': 'Street', 'Montreal': 'Street', 'Catalunya': 'Permanent', 'Spielberg': 'Permanent', 'Silverstone': 'Permanent', 'Hungaroring': 'Permanent', 'Spa-Francorchamps': 'Permanent', 'Zandvoort': 'Permanent', 'Monza': 'Permanent', 'Baku': 'Street', 'Singapore': 'Street', 'Austin': 'Permanent', 'Mexico City': 'Permanent', 'Interlagos': 'Permanent', 'lusail': 'Street'}",Red Bull,PER,3,MEDIUM,52,71,20,False,72.6144,69.694,-21.88300000000001,-0.17728721804511305,66.84706674703948,212.79907190210304,326.0,0.0,19,0.95,0.7825,69.717
2024,Spielberg,11,"{'Sakhir': 'Street', 'Jeddah': 'Street', 'Melbourne': 'Street', 'Suzuka': 'Permanent', 'Shanghai': 'Permanent', 'Miami': 'Street', 'Imola': 'Permanent', 'Monte Carlo': 'Street', 'Montreal': 'Street', 'Catalunya': 'Permanent', 'Spielberg': 'Permanent', 'Silverstone': 'Permanent', 'Hungaroring': 'Permanent', 'Spa-Francorchamps': 'Permanent', 'Zandvoort': 'Permanent', 'Monza': 'Permanent', 'Baku': 'Street', 'Singapore': 'Street', 'Austin': 'Permanent', 'Mexico City': 'Permanent', 'Interlagos': 'Permanent', 'lusail': 'Street'}",Red Bull,VER,1,MEDIUM,2,23,22,True,70.87931818181818,69.857,4.741,0.12375776397515595,68.39085508636184,218.1429518727444,303.0,58.0,22,1.0,0.0,
2024,Spielberg,11,"{'Sakhir': 'Street', 'Jeddah': 'Street', 'Melbourne': 'Street', 'Suzuka': 'Permanent', 'Shanghai': 'Permanent', 'Miami': 'Street', 'Imola': 'Permanent', 'Monte Carlo': 'Street', 'Montreal': 'Street', 'Catalunya': 'Permanent', 'Spielberg': 'Permanent', 'Silverstone': 'Permanent', 'Hungaroring': 'Permanent', 'Spa-Francorchamps': 'Permanent', 'Zandvoort': 'Permanent', 'Monza': 'Permanent', 'Baku': 'Street', 'Singapore': 'Street', 'Austin': 'Permanent', 'Mexico City': 'Permanent', 'Interlagos': 'Permanent', 'lusail': 'Street'}",Red Bull,VER,2,HARD,24,51,28,True,70.84957142857142,69.451,-13.534000000000006,-0.05697646414887572,68.36601849857253,217.88448368009145,308.0,0.0,27,0.9642857142857143,0.17142857142857143,87.394
2024,Spielberg,11,"{'Sakhir': 'Street', 'Jeddah': 'Street', 'Melbourne': 'Street', 'Suzuka': 'Permanent', 'Shanghai': 'Permanent', 'Miami': 'Street', 'Imola': 'Permanent', 'Monte Carlo': 'Street', 'Montreal': 'Street', 'Catalunya': 'Permanent', 'Spielberg': 'Permanent', 'Silverstone': 'Permanent', 'Hungaroring': 'Permanent', 'Spa-Francorchamps': 'Permanent', 'Zandvoort': 'Permanent', 'Monza': 'Permanent', 'Baku': 'Street', 'Singapore': 'Street', 'Austin': 'Permanent', 'Mexico City': 'Permanent', 'Interlagos': 'Permanent', 'lusail': 'Street'}",Red Bull,VER,3,MEDIUM,52,64,13,True,73.31776923076924,68.623,6.418000000000006,0.30360989010989314,65.93013756883165,210.95158256224312,316.0,0.0,13,1.0,0.12223076923076924,
2024,Spielberg,11,"{'Sakhir': 'Street', 'Jeddah': 'Street', 'Melbourne': 'Street', 'Suzuka': 'Permanent', 'Shanghai': 'Permanent', 'Miami': 'Street', 'Imola': 'Permanent', 'Monte Carlo': 'Street', 'Montreal': 'Street', 'Catalunya': 'Permanent', 'Spielberg': 'Permanent', 'Silverstone': 'Permanent', 'Hungaroring': 'Permanent', 'Spa-Francorchamps': 'Permanent', 'Zandvoort': 'Permanent', 'Monza': 'Permanent', 'Baku': 'Street', 'Singapore': 'Street', 'Austin': 'Permanent', 'Mexico City': 'Permanent', 'Interlagos': 'Permanent', 'lusail': 'Street'}",Red Bull,VER,4,SOFT,65,71,7,False,74.53385714285716,67.719,-25.179000000000002,-3.9357500000000076,65.36969683116892,208.0928381569911,312.0,0.0,0,0.0,9.796857142857144,74.53385714285716
2024,Spielberg,11,"{'Sakhir': 'Street', 'Jeddah': 'Street', 'Melbourne': 'Street', 'Suzuka': 'Permanent', 'Shanghai': 'Permanent', 'Miami': 'Street', 'Imola': 'Permanent', 'Monte Carlo': 'Street', 'Montreal': 'Street', 'Catalunya': 'Permanent', 'Spielberg': 'Permanent', 'Silverstone': 'Permanent', 'Hungaroring': 'Permanent', 'Spa-Francorchamps': 'Permanent', 'Zandvoort': 'Permanent', 'Monza': 'Permanent', 'Baku': 'Street', 'Singapore': 'Street', 'Austin': 'Permanent', 'Mexico City': 'Permanent', 'Interlagos': 'Permanent', 'lusail': 'Street'}",Sauber,BOT,1,MEDIUM,2,19,18,True,72.30544444444443,71.571,3.203000000000003,0.08981424148607098,68.31904847485106,213.72572655776557,321.0,59.0,18,1.0,2.0148333333333337,
2024,Spielberg,11,"{'Sakhir': 'Street', 'Jeddah': 'Street', 'Melbourne': 'Street', 'Suzuka': 'Permanent', 'Shanghai': 'Permanent', 'Miami': 'Street', 'Imola': 'Permanent', 'Monte Carlo': 'Street', 'Montreal': 'Street', 'Catalunya': 'Permanent', 'Spielberg': 'Permanent', 'Silverstone': 'Permanent', 'Hungaroring': 'Permanent', 'Spa-Francorchamps': 'Permanent', 'Zandvoort': 'Permanent', 'Monza': 'Permanent', 'Baku': 'Street', 'Singapore': 'Street', 'Austin': 'Permanent', 'Mexico City': 'Permanent', 'Interlagos': 'Permanent', 'lusail': 'Street'}",Sauber,BOT,2,HARD,20,42,23,True,72.52900000000001,71.128,-12.841999999999999,-0.1152667984189738,67.93796649382551,213.89414583750363,314.0,0.0,16,0.6956521739130435,2.7590434782608697,74.01228571428571
2024,Spielberg,11,"{'Sakhir': 'Street', 'Jeddah': 'Street', 'Melbourne': 'Street', 'Suzuka': 'Permanent', 'Shanghai': 'Permanent', 'Miami': 'Street', 'Imola': 'Permanent', 'Monte Carlo': 'Street', 'Montreal': 'Street', 'Catalunya': 'Permanent', 'Spielberg': 'Permanent', 'Silverstone': 'Permanent', 'Hungaroring': 'Permanent', 'Spa-Francorchamps': 'Permanent', 'Zandvoort': 'Permanent', 'Monza': 'Permanent', 'Baku': 'Street', 'Singapore': 'Street', 'Austin': 'Permanent', 'Mexico City': 'Permanent', 'Interlagos': 'Permanent', 'lusail': 'Street'}",Sauber,BOT,3,HARD,43,70,28,False,72.55678571428571,70.449,-18.570999999999998,-0.04668144499178624,66.92361717416064,213.3606951681427,323.0,0.0,14,0.5,3.9249642857142857,72.73328571428571
2024,Spielberg,11,"{'Sakhir': 'Street', 'Jeddah': 'Street', 'Melbourne': 'Street', 'Suzuka': 'Permanent', 'Shanghai': 'Permanent', 'Miami': 'Street', 'Imola': 'Permanent', 'Monte Carlo': 'Street', 'Montreal': 'Street', 'Catalunya': 'Permanent', 'Spielberg': 'Permanent', 'Silverstone': 'Permanent', 'Hungaroring': 'Permanent', 'Spa-Francorchamps': 'Permanent', 'Zandvoort': 'Permanent', 'Monza': 'Permanent', 'Baku': 'Street', 'Singapore': 'Street', 'Austin': 'Permanent', 'Mexico City': 'Permanent', 'Interlagos': 'Permanent', 'lusail': 'Street'}",Sauber,ZHO,1,HARD,2,28,27,True,72.83037037037036,71.66,4.834000000000003,0.10389133089133083,67.55263464799418,212.46137814236326,311.0,48.0,16,0.5925925925925926,2.6965185185185185,72.70545454545456
2024,Spielberg,11,"{'Sakhir': 'Street', 'Jeddah': 'Street', 'Melbourne': 'Street', 'Suzuka': 'Permanent', 'Shanghai': 'Permanent', 'Miami': 'Street', 'Imola': 'Permanent', 'Monte Carlo': 'Street', 'Montreal': 'Street', 'Catalunya': 'Permanent', 'Spielberg': 'Permanent', 'Silverstone': 'Permanent', 'Hungaroring': 'Permanent', 'Spa-Francorchamps': 'Permanent', 'Zandvoort': 'Permanent', 'Monza': 'Permanent', 'Baku': 'Street', 'Singapore': 'Street', 'Austin': 'Permanent', 'Mexico City': 'Permanent', 'Interlagos': 'Permanent', 'lusail': 'Street'}",Sauber,ZHO,2,MEDIUM,29,51,23,True,72.77308695652172,70.713,-14.946999999999989,-0.1353418972332024,66.65569374508756,212.8292196014333,317.0,0.0,4,0.17391304347826086,9.742782608695652,72.97715789473685
2024,Spielberg,11,"{'Sakhir': 'Street', 'Jeddah': 'Street', 'Melbourne': 'Street', 'Suzuka': 'Permanent', 'Shanghai': 'Permanent', 'Miami': 'Street', 'Imola': 'Permanent', 'Monte Carlo': 'Street', 'Montreal': 'Street', 'Catalunya': 'Permanent', 'Spielberg': 'Permanent', 'Silverstone': 'Permanent', 'Hungaroring': 'Permanent', 'Spa-Francorchamps': 'Permanent', 'Zandvoort': 'Permanent', 'Monza': 'Permanent', 'Baku': 'Street', 'Singapore': 'Street', 'Austin': 'Permanent', 'Mexico City': 'Permanent', 'Interlagos': 'Permanent', 'lusail': 'Street'}",Sauber,ZHO,3,HARD,52,70,19,False,72.81163157894737,70.47,-17.855999999999995,-0.16615789473683953,66.57918941134548,212.6654417128714,306.0,0.0,0,0.0,26.237789473684213,72.81163157894737
2024,Spielberg,11,"{'Sakhir': 'Street', 'Jeddah': 'Street', 'Melbourne': 'Street', 'Suzuka': 'Permanent', 'Shanghai': 'Permanent', 'Miami': 'Street', 'Imola': 'Permanent', 'Monte Carlo': 'Street', 'Montreal': 'Street', 'Catalunya': 'Permanent', 'Spielberg': 'Permanent', 'Silverstone': 'Permanent', 'Hungaroring': 'Permanent', 'Spa-Francorchamps': 'Permanent', 'Zandvoort': 'Permanent', 'Monza': 'Permanent', 'Baku': 'Street', 'Singapore': 'Street', 'Austin': 'Permanent', 'Mexico City': 'Permanent', 'Interlagos': 'Permanent', 'lusail': 'Street'}",Williams,ALB,1,MEDIUM,2,12,11,True,71.95345454545455,71.389,2.2879999999999967,0.13544545454545834,62.40881240721911,214.43741619527356,329.0,52.0,11,1.0,0.648,
2024,Spielberg,11,"{'Sakhir': 'Street', 'Jeddah': 'Street', 'Melbourne': 'Street', 'Suzuka': 'Permanent', 'Shanghai': 'Permanent', 'Miami': 'Street', 'Imola': 'Permanent', 'Monte Carlo': 'Street', 'Montreal': 'Street', 'Catalunya': 'Permanent', 'Spielberg': 'Permanent', 'Silverstone': 'Permanent', 'Hungaroring': 'Permanent', 'Spa-Francorchamps': 'Permanent', 'Zandvoort': 'Permanent', 'Monza': 'Permanent', 'Baku': 'Street', 'Singapore': 'Street', 'Austin': 'Permanent', 'Mexico City': 'Permanent', 'Interlagos': 'Permanent', 'lusail': 'Street'}",Williams,ALB,2,HARD,13,39,27,True,72.62644444444443,71.171,-11.664000000000001,-0.058915750915752664,62.98760403738949,212.35544242705006,320.0,0.0,25,0.9259259259259259,1.9731111111111108,71.6055
2024,Spielberg,11,"{'Sakhir': 'Street', 'Jeddah': 'Street', 'Melbourne': 'Street', 'Suzuka': 'Permanent', 'Shanghai': 'Permanent', 'Miami': 'Street', 'Imola': 'Permanent', 'Monte Carlo': 'Street', 'Montreal': 'Street', 'Catalunya': 'Permanent', 'Spielberg': 'Permanent', 'Silverstone': 'Permanent', 'Hungaroring': 'Permanent', 'Spa-Francorchamps': 'Permanent', 'Zandvoort': 'Permanent', 'Monza': 'Permanent', 'Baku': 'Street', 'Singapore': 'Street', 'Austin': 'Permanent', 'Mexico City': 'Permanent', 'Interlagos': 'Permanent', 'lusail': 'Street'}",Williams,ALB,3,HARD,40,70,31,False,72.2824193548387,70.364,-16.674000000000007,-0.005229435483869216,61.582953299307434,214.0572689535665,326.0,0.0,15,0.4838709677419355,3.6363870967741936,73.051625
2024,Spielberg,11,"{'Sakhir': 'Street', 'Jeddah': 'Street', 'Melbourne': 'Street', 'Suzuka': 'Permanent', 'Shanghai': 'Permanent', 'Miami': 'Street', 'Imola': 'Permanent', 'Monte Carlo': 'Street', 'Montreal': 'Street', 'Catalunya': 'Permanent', 'Spielberg': 'Permanent', 'Silverstone': 'Permanent', 'Hungaroring': 'Permanent', 'Spa-Francorchamps': 'Permanent', 'Zandvoort': 'Permanent', 'Monza': 'Permanent', 'Baku': 'Street', 'Singapore': 'Street', 'Austin': 'Permanent', 'Mexico City': 'Permanent', 'Interlagos': 'Permanent', 'lusail': 'Street'}",Williams,SAR,2,MEDIUM,2,20,19,True,74.12757894736842,71.686,-22.912999999999997,-0.279256140350875,65.74384964171385,208.64633982205763,315.0,0.0,2,0.10526315789473684,10.361157894736843,72.62617647058823
2024,Spielberg,11,"{'Sakhir': 'Street', 'Jeddah': 'Street', 'Melbourne': 'Street', 'Suzuka': 'Permanent', 'Shanghai': 'Permanent', 'Miami': 'Street', 'Imola': 'Permanent', 'Monte Carlo': 'Street', 'Montreal': 'Street', 'Catalunya': 'Permanent', 'Spielberg': 'Permanent', 'Silverstone': 'Permanent', 'Hungaroring': 'Permanent', 'Spa-Francorchamps': 'Permanent', 'Zandvoort': 'Permanent', 'Monza': 'Permanent', 'Baku': 'Street', 'Singapore': 'Street', 'Austin': 'Permanent', 'Mexico City': 'Permanent', 'Interlagos': 'Permanent', 'lusail': 'Street'}",Williams,SAR,3,HARD,21,49,29,True,72.8434827586207,70.753,-14.897999999999996,-0.10375566502463018,65.26997194868618,212.3567866432561,319.0,0.0,0,0.0,26.511931034482764,72.8434827586207
2024,Spielberg,11,"{'Sakhir': 'Street', 'Jeddah': 'Street', 'Melbourne': 'Street', 'Suzuka': 'Permanent', 'Shanghai': 'Permanent', 'Miami': 'Street', 'Imola': 'Permanent', 'Monte Carlo': 'Street', 'Montreal': 'Street', 'Catalunya': 'Permanent', 'Spielberg': 'Permanent', 'Silverstone': 'Permanent', 'Hungaroring': 'Permanent', 'Spa-Francorchamps': 'Permanent', 'Zandvoort': 'Permanent', 'Monza': 'Permanent', 'Baku': 'Street', 'Singapore': 'Street', 'Austin': 'Permanent', 'Mexico City': 'Permanent', 'Interlagos': 'Permanent', 'lusail': 'Street'}",Williams,SAR,4,MEDIUM,50,69,20,False,73.18084999999999,70.406,-17.923000000000002,-0.07612406015037534,64.10434135501997,211.30671299343632,321.0,0.0,0,0.0,28.3836,73.18084999999999
2024,Suzuka,4,"{'Sakhir': 'Street', 'Jeddah': 'Street', 'Melbourne': 'Street', 'Suzuka': 'Permanent', 'Shanghai': 'Permanent', 'Miami': 'Street', 'Imola': 'Permanent', 'Monte Carlo': 'Street', 'Montreal': 'Street', 'Catalunya': 'Permanent', 'Spielberg': 'Permanent', 'Silverstone': 'Permanent', 'Hungaroring': 'Permanent', 'Spa-Francorchamps': 'Permanent', 'Zandvoort': 'Permanent', 'Monza': 'Permanent', 'Baku': 'Street', 'Singapore': 'Street', 'Austin': 'Permanent', 'Mexico City': 'Permanent', 'Interlagos': 'Permanent', 'lusail': 'Street'}",Alpine,GAS,2,HARD,2,16,15,True,211.00600000000006,99.473,-1608.25,-40.90475000000001,57.887877934950794,190.19495365159716,327.0,0.0,13,0.8666666666666667,1.9153999999999995,102.428
2024,Suzuka,4,"{'Sakhir': 'Street', 'Jeddah': 'Street', 'Melbourne': 'Street', 'Suzuka': 'Permanent', 'Shanghai': 'Permanent', 'Miami': 'Street', 'Imola': 'Permanent', 'Monte Carlo': 'Street', 'Montreal': 'Street', 'Catalunya': 'Permanent', 'Spielberg': 'Permanent', 'Silverstone': 'Permanent', 'Hungaroring': 'Permanent', 'Spa-Francorchamps': 'Permanent', 'Zandvoort': 'Permanent', 'Monza': 'Permanent', 'Baku': 'Street', 'Singapore': 'Street', 'Austin': 'Permanent', 'Mexico City': 'Permanent', 'Interlagos': 'Permanent', 'lusail': 'Street'}",Alpine,GAS,3,MEDIUM,17,32,16,True,100.2956875,98.374,-17.004000000000005,-0.34050441176470214,64.3202652424638,207.31587179448385,307.0,0.0,2,0.125,8.9575625,100.44100000000002
2024,Suzuka,4,"{'Sakhir': 'Street', 'Jeddah': 'Street', 'Melbourne': 'Street', 'Suzuka': 'Permanent', 'Shanghai': 'Permanent', 'Miami': 'Street', 'Imola': 'Permanent', 'Monte Carlo': 'Street', 'Montreal': 'Street', 'Catalunya': 'Permanent', 'Spielberg': 'Permanent', 'Silverstone': 'Permanent', 'Hungaroring': 'Permanent', 'Spa-Francorchamps': 'Permanent', 'Zandvoort': 'Permanent', 'Monza': 'Permanent', 'Baku': 'Street', 'Singapore': 'Street', 'Austin': 'Permanent', 'Mexico City': 'Permanent', 'Interlagos': 'Permanent', 'lusail': 'Street'}",Alpine,GAS,4,HARD,33,52,20,False,98.77940000000001,96.642,-20.328000000000003,-0.28865263157894844,64.36664136092871,210.44574095570275,325.0,0.0,0,0.0,10.09135,98.77940000000001
2024,Suzuka,4,"{'Sakhir': 'Street', 'Jeddah': 'Street', 'Melbourne': 'Street', 'Suzuka': 'Permanent', 'Shanghai': 'Permanent', 'Miami': 'Street', 'Imola': 'Permanent', 'Monte Carlo': 'Street', 'Montreal': 'Street', 'Catalunya': 'Permanent', 'Spielberg': 'Permanent', 'Silverstone': 'Permanent', 'Hungaroring': 'Permanent', 'Spa-Francorchamps': 'Permanent', 'Zandvoort': 'Permanent', 'Monza': 'Permanent', 'Baku': 'Street', 'Singapore': 'Street', 'Austin': 'Permanent', 'Mexico City': 'Permanent', 'Interlagos': 'Permanent', 'lusail': 'Street'}",Alpine,OCO,2,HARD,2,19,18,True,192.2770555555556,99.541,-1609.326,-28.800079463364273,59.47700642970977,193.09068870410144,308.0,0.0,12,0.6666666666666666,2.6421666666666668,368.85966666666667
2024,Suzuka,4,"{'Sakhir': 'Street', 'Jeddah': 'Street', 'Melbourne': 'Street', 'Suzuka': 'Permanent', 'Shanghai': 'Permanent', 'Miami': 'Street', 'Imola': 'Permanent', 'Monte Carlo': 'Street', 'Montreal': 'Street', 'Catalunya': 'Permanent', 'Spielberg': 'Permanent', 'Silverstone': 'Permanent', 'Hungaroring': 'Permanent', 'Spa-Francorchamps': 'Permanent', 'Zandvoort': 'Permanent', 'Monza': 'Permanent', 'Baku': 'Street', 'Singapore': 'Street', 'Austin': 'Permanent', 'Mexico City': 'Permanent', 'Interlagos': 'Permanent', 'lusail': 'Street'}",Alpine,OCO,3,HARD,20,33,14,True,100.16085714285714,97.716,-17.611000000000004,-0.48581098901099234,65.31296460706425,207.68590096316862,308.0,0.0,5,0.35714285714285715,7.764571428571429,100.83000000000001
2024,Suzuka,4,"{'Sakhir': 'Street', 'Jeddah': 'Street', 'Melbourne': 'Street', 'Suzuka': 'Permanent', 'Shanghai': 'Permanent', 'Miami': 'Street', 'Imola': 'Permanent', 'Monte Carlo': 'Street', 'Montreal': 'Street', 'Catalunya': 'Permanent', 'Spielberg': 'Permanent', 'Silverstone': 'Permanent', 'Hungaroring': 'Permanent', 'Spa-Francorchamps': 'Permanent', 'Zandvoort': 'Permanent', 'Monza': 'Permanent', 'Baku': 'Street', 'Singapore': 'Street', 'Austin': 'Permanent', 'Mexico City': 'Permanent', 'Interlagos': 'Permanent', 'lusail': 'Street'}",Alpine,OCO,4,MEDIUM,34,52,19,False,98.49010526315789,96.232,-21.599000000000004,-0.3708684210526265,65.8681032271354,211.0008284083489,325.0,0.0,0,0.0,20.60763157894737,98.49010526315789
2024,Suzuka,4,"{'Sakhir': 'Street', 'Jeddah': 'Street', 'Melbourne': 'Street', 'Suzuka': 'Permanent', 'Shanghai': 'Permanent', 'Miami': 'Street', 'Imola': 'Permanent', 'Monte Carlo': 'Street', 'Montreal': 'Street', 'Catalunya': 'Permanent', 'Spielberg': 'Permanent', 'Silverstone': 'Permanent', 'Hungaroring': 'Permanent', 'Spa-Francorchamps': 'Permanent', 'Zandvoort': 'Permanent', 'Monza': 'Permanent', 'Baku': 'Street', 'Singapore': 'Street', 'Austin': 'Permanent', 'Mexico City': 'Permanent', 'Interlagos': 'Permanent', 'lusail': 'Street'}",Aston Martin,ALO,2,SOFT,2,13,12,True,238.57591666666667,97.453,-1613.831,-64.00950000000003,56.903616371858256,190.54513487218958,318.0,0.0,7,0.5833333333333334,2.706416666666667,422.3861999999999
2024,Suzuka,4,"{'Sakhir': 'Street', 'Jeddah': 'Street', 'Melbourne': 'Street', 'Suzuka': 'Permanent', 'Shanghai': 'Permanent', 'Miami': 'Street', 'Imola': 'Permanent', 'Monte Carlo': 'Street', 'Montreal': 'Street', 'Catalunya': 'Permanent', 'Spielberg': 'Permanent', 'Silverstone': 'Permanent', 'Hungaroring': 'Permanent', 'Spa-Francorchamps': 'Permanent', 'Zandvoort': 'Permanent', 'Monza': 'Permanent', 'Baku': 'Street', 'Singapore': 'Street', 'Austin': 'Permanent', 'Mexico City': 'Permanent', 'Interlagos': 'Permanent', 'lusail': 'Street'}",Aston Martin,ALO,3,MEDIUM,14,33,20,True,98.47810000000001,96.821,-16.75,-0.21929624060150377,64.4839115291932,211.1723130168712,329.0,0.0,3,0.15,6.231299999999999,98.62711764705882
2024,Suzuka,4,"{'Sakhir': 'Street', 'Jeddah': 'Street', 'Melbourne': 'Street', 'Suzuka': 'Permanent', 'Shanghai': 'Permanent', 'Miami': 'Street', 'Imola': 'Permanent', 'Monte Carlo': 'Street', 'Montreal': 'Street', 'Catalunya': 'Permanent', 'Spielberg': 'Permanent', 'Silverstone': 'Permanent', 'Hungaroring': 'Permanent', 'Spa-Francorchamps': 'Permanent', 'Zandvoort': 'Permanent', 'Monza': 'Permanent', 'Baku': 'Street', 'Singapore': 'Street', 'Austin': 'Permanent', 'Mexico City': 'Permanent', 'Interlagos': 'Permanent', 'lusail': 'Street'}",Aston Martin,ALO,4,HARD,34,53,20,False,96.74195,94.726,-20.317000000000007,-0.27855413533834583,65.67900440898343,214.85352428093913,306.0,0.0,0,0.0,11.35025,96.74195
2024,Suzuka,4,"{'Sakhir': 'Street', 'Jeddah': 'Street', 'Melbourne': 'Street', 'Suzuka': 'Permanent', 'Shanghai': 'Permanent', 'Miami': 'Street', 'Imola': 'Permanent', 'Monte Carlo': 'Street', 'Montreal': 'Street', 'Catalunya': 'Permanent', 'Spielberg': 'Permanent', 'Silverstone': 'Permanent', 'Hungaroring': 'Permanent', 'Spa-Francorchamps': 'Permanent', 'Zandvoort': 'Permanent', 'Monza': 'Permanent', 'Baku': 'Street', 'Singapore': 'Street', 'Austin': 'Permanent', 'Mexico City': 'Permanent', 'Interlagos': 'Permanent', 'lusail': 'Street'}",Aston Martin,STR,2,SOFT,2,12,11,True,248.8158181818182,98.61,-1606.92,-74.36201818181816,56.00600804543358,187.02856591790794,324.0,0.0,5,0.45454545454545453,3.5605454545454545,367.6403333333333
2024,Suzuka,4,"{'Sakhir': 'Street', 'Jeddah': 'Street', 'Melbourne': 'Street', 'Suzuka': 'Permanent', 'Shanghai': 'Permanent', 'Miami': 'Street', 'Imola': 'Permanent', 'Monte Carlo': 'Street', 'Montreal': 'Street', 'Catalunya': 'Permanent', 'Spielberg': 'Permanent', 'Silverstone': 'Permanent', 'Hungaroring': 'Permanent', 'Spa-Francorchamps': 'Permanent', 'Zandvoort': 'Permanent', 'Monza': 'Permanent', 'Baku': 'Street', 'Singapore': 'Street', 'Austin': 'Permanent', 'Mexico City': 'Permanent', 'Interlagos': 'Permanent', 'lusail': 'Street'}",Aston Martin,STR,3,MEDIUM,13,22,10,True,100.934,97.935,-13.893,-0.6416242424242354,59.48500593085469,205.81413858846594,333.0,0.0,9,0.9,1.0632,116.221
2024,Suzuka,4,"{'Sakhir': 'Street', 'Jeddah': 'Street', 'Melbourne': 'Street', 'Suzuka': 'Permanent', 'Shanghai': 'Permanent', 'Miami': 'Street', 'Imola': 'Permanent', 'Monte Carlo': 'Street', 'Montreal': 'Street', 'Catalunya': 'Permanent', 'Spielberg': 'Permanent', 'Silverstone': 'Permanent', 'Hungaroring': 'Permanent', 'Spa-Francorchamps': 'Permanent', 'Zandvoort': 'Permanent', 'Monza': 'Permanent', 'Baku': 'Street', 'Singapore': 'Street', 'Austin': 'Permanent', 'Mexico City': 'Permanent', 'Interlagos': 'Permanent', 'lusail': 'Street'}",Aston Martin,STR,4,HARD,23,34,12,True,99.35183333333333,96.761,-17.192999999999998,-0.5315944055944056,62.32103471389604,208.80787067961836,325.0,0.0,11,0.9166666666666666,0.7045454545454546,96.761
2024,Suzuka,4,"{'Sakhir': 'Street', 'Jeddah': 'Street', 'Melbourne': 'Street', 'Suzuka': 'Permanent', 'Shanghai': 'Permanent', 'Miami': 'Street', 'Imola': 'Permanent', 'Monte Carlo': 'Street', 'Montreal': 'Street', 'Catalunya': 'Permanent', 'Spielberg': 'Permanent', 'Silverstone': 'Permanent', 'Hungaroring': 'Permanent', 'Spa-Francorchamps': 'Permanent', 'Zandvoort': 'Permanent', 'Monza': 'Permanent', 'Baku': 'Street', 'Singapore': 'Street', 'Austin': 'Permanent', 'Mexico City': 'Permanent', 'Interlagos': 'Permanent', 'lusail': 'Street'}",Aston Martin,STR,5,SOFT,35,52,18,False,97.59266666666666,95.798,-13.909999999999997,-0.21775438596491425,63.43435718370498,212.9943468448147,328.0,0.0,4,0.2222222222222222,6.637666666666667,97.64685714285714
2024,Suzuka,4,"{'Sakhir': 'Street', 'Jeddah': 'Street', 'Melbourne': 'Street', 'Suzuka': 'Permanent', 'Shanghai': 'Permanent', 'Miami': 'Street', 'Imola': 'Permanent', 'Monte Carlo': 'Street', 'Montreal': 'Street', 'Catalunya': 'Permanent', 'Spielberg': 'Permanent', 'Silverstone': 'Permanent', 'Hungaroring': 'Permanent', 'Spa-Francorchamps': 'Permanent', 'Zandvoort': 'Permanent', 'Monza': 'Permanent', 'Baku': 'Street', 'Singapore': 'Street', 'Austin': 'Permanent', 'Mexico City': 'Permanent', 'Interlagos': 'Permanent', 'lusail': 'Street'}",Ferrari,LEC,2,MEDIUM,2,26,25,True,165.07236,97.48,-1608.43,-15.330686923076914,64.09910780251742,200.66619909566452,327.0,0.0,18,0.72,2.79264,328.5702857142857
2024,Suzuka,4,"{'Sakhir': 'Street', 'Jeddah': 'Street', 'Melbourne': 'Street', 'Suzuka': 'Permanent', 'Shanghai': 'Permanent', 'Miami': 'Street', 'Imola': 'Permanent', 'Monte Carlo': 'Street', 'Montreal': 'Street', 'Catalunya': 'Permanent', 'Spielberg': 'Permanent', 'Silverstone': 'Permanent', 'Hungaroring': 'Permanent', 'Spa-Francorchamps': 'Permanent', 'Zandvoort': 'Permanent', 'Monza': 'Permanent', 'Baku': 'Street', 'Singapore': 'Street', 'Austin': 'Permanent', 'Mexico City': 'Permanent', 'Interlagos': 'Permanent', 'lusail': 'Street'}",Ferrari,LEC,3,HARD,27,53,27,False,96.61985185185183,95.044,-20.579000000000008,-0.19206715506715585,69.62574777957896,214.7893555043339,314.0,0.0,5,0.18518518518518517,5.386740740740741,96.67259090909091
2024,Suzuka,4,"{'Sakhir': 'Street', 'Jeddah': 'Street', 'Melbourne': 'Street', 'Suzuka': 'Permanent', 'Shanghai': 'Permanent', 'Miami': 'Street', 'Imola': 'Permanent', 'Monte Carlo': 'Street', 'Montreal': 'Street', 'Catalunya': 'Permanent', 'Spielberg': 'Permanent', 'Silverstone': 'Permanent', 'Hungaroring': 'Permanent', 'Spa-Francorchamps': 'Permanent', 'Zandvoort': 'Permanent', 'Monza': 'Permanent', 'Baku': 'Street', 'Singapore': 'Street', 'Austin': 'Permanent', 'Mexico City': 'Permanent', 'Interlagos': 'Permanent', 'lusail': 'Street'}",Ferrari,SAI,2,MEDIUM,2,15,14,True,218.3557142857143,97.225,-1611.78,-47.67435604395608,60.6310564832065,193.69086269120814,320.0,0.0,10,0.7142857142857143,2.1313571428571434,98.78075000000001
2024,Suzuka,4,"{'Sakhir': 'Street', 'Jeddah': 'Street', 'Melbourne': 'Street', 'Suzuka': 'Permanent', 'Shanghai': 'Permanent', 'Miami': 'Street', 'Imola': 'Permanent', 'Monte Carlo': 'Street', 'Montreal': 'Street', 'Catalunya': 'Permanent', 'Spielberg': 'Permanent', 'Silverstone': 'Permanent', 'Hungaroring': 'Permanent', 'Spa-Francorchamps': 'Permanent', 'Zandvoort': 'Permanent', 'Monza': 'Permanent', 'Baku': 'Street', 'Singapore': 'Street', 'Austin': 'Permanent', 'Mexico City': 'Permanent', 'Interlagos': 'Permanent', 'lusail': 'Street'}",Ferrari,SAI,3,MEDIUM,16,36,21,True,98.05523809523811,96.469,-16.849000000000004,-0.22079220779220785,67.7816572333319,212.28507243159623,327.0,0.0,7,0.3333333333333333,4.134571428571428,98.28371428571428
2024,Suzuka,4,"{'Sakhir': 'Street', 'Jeddah': 'Street', 'Melbourne': 'Street', 'Suzuka': 'Permanent', 'Shanghai': 'Permanent', 'Miami': 'Street', 'Imola': 'Permanent', 'Monte Carlo': 'Street', 'Montreal': 'Street', 'Catalunya': 'Permanent', 'Spielberg': 'Permanent', 'Silverstone': 'Permanent', 'Hungaroring': 'Permanent', 'Spa-Francorchamps': 'Permanent', 'Zandvoort': 'Permanent', 'Monza': 'Permanent', 'Baku': 'Street', 'Singapore': 'Street', 'Austin': 'Permanent', 'Mexico City': 'Permanent', 'Interlagos': 'Permanent', 'lusail': 'Street'}",Ferrari,SAI,4,HARD,37,53,17,False,95.92229411764707,93.841,-19.839,-0.3617990196078432,69.33024294160765,216.26337083686343,325.0,0.0,6,0.35294117647058826,5.333294117647059,94.66981818181817
2024,Suzuka,4,"{'Sakhir': 'Street', 'Jeddah': 'Street', 'Melbourne': 'Street', 'Suzuka': 'Permanent', 'Shanghai': 'Permanent', 'Miami': 'Street', 'Imola': 'Permanent', 'Monte Carlo': 'Street', 'Montreal': 'Street', 'Catalunya': 'Permanent', 'Spielberg': 'Permanent', 'Silverstone': 'Permanent', 'Hungaroring': 'Permanent', 'Spa-Francorchamps': 'Permanent', 'Zandvoort': 'Permanent', 'Monza': 'Permanent', 'Baku': 'Street', 'Singapore': 'Street', 'Austin': 'Permanent', 'Mexico City': 'Permanent', 'Interlagos': 'Permanent', 'lusail': 'Street'}",Haas,HUL,2,SOFT,2,5,4,True,515.8692500000001,100.374,-1607.1100000000001,-487.39670000000024,45.65952549060816,155.34772227905182,329.0,0.0,3,0.75,1.1296666666666666,153.011
2024,Suzuka,4,"{'Sakhir': 'Street', 'Jeddah': 'Street', 'Melbourne': 'Street', 'Suzuka': 'Permanent', 'Shanghai': 'Permanent', 'Miami': 'Street', 'Imola': 'Permanent', 'Monte Carlo': 'Street', 'Montreal': 'Street', 'Catalunya': 'Permanent', 'Spielberg': 'Permanent', 'Silverstone': 'Permanent', 'Hungaroring': 'Permanent', 'Spa-Francorchamps': 'Permanent', 'Zandvoort': 'Permanent', 'Monza': 'Permanent', 'Baku': 'Street', 'Singapore': 'Street', 'Austin': 'Permanent', 'Mexico City': 'Permanent', 'Interlagos': 'Permanent', 'lusail': 'Street'}",Haas,HUL,3,HARD,6,33,28,True,99.8462142857143,96.751,-13.379000000000005,-0.0459627805145014,62.57656596340567,208.1927548132747,335.0,0.0,16,0.5714285714285714,7.804892857142858,100.76783333333333
2024,Suzuka,4,"{'Sakhir': 'Street', 'Jeddah': 'Street', 'Melbourne': 'Street', 'Suzuka': 'Permanent', 'Shanghai': 'Permanent', 'Miami': 'Street', 'Imola': 'Permanent', 'Monte Carlo': 'Street', 'Montreal': 'Street', 'Catalunya': 'Permanent', 'Spielberg': 'Permanent', 'Silverstone': 'Permanent', 'Hungaroring': 'Permanent', 'Spa-Francorchamps': 'Permanent', 'Zandvoort': 'Permanent', 'Monza': 'Permanent', 'Baku': 'Street', 'Singapore': 'Street', 'Austin': 'Permanent', 'Mexico City': 'Permanent', 'Interlagos': 'Permanent', 'lusail': 'Street'}",Haas,HUL,4,HARD,34,52,19,False,97.30052631578947,95.325,-22.060000000000002,-0.3279999999999967,64.34950505683352,213.58661403516453,336.0,0.0,12,0.631578947368421,3.381631578947368,98.90014285714287
2024,Suzuka,4,"{'Sakhir': 'Street', 'Jeddah': 'Street', 'Melbourne': 'Street', 'Suzuka': 'Permanent', 'Shanghai': 'Permanent', 'Miami': 'Street', 'Imola': 'Permanent', 'Monte Carlo': 'Street', 'Montreal': 'Street', 'Catalunya': 'Permanent', 'Spielberg': 'Permanent', 'Silverstone': 'Permanent', 'Hungaroring': 'Permanent', 'Spa-Francorchamps': 'Permanent', 'Zandvoort': 'Permanent', 'Monza': 'Permanent', 'Baku': 'Street', 'Singapore': 'Street', 'Austin': 'Permanent', 'Mexico City': 'Permanent', 'Interlagos': 'Permanent', 'lusail': 'Street'}",Haas,MAG,2,MEDIUM,2,22,21,True,177.98885714285717,99.262,-1603.397,-21.230185714285692,57.97554335657032,195.48832308932512,334.0,0.0,13,0.6190476190476191,5.661095238095238,99.872875
2024,Suzuka,4,"{'Sakhir': 'Street', 'Jeddah': 'Street', 'Melbourne': 'Street', 'Suzuka': 'Permanent', 'Shanghai': 'Permanent', 'Miami': 'Street', 'Imola': 'Permanent', 'Monte Carlo': 'Street', 'Montreal': 'Street', 'Catalunya': 'Permanent', 'Spielberg': 'Permanent', 'Silverstone': 'Permanent', 'Hungaroring': 'Permanent', 'Spa-Francorchamps': 'Permanent', 'Zandvoort': 'Permanent', 'Monza': 'Permanent', 'Baku': 'Street', 'Singapore': 'Street', 'Austin': 'Permanent', 'Mexico City': 'Permanent', 'Interlagos': 'Permanent', 'lusail': 'Street'}",Haas,MAG,3,HARD,23,52,30,False,98.61823333333334,96.654,-23.75399999999999,-0.13473125695217059,64.11172058682801,210.58164968200356,328.0,0.0,10,0.3333333333333333,4.4918,97.95909999999999
2024,Suzuka,4,"{'Sakhir': 'Street', 'Jeddah': 'Street', 'Melbourne': 'Street', 'Suzuka': 'Permanent', 'Shanghai': 'Permanent', 'Miami': 'Street', 'Imola': 'Permanent', 'Monte Carlo': 'Street', 'Montreal': 'Street', 'Catalunya': 'Permanent', 'Spielberg': 'Permanent', 'Silverstone': 'Permanent', 'Hungaroring': 'Permanent', 'Spa-Francorchamps': 'Permanent', 'Zandvoort': 'Permanent', 'Monza': 'Permanent', 'Baku': 'Street', 'Singapore': 'Street', 'Austin': 'Permanent', 'Mexico City': 'Permanent', 'Interlagos': 'Permanent', 'lusail': 'Street'}",McLaren,NOR,2,MEDIUM,2,11,10,True,266.59950000000003,96.853,-1609.85,-90.86384848484852,56.195873200155,187.651917814732,303.0,0.0,8,0.8,2.2659999999999996,905.685
2024,Suzuka,4,"{'Sakhir': 'Street', 'Jeddah': 'Street', 'Melbourne': 'Street', 'Suzuka': 'Permanent', 'Shanghai': 'Permanent', 'Miami': 'Street', 'Imola': 'Permanent', 'Monte Carlo': 'Street', 'Montreal': 'Street', 'Catalunya': 'Permanent', 'Spielberg': 'Permanent', 'Silverstone': 'Permanent', 'Hungaroring': 'Permanent', 'Spa-Francorchamps': 'Permanent', 'Zandvoort': 'Permanent', 'Monza': 'Permanent', 'Baku': 'Street', 'Singapore': 'Street', 'Austin': 'Permanent', 'Mexico City': 'Permanent', 'Interlagos': 'Permanent', 'lusail': 'Street'}",McLaren,NOR,3,HARD,12,26,15,True,98.76186666666666,95.761,-14.725999999999999,-0.28998571428571246,62.48563648082848,210.1855817738205,323.0,0.0,12,0.8,2.3748,102.72699999999999
2024,Suzuka,4,"{'Sakhir': 'Street', 'Jeddah': 'Street', 'Melbourne': 'Street', 'Suzuka': 'Permanent', 'Shanghai': 'Permanent', 'Miami': 'Street', 'Imola': 'Permanent', 'Monte Carlo': 'Street', 'Montreal': 'Street', 'Catalunya': 'Permanent', 'Spielberg': 'Permanent', 'Silverstone': 'Permanent', 'Hungaroring': 'Permanent', 'Spa-Francorchamps': 'Permanent', 'Zandvoort': 'Permanent', 'Monza': 'Permanent', 'Baku': 'Street', 'Singapore': 'Street', 'Austin': 'Permanent', 'Mexico City': 'Permanent', 'Interlagos': 'Permanent', 'lusail': 'Street'}",McLaren,NOR,4,HARD,27,53,27,False,96.70711111111112,95.186,-20.89999999999999,-0.1924902319902338,64.39435717246657,214.46077601230775,326.0,0.0,27,1.0,1.8974814814814818,
2024,Suzuka,4,"{'Sakhir': 'Street', 'Jeddah': 'Street', 'Melbourne': 'Street', 'Suzuka': 'Permanent', 'Shanghai': 'Permanent', 'Miami': 'Street', 'Imola': 'Permanent', 'Monte Carlo': 'Street', 'Montreal': 'Street', 'Catalunya': 'Permanent', 'Spielberg': 'Permanent', 'Silverstone': 'Permanent', 'Hungaroring': 'Permanent', 'Spa-Francorchamps': 'Permanent', 'Zandvoort': 'Permanent', 'Monza': 'Permanent', 'Baku': 'Street', 'Singapore': 'Street', 'Austin': 'Permanent', 'Mexico City': 'Permanent', 'Interlagos': 'Permanent', 'lusail': 'Street'}",McLaren,PIA,2,MEDIUM,2,12,11,True,251.09463636363637,97.631,-1613.139,-75.48462727272727,56.2130860660819,188.94420106150605,305.0,0.0,9,0.8181818181818182,1.5044,905.9265
2024,Suzuka,4,"{'Sakhir': 'Street', 'Jeddah': 'Street', 'Melbourne': 'Street', 'Suzuka': 'Permanent', 'Shanghai': 'Permanent', 'Miami': 'Street', 'Imola': 'Permanent', 'Monte Carlo': 'Street', 'Montreal': 'Street', 'Catalunya': 'Permanent', 'Spielberg': 'Permanent', 'Silverstone': 'Permanent', 'Hungaroring': 'Permanent', 'Spa-Francorchamps': 'Permanent', 'Zandvoort': 'Permanent', 'Monza': 'Permanent', 'Baku': 'Street', 'Singapore': 'Street', 'Austin': 'Permanent', 'Mexico City': 'Permanent', 'Interlagos': 'Permanent', 'lusail': 'Street'}",McLaren,PIA,3,HARD,13,32,20,True,98.65745,96.747,-19.076000000000008,-0.24168496240601692,62.5663377675701,210.86964672003924,320.0,0.0,11,0.55,2.49965,97.79844444444444
2024,Suzuka,4,"{'Sakhir': 'Street', 'Jeddah': 'Street', 'Melbourne': 'Street', 'Suzuka': 'Permanent', 'Shanghai': 'Permanent', 'Miami': 'Street', 'Imola': 'Permanent', 'Monte Carlo': 'Street', 'Montreal': 'Street', 'Catalunya': 'Permanent', 'Spielberg': 'Permanent', 'Silverstone': 'Permanent', 'Hungaroring': 'Permanent', 'Spa-Francorchamps': 'Permanent', 'Zandvoort': 'Permanent', 'Monza': 'Permanent', 'Baku': 'Street', 'Singapore': 'Street', 'Austin': 'Permanent', 'Mexico City': 'Permanent', 'Interlagos': 'Permanent', 'lusail': 'Street'}",McLaren,PIA,4,HARD,33,53,21,False,96.74023809523813,94.802,-18.88199999999999,-0.2115272727272734,63.497856169814895,214.90886247800125,324.0,0.0,20,0.9523809523809523,1.616857142857143,115.493
2024,Suzuka,4,"{'Sakhir': 'Street', 'Jeddah': 'Street', 'Melbourne': 'Street', 'Suzuka': 'Permanent', 'Shanghai': 'Permanent', 'Miami': 'Street', 'Imola': 'Permanent', 'Monte Carlo': 'Street', 'Montreal': 'Street', 'Catalunya': 'Permanent', 'Spielberg': 'Permanent', 'Silverstone': 'Permanent', 'Hungaroring': 'Permanent', 'Spa-Francorchamps': 'Permanent', 'Zandvoort': 'Permanent', 'Monza': 'Permanent', 'Baku': 'Street', 'Singapore': 'Street', 'Austin': 'Permanent', 'Mexico City': 'Permanent', 'Interlagos': 'Permanent', 'lusail': 'Street'}",Mercedes,HAM,2,HARD,2,23,22,True,174.93613636363636,98.096,-1608.507,-19.652857707509863,60.96836102317669,197.7567874450841,325.0,0.0,21,0.9545454545454546,1.7322272727272727,1709.973
2024,Suzuka,4,"{'Sakhir': 'Street', 'Jeddah': 'Street', 'Melbourne': 'Street', 'Suzuka': 'Permanent', 'Shanghai': 'Permanent', 'Miami': 'Street', 'Imola': 'Permanent', 'Monte Carlo': 'Street', 'Montreal': 'Street', 'Catalunya': 'Permanent', 'Spielberg': 'Permanent', 'Silverstone': 'Permanent', 'Hungaroring': 'Permanent', 'Spa-Francorchamps': 'Permanent', 'Zandvoort': 'Permanent', 'Monza': 'Permanent', 'Baku': 'Street', 'Singapore': 'Street', 'Austin': 'Permanent', 'Mexico City': 'Permanent', 'Interlagos': 'Permanent', 'lusail': 'Street'}",Mercedes,HAM,3,HARD,24,39,16,True,97.733375,95.432,-16.096999999999994,-0.2944117647058827,67.64948756290742,212.23509883810198,306.0,0.0,1,0.0625,4.1549375,97.75173333333332
2024,Suzuka,4,"{'Sakhir': 'Street', 'Jeddah': 'Street', 'Melbourne': 'Street', 'Suzuka': 'Permanent', 'Shanghai': 'Permanent', 'Miami': 'Street', 'Imola': 'Permanent', 'Monte Carlo': 'Street', 'Montreal': 'Street', 'Catalunya': 'Permanent', 'Spielberg': 'Permanent', 'Silverstone': 'Permanent', 'Hungaroring': 'Permanent', 'Spa-Francorchamps': 'Permanent', 'Zandvoort': 'Permanent', 'Monza': 'Permanent', 'Baku': 'Street', 'Singapore': 'Street', 'Austin': 'Permanent', 'Mexico City': 'Permanent', 'Interlagos': 'Permanent', 'lusail': 'Street'}",Mercedes,HAM,4,MEDIUM,40,53,14,False,96.22478571428572,93.952,-18.63600000000001,-0.4479538461538486,69.48098460633851,215.5394381479338,310.0,0.0,4,0.2857142857142857,5.073714285714286,96.5233
2024,Suzuka,4,"{'Sakhir': 'Street', 'Jeddah': 'Street', 'Melbourne': 'Street', 'Suzuka': 'Permanent', 'Shanghai': 'Permanent', 'Miami': 'Street', 'Imola': 'Permanent', 'Monte Carlo': 'Street', 'Montreal': 'Street', 'Catalunya': 'Permanent', 'Spielberg': 'Permanent', 'Silverstone': 'Permanent', 'Hungaroring': 'Permanent', 'Spa-Francorchamps': 'Permanent', 'Zandvoort': 'Permanent', 'Monza': 'Permanent', 'Baku': 'Street', 'Singapore': 'Street', 'Austin': 'Permanent', 'Mexico City': 'Permanent', 'Interlagos': 'Permanent', 'lusail': 'Street'}",Mercedes,RUS,2,HARD,2,22,21,True,178.06466666666665,97.737,-1607.924,-21.47669090909089,59.371644431706514,197.73532557057572,322.0,0.0,17,0.8095238095238095,2.0195238095238093,98.79450000000001
2024,Suzuka,4,"{'Sakhir': 'Street', 'Jeddah': 'Street', 'Melbourne': 'Street', 'Suzuka': 'Permanent', 'Shanghai': 'Permanent', 'Miami': 'Street', 'Imola': 'Permanent', 'Monte Carlo': 'Street', 'Montreal': 'Street', 'Catalunya': 'Permanent', 'Spielberg': 'Permanent', 'Silverstone': 'Permanent', 'Hungaroring': 'Permanent', 'Spa-Francorchamps': 'Permanent', 'Zandvoort': 'Permanent', 'Monza': 'Permanent', 'Baku': 'Street', 'Singapore': 'Street', 'Austin': 'Permanent', 'Mexico City': 'Permanent', 'Interlagos': 'Permanent', 'lusail': 'Street'}",Mercedes,RUS,3,HARD,23,37,15,True,97.904,95.149,-16.72200000000001,-0.3774750000000001,65.88233408367445,212.29262693279938,308.0,0.0,7,0.4666666666666667,5.364199999999999,98.7875
2024,Suzuka,4,"{'Sakhir': 'Street', 'Jeddah': 'Street', 'Melbourne': 'Street', 'Suzuka': 'Permanent', 'Shanghai': 'Permanent', 'Miami': 'Street', 'Imola': 'Permanent', 'Monte Carlo': 'Street', 'Montreal': 'Street', 'Catalunya': 'Permanent', 'Spielberg': 'Permanent', 'Silverstone': 'Permanent', 'Hungaroring': 'Permanent', 'Spa-Francorchamps': 'Permanent', 'Zandvoort': 'Permanent', 'Monza': 'Permanent', 'Baku': 'Street', 'Singapore': 'Street', 'Austin': 'Permanent', 'Mexico City': 'Permanent', 'Interlagos': 'Permanent', 'lusail': 'Street'}",Mercedes,RUS,4,MEDIUM,38,53,16,False,96.37575,94.404,-19.022999999999996,-0.3421676470588226,66.5826780161605,215.55330122191748,334.0,0.0,9,0.5625,3.70925,97.52585714285715
2024,Suzuka,4,"{'Sakhir': 'Street', 'Jeddah': 'Street', 'Melbourne': 'Street', 'Suzuka': 'Permanent', 'Shanghai': 'Permanent', 'Miami': 'Street', 'Imola': 'Permanent', 'Monte Carlo': 'Street', 'Montreal': 'Street', 'Catalunya': 'Permanent', 'Spielberg': 'Permanent', 'Silverstone': 'Permanent', 'Hungaroring': 'Permanent', 'Spa-Francorchamps': 'Permanent', 'Zandvoort': 'Permanent', 'Monza': 'Permanent', 'Baku': 'Street', 'Singapore': 'Street', 'Austin': 'Permanent', 'Mexico City': 'Permanent', 'Interlagos': 'Permanent', 'lusail': 'Street'}",RB,TSU,2,SOFT,2,7,5,True,120.3374,98.887,-102.188,-20.4597,53.378548310307615,172.23759639281488,309.0,0.0,5,1.0,1.7003999999999997,
2024,Suzuka,4,"{'Sakhir': 'Street', 'Jeddah': 'Street', 'Melbourne': 'Street', 'Suzuka': 'Permanent', 'Shanghai': 'Permanent', 'Miami': 'Street', 'Imola': 'Permanent', 'Monte Carlo': 'Street', 'Montreal': 'Street', 'Catalunya': 'Permanent', 'Spielberg': 'Permanent', 'Silverstone': 'Permanent', 'Hungaroring': 'Permanent', 'Spa-Francorchamps': 'Permanent', 'Zandvoort': 'Permanent', 'Monza': 'Permanent', 'Baku': 'Street', 'Singapore': 'Street', 'Austin': 'Permanent', 'Mexico City': 'Permanent', 'Interlagos': 'Permanent', 'lusail': 'Street'}",RB,TSU,3,HARD,8,22,15,True,100.37486666666663,97.17,-16.128,-0.3082821428571413,61.92835010508611,207.1441553223988,330.0,0.0,14,0.9333333333333333,0.9499285714285712,99.562
2024,Suzuka,4,"{'Sakhir': 'Street', 'Jeddah': 'Street', 'Melbourne': 'Street', 'Suzuka': 'Permanent', 'Shanghai': 'Permanent', 'Miami': 'Street', 'Imola': 'Permanent', 'Monte Carlo': 'Street', 'Montreal': 'Street', 'Catalunya': 'Permanent', 'Spielberg': 'Permanent', 'Silverstone': 'Permanent', 'Hungaroring': 'Permanent', 'Spa-Francorchamps': 'Permanent', 'Zandvoort': 'Permanent', 'Monza': 'Permanent', 'Baku': 'Street', 'Singapore': 'Street', 'Austin': 'Permanent', 'Mexico City': 'Permanent', 'Interlagos': 'Permanent', 'lusail': 'Street'}",RB,TSU,4,HARD,23,52,30,False,98.00983333333332,96.342,-19.05600000000001,-0.14123492769744192,63.573651963312955,211.97521348432323,327.0,0.0,2,0.06666666666666667,24.708266666666667,97.99982142857142
2024,Suzuka,4,"{'Sakhir': 'Street', 'Jeddah': 'Street', 'Melbourne': 'Street', 'Suzuka': 'Permanent', 'Shanghai': 'Permanent', 'Miami': 'Street', 'Imola': 'Permanent', 'Monte Carlo': 'Street', 'Montreal': 'Street', 'Catalunya': 'Permanent', 'Spielberg': 'Permanent', 'Silverstone': 'Permanent', 'Hungaroring': 'Permanent', 'Spa-Francorchamps': 'Permanent', 'Zandvoort': 'Permanent', 'Monza': 'Permanent', 'Baku': 'Street', 'Singapore': 'Street', 'Austin': 'Permanent', 'Mexico City': 'Permanent', 'Interlagos': 'Permanent', 'lusail': 'Street'}",Red Bull,PER,2,MEDIUM,2,15,14,True,218.43185714285715,96.568,-1610.476,-47.71514725274728,58.442523311922685,194.39529127834186,323.0,0.0,8,0.5714285714285714,2.8535,98.63900000000001
2024,Suzuka,4,"{'Sakhir': 'Street', 'Jeddah': 'Street', 'Melbourne': 'Street', 'Suzuka': 'Permanent', 'Shanghai': 'Permanent', 'Miami': 'Street', 'Imola': 'Permanent', 'Monte Carlo': 'Street', 'Montreal': 'Street', 'Catalunya': 'Permanent', 'Spielberg': 'Permanent', 'Silverstone': 'Permanent', 'Hungaroring': 'Permanent', 'Spa-Francorchamps': 'Permanent', 'Zandvoort': 'Permanent', 'Monza': 'Permanent', 'Baku': 'Street', 'Singapore': 'Street', 'Austin': 'Permanent', 'Mexico City': 'Permanent', 'Interlagos': 'Permanent', 'lusail': 'Street'}",Red Bull,PER,3,MEDIUM,16,33,18,True,98.15905555555555,96.206,-15.416999999999987,-0.2674520123839002,63.64752041717411,211.49661027854552,326.0,0.0,9,0.5,5.680444444444444,99.31
2024,Suzuka,4,"{'Sakhir': 'Street', 'Jeddah': 'Street', 'Melbourne': 'Street', 'Suzuka': 'Permanent', 'Shanghai': 'Permanent', 'Miami': 'Street', 'Imola': 'Permanent', 'Monte Carlo': 'Street', 'Montreal': 'Street', 'Catalunya': 'Permanent', 'Spielberg': 'Permanent', 'Silverstone': 'Permanent', 'Hungaroring': 'Permanent', 'Spa-Francorchamps': 'Permanent', 'Zandvoort': 'Permanent', 'Monza': 'Permanent', 'Baku': 'Street', 'Singapore': 'Street', 'Austin': 'Permanent', 'Mexico City': 'Permanent', 'Interlagos': 'Permanent', 'lusail': 'Street'}",Red Bull,PER,4,HARD,34,53,20,False,95.92125000000001,93.945,-20.218000000000004,-0.26709548872180516,65.87006293995987,216.32449381331557,326.0,0.0,2,0.1,9.56265,94.97411111111113
2024,Suzuka,4,"{'Sakhir': 'Street', 'Jeddah': 'Street', 'Melbourne': 'Street', 'Suzuka': 'Permanent', 'Shanghai': 'Permanent', 'Miami': 'Street', 'Imola': 'Permanent', 'Monte Carlo': 'Street', 'Montreal': 'Street', 'Catalunya': 'Permanent', 'Spielberg': 'Permanent', 'Silverstone': 'Permanent', 'Hungaroring': 'Permanent', 'Spa-Francorchamps': 'Permanent', 'Zandvoort': 'Permanent', 'Monza': 'Permanent', 'Baku': 'Street', 'Singapore': 'Street', 'Austin': 'Permanent', 'Mexico City': 'Permanent', 'Interlagos': 'Permanent', 'lusail': 'Street'}",Red Bull,VER,2,MEDIUM,2,16,15,True,210.1449333333333,96.437,-1610.8590000000002,-41.81967142857141,59.52176010388764,196.2963949427625,301.0,0.0,15,1.0,0.0,
2024,Suzuka,4,"{'Sakhir': 'Street', 'Jeddah': 'Street', 'Melbourne': 'Street', 'Suzuka': 'Permanent', 'Shanghai': 'Permanent', 'Miami': 'Street', 'Imola': 'Permanent', 'Monte Carlo': 'Street', 'Montreal': 'Street', 'Catalunya': 'Permanent', 'Spielberg': 'Permanent', 'Silverstone': 'Permanent', 'Hungaroring': 'Permanent', 'Spa-Francorchamps': 'Permanent', 'Zandvoort': 'Permanent', 'Monza': 'Permanent', 'Baku': 'Street', 'Singapore': 'Street', 'Austin': 'Permanent', 'Mexico City': 'Permanent', 'Interlagos': 'Permanent', 'lusail': 'Street'}",Red Bull,VER,3,MEDIUM,17,34,18,True,97.78194444444443,95.617,-17.251999999999995,-0.2707481940144461,63.819176806552704,212.61151045428142,324.0,0.0,16,0.8888888888888888,0.5923333333333334,106.65
2024,Suzuka,4,"{'Sakhir': 'Street', 'Jeddah': 'Street', 'Melbourne': 'Street', 'Suzuka': 'Permanent', 'Shanghai': 'Permanent', 'Miami': 'Street', 'Imola': 'Permanent', 'Monte Carlo': 'Street', 'Montreal': 'Street', 'Catalunya': 'Permanent', 'Spielberg': 'Permanent', 'Silverstone': 'Permanent', 'Hungaroring': 'Permanent', 'Spa-Francorchamps': 'Permanent', 'Zandvoort': 'Permanent', 'Monza': 'Permanent', 'Baku': 'Street', 'Singapore': 'Street', 'Austin': 'Permanent', 'Mexico City': 'Permanent', 'Interlagos': 'Permanent', 'lusail': 'Street'}",Red Bull,VER,4,HARD,35,53,19,False,95.8201052631579,93.706,-20.239999999999995,-0.31359649122806504,66.14504888580424,217.25424783163552,322.0,0.0,18,0.9473684210526315,0.41068421052631576,115.503
2024,Suzuka,4,"{'Sakhir': 'Street', 'Jeddah': 'Street', 'Melbourne': 'Street', 'Suzuka': 'Permanent', 'Shanghai': 'Permanent', 'Miami': 'Street', 'Imola': 'Permanent', 'Monte Carlo': 'Street', 'Montreal': 'Street', 'Catalunya': 'Permanent', 'Spielberg': 'Permanent', 'Silverstone': 'Permanent', 'Hungaroring': 'Permanent', 'Spa-Francorchamps': 'Permanent', 'Zandvoort': 'Permanent', 'Monza': 'Permanent', 'Baku': 'Street', 'Singapore': 'Street', 'Austin': 'Permanent', 'Mexico City': 'Permanent', 'Interlagos': 'Permanent', 'lusail': 'Street'}",Sauber,BOT,2,SOFT,2,6,5,True,431.3196,98.279,-1607.29,-326.5292,51.12734812944107,166.11733883064062,325.0,0.0,4,0.8,1.1245999999999998,1708.578
2024,Suzuka,4,"{'Sakhir': 'Street', 'Jeddah': 'Street', 'Melbourne': 'Street', 'Suzuka': 'Permanent', 'Shanghai': 'Permanent', 'Miami': 'Street', 'Imola': 'Permanent', 'Monte Carlo': 'Street', 'Montreal': 'Street', 'Catalunya': 'Permanent', 'Spielberg': 'Permanent', 'Silverstone': 'Permanent', 'Hungaroring': 'Permanent', 'Spa-Francorchamps': 'Permanent', 'Zandvoort': 'Permanent', 'Monza': 'Permanent', 'Baku': 'Street', 'Singapore': 'Street', 'Austin': 'Permanent', 'Mexico City': 'Permanent', 'Interlagos': 'Permanent', 'lusail': 'Street'}",Sauber,BOT,3,HARD,7,22,16,True,100.1405,96.706,-15.137999999999991,-0.2312117647058807,66.03122680176406,207.49547918326954,324.0,0.0,12,0.75,3.1195,102.25300000000001
2024,Suzuka,4,"{'Sakhir': 'Street', 'Jeddah': 'Street', 'Melbourne': 'Street', 'Suzuka': 'Permanent', 'Shanghai': 'Permanent', 'Miami': 'Street', 'Imola': 'Permanent', 'Monte Carlo': 'Street', 'Montreal': 'Street', 'Catalunya': 'Permanent', 'Spielberg': 'Permanent', 'Silverstone': 'Permanent', 'Hungaroring': 'Permanent', 'Spa-Francorchamps': 'Permanent', 'Zandvoort': 'Permanent', 'Monza': 'Permanent', 'Baku': 'Street', 'Singapore': 'Street', 'Austin': 'Permanent', 'Mexico City': 'Permanent', 'Interlagos': 'Permanent', 'lusail': 'Street'}",Sauber,BOT,4,HARD,23,52,30,False,98.62923333333333,96.608,-23.92,-0.13871924360400456,65.47936954500224,210.401050123682,324.0,0.0,30,1.0,0.7852666666666668,
2024,Suzuka,4,"{'Sakhir': 'Street', 'Jeddah': 'Street', 'Melbourne': 'Street', 'Suzuka': 'Permanent', 'Shanghai': 'Permanent', 'Miami': 'Street', 'Imola': 'Permanent', 'Monte Carlo': 'Street', 'Montreal': 'Street', 'Catalunya': 'Permanent', 'Spielberg': 'Permanent', 'Silverstone': 'Permanent', 'Hungaroring': 'Permanent', 'Spa-Francorchamps': 'Permanent', 'Zandvoort': 'Permanent', 'Monza': 'Permanent', 'Baku': 'Street', 'Singapore': 'Street', 'Austin': 'Permanent', 'Mexico City': 'Permanent', 'Interlagos': 'Permanent', 'lusail': 'Street'}",Sauber,ZHO,2,SOFT,2,7,6,True,371.922,99.597,-1596.679,-230.62628571428587,52.423745368067244,170.81776138800015,329.0,0.0,5,0.8333333333333334,1.0184999999999997,1699.553
2024,Suzuka,4,"{'Sakhir': 'Street', 'Jeddah': 'Street', 'Melbourne': 'Street', 'Suzuka': 'Permanent', 'Shanghai': 'Permanent', 'Miami': 'Street', 'Imola': 'Permanent', 'Monte Carlo': 'Street', 'Montreal': 'Street', 'Catalunya': 'Permanent', 'Spielberg': 'Permanent', 'Silverstone': 'Permanent', 'Hungaroring': 'Permanent', 'Spa-Francorchamps': 'Permanent', 'Zandvoort': 'Permanent', 'Monza': 'Permanent', 'Baku': 'Street', 'Singapore': 'Street', 'Austin': 'Permanent', 'Mexico City': 'Permanent', 'Interlagos': 'Permanent', 'lusail': 'Street'}",Sauber,ZHO,3,HARD,8,11,4,True,103.54475000000001,97.16,-17.284999999999997,-5.15150000000001,65.7478376522819,200.3860296139848,301.0,0.0,0,0.0,5.984249999999999,103.54475000000001
2024,Suzuka,4,"{'Sakhir': 'Street', 'Jeddah': 'Street', 'Melbourne': 'Street', 'Suzuka': 'Permanent', 'Shanghai': 'Permanent', 'Miami': 'Street', 'Imola': 'Permanent', 'Monte Carlo': 'Street', 'Montreal': 'Street', 'Catalunya': 'Permanent', 'Spielberg': 'Permanent', 'Silverstone': 'Permanent', 'Hungaroring': 'Permanent', 'Spa-Francorchamps': 'Permanent', 'Zandvoort': 'Permanent', 'Monza': 'Permanent', 'Baku': 'Street', 'Singapore': 'Street', 'Austin': 'Permanent', 'Mexico City': 'Permanent', 'Interlagos': 'Permanent', 'lusail': 'Street'}",Sauber,ZHO,4,HARD,12,12,1,False,128.193,128.193,0.0,0.0,58.75523985514289,159.85951338611912,293.0,0.0,0,0.0,31.777,128.193
2024,Suzuka,4,"{'Sakhir': 'Street', 'Jeddah': 'Street', 'Melbourne': 'Street', 'Suzuka': 'Permanent', 'Shanghai': 'Permanent', 'Miami': 'Street', 'Imola': 'Permanent', 'Monte Carlo': 'Street', 'Montreal': 'Street', 'Catalunya': 'Permanent', 'Spielberg': 'Permanent', 'Silverstone': 'Permanent', 'Hungaroring': 'Permanent', 'Spa-Francorchamps': 'Permanent', 'Zandvoort': 'Permanent', 'Monza': 'Permanent', 'Baku': 'Street', 'Singapore': 'Street', 'Austin': 'Permanent', 'Mexico City': 'Permanent', 'Interlagos': 'Permanent', 'lusail': 'Street'}",Williams,SAR,2,HARD,2,22,21,True,177.89880952380952,98.968,-1602.54,-21.223099999999977,56.50385188379993,195.07723114015937,329.0,0.0,19,0.9047619047619048,1.2708999999999997,902.033
2024,Suzuka,4,"{'Sakhir': 'Street', 'Jeddah': 'Street', 'Melbourne': 'Street', 'Suzuka': 'Permanent', 'Shanghai': 'Permanent', 'Miami': 'Street', 'Imola': 'Permanent', 'Monte Carlo': 'Street', 'Montreal': 'Street', 'Catalunya': 'Permanent', 'Spielberg': 'Permanent', 'Silverstone': 'Permanent', 'Hungaroring': 'Permanent', 'Spa-Francorchamps': 'Permanent', 'Zandvoort': 'Permanent', 'Monza': 'Permanent', 'Baku': 'Street', 'Singapore': 'Street', 'Austin': 'Permanent', 'Mexico City': 'Permanent', 'Interlagos': 'Permanent', 'lusail': 'Street'}",Williams,SAR,3,HARD,23,34,12,True,99.98958333333333,96.59,-21.451000000000008,-0.8459195804195772,61.201854893726576,207.73351283993892,328.0,0.0,7,0.5833333333333334,2.1886666666666668,97.34079999999999
2024,Suzuka,4,"{'Sakhir': 'Street', 'Jeddah': 'Street', 'Melbourne': 'Street', 'Suzuka': 'Permanent', 'Shanghai': 'Permanent', 'Miami': 'Street', 'Imola': 'Permanent', 'Monte Carlo': 'Street', 'Montreal': 'Street', 'Catalunya': 'Permanent', 'Spielberg': 'Permanent', 'Silverstone': 'Permanent', 'Hungaroring': 'Permanent', 'Spa-Francorchamps': 'Permanent', 'Zandvoort': 'Permanent', 'Monza': 'Permanent', 'Baku': 'Street', 'Singapore': 'Street', 'Austin': 'Permanent', 'Mexico City': 'Permanent', 'Interlagos': 'Permanent', 'lusail': 'Street'}",Williams,SAR,4,MEDIUM,35,41,7,True,105.74914285714286,95.497,27.601000000000013,3.0185714285714216,59.05063125232196,196.07643711782757,308.0,0.0,0,0.0,5.609571428571428,105.74914285714286
2024,Suzuka,4,"{'Sakhir': 'Street', 'Jeddah': 'Street', 'Melbourne': 'Street', 'Suzuka': 'Permanent', 'Shanghai': 'Permanent', 'Miami': 'Street', 'Imola': 'Permanent', 'Monte Carlo': 'Street', 'Montreal': 'Street', 'Catalunya': 'Permanent', 'Spielberg': 'Permanent', 'Silverstone': 'Permanent', 'Hungaroring': 'Permanent', 'Spa-Francorchamps': 'Permanent', 'Zandvoort': 'Permanent', 'Monza': 'Permanent', 'Baku': 'Street', 'Singapore': 'Street', 'Austin': 'Permanent', 'Mexico City': 'Permanent', 'Interlagos': 'Permanent', 'lusail': 'Street'}",Williams,SAR,5,SOFT,42,52,11,False,97.44372727272726,94.9,-17.456000000000003,-0.7649272727272721,64.42343640255882,213.4863222262845,308.0,0.0,0,0.0,28.699090909090913,97.44372727272726
2024,Yas Marina Circuit,18,"{'Sakhir': 'Street', 'Jeddah': 'Street', 'Melbourne': 'Street', 'Suzuka': 'Permanent', 'Shanghai': 'Permanent', 'Miami': 'Street', 'Imola': 'Permanent', 'Monte Carlo': 'Street', 'Montreal': 'Street', 'Catalunya': 'Permanent', 'Spielberg': 'Permanent', 'Silverstone': 'Permanent', 'Hungaroring': 'Permanent', 'Spa-Francorchamps': 'Permanent', 'Zandvoort': 'Permanent', 'Monza': 'Permanent', 'Baku': 'Street', 'Singapore': 'Street', 'Austin': 'Permanent', 'Mexico City': 'Permanent', 'Interlagos': 'Permanent', 'lusail': 'Street'}",Alpine,DOO,1,MEDIUM,2,22,21,True,92.71133333333334,90.198,-27.776999999999987,-0.4052090909090906,,,,,20,0.9523809523809523,1.7087619047619047,91.563
2024,Yas Marina Circuit,18,"{'Sakhir': 'Street', 'Jeddah': 'Street', 'Melbourne': 'Street', 'Suzuka': 'Permanent', 'Shanghai': 'Permanent', 'Miami': 'Street', 'Imola': 'Permanent', 'Monte Carlo': 'Street', 'Montreal': 'Street', 'Catalunya': 'Permanent', 'Spielberg': 'Permanent', 'Silverstone': 'Permanent', 'Hungaroring': 'Permanent', 'Spa-Francorchamps': 'Permanent', 'Zandvoort': 'Permanent', 'Monza': 'Permanent', 'Baku': 'Street', 'Singapore': 'Street', 'Austin': 'Permanent', 'Mexico City': 'Permanent', 'Interlagos': 'Permanent', 'lusail': 'Street'}",Alpine,DOO,2,HARD,23,57,35,False,90.60982857142858,89.121,-21.427999999999997,-0.11061848739495923,,,,,9,0.2571428571428571,5.577685714285714,90.01884615384614
2024,Yas Marina Circuit,18,"{'Sakhir': 'Street', 'Jeddah': 'Street', 'Melbourne': 'Street', 'Suzuka': 'Permanent', 'Shanghai': 'Permanent', 'Miami': 'Street', 'Imola': 'Permanent', 'Monte Carlo': 'Street', 'Montreal': 'Street', 'Catalunya': 'Permanent', 'Spielberg': 'Permanent', 'Silverstone': 'Permanent', 'Hungaroring': 'Permanent', 'Spa-Francorchamps': 'Permanent', 'Zandvoort': 'Permanent', 'Monza': 'Permanent', 'Baku': 'Street', 'Singapore': 'Street', 'Austin': 'Permanent', 'Mexico City': 'Permanent', 'Interlagos': 'Permanent', 'lusail': 'Street'}",Alpine,GAS,1,MEDIUM,2,14,13,True,92.57861538461538,89.406,-17.519000000000005,-0.9003626373626377,58.33994867105096,175.16150061589443,307.0,60.0,6,0.46153846153846156,3.744076923076923,90.30714285714285
2024,Yas Marina Circuit,18,"{'Sakhir': 'Street', 'Jeddah': 'Street', 'Melbourne': 'Street', 'Suzuka': 'Permanent', 'Shanghai': 'Permanent', 'Miami': 'Street', 'Imola': 'Permanent', 'Monte Carlo': 'Street', 'Montreal': 'Street', 'Catalunya': 'Permanent', 'Spielberg': 'Permanent', 'Silverstone': 'Permanent', 'Hungaroring': 'Permanent', 'Spa-Francorchamps': 'Permanent', 'Zandvoort': 'Permanent', 'Monza': 'Permanent', 'Baku': 'Street', 'Singapore': 'Street', 'Austin': 'Permanent', 'Mexico City': 'Permanent', 'Interlagos': 'Permanent', 'lusail': 'Street'}",Alpine,GAS,2,HARD,15,58,44,False,90.1896590909091,89.212,-18.91900000000001,-0.06515863284002903,58.66505477857398,175.12765165015426,311.0,0.0,14,0.3181818181818182,7.003363636363637,89.65503333333335
2024,Yas Marina Circuit,18,"{'Sakhir': 'Street', 'Jeddah': 'Street', 'Melbourne': 'Street', 'Suzuka': 'Permanent', 'Shanghai': 'Permanent', 'Miami': 'Street', 'Imola': 'Permanent', 'Monte Carlo': 'Street', 'Montreal': 'Street', 'Catalunya': 'Permanent', 'Spielberg': 'Permanent', 'Silverstone': 'Permanent', 'Hungaroring': 'Permanent', 'Spa-Francorchamps': 'Permanent', 'Zandvoort': 'Permanent', 'Monza': 'Permanent', 'Baku': 'Street', 'Singapore': 'Street', 'Austin': 'Permanent', 'Mexico City': 'Permanent', 'Interlagos': 'Permanent', 'lusail': 'Street'}",Aston Martin,ALO,1,MEDIUM,2,13,12,True,93.29216666666666,89.434,-16.912000000000006,-0.9059090909090914,51.74545780873676,176.12060994190264,310.0,60.0,12,1.0,1.165,
2024,Yas Marina Circuit,18,"{'Sakhir': 'Street', 'Jeddah': 'Street', 'Melbourne': 'Street', 'Suzuka': 'Permanent', 'Shanghai': 'Permanent', 'Miami': 'Street', 'Imola': 'Permanent', 'Monte Carlo': 'Street', 'Montreal': 'Street', 'Catalunya': 'Permanent', 'Spielberg': 'Permanent', 'Silverstone': 'Permanent', 'Hungaroring': 'Permanent', 'Spa-Francorchamps': 'Permanent', 'Zandvoort': 'Permanent', 'Monza': 'Permanent', 'Baku': 'Street', 'Singapore': 'Street', 'Austin': 'Permanent', 'Mexico City': 'Permanent', 'Interlagos': 'Permanent', 'lusail': 'Street'}",Aston Martin,ALO,2,HARD,14,37,24,True,90.88333333333333,89.565,-19.793000000000006,-0.1910252173913031,54.7162794575068,175.79480454124868,316.0,0.0,6,0.25,5.055208333333334,91.00883333333334
2024,Yas Marina Circuit,18,"{'Sakhir': 'Street', 'Jeddah': 'Street', 'Melbourne': 'Street', 'Suzuka': 'Permanent', 'Shanghai': 'Permanent', 'Miami': 'Street', 'Imola': 'Permanent', 'Monte Carlo': 'Street', 'Montreal': 'Street', 'Catalunya': 'Permanent', 'Spielberg': 'Permanent', 'Silverstone': 'Permanent', 'Hungaroring': 'Permanent', 'Spa-Francorchamps': 'Permanent', 'Zandvoort': 'Permanent', 'Monza': 'Permanent', 'Baku': 'Street', 'Singapore': 'Street', 'Austin': 'Permanent', 'Mexico City': 'Permanent', 'Interlagos': 'Permanent', 'lusail': 'Street'}",Aston Martin,ALO,3,HARD,38,58,21,False,89.4662857142857,87.948,-21.00800000000001,-0.2876753246753244,54.83591639146552,178.47381713229578,305.0,59.0,6,0.2857142857142857,6.236476190476189,89.84819999999999
2024,Yas Marina Circuit,18,"{'Sakhir': 'Street', 'Jeddah': 'Street', 'Melbourne': 'Street', 'Suzuka': 'Permanent', 'Shanghai': 'Permanent', 'Miami': 'Street', 'Imola': 'Permanent', 'Monte Carlo': 'Street', 'Montreal': 'Street', 'Catalunya': 'Permanent', 'Spielberg': 'Permanent', 'Silverstone': 'Permanent', 'Hungaroring': 'Permanent', 'Spa-Francorchamps': 'Permanent', 'Zandvoort': 'Permanent', 'Monza': 'Permanent', 'Baku': 'Street', 'Singapore': 'Street', 'Austin': 'Permanent', 'Mexico City': 'Permanent', 'Interlagos': 'Permanent', 'lusail': 'Street'}",Aston Martin,STR,1,MEDIUM,2,11,10,True,93.8587,89.685,-20.501999999999995,-1.4601151515151483,51.40078321388864,175.44504967971463,309.0,56.0,10,1.0,1.5036,
2024,Yas Marina Circuit,18,"{'Sakhir': 'Street', 'Jeddah': 'Street', 'Melbourne': 'Street', 'Suzuka': 'Permanent', 'Shanghai': 'Permanent', 'Miami': 'Street', 'Imola': 'Permanent', 'Monte Carlo': 'Street', 'Montreal': 'Street', 'Catalunya': 'Permanent', 'Spielberg': 'Permanent', 'Silverstone': 'Permanent', 'Hungaroring': 'Permanent', 'Spa-Francorchamps': 'Permanent', 'Zandvoort': 'Permanent', 'Monza': 'Permanent', 'Baku': 'Street', 'Singapore': 'Street', 'Austin': 'Permanent', 'Mexico City': 'Permanent', 'Interlagos': 'Permanent', 'lusail': 'Street'}",Aston Martin,STR,2,HARD,12,32,21,True,91.31614285714286,89.744,-19.457000000000008,-0.23785844155844166,54.05963675224532,173.04952066409655,297.0,0.0,14,0.6666666666666666,3.105809523809524,93.21785714285714
2024,Yas Marina Circuit,18,"{'Sakhir': 'Street', 'Jeddah': 'Street', 'Melbourne': 'Street', 'Suzuka': 'Permanent', 'Shanghai': 'Permanent', 'Miami': 'Street', 'Imola': 'Permanent', 'Monte Carlo': 'Street', 'Montreal': 'Street', 'Catalunya': 'Permanent', 'Spielberg': 'Permanent', 'Silverstone': 'Permanent', 'Hungaroring': 'Permanent', 'Spa-Francorchamps': 'Permanent', 'Zandvoort': 'Permanent', 'Monza': 'Permanent', 'Baku': 'Street', 'Singapore': 'Street', 'Austin': 'Permanent', 'Mexico City': 'Permanent', 'Interlagos': 'Permanent', 'lusail': 'Street'}",Aston Martin,STR,3,HARD,33,57,25,False,90.08856,88.604,-20.712999999999994,-0.1782423076923066,55.136212108366756,177.52543655379367,313.0,55.0,13,0.52,2.8983600000000003,90.80983333333332
2024,Yas Marina Circuit,18,"{'Sakhir': 'Street', 'Jeddah': 'Street', 'Melbourne': 'Street', 'Suzuka': 'Permanent', 'Shanghai': 'Permanent', 'Miami': 'Street', 'Imola': 'Permanent', 'Monte Carlo': 'Street', 'Montreal': 'Street', 'Catalunya': 'Permanent', 'Spielberg': 'Permanent', 'Silverstone': 'Permanent', 'Hungaroring': 'Permanent', 'Spa-Francorchamps': 'Permanent', 'Zandvoort': 'Permanent', 'Monza': 'Permanent', 'Baku': 'Street', 'Singapore': 'Street', 'Austin': 'Permanent', 'Mexico City': 'Permanent', 'Interlagos': 'Permanent', 'lusail': 'Street'}",Ferrari,LEC,1,MEDIUM,2,20,19,True,91.64405263157894,89.273,-20.824000000000012,-0.4612807017543858,57.16955102071274,177.32804478778604,319.0,57.0,19,1.0,1.1603684210526317,
2024,Yas Marina Circuit,18,"{'Sakhir': 'Street', 'Jeddah': 'Street', 'Melbourne': 'Street', 'Suzuka': 'Permanent', 'Shanghai': 'Permanent', 'Miami': 'Street', 'Imola': 'Permanent', 'Monte Carlo': 'Street', 'Montreal': 'Street', 'Catalunya': 'Permanent', 'Spielberg': 'Permanent', 'Silverstone': 'Permanent', 'Hungaroring': 'Permanent', 'Spa-Francorchamps': 'Permanent', 'Zandvoort': 'Permanent', 'Monza': 'Permanent', 'Baku': 'Street', 'Singapore': 'Street', 'Austin': 'Permanent', 'Mexico City': 'Permanent', 'Interlagos': 'Permanent', 'lusail': 'Street'}",Ferrari,LEC,2,HARD,21,58,38,False,89.11415789473685,88.018,-18.744,-0.09958354305723037,61.34436523157076,178.70567950025247,318.0,0.0,4,0.10526315789473684,16.061078947368422,88.49708823529411
2024,Yas Marina Circuit,18,"{'Sakhir': 'Street', 'Jeddah': 'Street', 'Melbourne': 'Street', 'Suzuka': 'Permanent', 'Shanghai': 'Permanent', 'Miami': 'Street', 'Imola': 'Permanent', 'Monte Carlo': 'Street', 'Montreal': 'Street', 'Catalunya': 'Permanent', 'Spielberg': 'Permanent', 'Silverstone': 'Permanent', 'Hungaroring': 'Permanent', 'Spa-Francorchamps': 'Permanent', 'Zandvoort': 'Permanent', 'Monza': 'Permanent', 'Baku': 'Street', 'Singapore': 'Street', 'Austin': 'Permanent', 'Mexico City': 'Permanent', 'Interlagos': 'Permanent', 'lusail': 'Street'}",Ferrari,SAI,1,MEDIUM,2,25,24,True,90.67520833333333,88.909,-18.927999999999997,-0.31311434782608677,58.35832337233772,175.7663156159904,318.0,0.0,5,0.20833333333333334,3.5252916666666665,89.99336842105264
2024,Yas Marina Circuit,18,"{'Sakhir': 'Street', 'Jeddah': 'Street', 'Melbourne': 'Street', 'Suzuka': 'Permanent', 'Shanghai': 'Permanent', 'Miami': 'Street', 'Imola': 'Permanent', 'Monte Carlo': 'Street', 'Montreal': 'Street', 'Catalunya': 'Permanent', 'Spielberg': 'Permanent', 'Silverstone': 'Permanent', 'Hungaroring': 'Permanent', 'Spa-Francorchamps': 'Permanent', 'Zandvoort': 'Permanent', 'Monza': 'Permanent', 'Baku': 'Street', 'Singapore': 'Street', 'Austin': 'Permanent', 'Mexico City': 'Permanent', 'Interlagos': 'Permanent', 'lusail': 'Street'}",Ferrari,SAI,2,HARD,26,58,33,False,88.78542424242424,87.765,-19.525999999999996,-0.11324966577540013,59.72923643177741,178.73376023672154,316.0,60.0,11,0.3333333333333333,4.390909090909091,88.14504545454547
2024,Yas Marina Circuit,18,"{'Sakhir': 'Street', 'Jeddah': 'Street', 'Melbourne': 'Street', 'Suzuka': 'Permanent', 'Shanghai': 'Permanent', 'Miami': 'Street', 'Imola': 'Permanent', 'Monte Carlo': 'Street', 'Montreal': 'Street', 'Catalunya': 'Permanent', 'Spielberg': 'Permanent', 'Silverstone': 'Permanent', 'Hungaroring': 'Permanent', 'Spa-Francorchamps': 'Permanent', 'Zandvoort': 'Permanent', 'Monza': 'Permanent', 'Baku': 'Street', 'Singapore': 'Street', 'Austin': 'Permanent', 'Mexico City': 'Permanent', 'Interlagos': 'Permanent', 'lusail': 'Street'}",Haas,HUL,1,MEDIUM,2,13,12,True,93.03416666666668,89.348,-17.397000000000006,-0.9831958041957998,55.70944655949172,177.36534055979303,309.0,61.0,12,1.0,1.1598333333333335,
2024,Yas Marina Circuit,18,"{'Sakhir': 'Street', 'Jeddah': 'Street', 'Melbourne': 'Street', 'Suzuka': 'Permanent', 'Shanghai': 'Permanent', 'Miami': 'Street', 'Imola': 'Permanent', 'Monte Carlo': 'Street', 'Montreal': 'Street', 'Catalunya': 'Permanent', 'Spielberg': 'Permanent', 'Silverstone': 'Permanent', 'Hungaroring': 'Permanent', 'Spa-Francorchamps': 'Permanent', 'Zandvoort': 'Permanent', 'Monza': 'Permanent', 'Baku': 'Street', 'Singapore': 'Street', 'Austin': 'Permanent', 'Mexico City': 'Permanent', 'Interlagos': 'Permanent', 'lusail': 'Street'}",Haas,HUL,2,HARD,14,58,45,False,90.15415555555555,89.152,-19.608999999999995,-0.05687457180500647,55.82311812825251,177.57499709031345,321.0,0.0,35,0.7777777777777778,2.2371999999999996,91.8728
2024,Yas Marina Circuit,18,"{'Sakhir': 'Street', 'Jeddah': 'Street', 'Melbourne': 'Street', 'Suzuka': 'Permanent', 'Shanghai': 'Permanent', 'Miami': 'Street', 'Imola': 'Permanent', 'Monte Carlo': 'Street', 'Montreal': 'Street', 'Catalunya': 'Permanent', 'Spielberg': 'Permanent', 'Silverstone': 'Permanent', 'Hungaroring': 'Permanent', 'Spa-Francorchamps': 'Permanent', 'Zandvoort': 'Permanent', 'Monza': 'Permanent', 'Baku': 'Street', 'Singapore': 'Street', 'Austin': 'Permanent', 'Mexico City': 'Permanent', 'Interlagos': 'Permanent', 'lusail': 'Street'}",Haas,MAG,1,MEDIUM,2,12,11,True,93.54918181818181,89.202,-17.632000000000005,-1.1425999999999983,53.96638793162772,176.3474902281228,316.0,59.0,10,0.9090909090909091,1.1896,90.423
2024,Yas Marina Circuit,18,"{'Sakhir': 'Street', 'Jeddah': 'Street', 'Melbourne': 'Street', 'Suzuka': 'Permanent', 'Shanghai': 'Permanent', 'Miami': 'Street', 'Imola': 'Permanent', 'Monte Carlo': 'Street', 'Montreal': 'Street', 'Catalunya': 'Permanent', 'Spielberg': 'Permanent', 'Silverstone': 'Permanent', 'Hungaroring': 'Permanent', 'Spa-Francorchamps': 'Permanent', 'Zandvoort': 'Permanent', 'Monza': 'Permanent', 'Baku': 'Street', 'Singapore': 'Street', 'Austin': 'Permanent', 'Mexico City': 'Permanent', 'Interlagos': 'Permanent', 'lusail': 'Street'}",Haas,MAG,2,HARD,13,29,17,True,91.7055294117647,89.826,-22.024,-0.39657352941176716,56.06913857574805,172.99503969497707,315.0,0.0,17,1.0,0.8407058823529412,
2024,Yas Marina Circuit,18,"{'Sakhir': 'Street', 'Jeddah': 'Street', 'Melbourne': 'Street', 'Suzuka': 'Permanent', 'Shanghai': 'Permanent', 'Miami': 'Street', 'Imola': 'Permanent', 'Monte Carlo': 'Street', 'Montreal': 'Street', 'Catalunya': 'Permanent', 'Spielberg': 'Permanent', 'Silverstone': 'Permanent', 'Hungaroring': 'Permanent', 'Spa-Francorchamps': 'Permanent', 'Zandvoort': 'Permanent', 'Monza': 'Permanent', 'Baku': 'Street', 'Singapore': 'Street', 'Austin': 'Permanent', 'Mexico City': 'Permanent', 'Interlagos': 'Permanent', 'lusail': 'Street'}",Haas,MAG,3,HARD,30,30,1,True,121.98,121.98,0.0,0.0,57.47632118850142,178.5692772741407,296.0,66.0,1,1.0,0.03,
2024,Yas Marina Circuit,18,"{'Sakhir': 'Street', 'Jeddah': 'Street', 'Melbourne': 'Street', 'Suzuka': 'Permanent', 'Shanghai': 'Permanent', 'Miami': 'Street', 'Imola': 'Permanent', 'Monte Carlo': 'Street', 'Montreal': 'Street', 'Catalunya': 'Permanent', 'Spielberg': 'Permanent', 'Silverstone': 'Permanent', 'Hungaroring': 'Permanent', 'Spa-Francorchamps': 'Permanent', 'Zandvoort': 'Permanent', 'Monza': 'Permanent', 'Baku': 'Street', 'Singapore': 'Street', 'Austin': 'Permanent', 'Mexico City': 'Permanent', 'Interlagos': 'Permanent', 'lusail': 'Street'}",Haas,MAG,4,SOFT,31,55,25,True,90.61172,87.235,-20.409999999999997,-0.10392615384615514,52.610339802515284,170.9317360313188,319.0,0.0,0,0.0,24.755800000000004,90.61172
2024,Yas Marina Circuit,18,"{'Sakhir': 'Street', 'Jeddah': 'Street', 'Melbourne': 'Street', 'Suzuka': 'Permanent', 'Shanghai': 'Permanent', 'Miami': 'Street', 'Imola': 'Permanent', 'Monte Carlo': 'Street', 'Montreal': 'Street', 'Catalunya': 'Permanent', 'Spielberg': 'Permanent', 'Silverstone': 'Permanent', 'Hungaroring': 'Permanent', 'Spa-Francorchamps': 'Permanent', 'Zandvoort': 'Permanent', 'Monza': 'Permanent', 'Baku': 'Street', 'Singapore': 'Street', 'Austin': 'Permanent', 'Mexico City': 'Permanent', 'Interlagos': 'Permanent', 'lusail': 'Street'}",Haas,MAG,5,SOFT,56,57,2,False,99.3155,85.637,-27.357,-27.357000000000003,49.77413761666714,168.33603983010156,317.0,54.0,0,0.0,53.5125,99.3155
2024,Yas Marina Circuit,18,"{'Sakhir': 'Street', 'Jeddah': 'Street', 'Melbourne': 'Street', 'Suzuka': 'Permanent', 'Shanghai': 'Permanent', 'Miami': 'Street', 'Imola': 'Permanent', 'Monte Carlo': 'Street', 'Montreal': 'Street', 'Catalunya': 'Permanent', 'Spielberg': 'Permanent', 'Silverstone': 'Permanent', 'Hungaroring': 'Permanent', 'Spa-Francorchamps': 'Permanent', 'Zandvoort': 'Permanent', 'Monza': 'Permanent', 'Baku': 'Street', 'Singapore': 'Street', 'Austin': 'Permanent', 'Mexico City': 'Permanent', 'Interlagos': 'Permanent', 'lusail': 'Street'}",McLaren,NOR,1,MEDIUM,2,26,25,True,90.56759999999998,88.86,-16.78200000000001,-0.2686653846153856,56.024706726028676,180.69877458766493,290.0,58.0,25,1.0,0.0,
2024,Yas Marina Circuit,18,"{'Sakhir': 'Street', 'Jeddah': 'Street', 'Melbourne': 'Street', 'Suzuka': 'Permanent', 'Shanghai': 'Permanent', 'Miami': 'Street', 'Imola': 'Permanent', 'Monte Carlo': 'Street', 'Montreal': 'Street', 'Catalunya': 'Permanent', 'Spielberg': 'Permanent', 'Silverstone': 'Permanent', 'Hungaroring': 'Permanent', 'Spa-Francorchamps': 'Permanent', 'Zandvoort': 'Permanent', 'Monza': 'Permanent', 'Baku': 'Street', 'Singapore': 'Street', 'Austin': 'Permanent', 'Mexico City': 'Permanent', 'Interlagos': 'Permanent', 'lusail': 'Street'}",McLaren,NOR,2,HARD,27,58,32,False,88.68621875,87.438,-17.655,-0.11320472873900307,54.575617270525534,179.38137558631072,310.0,0.0,32,1.0,0.0,
2024,Yas Marina Circuit,18,"{'Sakhir': 'Street', 'Jeddah': 'Street', 'Melbourne': 'Street', 'Suzuka': 'Permanent', 'Shanghai': 'Permanent', 'Miami': 'Street', 'Imola': 'Permanent', 'Monte Carlo': 'Street', 'Montreal': 'Street', 'Catalunya': 'Permanent', 'Spielberg': 'Permanent', 'Silverstone': 'Permanent', 'Hungaroring': 'Permanent', 'Spa-Francorchamps': 'Permanent', 'Zandvoort': 'Permanent', 'Monza': 'Permanent', 'Baku': 'Street', 'Singapore': 'Street', 'Austin': 'Permanent', 'Mexico City': 'Permanent', 'Interlagos': 'Permanent', 'lusail': 'Street'}",McLaren,PIA,1,MEDIUM,2,4,3,True,102.99233333333332,92.201,-29.715000000000003,-14.8575,55.143374495248175,176.16002705433561,294.0,61.0,3,1.0,1.099,
2024,Yas Marina Circuit,18,"{'Sakhir': 'Street', 'Jeddah': 'Street', 'Melbourne': 'Street', 'Suzuka': 'Permanent', 'Shanghai': 'Permanent', 'Miami': 'Street', 'Imola': 'Permanent', 'Monte Carlo': 'Street', 'Montreal': 'Street', 'Catalunya': 'Permanent', 'Spielberg': 'Permanent', 'Silverstone': 'Permanent', 'Hungaroring': 'Permanent', 'Spa-Francorchamps': 'Permanent', 'Zandvoort': 'Permanent', 'Monza': 'Permanent', 'Baku': 'Street', 'Singapore': 'Street', 'Austin': 'Permanent', 'Mexico City': 'Permanent', 'Interlagos': 'Permanent', 'lusail': 'Street'}",McLaren,PIA,2,HARD,5,32,28,True,90.55785714285715,88.95,-19.260000000000005,-0.12068363437328758,55.91335978603781,178.31071147435807,309.0,58.0,21,0.75,6.046785714285714,92.42999999999999
2024,Yas Marina Circuit,18,"{'Sakhir': 'Street', 'Jeddah': 'Street', 'Melbourne': 'Street', 'Suzuka': 'Permanent', 'Shanghai': 'Permanent', 'Miami': 'Street', 'Imola': 'Permanent', 'Monte Carlo': 'Street', 'Montreal': 'Street', 'Catalunya': 'Permanent', 'Spielberg': 'Permanent', 'Silverstone': 'Permanent', 'Hungaroring': 'Permanent', 'Spa-Francorchamps': 'Permanent', 'Zandvoort': 'Permanent', 'Monza': 'Permanent', 'Baku': 'Street', 'Singapore': 'Street', 'Austin': 'Permanent', 'Mexico City': 'Permanent', 'Interlagos': 'Permanent', 'lusail': 'Street'}",McLaren,PIA,3,HARD,33,58,26,False,89.5676153846154,87.69,-32.43799999999999,-0.2867610256410254,54.831998753807255,178.97099811322576,319.0,0.0,16,0.6153846153846154,2.4357307692307693,91.38910000000001
2024,Yas Marina Circuit,18,"{'Sakhir': 'Street', 'Jeddah': 'Street', 'Melbourne': 'Street', 'Suzuka': 'Permanent', 'Shanghai': 'Permanent', 'Miami': 'Street', 'Imola': 'Permanent', 'Monte Carlo': 'Street', 'Montreal': 'Street', 'Catalunya': 'Permanent', 'Spielberg': 'Permanent', 'Silverstone': 'Permanent', 'Hungaroring': 'Permanent', 'Spa-Francorchamps': 'Permanent', 'Zandvoort': 'Permanent', 'Monza': 'Permanent', 'Baku': 'Street', 'Singapore': 'Street', 'Austin': 'Permanent', 'Mexico City': 'Permanent', 'Interlagos': 'Permanent', 'lusail': 'Street'}",Mercedes,HAM,1,HARD,2,34,33,True,91.03275757575757,89.481,-24.938999999999993,-0.19215006684491712,57.313604526598475,176.587861639733,320.0,0.0,12,0.36363636363636365,4.92969696969697,89.86766666666665
2024,Yas Marina Circuit,18,"{'Sakhir': 'Street', 'Jeddah': 'Street', 'Melbourne': 'Street', 'Suzuka': 'Permanent', 'Shanghai': 'Permanent', 'Miami': 'Street', 'Imola': 'Permanent', 'Monte Carlo': 'Street', 'Montreal': 'Street', 'Catalunya': 'Permanent', 'Spielberg': 'Permanent', 'Silverstone': 'Permanent', 'Hungaroring': 'Permanent', 'Spa-Francorchamps': 'Permanent', 'Zandvoort': 'Permanent', 'Monza': 'Permanent', 'Baku': 'Street', 'Singapore': 'Street', 'Austin': 'Permanent', 'Mexico City': 'Permanent', 'Interlagos': 'Permanent', 'lusail': 'Street'}",Mercedes,HAM,2,MEDIUM,35,58,24,False,88.575375,87.278,-20.937999999999988,-0.2235891304347788,57.16760433971187,178.6019933743861,296.0,58.0,7,0.2916666666666667,6.078499999999999,88.86811764705884
2024,Yas Marina Circuit,18,"{'Sakhir': 'Street', 'Jeddah': 'Street', 'Melbourne': 'Street', 'Suzuka': 'Permanent', 'Shanghai': 'Permanent', 'Miami': 'Street', 'Imola': 'Permanent', 'Monte Carlo': 'Street', 'Montreal': 'Street', 'Catalunya': 'Permanent', 'Spielberg': 'Permanent', 'Silverstone': 'Permanent', 'Hungaroring': 'Permanent', 'Spa-Francorchamps': 'Permanent', 'Zandvoort': 'Permanent', 'Monza': 'Permanent', 'Baku': 'Street', 'Singapore': 'Street', 'Austin': 'Permanent', 'Mexico City': 'Permanent', 'Interlagos': 'Permanent', 'lusail': 'Street'}",Mercedes,RUS,1,MEDIUM,2,26,25,True,91.33115999999998,89.488,-17.78099999999999,-0.26385307692307663,57.90708117927908,177.77447890182123,308.0,57.0,13,0.52,7.353119999999999,90.15141666666666
2024,Yas Marina Circuit,18,"{'Sakhir': 'Street', 'Jeddah': 'Street', 'Melbourne': 'Street', 'Suzuka': 'Permanent', 'Shanghai': 'Permanent', 'Miami': 'Street', 'Imola': 'Permanent', 'Monte Carlo': 'Street', 'Montreal': 'Street', 'Catalunya': 'Permanent', 'Spielberg': 'Permanent', 'Silverstone': 'Permanent', 'Hungaroring': 'Permanent', 'Spa-Francorchamps': 'Permanent', 'Zandvoort': 'Permanent', 'Monza': 'Permanent', 'Baku': 'Street', 'Singapore': 'Street', 'Austin': 'Permanent', 'Mexico City': 'Permanent', 'Interlagos': 'Permanent', 'lusail': 'Street'}",Mercedes,RUS,2,HARD,27,58,32,False,89.15221875,88.195,-19.260999999999996,-0.11373185483870842,57.1681707689901,178.06315465174146,311.0,0.0,3,0.09375,4.330125,88.50644827586208
2024,Yas Marina Circuit,18,"{'Sakhir': 'Street', 'Jeddah': 'Street', 'Melbourne': 'Street', 'Suzuka': 'Permanent', 'Shanghai': 'Permanent', 'Miami': 'Street', 'Imola': 'Permanent', 'Monte Carlo': 'Street', 'Montreal': 'Street', 'Catalunya': 'Permanent', 'Spielberg': 'Permanent', 'Silverstone': 'Permanent', 'Hungaroring': 'Permanent', 'Spa-Francorchamps': 'Permanent', 'Zandvoort': 'Permanent', 'Monza': 'Permanent', 'Baku': 'Street', 'Singapore': 'Street', 'Austin': 'Permanent', 'Mexico City': 'Permanent', 'Interlagos': 'Permanent', 'lusail': 'Street'}",RB,LAW,1,MEDIUM,2,23,22,True,92.3480909090909,89.738,-19.650999999999996,-0.3077707509881437,,,,,13,0.5909090909090909,3.2875454545454548,90.87
2024,Yas Marina Circuit,18,"{'Sakhir': 'Street', 'Jeddah': 'Street', 'Melbourne': 'Street', 'Suzuka': 'Permanent', 'Shanghai': 'Permanent', 'Miami': 'Street', 'Imola': 'Permanent', 'Monte Carlo': 'Street', 'Montreal': 'Street', 'Catalunya': 'Permanent', 'Spielberg': 'Permanent', 'Silverstone': 'Permanent', 'Hungaroring': 'Permanent', 'Spa-Francorchamps': 'Permanent', 'Zandvoort': 'Permanent', 'Monza': 'Permanent', 'Baku': 'Street', 'Singapore': 'Street', 'Austin': 'Permanent', 'Mexico City': 'Permanent', 'Interlagos': 'Permanent', 'lusail': 'Street'}",RB,LAW,2,HARD,24,24,1,True,116.467,116.467,0.0,0.0,,,,,0,0.0,7.861,116.467
2024,Yas Marina Circuit,18,"{'Sakhir': 'Street', 'Jeddah': 'Street', 'Melbourne': 'Street', 'Suzuka': 'Permanent', 'Shanghai': 'Permanent', 'Miami': 'Street', 'Imola': 'Permanent', 'Monte Carlo': 'Street', 'Montreal': 'Street', 'Catalunya': 'Permanent', 'Spielberg': 'Permanent', 'Silverstone': 'Permanent', 'Hungaroring': 'Permanent', 'Spa-Francorchamps': 'Permanent', 'Zandvoort': 'Permanent', 'Monza': 'Permanent', 'Baku': 'Street', 'Singapore': 'Street', 'Austin': 'Permanent', 'Mexico City': 'Permanent', 'Interlagos': 'Permanent', 'lusail': 'Street'}",RB,LAW,3,HARD,25,29,5,True,94.33739999999999,89.585,-18.209999999999994,-3.6445999999999863,,,,,0,0.0,15.4626,94.33739999999999
2024,Yas Marina Circuit,18,"{'Sakhir': 'Street', 'Jeddah': 'Street', 'Melbourne': 'Street', 'Suzuka': 'Permanent', 'Shanghai': 'Permanent', 'Miami': 'Street', 'Imola': 'Permanent', 'Monte Carlo': 'Street', 'Montreal': 'Street', 'Catalunya': 'Permanent', 'Spielberg': 'Permanent', 'Silverstone': 'Permanent', 'Hungaroring': 'Permanent', 'Spa-Francorchamps': 'Permanent', 'Zandvoort': 'Permanent', 'Monza': 'Permanent', 'Baku': 'Street', 'Singapore': 'Street', 'Austin': 'Permanent', 'Mexico City': 'Permanent', 'Interlagos': 'Permanent', 'lusail': 'Street'}",RB,LAW,4,HARD,30,55,26,False,90.69692307692308,88.751,-34.229,-0.3028355555555573,,,,,0,0.0,16.291307692307694,90.69692307692308
2024,Yas Marina Circuit,18,"{'Sakhir': 'Street', 'Jeddah': 'Street', 'Melbourne': 'Street', 'Suzuka': 'Permanent', 'Shanghai': 'Permanent', 'Miami': 'Street', 'Imola': 'Permanent', 'Monte Carlo': 'Street', 'Montreal': 'Street', 'Catalunya': 'Permanent', 'Spielberg': 'Permanent', 'Silverstone': 'Permanent', 'Hungaroring': 'Permanent', 'Spa-Francorchamps': 'Permanent', 'Zandvoort': 'Permanent', 'Monza': 'Permanent', 'Baku': 'Street', 'Singapore': 'Street', 'Austin': 'Permanent', 'Mexico City': 'Permanent', 'Interlagos': 'Permanent', 'lusail': 'Street'}",RB,TSU,1,MEDIUM,2,22,21,True,92.59071428571428,90.115,-28.995000000000005,-0.3789090909090902,58.51421703484075,176.8163333601558,308.0,59.0,15,0.7142857142857143,2.261095238095238,91.14300000000001
2024,Yas Marina Circuit,18,"{'Sakhir': 'Street', 'Jeddah': 'Street', 'Melbourne': 'Street', 'Suzuka': 'Permanent', 'Shanghai': 'Permanent', 'Miami': 'Street', 'Imola': 'Permanent', 'Monte Carlo': 'Street', 'Montreal': 'Street', 'Catalunya': 'Permanent', 'Spielberg': 'Permanent', 'Silverstone': 'Permanent', 'Hungaroring': 'Permanent', 'Spa-Francorchamps': 'Permanent', 'Zandvoort': 'Permanent', 'Monza': 'Permanent', 'Baku': 'Street', 'Singapore': 'Street', 'Austin': 'Permanent', 'Mexico City': 'Permanent', 'Interlagos': 'Permanent', 'lusail': 'Street'}",RB,TSU,2,HARD,23,57,35,False,90.33191428571429,89.2,-20.791999999999987,-0.09037619047619107,58.85099620835185,177.05654999962061,307.0,0.0,6,0.17142857142857143,6.786441176470587,90.47962068965518
2024,Yas Marina Circuit,18,"{'Sakhir': 'Street', 'Jeddah': 'Street', 'Melbourne': 'Street', 'Suzuka': 'Permanent', 'Shanghai': 'Permanent', 'Miami': 'Street', 'Imola': 'Permanent', 'Monte Carlo': 'Street', 'Montreal': 'Street', 'Catalunya': 'Permanent', 'Spielberg': 'Permanent', 'Silverstone': 'Permanent', 'Hungaroring': 'Permanent', 'Spa-Francorchamps': 'Permanent', 'Zandvoort': 'Permanent', 'Monza': 'Permanent', 'Baku': 'Street', 'Singapore': 'Street', 'Austin': 'Permanent', 'Mexico City': 'Permanent', 'Interlagos': 'Permanent', 'lusail': 'Street'}",Red Bull,VER,1,MEDIUM,2,29,28,True,91.19089285714286,89.412,-23.081000000000003,-0.21897400109468873,57.20955958825682,178.5207042365636,300.0,54.0,13,0.4642857142857143,3.221214285714286,90.06793333333331
2024,Yas Marina Circuit,18,"{'Sakhir': 'Street', 'Jeddah': 'Street', 'Melbourne': 'Street', 'Suzuka': 'Permanent', 'Shanghai': 'Permanent', 'Miami': 'Street', 'Imola': 'Permanent', 'Monte Carlo': 'Street', 'Montreal': 'Street', 'Catalunya': 'Permanent', 'Spielberg': 'Permanent', 'Silverstone': 'Permanent', 'Hungaroring': 'Permanent', 'Spa-Francorchamps': 'Permanent', 'Zandvoort': 'Permanent', 'Monza': 'Permanent', 'Baku': 'Street', 'Singapore': 'Street', 'Austin': 'Permanent', 'Mexico City': 'Permanent', 'Interlagos': 'Permanent', 'lusail': 'Street'}",Red Bull,VER,2,HARD,30,58,29,False,89.32010344827586,87.765,-30.715000000000003,-0.23061182266009833,57.833362054942235,180.1572977343875,309.0,0.0,9,0.3103448275862069,5.943586206896552,88.1751
2024,Yas Marina Circuit,18,"{'Sakhir': 'Street', 'Jeddah': 'Street', 'Melbourne': 'Street', 'Suzuka': 'Permanent', 'Shanghai': 'Permanent', 'Miami': 'Street', 'Imola': 'Permanent', 'Monte Carlo': 'Street', 'Montreal': 'Street', 'Catalunya': 'Permanent', 'Spielberg': 'Permanent', 'Silverstone': 'Permanent', 'Hungaroring': 'Permanent', 'Spa-Francorchamps': 'Permanent', 'Zandvoort': 'Permanent', 'Monza': 'Permanent', 'Baku': 'Street', 'Singapore': 'Street', 'Austin': 'Permanent', 'Mexico City': 'Permanent', 'Interlagos': 'Permanent', 'lusail': 'Street'}",Sauber,BOT,1,MEDIUM,2,6,5,True,97.89020000000001,89.944,-24.15599999999999,-5.593899999999988,55.84776962801601,174.4684136383506,310.0,57.0,5,1.0,1.2456,
2024,Yas Marina Circuit,18,"{'Sakhir': 'Street', 'Jeddah': 'Street', 'Melbourne': 'Street', 'Suzuka': 'Permanent', 'Shanghai': 'Permanent', 'Miami': 'Street', 'Imola': 'Permanent', 'Monte Carlo': 'Street', 'Montreal': 'Street', 'Catalunya': 'Permanent', 'Spielberg': 'Permanent', 'Silverstone': 'Permanent', 'Hungaroring': 'Permanent', 'Spa-Francorchamps': 'Permanent', 'Zandvoort': 'Permanent', 'Monza': 'Permanent', 'Baku': 'Street', 'Singapore': 'Street', 'Austin': 'Permanent', 'Mexico City': 'Permanent', 'Interlagos': 'Permanent', 'lusail': 'Street'}",Sauber,BOT,2,HARD,7,30,24,False,94.06858333333332,89.482,13.421999999999997,0.18921478260869712,57.53052954475411,175.42855464694628,297.0,58.0,6,0.25,10.761541666666668,95.10477777777778
2024,Yas Marina Circuit,18,"{'Sakhir': 'Street', 'Jeddah': 'Street', 'Melbourne': 'Street', 'Suzuka': 'Permanent', 'Shanghai': 'Permanent', 'Miami': 'Street', 'Imola': 'Permanent', 'Monte Carlo': 'Street', 'Montreal': 'Street', 'Catalunya': 'Permanent', 'Spielberg': 'Permanent', 'Silverstone': 'Permanent', 'Hungaroring': 'Permanent', 'Spa-Francorchamps': 'Permanent', 'Zandvoort': 'Permanent', 'Monza': 'Permanent', 'Baku': 'Street', 'Singapore': 'Street', 'Austin': 'Permanent', 'Mexico City': 'Permanent', 'Interlagos': 'Permanent', 'lusail': 'Street'}",Sauber,ZHO,1,MEDIUM,2,12,11,True,93.77718181818182,89.914,-26.964,-1.3938636363636336,55.64736075828048,176.337375280688,306.0,58.0,8,0.7272727272727273,2.103272727272727,90.415
2024,Yas Marina Circuit,18,"{'Sakhir': 'Street', 'Jeddah': 'Street', 'Melbourne': 'Street', 'Suzuka': 'Permanent', 'Shanghai': 'Permanent', 'Miami': 'Street', 'Imola': 'Permanent', 'Monte Carlo': 'Street', 'Montreal': 'Street', 'Catalunya': 'Permanent', 'Spielberg': 'Permanent', 'Silverstone': 'Permanent', 'Hungaroring': 'Permanent', 'Spa-Francorchamps': 'Permanent', 'Zandvoort': 'Permanent', 'Monza': 'Permanent', 'Baku': 'Street', 'Singapore': 'Street', 'Austin': 'Permanent', 'Mexico City': 'Permanent', 'Interlagos': 'Permanent', 'lusail': 'Street'}",Sauber,ZHO,2,HARD,13,39,27,True,90.96022222222221,89.708,-20.578999999999994,-0.17053785103785277,55.621270714070825,174.04675357630907,310.0,0.0,17,0.6296296296296297,2.7669629629629635,92.3857
2024,Yas Marina Circuit,18,"{'Sakhir': 'Street', 'Jeddah': 'Street', 'Melbourne': 'Street', 'Suzuka': 'Permanent', 'Shanghai': 'Permanent', 'Miami': 'Street', 'Imola': 'Permanent', 'Monte Carlo': 'Street', 'Montreal': 'Street', 'Catalunya': 'Permanent', 'Spielberg': 'Permanent', 'Silverstone': 'Permanent', 'Hungaroring': 'Permanent', 'Spa-Francorchamps': 'Permanent', 'Zandvoort': 'Permanent', 'Monza': 'Permanent', 'Baku': 'Street', 'Singapore': 'Street', 'Austin': 'Permanent', 'Mexico City': 'Permanent', 'Interlagos': 'Permanent', 'lusail': 'Street'}",Sauber,ZHO,3,HARD,40,57,18,False,90.13344444444445,87.982,-28.122,-0.5093353973168167,56.732468164678856,178.71618208799393,307.0,60.0,5,0.2777777777777778,6.6075,90.54700000000001
2024,Yas Marina Circuit,18,"{'Sakhir': 'Street', 'Jeddah': 'Street', 'Melbourne': 'Street', 'Suzuka': 'Permanent', 'Shanghai': 'Permanent', 'Miami': 'Street', 'Imola': 'Permanent', 'Monte Carlo': 'Street', 'Montreal': 'Street', 'Catalunya': 'Permanent', 'Spielberg': 'Permanent', 'Silverstone': 'Permanent', 'Hungaroring': 'Permanent', 'Spa-Francorchamps': 'Permanent', 'Zandvoort': 'Permanent', 'Monza': 'Permanent', 'Baku': 'Street', 'Singapore': 'Street', 'Austin': 'Permanent', 'Mexico City': 'Permanent', 'Interlagos': 'Permanent', 'lusail': 'Street'}",Williams,ALB,1,MEDIUM,2,12,11,True,93.85536363636365,90.06,-27.99000000000001,-1.4351636363636306,51.350273079328495,171.00775302787503,309.0,0.0,11,1.0,1.165,
2024,Yas Marina Circuit,18,"{'Sakhir': 'Street', 'Jeddah': 'Street', 'Melbourne': 'Street', 'Suzuka': 'Permanent', 'Shanghai': 'Permanent', 'Miami': 'Street', 'Imola': 'Permanent', 'Monte Carlo': 'Street', 'Montreal': 'Street', 'Catalunya': 'Permanent', 'Spielberg': 'Permanent', 'Silverstone': 'Permanent', 'Hungaroring': 'Permanent', 'Spa-Francorchamps': 'Permanent', 'Zandvoort': 'Permanent', 'Monza': 'Permanent', 'Baku': 'Street', 'Singapore': 'Street', 'Austin': 'Permanent', 'Mexico City': 'Permanent', 'Interlagos': 'Permanent', 'lusail': 'Street'}",Williams,ALB,2,HARD,13,57,45,False,90.46540000000002,89.438,-19.114999999999995,-0.045548089591567205,44.1502802911626,158.9532624000705,298.0,56.0,12,0.26666666666666666,7.855911111111111,89.97254545454545
2024,Yas Marina Circuit,18,"{'Sakhir': 'Street', 'Jeddah': 'Street', 'Melbourne': 'Street', 'Suzuka': 'Permanent', 'Shanghai': 'Permanent', 'Miami': 'Street', 'Imola': 'Permanent', 'Monte Carlo': 'Street', 'Montreal': 'Street', 'Catalunya': 'Permanent', 'Spielberg': 'Permanent', 'Silverstone': 'Permanent', 'Hungaroring': 'Permanent', 'Spa-Francorchamps': 'Permanent', 'Zandvoort': 'Permanent', 'Monza': 'Permanent', 'Baku': 'Street', 'Singapore': 'Street', 'Austin': 'Permanent', 'Mexico City': 'Permanent', 'Interlagos': 'Permanent', 'lusail': 'Street'}",Williams,COL,1,MEDIUM,2,3,2,True,126.369,122.028,8.682000000000002,8.681999999999968,51.16778070817997,174.94386304163388,308.0,60.0,1,0.5,3.112,130.71
2024,Yas Marina Circuit,18,"{'Sakhir': 'Street', 'Jeddah': 'Street', 'Melbourne': 'Street', 'Suzuka': 'Permanent', 'Shanghai': 'Permanent', 'Miami': 'Street', 'Imola': 'Permanent', 'Monte Carlo': 'Street', 'Montreal': 'Street', 'Catalunya': 'Permanent', 'Spielberg': 'Permanent', 'Silverstone': 'Permanent', 'Hungaroring': 'Permanent', 'Spa-Francorchamps': 'Permanent', 'Zandvoort': 'Permanent', 'Monza': 'Permanent', 'Baku': 'Street', 'Singapore': 'Street', 'Austin': 'Permanent', 'Mexico City': 'Permanent', 'Interlagos': 'Permanent', 'lusail': 'Street'}",Williams,COL,2,HARD,4,26,23,False,91.96460869565216,89.411,-14.632000000000005,-0.14434980237154305,53.298627888424534,177.47485474432565,307.0,59.0,0,0.0,27.4815652173913,91.96460869565216
2024,Zandvoort,15,"{'Sakhir': 'Street', 'Jeddah': 'Street', 'Melbourne': 'Street', 'Suzuka': 'Permanent', 'Shanghai': 'Permanent', 'Miami': 'Street', 'Imola': 'Permanent', 'Monte Carlo': 'Street', 'Montreal': 'Street', 'Catalunya': 'Permanent', 'Spielberg': 'Permanent', 'Silverstone': 'Permanent', 'Hungaroring': 'Permanent', 'Spa-Francorchamps': 'Permanent', 'Zandvoort': 'Permanent', 'Monza': 'Permanent', 'Baku': 'Street', 'Singapore': 'Street', 'Austin': 'Permanent', 'Mexico City': 'Permanent', 'Interlagos': 'Permanent', 'lusail': 'Street'}",Alpine,GAS,1,MEDIUM,2,32,31,True,77.3079677419355,76.551,3.3659999999999997,0.03705524193548318,63.44863883127674,197.40338845546276,328.0,53.0,16,0.5161290322580645,4.174096774193549,77.30053333333333
2024,Zandvoort,15,"{'Sakhir': 'Street', 'Jeddah': 'Street', 'Melbourne': 'Street', 'Suzuka': 'Permanent', 'Shanghai': 'Permanent', 'Miami': 'Street', 'Imola': 'Permanent', 'Monte Carlo': 'Street', 'Montreal': 'Street', 'Catalunya': 'Permanent', 'Spielberg': 'Permanent', 'Silverstone': 'Permanent', 'Hungaroring': 'Permanent', 'Spa-Francorchamps': 'Permanent', 'Zandvoort': 'Permanent', 'Monza': 'Permanent', 'Baku': 'Street', 'Singapore': 'Street', 'Austin': 'Permanent', 'Mexico City': 'Permanent', 'Interlagos': 'Permanent', 'lusail': 'Street'}",Alpine,GAS,2,HARD,33,71,39,False,76.22876923076923,74.855,-22.153000000000006,-0.10560566801619382,64.95753637187524,200.17896562717158,330.0,0.0,6,0.15384615384615385,13.32,76.27551515151515
2024,Zandvoort,15,"{'Sakhir': 'Street', 'Jeddah': 'Street', 'Melbourne': 'Street', 'Suzuka': 'Permanent', 'Shanghai': 'Permanent', 'Miami': 'Street', 'Imola': 'Permanent', 'Monte Carlo': 'Street', 'Montreal': 'Street', 'Catalunya': 'Permanent', 'Spielberg': 'Permanent', 'Silverstone': 'Permanent', 'Hungaroring': 'Permanent', 'Spa-Francorchamps': 'Permanent', 'Zandvoort': 'Permanent', 'Monza': 'Permanent', 'Baku': 'Street', 'Singapore': 'Street', 'Austin': 'Permanent', 'Mexico City': 'Permanent', 'Interlagos': 'Permanent', 'lusail': 'Street'}",Alpine,OCO,1,MEDIUM,2,30,29,True,77.8935172413793,77.104,1.875,0.024735467980294527,61.908098782231214,195.79083697471418,332.0,58.0,23,0.7931034482758621,1.7812758620689655,78.20816666666666
2024,Zandvoort,15,"{'Sakhir': 'Street', 'Jeddah': 'Street', 'Melbourne': 'Street', 'Suzuka': 'Permanent', 'Shanghai': 'Permanent', 'Miami': 'Street', 'Imola': 'Permanent', 'Monte Carlo': 'Street', 'Montreal': 'Street', 'Catalunya': 'Permanent', 'Spielberg': 'Permanent', 'Silverstone': 'Permanent', 'Hungaroring': 'Permanent', 'Spa-Francorchamps': 'Permanent', 'Zandvoort': 'Permanent', 'Monza': 'Permanent', 'Baku': 'Street', 'Singapore': 'Street', 'Austin': 'Permanent', 'Mexico City': 'Permanent', 'Interlagos': 'Permanent', 'lusail': 'Street'}",Alpine,OCO,2,HARD,31,71,41,False,76.71521951219512,75.39,-19.715000000000003,-0.058790243902437214,63.466795001018546,199.16899072324128,333.0,0.0,6,0.14634146341463414,10.381146341463415,76.67017142857142
2024,Zandvoort,15,"{'Sakhir': 'Street', 'Jeddah': 'Street', 'Melbourne': 'Street', 'Suzuka': 'Permanent', 'Shanghai': 'Permanent', 'Miami': 'Street', 'Imola': 'Permanent', 'Monte Carlo': 'Street', 'Montreal': 'Street', 'Catalunya': 'Permanent', 'Spielberg': 'Permanent', 'Silverstone': 'Permanent', 'Hungaroring': 'Permanent', 'Spa-Francorchamps': 'Permanent', 'Zandvoort': 'Permanent', 'Monza': 'Permanent', 'Baku': 'Street', 'Singapore': 'Street', 'Austin': 'Permanent', 'Mexico City': 'Permanent', 'Interlagos': 'Permanent', 'lusail': 'Street'}",Aston Martin,ALO,1,MEDIUM,2,31,30,True,77.48346666666667,76.661,4.584000000000003,0.03588075639599562,61.53371468405298,196.56689531957355,332.0,58.0,19,0.6333333333333333,2.1991724137931037,77.64954545454545
2024,Zandvoort,15,"{'Sakhir': 'Street', 'Jeddah': 'Street', 'Melbourne': 'Street', 'Suzuka': 'Permanent', 'Shanghai': 'Permanent', 'Miami': 'Street', 'Imola': 'Permanent', 'Monte Carlo': 'Street', 'Montreal': 'Street', 'Catalunya': 'Permanent', 'Spielberg': 'Permanent', 'Silverstone': 'Permanent', 'Hungaroring': 'Permanent', 'Spa-Francorchamps': 'Permanent', 'Zandvoort': 'Permanent', 'Monza': 'Permanent', 'Baku': 'Street', 'Singapore': 'Street', 'Austin': 'Permanent', 'Mexico City': 'Permanent', 'Interlagos': 'Permanent', 'lusail': 'Street'}",Aston Martin,ALO,2,HARD,32,71,40,False,76.24555000000001,74.758,-20.835000000000008,-0.08665159474671749,62.17075696437919,200.03496893691363,333.0,0.0,32,0.8,2.174325,75.8035
2024,Zandvoort,15,"{'Sakhir': 'Street', 'Jeddah': 'Street', 'Melbourne': 'Street', 'Suzuka': 'Permanent', 'Shanghai': 'Permanent', 'Miami': 'Street', 'Imola': 'Permanent', 'Monte Carlo': 'Street', 'Montreal': 'Street', 'Catalunya': 'Permanent', 'Spielberg': 'Permanent', 'Silverstone': 'Permanent', 'Hungaroring': 'Permanent', 'Spa-Francorchamps': 'Permanent', 'Zandvoort': 'Permanent', 'Monza': 'Permanent', 'Baku': 'Street', 'Singapore': 'Street', 'Austin': 'Permanent', 'Mexico City': 'Permanent', 'Interlagos': 'Permanent', 'lusail': 'Street'}",Aston Martin,STR,1,MEDIUM,2,30,29,True,77.57034482758618,76.778,3.0619999999999976,0.038864039408865854,59.66814201919283,196.72148211026712,331.0,28.0,25,0.8620689655172413,1.7821034482758618,77.68175
2024,Zandvoort,15,"{'Sakhir': 'Street', 'Jeddah': 'Street', 'Melbourne': 'Street', 'Suzuka': 'Permanent', 'Shanghai': 'Permanent', 'Miami': 'Street', 'Imola': 'Permanent', 'Monte Carlo': 'Street', 'Montreal': 'Street', 'Catalunya': 'Permanent', 'Spielberg': 'Permanent', 'Silverstone': 'Permanent', 'Hungaroring': 'Permanent', 'Spa-Francorchamps': 'Permanent', 'Zandvoort': 'Permanent', 'Monza': 'Permanent', 'Baku': 'Street', 'Singapore': 'Street', 'Austin': 'Permanent', 'Mexico City': 'Permanent', 'Interlagos': 'Permanent', 'lusail': 'Street'}",Aston Martin,STR,2,HARD,31,71,41,False,76.36556097560975,75.255,-19.006,-0.07366184668989383,62.28233481813023,199.68976804444796,338.0,0.0,28,0.6829268292682927,2.6081951219512196,77.20853846153847
2024,Zandvoort,15,"{'Sakhir': 'Street', 'Jeddah': 'Street', 'Melbourne': 'Street', 'Suzuka': 'Permanent', 'Shanghai': 'Permanent', 'Miami': 'Street', 'Imola': 'Permanent', 'Monte Carlo': 'Street', 'Montreal': 'Street', 'Catalunya': 'Permanent', 'Spielberg': 'Permanent', 'Silverstone': 'Permanent', 'Hungaroring': 'Permanent', 'Spa-Francorchamps': 'Permanent', 'Zandvoort': 'Permanent', 'Monza': 'Permanent', 'Baku': 'Street', 'Singapore': 'Street', 'Austin': 'Permanent', 'Mexico City': 'Permanent', 'Interlagos': 'Permanent', 'lusail': 'Street'}",Ferrari,LEC,1,MEDIUM,2,24,23,True,76.67269565217393,76.131,3.2520000000000095,0.03447035573122415,63.69843867385524,198.9470443242563,334.0,55.0,23,1.0,0.7153478260869565,
2024,Zandvoort,15,"{'Sakhir': 'Street', 'Jeddah': 'Street', 'Melbourne': 'Street', 'Suzuka': 'Permanent', 'Shanghai': 'Permanent', 'Miami': 'Street', 'Imola': 'Permanent', 'Monte Carlo': 'Street', 'Montreal': 'Street', 'Catalunya': 'Permanent', 'Spielberg': 'Permanent', 'Silverstone': 'Permanent', 'Hungaroring': 'Permanent', 'Spa-Francorchamps': 'Permanent', 'Zandvoort': 'Permanent', 'Monza': 'Permanent', 'Baku': 'Street', 'Singapore': 'Street', 'Austin': 'Permanent', 'Mexico City': 'Permanent', 'Interlagos': 'Permanent', 'lusail': 'Street'}",Ferrari,LEC,2,HARD,25,72,48,False,75.50341666666667,74.585,-18.474000000000004,-0.05825662179765443,67.09951671301793,202.0386398708788,323.0,0.0,4,0.08333333333333333,5.229,75.12011363636363
2024,Zandvoort,15,"{'Sakhir': 'Street', 'Jeddah': 'Street', 'Melbourne': 'Street', 'Suzuka': 'Permanent', 'Shanghai': 'Permanent', 'Miami': 'Street', 'Imola': 'Permanent', 'Monte Carlo': 'Street', 'Montreal': 'Street', 'Catalunya': 'Permanent', 'Spielberg': 'Permanent', 'Silverstone': 'Permanent', 'Hungaroring': 'Permanent', 'Spa-Francorchamps': 'Permanent', 'Zandvoort': 'Permanent', 'Monza': 'Permanent', 'Baku': 'Street', 'Singapore': 'Street', 'Austin': 'Permanent', 'Mexico City': 'Permanent', 'Interlagos': 'Permanent', 'lusail': 'Street'}",Ferrari,SAI,1,MEDIUM,2,30,29,True,76.7513448275862,76.174,2.396000000000001,0.0037940886699507023,63.39838161521504,198.5097518910932,333.0,56.0,16,0.5517241379310345,2.677137931034483,76.83038461538462
2024,Zandvoort,15,"{'Sakhir': 'Street', 'Jeddah': 'Street', 'Melbourne': 'Street', 'Suzuka': 'Permanent', 'Shanghai': 'Permanent', 'Miami': 'Street', 'Imola': 'Permanent', 'Monte Carlo': 'Street', 'Montreal': 'Street', 'Catalunya': 'Permanent', 'Spielberg': 'Permanent', 'Silverstone': 'Permanent', 'Hungaroring': 'Permanent', 'Spa-Francorchamps': 'Permanent', 'Zandvoort': 'Permanent', 'Monza': 'Permanent', 'Baku': 'Street', 'Singapore': 'Street', 'Austin': 'Permanent', 'Mexico City': 'Permanent', 'Interlagos': 'Permanent', 'lusail': 'Street'}",Ferrari,SAI,2,HARD,31,72,42,False,75.39030952380952,74.117,-20.287000000000006,-0.06971112551657137,65.36469179350738,202.31535589236893,336.0,0.0,24,0.5714285714285714,3.6722857142857155,74.86700000000002
2024,Zandvoort,15,"{'Sakhir': 'Street', 'Jeddah': 'Street', 'Melbourne': 'Street', 'Suzuka': 'Permanent', 'Shanghai': 'Permanent', 'Miami': 'Street', 'Imola': 'Permanent', 'Monte Carlo': 'Street', 'Montreal': 'Street', 'Catalunya': 'Permanent', 'Spielberg': 'Permanent', 'Silverstone': 'Permanent', 'Hungaroring': 'Permanent', 'Spa-Francorchamps': 'Permanent', 'Zandvoort': 'Permanent', 'Monza': 'Permanent', 'Baku': 'Street', 'Singapore': 'Street', 'Austin': 'Permanent', 'Mexico City': 'Permanent', 'Interlagos': 'Permanent', 'lusail': 'Street'}",Haas,HUL,1,MEDIUM,2,14,13,True,77.6493846153846,76.731,3.878,0.18479120879121186,59.780656834551735,196.18992068292792,333.0,59.0,11,0.8461538461538461,0.7300000000000001,76.898
2024,Zandvoort,15,"{'Sakhir': 'Street', 'Jeddah': 'Street', 'Melbourne': 'Street', 'Suzuka': 'Permanent', 'Shanghai': 'Permanent', 'Miami': 'Street', 'Imola': 'Permanent', 'Monte Carlo': 'Street', 'Montreal': 'Street', 'Catalunya': 'Permanent', 'Spielberg': 'Permanent', 'Silverstone': 'Permanent', 'Hungaroring': 'Permanent', 'Spa-Francorchamps': 'Permanent', 'Zandvoort': 'Permanent', 'Monza': 'Permanent', 'Baku': 'Street', 'Singapore': 'Street', 'Austin': 'Permanent', 'Mexico City': 'Permanent', 'Interlagos': 'Permanent', 'lusail': 'Street'}",Haas,HUL,2,HARD,15,71,57,False,76.646649122807,75.657,-18.983000000000004,-0.038364661654135046,62.19220739793549,199.03699801218562,334.0,0.0,18,0.3157894736842105,8.406157894736843,76.66628205128207
2024,Zandvoort,15,"{'Sakhir': 'Street', 'Jeddah': 'Street', 'Melbourne': 'Street', 'Suzuka': 'Permanent', 'Shanghai': 'Permanent', 'Miami': 'Street', 'Imola': 'Permanent', 'Monte Carlo': 'Street', 'Montreal': 'Street', 'Catalunya': 'Permanent', 'Spielberg': 'Permanent', 'Silverstone': 'Permanent', 'Hungaroring': 'Permanent', 'Spa-Francorchamps': 'Permanent', 'Zandvoort': 'Permanent', 'Monza': 'Permanent', 'Baku': 'Street', 'Singapore': 'Street', 'Austin': 'Permanent', 'Mexico City': 'Permanent', 'Interlagos': 'Permanent', 'lusail': 'Street'}",Haas,MAG,1,HARD,2,40,39,True,77.6835641025641,76.363,6.483000000000004,0.01542044534412939,60.64481469641303,196.9329006654456,343.0,27.0,28,0.717948717948718,2.250384615384615,77.92145454545454
2024,Zandvoort,15,"{'Sakhir': 'Street', 'Jeddah': 'Street', 'Melbourne': 'Street', 'Suzuka': 'Permanent', 'Shanghai': 'Permanent', 'Miami': 'Street', 'Imola': 'Permanent', 'Monte Carlo': 'Street', 'Montreal': 'Street', 'Catalunya': 'Permanent', 'Spielberg': 'Permanent', 'Silverstone': 'Permanent', 'Hungaroring': 'Permanent', 'Spa-Francorchamps': 'Permanent', 'Zandvoort': 'Permanent', 'Monza': 'Permanent', 'Baku': 'Street', 'Singapore': 'Street', 'Austin': 'Permanent', 'Mexico City': 'Permanent', 'Interlagos': 'Permanent', 'lusail': 'Street'}",Haas,MAG,2,MEDIUM,41,71,31,False,77.12241935483873,74.954,-18.863,-0.08000967741935609,59.520429464661675,197.60045301802023,340.0,0.0,26,0.8387096774193549,1.8117741935483873,79.24960000000002
2024,Zandvoort,15,"{'Sakhir': 'Street', 'Jeddah': 'Street', 'Melbourne': 'Street', 'Suzuka': 'Permanent', 'Shanghai': 'Permanent', 'Miami': 'Street', 'Imola': 'Permanent', 'Monte Carlo': 'Street', 'Montreal': 'Street', 'Catalunya': 'Permanent', 'Spielberg': 'Permanent', 'Silverstone': 'Permanent', 'Hungaroring': 'Permanent', 'Spa-Francorchamps': 'Permanent', 'Zandvoort': 'Permanent', 'Monza': 'Permanent', 'Baku': 'Street', 'Singapore': 'Street', 'Austin': 'Permanent', 'Mexico City': 'Permanent', 'Interlagos': 'Permanent', 'lusail': 'Street'}",McLaren,NOR,1,MEDIUM,2,28,27,True,76.20574074074075,75.689,3.1069999999999993,-8.302808302929511e-05,62.03440178285553,200.0688783321025,330.0,52.0,27,1.0,0.731037037037037,
2024,Zandvoort,15,"{'Sakhir': 'Street', 'Jeddah': 'Street', 'Melbourne': 'Street', 'Suzuka': 'Permanent', 'Shanghai': 'Permanent', 'Miami': 'Street', 'Imola': 'Permanent', 'Monte Carlo': 'Street', 'Montreal': 'Street', 'Catalunya': 'Permanent', 'Spielberg': 'Permanent', 'Silverstone': 'Permanent', 'Hungaroring': 'Permanent', 'Spa-Francorchamps': 'Permanent', 'Zandvoort': 'Permanent', 'Monza': 'Permanent', 'Baku': 'Street', 'Singapore': 'Street', 'Austin': 'Permanent', 'Mexico City': 'Permanent', 'Interlagos': 'Permanent', 'lusail': 'Street'}",McLaren,NOR,2,HARD,29,72,44,False,75.16104545454546,73.817,-21.333000000000013,-0.059113460183227474,61.46443483252059,202.6655894373925,330.0,0.0,40,0.9090909090909091,0.5272045454545454,79.6265
2024,Zandvoort,15,"{'Sakhir': 'Street', 'Jeddah': 'Street', 'Melbourne': 'Street', 'Suzuka': 'Permanent', 'Shanghai': 'Permanent', 'Miami': 'Street', 'Imola': 'Permanent', 'Monte Carlo': 'Street', 'Montreal': 'Street', 'Catalunya': 'Permanent', 'Spielberg': 'Permanent', 'Silverstone': 'Permanent', 'Hungaroring': 'Permanent', 'Spa-Francorchamps': 'Permanent', 'Zandvoort': 'Permanent', 'Monza': 'Permanent', 'Baku': 'Street', 'Singapore': 'Street', 'Austin': 'Permanent', 'Mexico City': 'Permanent', 'Interlagos': 'Permanent', 'lusail': 'Street'}",McLaren,PIA,1,MEDIUM,2,33,32,True,76.5474375,75.932,3.2520000000000095,0.005500733137829497,61.63507308691232,199.8344066361027,329.0,57.0,28,0.875,1.669516129032258,76.08475
2024,Zandvoort,15,"{'Sakhir': 'Street', 'Jeddah': 'Street', 'Melbourne': 'Street', 'Suzuka': 'Permanent', 'Shanghai': 'Permanent', 'Miami': 'Street', 'Imola': 'Permanent', 'Monte Carlo': 'Street', 'Montreal': 'Street', 'Catalunya': 'Permanent', 'Spielberg': 'Permanent', 'Silverstone': 'Permanent', 'Hungaroring': 'Permanent', 'Spa-Francorchamps': 'Permanent', 'Zandvoort': 'Permanent', 'Monza': 'Permanent', 'Baku': 'Street', 'Singapore': 'Street', 'Austin': 'Permanent', 'Mexico City': 'Permanent', 'Interlagos': 'Permanent', 'lusail': 'Street'}",McLaren,PIA,2,HARD,34,72,39,False,75.40256410256411,74.237,-19.480999999999995,-0.06309230769230745,61.490815613015684,202.39458667881678,334.0,0.0,34,0.8717948717948718,1.6047692307692307,78.5792
2024,Zandvoort,15,"{'Sakhir': 'Street', 'Jeddah': 'Street', 'Melbourne': 'Street', 'Suzuka': 'Permanent', 'Shanghai': 'Permanent', 'Miami': 'Street', 'Imola': 'Permanent', 'Monte Carlo': 'Street', 'Montreal': 'Street', 'Catalunya': 'Permanent', 'Spielberg': 'Permanent', 'Silverstone': 'Permanent', 'Hungaroring': 'Permanent', 'Spa-Francorchamps': 'Permanent', 'Zandvoort': 'Permanent', 'Monza': 'Permanent', 'Baku': 'Street', 'Singapore': 'Street', 'Austin': 'Permanent', 'Mexico City': 'Permanent', 'Interlagos': 'Permanent', 'lusail': 'Street'}",Mercedes,HAM,1,SOFT,2,23,22,True,77.21263636363636,76.489,2.913000000000011,0.04022360248447381,60.267005198047435,196.50234832456934,342.0,57.0,22,1.0,0.737772727272727,
2024,Zandvoort,15,"{'Sakhir': 'Street', 'Jeddah': 'Street', 'Melbourne': 'Street', 'Suzuka': 'Permanent', 'Shanghai': 'Permanent', 'Miami': 'Street', 'Imola': 'Permanent', 'Monte Carlo': 'Street', 'Montreal': 'Street', 'Catalunya': 'Permanent', 'Spielberg': 'Permanent', 'Silverstone': 'Permanent', 'Hungaroring': 'Permanent', 'Spa-Francorchamps': 'Permanent', 'Zandvoort': 'Permanent', 'Monza': 'Permanent', 'Baku': 'Street', 'Singapore': 'Street', 'Austin': 'Permanent', 'Mexico City': 'Permanent', 'Interlagos': 'Permanent', 'lusail': 'Street'}",Mercedes,HAM,2,HARD,24,48,25,True,76.16708,74.709,-16.022000000000006,-0.16946076923076797,62.15986745068079,200.1989044791944,335.0,0.0,6,0.24,3.64076,75.29378947368421
2024,Zandvoort,15,"{'Sakhir': 'Street', 'Jeddah': 'Street', 'Melbourne': 'Street', 'Suzuka': 'Permanent', 'Shanghai': 'Permanent', 'Miami': 'Street', 'Imola': 'Permanent', 'Monte Carlo': 'Street', 'Montreal': 'Street', 'Catalunya': 'Permanent', 'Spielberg': 'Permanent', 'Silverstone': 'Permanent', 'Hungaroring': 'Permanent', 'Spa-Francorchamps': 'Permanent', 'Zandvoort': 'Permanent', 'Monza': 'Permanent', 'Baku': 'Street', 'Singapore': 'Street', 'Austin': 'Permanent', 'Mexico City': 'Permanent', 'Interlagos': 'Permanent', 'lusail': 'Street'}",Mercedes,HAM,3,SOFT,49,72,24,False,75.20762500000001,73.878,-17.923999999999992,-0.15261173913043097,62.0018121960591,202.47802948016226,319.0,0.0,8,0.3333333333333333,8.349166666666667,75.6160625
2024,Zandvoort,15,"{'Sakhir': 'Street', 'Jeddah': 'Street', 'Melbourne': 'Street', 'Suzuka': 'Permanent', 'Shanghai': 'Permanent', 'Miami': 'Street', 'Imola': 'Permanent', 'Monte Carlo': 'Street', 'Montreal': 'Street', 'Catalunya': 'Permanent', 'Spielberg': 'Permanent', 'Silverstone': 'Permanent', 'Hungaroring': 'Permanent', 'Spa-Francorchamps': 'Permanent', 'Zandvoort': 'Permanent', 'Monza': 'Permanent', 'Baku': 'Street', 'Singapore': 'Street', 'Austin': 'Permanent', 'Mexico City': 'Permanent', 'Interlagos': 'Permanent', 'lusail': 'Street'}",Mercedes,RUS,1,MEDIUM,2,25,24,True,76.65595833333333,76.257,2.7890000000000015,0.03331347826087344,61.3651752262564,199.06173350513865,314.0,58.0,8,0.3333333333333333,3.5664999999999996,76.7089375
2024,Zandvoort,15,"{'Sakhir': 'Street', 'Jeddah': 'Street', 'Melbourne': 'Street', 'Suzuka': 'Permanent', 'Shanghai': 'Permanent', 'Miami': 'Street', 'Imola': 'Permanent', 'Monte Carlo': 'Street', 'Montreal': 'Street', 'Catalunya': 'Permanent', 'Spielberg': 'Permanent', 'Silverstone': 'Permanent', 'Hungaroring': 'Permanent', 'Spa-Francorchamps': 'Permanent', 'Zandvoort': 'Permanent', 'Monza': 'Permanent', 'Baku': 'Street', 'Singapore': 'Street', 'Austin': 'Permanent', 'Mexico City': 'Permanent', 'Interlagos': 'Permanent', 'lusail': 'Street'}",Mercedes,RUS,2,HARD,26,54,29,True,76.24962068965516,74.532,-16.729000000000013,-0.13198177339901662,62.58758301796657,199.8648159392318,331.0,0.0,7,0.2413793103448276,3.8695357142857145,75.46968181818183
2024,Zandvoort,15,"{'Sakhir': 'Street', 'Jeddah': 'Street', 'Melbourne': 'Street', 'Suzuka': 'Permanent', 'Shanghai': 'Permanent', 'Miami': 'Street', 'Imola': 'Permanent', 'Monte Carlo': 'Street', 'Montreal': 'Street', 'Catalunya': 'Permanent', 'Spielberg': 'Permanent', 'Silverstone': 'Permanent', 'Hungaroring': 'Permanent', 'Spa-Francorchamps': 'Permanent', 'Zandvoort': 'Permanent', 'Monza': 'Permanent', 'Baku': 'Street', 'Singapore': 'Street', 'Austin': 'Permanent', 'Mexico City': 'Permanent', 'Interlagos': 'Permanent', 'lusail': 'Street'}",Mercedes,RUS,3,SOFT,55,72,18,False,75.4125,73.927,-18.76899999999999,-0.3115407636738881,63.39135315665708,202.106214594179,328.0,0.0,0,0.0,10.017833333333336,75.4125
2024,Zandvoort,15,"{'Sakhir': 'Street', 'Jeddah': 'Street', 'Melbourne': 'Street', 'Suzuka': 'Permanent', 'Shanghai': 'Permanent', 'Miami': 'Street', 'Imola': 'Permanent', 'Monte Carlo': 'Street', 'Montreal': 'Street', 'Catalunya': 'Permanent', 'Spielberg': 'Permanent', 'Silverstone': 'Permanent', 'Hungaroring': 'Permanent', 'Spa-Francorchamps': 'Permanent', 'Zandvoort': 'Permanent', 'Monza': 'Permanent', 'Baku': 'Street', 'Singapore': 'Street', 'Austin': 'Permanent', 'Mexico City': 'Permanent', 'Interlagos': 'Permanent', 'lusail': 'Street'}",RB,RIC,1,MEDIUM,2,29,28,True,77.63149999999999,77.076,2.509999999999991,0.014454844006569663,63.57423587484462,196.79758251186993,327.0,56.0,13,0.4642857142857143,2.779964285714286,77.62146666666669
2024,Zandvoort,15,"{'Sakhir': 'Street', 'Jeddah': 'Street', 'Melbourne': 'Street', 'Suzuka': 'Permanent', 'Shanghai': 'Permanent', 'Miami': 'Street', 'Imola': 'Permanent', 'Monte Carlo': 'Street', 'Montreal': 'Street', 'Catalunya': 'Permanent', 'Spielberg': 'Permanent', 'Silverstone': 'Permanent', 'Hungaroring': 'Permanent', 'Spa-Francorchamps': 'Permanent', 'Zandvoort': 'Permanent', 'Monza': 'Permanent', 'Baku': 'Street', 'Singapore': 'Street', 'Austin': 'Permanent', 'Mexico City': 'Permanent', 'Interlagos': 'Permanent', 'lusail': 'Street'}",RB,RIC,2,HARD,30,71,42,False,76.30842857142856,75.222,-19.708000000000013,-0.08002041973908051,64.40072700733138,199.5745131149481,331.0,0.0,31,0.7380952380952381,2.6334761904761903,77.8169090909091
2024,Zandvoort,15,"{'Sakhir': 'Street', 'Jeddah': 'Street', 'Melbourne': 'Street', 'Suzuka': 'Permanent', 'Shanghai': 'Permanent', 'Miami': 'Street', 'Imola': 'Permanent', 'Monte Carlo': 'Street', 'Montreal': 'Street', 'Catalunya': 'Permanent', 'Spielberg': 'Permanent', 'Silverstone': 'Permanent', 'Hungaroring': 'Permanent', 'Spa-Francorchamps': 'Permanent', 'Zandvoort': 'Permanent', 'Monza': 'Permanent', 'Baku': 'Street', 'Singapore': 'Street', 'Austin': 'Permanent', 'Mexico City': 'Permanent', 'Interlagos': 'Permanent', 'lusail': 'Street'}",RB,TSU,1,SOFT,2,14,13,True,77.68492307692307,76.551,2.4009999999999962,0.12615384615384923,62.072034458039674,196.17813447897746,327.0,51.0,13,1.0,1.049923076923077,
2024,Zandvoort,15,"{'Sakhir': 'Street', 'Jeddah': 'Street', 'Melbourne': 'Street', 'Suzuka': 'Permanent', 'Shanghai': 'Permanent', 'Miami': 'Street', 'Imola': 'Permanent', 'Monte Carlo': 'Street', 'Montreal': 'Street', 'Catalunya': 'Permanent', 'Spielberg': 'Permanent', 'Silverstone': 'Permanent', 'Hungaroring': 'Permanent', 'Spa-Francorchamps': 'Permanent', 'Zandvoort': 'Permanent', 'Monza': 'Permanent', 'Baku': 'Street', 'Singapore': 'Street', 'Austin': 'Permanent', 'Mexico City': 'Permanent', 'Interlagos': 'Permanent', 'lusail': 'Street'}",RB,TSU,2,MEDIUM,15,32,18,True,77.97944444444445,75.552,-16.132000000000005,-0.21186377708978266,63.549565830972334,195.13375209620398,327.0,0.0,16,0.8888888888888888,1.8010555555555554,78.3575
2024,Zandvoort,15,"{'Sakhir': 'Street', 'Jeddah': 'Street', 'Melbourne': 'Street', 'Suzuka': 'Permanent', 'Shanghai': 'Permanent', 'Miami': 'Street', 'Imola': 'Permanent', 'Monte Carlo': 'Street', 'Montreal': 'Street', 'Catalunya': 'Permanent', 'Spielberg': 'Permanent', 'Silverstone': 'Permanent', 'Hungaroring': 'Permanent', 'Spa-Francorchamps': 'Permanent', 'Zandvoort': 'Permanent', 'Monza': 'Permanent', 'Baku': 'Street', 'Singapore': 'Street', 'Austin': 'Permanent', 'Mexico City': 'Permanent', 'Interlagos': 'Permanent', 'lusail': 'Street'}",RB,TSU,3,HARD,33,71,39,False,77.18597435897433,75.561,-19.632000000000005,-0.06124757085020257,62.229376703972704,197.21126759986973,342.0,0.0,39,1.0,0.8624871794871795,
2024,Zandvoort,15,"{'Sakhir': 'Street', 'Jeddah': 'Street', 'Melbourne': 'Street', 'Suzuka': 'Permanent', 'Shanghai': 'Permanent', 'Miami': 'Street', 'Imola': 'Permanent', 'Monte Carlo': 'Street', 'Montreal': 'Street', 'Catalunya': 'Permanent', 'Spielberg': 'Permanent', 'Silverstone': 'Permanent', 'Hungaroring': 'Permanent', 'Spa-Francorchamps': 'Permanent', 'Zandvoort': 'Permanent', 'Monza': 'Permanent', 'Baku': 'Street', 'Singapore': 'Street', 'Austin': 'Permanent', 'Mexico City': 'Permanent', 'Interlagos': 'Permanent', 'lusail': 'Street'}",Red Bull,PER,1,MEDIUM,2,29,28,True,76.75396428571428,76.361,3.7040000000000077,0.02593021346469799,59.754417715990186,198.23458894983895,334.0,57.0,21,0.75,2.0651923076923078,77.07228571428571
2024,Zandvoort,15,"{'Sakhir': 'Street', 'Jeddah': 'Street', 'Melbourne': 'Street', 'Suzuka': 'Permanent', 'Shanghai': 'Permanent', 'Miami': 'Street', 'Imola': 'Permanent', 'Monte Carlo': 'Street', 'Montreal': 'Street', 'Catalunya': 'Permanent', 'Spielberg': 'Permanent', 'Silverstone': 'Permanent', 'Hungaroring': 'Permanent', 'Spa-Francorchamps': 'Permanent', 'Zandvoort': 'Permanent', 'Monza': 'Permanent', 'Baku': 'Street', 'Singapore': 'Street', 'Austin': 'Permanent', 'Mexico City': 'Permanent', 'Interlagos': 'Permanent', 'lusail': 'Street'}",Red Bull,PER,2,HARD,30,72,43,False,75.6283488372093,74.587,-21.581000000000003,-0.06935819993959717,61.96563227772289,201.38362310725378,318.0,0.0,16,0.37209302325581395,4.395837209302326,75.82937037037037
2024,Zandvoort,15,"{'Sakhir': 'Street', 'Jeddah': 'Street', 'Melbourne': 'Street', 'Suzuka': 'Permanent', 'Shanghai': 'Permanent', 'Miami': 'Street', 'Imola': 'Permanent', 'Monte Carlo': 'Street', 'Montreal': 'Street', 'Catalunya': 'Permanent', 'Spielberg': 'Permanent', 'Silverstone': 'Permanent', 'Hungaroring': 'Permanent', 'Spa-Francorchamps': 'Permanent', 'Zandvoort': 'Permanent', 'Monza': 'Permanent', 'Baku': 'Street', 'Singapore': 'Street', 'Austin': 'Permanent', 'Mexico City': 'Permanent', 'Interlagos': 'Permanent', 'lusail': 'Street'}",Red Bull,VER,1,MEDIUM,2,27,26,True,76.50296153846155,75.946,3.784000000000006,0.04194495726495798,62.4090662424482,199.69657285145047,327.0,56.0,22,0.8461538461538461,1.1061923076923077,77.34725
2024,Zandvoort,15,"{'Sakhir': 'Street', 'Jeddah': 'Street', 'Melbourne': 'Street', 'Suzuka': 'Permanent', 'Shanghai': 'Permanent', 'Miami': 'Street', 'Imola': 'Permanent', 'Monte Carlo': 'Street', 'Montreal': 'Street', 'Catalunya': 'Permanent', 'Spielberg': 'Permanent', 'Silverstone': 'Permanent', 'Hungaroring': 'Permanent', 'Spa-Francorchamps': 'Permanent', 'Zandvoort': 'Permanent', 'Monza': 'Permanent', 'Baku': 'Street', 'Singapore': 'Street', 'Austin': 'Permanent', 'Mexico City': 'Permanent', 'Interlagos': 'Permanent', 'lusail': 'Street'}",Red Bull,VER,2,HARD,28,72,45,False,75.54273333333335,74.752,-18.685000000000002,-0.05108115942029059,63.452441680054434,202.41033917559702,325.0,0.0,0,0.0,13.200266666666668,75.54273333333335
2024,Zandvoort,15,"{'Sakhir': 'Street', 'Jeddah': 'Street', 'Melbourne': 'Street', 'Suzuka': 'Permanent', 'Shanghai': 'Permanent', 'Miami': 'Street', 'Imola': 'Permanent', 'Monte Carlo': 'Street', 'Montreal': 'Street', 'Catalunya': 'Permanent', 'Spielberg': 'Permanent', 'Silverstone': 'Permanent', 'Hungaroring': 'Permanent', 'Spa-Francorchamps': 'Permanent', 'Zandvoort': 'Permanent', 'Monza': 'Permanent', 'Baku': 'Street', 'Singapore': 'Street', 'Austin': 'Permanent', 'Mexico City': 'Permanent', 'Interlagos': 'Permanent', 'lusail': 'Street'}",Sauber,BOT,1,SOFT,2,15,14,True,78.03742857142856,76.882,4.445999999999998,0.152382417582417,64.31537044669687,195.27892037952157,331.0,58.0,11,0.7857142857142857,2.238785714285714,77.878
2024,Zandvoort,15,"{'Sakhir': 'Street', 'Jeddah': 'Street', 'Melbourne': 'Street', 'Suzuka': 'Permanent', 'Shanghai': 'Permanent', 'Miami': 'Street', 'Imola': 'Permanent', 'Monte Carlo': 'Street', 'Montreal': 'Street', 'Catalunya': 'Permanent', 'Spielberg': 'Permanent', 'Silverstone': 'Permanent', 'Hungaroring': 'Permanent', 'Spa-Francorchamps': 'Permanent', 'Zandvoort': 'Permanent', 'Monza': 'Permanent', 'Baku': 'Street', 'Singapore': 'Street', 'Austin': 'Permanent', 'Mexico City': 'Permanent', 'Interlagos': 'Permanent', 'lusail': 'Street'}",Sauber,BOT,2,HARD,16,43,28,True,77.93271428571428,76.073,-14.879000000000005,-0.06511658456485764,63.76088653914365,195.76308038159704,327.0,0.0,4,0.14285714285714285,5.096214285714287,77.82458333333334
2024,Zandvoort,15,"{'Sakhir': 'Street', 'Jeddah': 'Street', 'Melbourne': 'Street', 'Suzuka': 'Permanent', 'Shanghai': 'Permanent', 'Miami': 'Street', 'Imola': 'Permanent', 'Monte Carlo': 'Street', 'Montreal': 'Street', 'Catalunya': 'Permanent', 'Spielberg': 'Permanent', 'Silverstone': 'Permanent', 'Hungaroring': 'Permanent', 'Spa-Francorchamps': 'Permanent', 'Zandvoort': 'Permanent', 'Monza': 'Permanent', 'Baku': 'Street', 'Singapore': 'Street', 'Austin': 'Permanent', 'Mexico City': 'Permanent', 'Interlagos': 'Permanent', 'lusail': 'Street'}",Sauber,BOT,3,MEDIUM,44,70,27,False,77.28762962962963,75.822,-19.647999999999996,-0.15535164835164975,62.956553105915894,197.3213477494999,327.0,0.0,0,0.0,16.398,77.28762962962963
2024,Zandvoort,15,"{'Sakhir': 'Street', 'Jeddah': 'Street', 'Melbourne': 'Street', 'Suzuka': 'Permanent', 'Shanghai': 'Permanent', 'Miami': 'Street', 'Imola': 'Permanent', 'Monte Carlo': 'Street', 'Montreal': 'Street', 'Catalunya': 'Permanent', 'Spielberg': 'Permanent', 'Silverstone': 'Permanent', 'Hungaroring': 'Permanent', 'Spa-Francorchamps': 'Permanent', 'Zandvoort': 'Permanent', 'Monza': 'Permanent', 'Baku': 'Street', 'Singapore': 'Street', 'Austin': 'Permanent', 'Mexico City': 'Permanent', 'Interlagos': 'Permanent', 'lusail': 'Street'}",Sauber,ZHO,1,MEDIUM,2,18,17,True,78.4275294117647,77.83,2.4200000000000017,0.04487009803921707,61.59690816644124,194.80074943287616,329.0,58.0,10,0.5882352941176471,2.9227647058823534,78.64842857142858
2024,Zandvoort,15,"{'Sakhir': 'Street', 'Jeddah': 'Street', 'Melbourne': 'Street', 'Suzuka': 'Permanent', 'Shanghai': 'Permanent', 'Miami': 'Street', 'Imola': 'Permanent', 'Monte Carlo': 'Street', 'Montreal': 'Street', 'Catalunya': 'Permanent', 'Spielberg': 'Permanent', 'Silverstone': 'Permanent', 'Hungaroring': 'Permanent', 'Spa-Francorchamps': 'Permanent', 'Zandvoort': 'Permanent', 'Monza': 'Permanent', 'Baku': 'Street', 'Singapore': 'Street', 'Austin': 'Permanent', 'Mexico City': 'Permanent', 'Interlagos': 'Permanent', 'lusail': 'Street'}",Sauber,ZHO,2,HARD,19,51,33,True,78.30663636363637,76.4,-16.795,-0.04460661764705643,61.16083387049671,194.62541749945925,322.0,0.0,8,0.24242424242424243,7.384181818181819,78.63504
2024,Zandvoort,15,"{'Sakhir': 'Street', 'Jeddah': 'Street', 'Melbourne': 'Street', 'Suzuka': 'Permanent', 'Shanghai': 'Permanent', 'Miami': 'Street', 'Imola': 'Permanent', 'Monte Carlo': 'Street', 'Montreal': 'Street', 'Catalunya': 'Permanent', 'Spielberg': 'Permanent', 'Silverstone': 'Permanent', 'Hungaroring': 'Permanent', 'Spa-Francorchamps': 'Permanent', 'Zandvoort': 'Permanent', 'Monza': 'Permanent', 'Baku': 'Street', 'Singapore': 'Street', 'Austin': 'Permanent', 'Mexico City': 'Permanent', 'Interlagos': 'Permanent', 'lusail': 'Street'}",Sauber,ZHO,3,SOFT,52,70,19,False,77.60715789473684,75.724,-23.605999999999995,-0.34379649122806694,62.44650746262629,196.57215596224785,327.0,0.0,0,0.0,33.5488947368421,77.60715789473684
2024,Zandvoort,15,"{'Sakhir': 'Street', 'Jeddah': 'Street', 'Melbourne': 'Street', 'Suzuka': 'Permanent', 'Shanghai': 'Permanent', 'Miami': 'Street', 'Imola': 'Permanent', 'Monte Carlo': 'Street', 'Montreal': 'Street', 'Catalunya': 'Permanent', 'Spielberg': 'Permanent', 'Silverstone': 'Permanent', 'Hungaroring': 'Permanent', 'Spa-Francorchamps': 'Permanent', 'Zandvoort': 'Permanent', 'Monza': 'Permanent', 'Baku': 'Street', 'Singapore': 'Street', 'Austin': 'Permanent', 'Mexico City': 'Permanent', 'Interlagos': 'Permanent', 'lusail': 'Street'}",Williams,ALB,1,MEDIUM,2,12,11,True,77.96463636363636,76.959,1.7269999999999897,0.053763636363636215,57.96838210822693,195.1070151038286,330.0,56.0,11,1.0,0.7000909090909091,
2024,Zandvoort,15,"{'Sakhir': 'Street', 'Jeddah': 'Street', 'Melbourne': 'Street', 'Suzuka': 'Permanent', 'Shanghai': 'Permanent', 'Miami': 'Street', 'Imola': 'Permanent', 'Monte Carlo': 'Street', 'Montreal': 'Street', 'Catalunya': 'Permanent', 'Spielberg': 'Permanent', 'Silverstone': 'Permanent', 'Hungaroring': 'Permanent', 'Spa-Francorchamps': 'Permanent', 'Zandvoort': 'Permanent', 'Monza': 'Permanent', 'Baku': 'Street', 'Singapore': 'Street', 'Austin': 'Permanent', 'Mexico City': 'Permanent', 'Interlagos': 'Permanent', 'lusail': 'Street'}",Williams,ALB,2,HARD,13,54,42,True,77.24371428571429,75.52,-16.229,-0.04830094805931381,60.46526515592434,197.34682988047538,330.0,0.0,29,0.6904761904761905,2.8779047619047624,78.11953846153845
2024,Zandvoort,15,"{'Sakhir': 'Street', 'Jeddah': 'Street', 'Melbourne': 'Street', 'Suzuka': 'Permanent', 'Shanghai': 'Permanent', 'Miami': 'Street', 'Imola': 'Permanent', 'Monte Carlo': 'Street', 'Montreal': 'Street', 'Catalunya': 'Permanent', 'Spielberg': 'Permanent', 'Silverstone': 'Permanent', 'Hungaroring': 'Permanent', 'Spa-Francorchamps': 'Permanent', 'Zandvoort': 'Permanent', 'Monza': 'Permanent', 'Baku': 'Street', 'Singapore': 'Street', 'Austin': 'Permanent', 'Mexico City': 'Permanent', 'Interlagos': 'Permanent', 'lusail': 'Street'}",Williams,ALB,3,MEDIUM,55,71,17,False,76.22635294117649,74.434,-20.319000000000003,-0.43001715686274483,59.85122261850597,199.46807948086314,342.0,0.0,5,0.29411764705882354,7.739294117647059,76.54733333333333
2024,Zandvoort,15,"{'Sakhir': 'Street', 'Jeddah': 'Street', 'Melbourne': 'Street', 'Suzuka': 'Permanent', 'Shanghai': 'Permanent', 'Miami': 'Street', 'Imola': 'Permanent', 'Monte Carlo': 'Street', 'Montreal': 'Street', 'Catalunya': 'Permanent', 'Spielberg': 'Permanent', 'Silverstone': 'Permanent', 'Hungaroring': 'Permanent', 'Spa-Francorchamps': 'Permanent', 'Zandvoort': 'Permanent', 'Monza': 'Permanent', 'Baku': 'Street', 'Singapore': 'Street', 'Austin': 'Permanent', 'Mexico City': 'Permanent', 'Interlagos': 'Permanent', 'lusail': 'Street'}",Williams,SAR,1,MEDIUM,2,22,21,True,78.15704761904762,77.424,4.2039999999999935,0.06323506493506495,58.283963939067256,194.56712671909622,333.0,56.0,20,0.9523809523809523,1.844952380952381,77.713
2024,Zandvoort,15,"{'Sakhir': 'Street', 'Jeddah': 'Street', 'Melbourne': 'Street', 'Suzuka': 'Permanent', 'Shanghai': 'Permanent', 'Miami': 'Street', 'Imola': 'Permanent', 'Monte Carlo': 'Street', 'Montreal': 'Street', 'Catalunya': 'Permanent', 'Spielberg': 'Permanent', 'Silverstone': 'Permanent', 'Hungaroring': 'Permanent', 'Spa-Francorchamps': 'Permanent', 'Zandvoort': 'Permanent', 'Monza': 'Permanent', 'Baku': 'Street', 'Singapore': 'Street', 'Austin': 'Permanent', 'Mexico City': 'Permanent', 'Interlagos': 'Permanent', 'lusail': 'Street'}",Williams,SAR,2,HARD,23,71,49,False,77.13612244897959,75.539,-20.137,-0.037846428571428004,59.681035916658814,197.19782225450552,334.0,0.0,17,0.3469387755102041,7.626734693877551,77.25093749999999
