id,race_finish_pos,race_status,qualifying_pos,fastest_lap,fp1_pos,fp1_time_fastest_lap,fp2_pos,fp2_time_fastest_lap,fp3_pos,fp3_time_fastest_lap,qualifying_final_grid_pos,q1_time_seconds,q1_position,q1_fastest_lap,q2_time_seconds,q2_position,q2_fastest_lap,q3_time_seconds,q3_position,q3_fastest_lap,race_finish_pos,position_gain_from_quali_to_race,driver_avg_pace,driver_clean_air_pace,driver_grid_avg_pace,driver_pace_delta_to_grid,driver_pace_zscore_vs_grid,driver_pace_score_vs_grid,driver_pace_score_0_100,driver_top_speed,driver_corner_speed,driver_top_speed_rank,driver_corner_speed_rank,driver_drag_index,avg_race_pos_3_races,avg_race_pos_5_races,avg_race_pos_7_races,race_id,driver_id,team_id
812625ec-e317-4a93-a07e-c84b5a715f19,20.0,Retired,16.0,1:29.438,,,9.0,1:24.269,12.0,1:24.378,16.0,83.821,16.0,1:23.820,,,,,,,11.0,5.0,91.13128571428572,89.97254545454545,91.1956434646002,-0.0643577503144712,-0.0439843621465779,0.0439843621465779,42.10526315789473,309.0,28.0,14.0,16.0,-2.0,,,,52ca328f-e6e1-47af-8bc3-300cea1b57db,00572d64-eb7e-4295-89f6-63bf98e32dd4,d7558695-fc23-4e4a-8247-3e810f9397f8
922a6350-200c-468f-a1ac-b695093a7d27,8.0,Lapped,8.0,1:27.947,11.0,1:25.504,16.0,1:24.573,15.0,1:24.453,8.0,83.794,15.0,1:23.793,83.268,7.0,1:23.268,83.196,8.0,1:23.195,9.0,-1.0,90.86838596491228,90.46720444444443,91.1956434646002,-0.3272574996879172,-0.2236593465607876,0.2236593465607876,47.36842105263158,316.0,39.666666666666664,7.0,3.0,4.0,,,,52ca328f-e6e1-47af-8bc3-300cea1b57db,5d03531f-db77-4857-b87a-f8bcff470727,eb14f5b8-34b7-42db-ba17-1d847b0fc6ee
31eadd51-dd43-4e57-bec3-18daca89ab18,16.0,Lapped,9.0,1:29.481,13.0,1:25.611,7.0,1:24.230,16.0,1:24.478,9.0,83.481,2.0,1:23.480,83.341,9.0,1:23.340,83.204,9.0,1:23.203,18.0,-9.0,94.72748275862068,95.10477777777778,91.1956434646002,3.531839294020486,2.4137838534231792,-2.4137838534231792,0.0,310.0,57.5,11.0,2.0,9.0,,,,52ca328f-e6e1-47af-8bc3-300cea1b57db,b71aeceb-a2f8-4b55-b919-3faa52663eec,d8d93e26-d576-42e2-9a6b-e428bcb6bf68
148eb987-0b26-4664-b3ad-db151fcf6c54,11.0,Lapped,19.0,1:29.411,7.0,1:25.382,20.0,1:25.265,20.0,1:24.766,19.0,83.912,19.0,1:23.912,,,,,,,19.0,0.0,94.71696,95.06423999999998,91.1956434646002,3.521316535399791,2.406592228114772,-2.406592228114772,5.263157894736848,308.0,59.5,16.0,1.0,15.0,,,,52ca328f-e6e1-47af-8bc3-300cea1b57db,217ff409-a898-4f8b-9323-7763902509c9,d7558695-fc23-4e4a-8247-3e810f9397f8
58f9ed8e-8250-4a6b-80a4-320c0304b115,,,20.0,1:29.120,19.0,1:26.304,19.0,1:24.960,14.0,1:24.433,20.0,84.105,20.0,1:24.105,,,,,,,15.0,5.0,91.39789285714286,90.59790384615384,91.1956434646002,0.2022493925426687,0.1382243860615783,-0.1382243860615783,21.052631578947366,,,,,,,,,52ca328f-e6e1-47af-8bc3-300cea1b57db,17f18f6c-4cb4-4c5b-9c21-700b77a6ca49,71e83a22-c17b-480d-93f1-bcc6e31859e2
42707af8-300d-4a0f-b3e3-864d39d0f757,17.0,Lapped,6.0,1:29.212,5.0,1:25.332,12.0,1:24.516,13.0,1:24.408,6.0,83.548,5.0,1:23.548,83.086,4.0,1:23.085,82.984,6.0,1:22.983,7.0,-1.0,90.73450877192982,89.80376006683375,91.1956434646002,-0.4611346926703703,-0.3151557539170817,0.3151557539170817,63.1578947368421,311.0,30.0,9.0,9.0,0.0,,,,52ca328f-e6e1-47af-8bc3-300cea1b57db,9218ccac-0d8c-4836-9f4b-082a2c542f68,71e83a22-c17b-480d-93f1-bcc6e31859e2
7efa99cc-bcec-434e-a588-ab772ea72b32,6.0,Finished,18.0,1:27.278,3.0,1:24.805,5.0,1:24.118,3.0,1:23.822,18.0,83.887,18.0,1:23.887,,,,,,,4.0,14.0,89.99807017543858,89.44680392156862,91.1956434646002,-1.1975732891616104,-0.8184639299877545,0.8184639299877545,78.94736842105263,320.0,29.0,2.0,12.0,-10.0,,,,52ca328f-e6e1-47af-8bc3-300cea1b57db,d71626b8-a508-4371-a966-503f36ebb8d0,da619921-fbb3-4efc-8926-5c847f4f3436
87e3bff4-e273-4e29-9fc4-bf84a8b19734,9.0,Lapped,4.0,1:29.152,6.0,1:25.373,3.0,1:23.978,7.0,1:24.093,4.0,83.722,11.0,1:23.721,83.04,3.0,1:23.040,82.886,4.0,1:22.885,8.0,-4.0,90.76047368421054,91.8728,91.1956434646002,-0.435169780389657,-0.2974104147888707,0.2974104147888707,57.89473684210527,321.0,30.5,1.0,8.0,-7.0,,,,52ca328f-e6e1-47af-8bc3-300cea1b57db,d54daa60-c444-4ecb-a83e-c157cdf43e67,9ce8fc06-61f2-4c19-8be7-5c070425fd4c
b840b689-d642-4923-8308-6c9f1900ed44,,,12.0,1:28.751,12.0,1:25.563,11.0,1:24.503,17.0,1:24.519,12.0,83.733,13.0,1:23.733,83.472,12.0,1:23.471,,,,17.0,-5.0,92.18392592592592,91.58174074074076,91.1956434646002,0.9882824613257384,0.6754271780735073,-0.6754271780735073,15.789473684210533,,,,,,,,,52ca328f-e6e1-47af-8bc3-300cea1b57db,4d8edae8-dd9a-4376-a1f0-91e4dcaaee1a,c9a9c6fa-3f8f-4291-96b9-be6320767395
d219ddee-4e62-4f73-8869-e31cbde1900e,5.0,Finished,14.0,1:28.018,1.0,1:24.320,6.0,1:24.200,9.0,1:24.097,14.0,83.302,1.0,1:23.302,83.833,14.0,1:23.832,,,,3.0,11.0,89.95745614035087,88.49708823529411,91.1956434646002,-1.2381873242493242,-0.846220997610582,0.846220997610582,84.21052631578947,319.0,28.5,3.0,14.0,-11.0,,,,52ca328f-e6e1-47af-8bc3-300cea1b57db,a1402642-75cf-4196-9db4-b0d5b458a6ae,32af326f-ab0a-4a12-9764-43f308e87476
3d65c9d6-5ccd-4a7d-8487-e0b272c25464,19.0,Retired,15.0,1:25.637,8.0,1:25.444,8.0,1:24.234,8.0,1:24.093,15.0,83.632,7.0,1:23.632,83.877,15.0,1:23.876,,,,16.0,-1.0,92.39176785714288,91.01518421052631,91.1956434646002,1.1961243925426714,0.8174737028078272,-0.8174737028078272,10.526315789473683,319.0,35.8,3.0,7.0,-4.0,,,,52ca328f-e6e1-47af-8bc3-300cea1b57db,60b02cb4-9e82-4955-bed9-7b8d40b28266,9ce8fc06-61f2-4c19-8be7-5c070425fd4c
7d1d892d-f740-41aa-80cd-0a69a5509cb7,1.0,Finished,1.0,1:27.438,2.0,1:24.542,1.0,1:23.516,2.0,1:23.626,1.0,83.682,10.0,1:23.682,83.098,5.0,1:23.097,82.595,1.0,1:22.594,1.0,0.0,89.51138596491226,,91.1956434646002,-1.6842574996879307,-1.1510811277955166,1.1510811277955166,94.73684210526316,310.0,29.0,11.0,12.0,-1.0,,,,52ca328f-e6e1-47af-8bc3-300cea1b57db,b34c803f-2e33-48a4-bffb-499598604cf9,d3cdf2e4-9756-4de7-8fee-cb87fb530b7f
53e2457c-07cf-480e-945a-63c9ec49b920,,,10.0,,10.0,1:25.483,14.0,1:24.555,10.0,1:24.283,10.0,83.559,6.0,1:23.558,83.379,10.0,1:23.379,83.264,10.0,1:23.263,20.0,-10.0,,,,,,,,,,,,,,,,52ca328f-e6e1-47af-8bc3-300cea1b57db,d162e0ad-1954-4454-a548-630421348097,b3f66b7a-d3e3-431b-9249-f6dd20ce6f7f
b86e668a-227c-4643-93bd-d18fa54c839a,3.0,Finished,2.0,1:27.689,,,2.0,1:23.751,1.0,1:23.433,2.0,83.64,8.0,1:23.640,83.199,6.0,1:23.198,82.804,2.0,1:22.804,10.0,-8.0,90.76061403508773,91.92882592592592,91.1956434646002,-0.4350294295124683,-0.2973144940368293,0.2973144940368293,52.63157894736843,319.0,39.666666666666664,3.0,3.0,0.0,,,,52ca328f-e6e1-47af-8bc3-300cea1b57db,d31df4d0-71a1-40fc-bf79-61af13e1acd7,d3cdf2e4-9756-4de7-8fee-cb87fb530b7f
133ffa3d-c5fe-4e64-8bea-4827f1508425,4.0,Finished,7.0,1:28.194,4.0,1:25.165,13.0,1:24.534,6.0,1:24.075,7.0,83.678,9.0,1:23.677,83.283,8.0,1:23.283,83.132,7.0,1:23.132,5.0,2.0,90.1078947368421,89.22792564025006,91.1956434646002,-1.0877487277580968,-0.7434059415130541,0.7434059415130541,73.6842105263158,311.0,28.5,9.0,14.0,-5.0,,,,52ca328f-e6e1-47af-8bc3-300cea1b57db,36fa31f7-12df-4f79-8de7-63098bfb8a5b,da619921-fbb3-4efc-8926-5c847f4f3436
107d0289-0509-4052-94d9-8f21082d26e0,7.0,Finished,3.0,1:27.765,,,4.0,1:24.099,5.0,1:23.870,3.0,83.487,3.0,1:23.486,82.985,1.0,1:22.984,82.824,3.0,1:22.823,2.0,1.0,89.58112280701754,88.92328670360112,91.1956434646002,-1.6145206575826592,-1.1034205041234788,1.1034205041234788,89.47368421052632,318.0,30.0,6.0,9.0,-3.0,,,,52ca328f-e6e1-47af-8bc3-300cea1b57db,258793ad-e101-47d1-8409-93edc1c8bdd5,32af326f-ab0a-4a12-9764-43f308e87476
5cd18f6f-954b-44df-85ad-455ad006b757,14.0,Lapped,13.0,1:28.603,,,18.0,1:24.686,18.0,1:24.531,13.0,83.729,12.0,1:23.728,83.784,13.0,1:23.784,,,,14.0,-1.0,91.22214285714288,91.90914855072464,91.1956434646002,0.026499392542675,0.0181106218375576,-0.0181106218375576,31.57894736842105,313.0,37.0,8.0,6.0,2.0,,,,52ca328f-e6e1-47af-8bc3-300cea1b57db,bbe763bf-f205-4c4a-b485-51cc69248b5a,eb14f5b8-34b7-42db-ba17-1d847b0fc6ee
6afadb46-27a8-4c7d-9003-95390949ef7f,12.0,Lapped,11.0,1:29.200,,,10.0,1:24.496,11.0,1:24.343,11.0,83.735,14.0,1:23.734,83.419,11.0,1:23.418,,,,12.0,-1.0,91.17896428571429,90.72838793103448,91.1956434646002,-0.0166791788859086,-0.0113991405983065,0.0113991405983065,36.8421052631579,308.0,29.5,16.0,11.0,5.0,,,,52ca328f-e6e1-47af-8bc3-300cea1b57db,329fcd08-b140-4524-8bbd-d944b5c5dd1b,c9a9c6fa-3f8f-4291-96b9-be6320767395
262f85ac-5860-4daf-b7f8-134fe6b414de,2.0,Finished,5.0,1:27.765,,,17.0,1:24.597,4.0,1:23.843,5.0,83.516,4.0,1:23.516,82.998,2.0,1:22.998,82.945,5.0,1:22.944,6.0,-1.0,90.23908771929824,89.10491286549707,91.1956434646002,-0.9565557453019552,-0.6537440185396051,0.6537440185396051,68.42105263157895,309.0,27.0,14.0,17.0,-3.0,,,,52ca328f-e6e1-47af-8bc3-300cea1b57db,4e5380ac-3832-409c-a269-05f3091fe4e2,c4170884-4736-4883-a3a4-eb449318ace9
50aa127d-37cd-4878-a161-74630a408520,15.0,Lapped,17.0,1:27.981,16.0,1:25.921,15.0,1:24.557,19.0,1:24.668,17.0,83.88,17.0,1:23.879,,,,,,,13.0,4.0,91.24780357142856,91.4075875,91.1956434646002,0.0521601068283672,0.0356480613000424,-0.0356480613000424,26.315789473684216,310.0,39.333333333333336,11.0,5.0,6.0,,,,52ca328f-e6e1-47af-8bc3-300cea1b57db,b59a380d-034d-42f5-b7c2-0c866052304b,d8d93e26-d576-42e2-9a6b-e428bcb6bf68
b9536248-7998-4485-9c18-dcf2a68e3fdf,11.0,Lapped,12.0,1:21.617,12.0,1:19.442,,,13.0,1:17.759,12.0,77.13,7.0,1:17.129,77.167,12.0,1:17.167,,,,11.0,1.0,84.57321428571427,83.5441850140056,84.33939066056288,0.2338236251513876,0.312272366261168,-0.312272366261168,47.36842105263158,332.0,14.333333333333334,8.0,9.0,-1.0,11.0,11.0,11.0,dd011b06-ed79-4b82-a88a-ecd9e1e939bf,00572d64-eb7e-4295-89f6-63bf98e32dd4,d7558695-fc23-4e4a-8247-3e810f9397f8
0ae531f2-ad85-46f1-a404-71dd83e4153e,8.0,Finished,10.0,1:20.492,18.0,1:19.715,5.0,1:17.912,6.0,1:16.996,10.0,76.991,5.0,1:16.990,76.71,6.0,1:16.709,77.552,10.0,1:17.552,8.0,2.0,84.44442105263158,84.18286315789474,84.33939066056288,0.1050303920686985,0.1402684995555765,-0.1402684995555765,57.89473684210527,331.0,19.0,12.0,5.0,7.0,9.0,9.0,9.0,dd011b06-ed79-4b82-a88a-ecd9e1e939bf,5d03531f-db77-4857-b87a-f8bcff470727,eb14f5b8-34b7-42db-ba17-1d847b0fc6ee
eabe4b45-204c-470c-80e3-7b81943a97b1,14.0,Lapped,13.0,1:21.421,20.0,1:20.013,14.0,1:18.584,12.0,1:17.751,13.0,77.543,13.0,1:17.543,77.34,13.0,1:17.340,,,,14.0,-1.0,85.25725,84.68900923076922,84.33939066056288,0.9178593394371148,1.2258047390864322,-1.2258047390864322,5.263157894736848,327.0,7.0,16.0,15.0,1.0,18.0,18.0,18.0,dd011b06-ed79-4b82-a88a-ecd9e1e939bf,b71aeceb-a2f8-4b55-b919-3faa52663eec,d8d93e26-d576-42e2-9a6b-e428bcb6bf68
dfb8af15-eee2-4e1c-b28a-12ca2592a779,13.0,Lapped,17.0,1:21.090,17.0,1:19.621,15.0,1:18.691,19.0,1:18.390,17.0,77.982,17.0,1:17.981,,,,,,,13.0,4.0,85.09807142857143,84.20875,84.33939066056288,0.7586807680085457,1.013221134132531,-1.013221134132531,15.789473684210533,337.0,9.666666666666666,3.0,13.0,-10.0,7.0,7.0,7.0,dd011b06-ed79-4b82-a88a-ecd9e1e939bf,9218ccac-0d8c-4836-9f4b-082a2c542f68,71e83a22-c17b-480d-93f1-bcc6e31859e2
b8f36d2a-0323-4cc4-bad1-1f0d438008c0,18.0,Retired,11.0,1:22.444,9.0,1:18.771,18.0,1:18.834,4.0,1:16.805,11.0,77.499,12.0,1:17.498,76.96,11.0,1:16.959,,,,18.0,-7.0,84.62414285714286,88.164,84.33939066056288,0.2847521965799728,0.3802876726700415,-0.3802876726700415,42.10526315789473,331.0,39.5,12.0,2.0,10.0,4.0,4.0,4.0,dd011b06-ed79-4b82-a88a-ecd9e1e939bf,d71626b8-a508-4371-a966-503f36ebb8d0,da619921-fbb3-4efc-8926-5c847f4f3436
e1305e18-7e18-4012-80a1-cd66d537542c,9.0,Finished,16.0,1:21.144,16.0,1:19.603,16.0,1:18.701,16.0,1:17.941,16.0,77.976,16.0,1:17.975,,,,,,,9.0,7.0,84.81536842105264,86.0775111111111,84.33939066056288,0.475977760489755,0.6356701614714709,-0.6356701614714709,21.052631578947366,336.0,3.6666666666666665,4.0,18.0,-14.0,8.0,8.0,8.0,dd011b06-ed79-4b82-a88a-ecd9e1e939bf,d54daa60-c444-4ecb-a83e-c157cdf43e67,9ce8fc06-61f2-4c19-8be7-5c070425fd4c
3f3530be-762c-45c2-8221-ff9f667a1257,2.0,Finished,5.0,1:19.813,4.0,1:18.599,1.0,1:17.277,1.0,1:16.713,5.0,76.984,4.0,1:16.983,76.304,2.0,1:16.304,76.435,5.0,1:16.435,2.0,3.0,83.13489473684211,81.95229015084294,84.33939066056288,-1.2044959237207706,-1.6086090189077036,1.6086090189077036,89.47368421052632,332.0,18.333333333333332,8.0,6.0,2.0,3.0,3.0,3.0,dd011b06-ed79-4b82-a88a-ecd9e1e939bf,a1402642-75cf-4196-9db4-b0d5b458a6ae,32af326f-ab0a-4a12-9764-43f308e87476
5abf8eb7-628e-43d3-85f3-a8aa4b2072de,10.0,Lapped,14.0,1:21.081,13.0,1:19.489,19.0,1:19.275,17.0,1:17.960,14.0,77.709,15.0,1:17.709,77.427,14.0,1:17.427,,,,10.0,4.0,84.56173214285714,88.14414909090908,84.33939066056288,0.2223414822942544,0.2969379195497875,-0.2969379195497875,52.63157894736843,338.0,14.666666666666666,2.0,8.0,-6.0,16.0,16.0,16.0,dd011b06-ed79-4b82-a88a-ecd9e1e939bf,60b02cb4-9e82-4955-bed9-7b8d40b28266,9ce8fc06-61f2-4c19-8be7-5c070425fd4c
a14dc9f1-85b4-423b-b314-0beed62d6b9a,3.0,Finished,4.0,1:19.915,1.0,1:18.563,9.0,1:18.155,10.0,1:17.489,4.0,77.43,11.0,1:17.430,76.75,7.0,1:16.750,76.315,4.0,1:16.314,3.0,1.0,83.20987719298245,84.54466213450293,84.33939066056288,-1.1295134675804377,-1.5084696553517063,1.5084696553517063,84.21052631578947,324.0,13.666666666666666,18.0,12.0,6.0,1.0,1.0,1.0,dd011b06-ed79-4b82-a88a-ecd9e1e939bf,b34c803f-2e33-48a4-bffb-499598604cf9,d3cdf2e4-9756-4de7-8fee-cb87fb530b7f
1bea6c1b-661e-473a-924d-806db199d9a4,16.0,Lapped,15.0,1:21.353,15.0,1:19.561,17.0,1:18.704,15.0,1:17.920,15.0,77.617,14.0,1:17.617,77.697,15.0,1:17.697,,,,16.0,-1.0,85.43819642857143,95.73630408163268,84.33939066056288,1.098805768008546,1.4674594024247698,-1.4674594024247698,0.0,335.0,2.75,5.0,19.0,-14.0,,,,dd011b06-ed79-4b82-a88a-ecd9e1e939bf,93895c43-2842-47df-b7de-f86110fd54b7,71e83a22-c17b-480d-93f1-bcc6e31859e2
a9f4af38-2b2d-4aca-bd06-5f43ac676f38,5.0,Finished,3.0,1:20.388,6.0,1:18.641,8.0,1:18.090,7.0,1:17.013,3.0,76.805,2.0,1:16.805,76.631,5.0,1:16.631,76.274,3.0,1:16.274,5.0,-2.0,84.04778947368422,83.57551578947368,84.33939066056288,-0.2916011868786654,-0.3894345260116907,0.3894345260116907,63.1578947368421,339.0,7.0,1.0,15.0,-14.0,20.0,20.0,20.0,dd011b06-ed79-4b82-a88a-ecd9e1e939bf,d162e0ad-1954-4454-a548-630421348097,c4170884-4736-4883-a3a4-eb449318ace9
593338ab-4689-4185-bc6b-0bbb6e3f908f,4.0,Finished,6.0,1:20.198,10.0,1:18.918,7.0,1:18.076,8.0,1:17.087,6.0,77.369,9.0,1:17.368,76.601,4.0,1:16.600,76.572,6.0,1:16.572,4.0,2.0,83.71187719298246,85.87551620648259,84.33939066056288,-0.6275134675804281,-0.8380466911982102,0.8380466911982102,68.42105263157895,330.0,14.333333333333334,15.0,9.0,6.0,10.0,10.0,10.0,dd011b06-ed79-4b82-a88a-ecd9e1e939bf,d31df4d0-71a1-40fc-bf79-61af13e1acd7,d3cdf2e4-9756-4de7-8fee-cb87fb530b7f
e2cd8c0f-86e2-41ed-b5a7-9aad76436de0,12.0,Lapped,18.0,1:21.239,11.0,1:19.274,12.0,1:18.534,18.0,1:17.962,18.0,78.085,18.0,1:18.084,,,,,,,12.0,6.0,84.65546428571429,84.89121794871795,84.33939066056288,0.3160736251514038,0.4221175630771736,-0.4221175630771736,36.8421052631579,334.0,17.666666666666668,6.0,7.0,-1.0,,,,dd011b06-ed79-4b82-a88a-ecd9e1e939bf,fd659e25-4851-44ca-a1fd-4d65095a5693,c9a9c6fa-3f8f-4291-96b9-be6320767395
43c7b866-a71c-44e0-b1b6-1085bd4a007f,17.0,Retired,7.0,1:20.284,3.0,1:18.596,6.0,1:17.950,5.0,1:16.885,7.0,77.062,6.0,1:17.061,76.901,10.0,1:16.900,76.724,7.0,1:16.724,17.0,-10.0,83.50589090909091,85.31473051948052,84.33939066056288,-0.833499751471976,-1.1131421792889122,1.1131421792889122,78.94736842105263,331.0,26.333333333333332,12.0,3.0,9.0,5.0,5.0,5.0,dd011b06-ed79-4b82-a88a-ecd9e1e939bf,36fa31f7-12df-4f79-8de7-63098bfb8a5b,da619921-fbb3-4efc-8926-5c847f4f3436
00c186ee-d9ce-49cb-8907-b5690eaa1e75,1.0,Finished,2.0,1:20.031,8.0,1:18.686,3.0,1:17.706,3.0,1:16.790,2.0,76.731,1.0,1:16.730,76.189,1.0,1:16.188,76.185,2.0,1:16.185,1.0,1.0,83.13101754385964,,84.33939066056288,-1.2083731167032423,-1.6137870253059186,1.6137870253059186,94.73684210526316,325.0,8.333333333333334,17.0,14.0,3.0,2.0,2.0,2.0,dd011b06-ed79-4b82-a88a-ecd9e1e939bf,258793ad-e101-47d1-8409-93edc1c8bdd5,32af326f-ab0a-4a12-9764-43f308e87476
29bd762c-b7b5-48e5-880b-dcb1f164a49a,6.0,Finished,9.0,1:20.930,7.0,1:18.667,4.0,1:17.822,9.0,1:17.340,9.0,77.376,10.0,1:17.376,76.78,8.0,1:16.780,77.072,9.0,1:17.072,6.0,3.0,84.68824561403508,84.24030566666666,84.33939066056288,0.3488549534721983,0.4658971553116668,-0.4658971553116668,31.57894736842105,332.0,23.666666666666668,8.0,4.0,4.0,14.0,14.0,14.0,dd011b06-ed79-4b82-a88a-ecd9e1e939bf,bbe763bf-f205-4c4a-b485-51cc69248b5a,eb14f5b8-34b7-42db-ba17-1d847b0fc6ee
987bed6d-553d-44ed-a71e-ab9b68603256,7.0,Finished,8.0,1:21.134,5.0,1:18.620,10.0,1:18.188,11.0,1:17.673,8.0,77.356,8.0,1:17.355,76.791,9.0,1:16.790,76.788,8.0,1:16.787,7.0,1.0,84.72173684210526,84.07228571428573,84.33939066056288,0.3823461815423741,0.5106248214390525,-0.5106248214390525,26.315789473684216,334.0,14.333333333333334,6.0,9.0,-3.0,12.0,12.0,12.0,dd011b06-ed79-4b82-a88a-ecd9e1e939bf,329fcd08-b140-4524-8bbd-d944b5c5dd1b,c9a9c6fa-3f8f-4291-96b9-be6320767395
bdad4593-4b5e-460e-b658-be8a0e986cb5,19.0,Retired,1.0,1:23.114,2.0,1:18.581,2.0,1:17.658,2.0,1:16.733,1.0,76.819,3.0,1:16.819,76.387,3.0,1:16.387,75.915,1.0,1:15.915,19.0,-18.0,83.607,,84.33939066056288,-0.7323906605628849,-0.9781105927746956,0.9781105927746956,73.6842105263158,320.0,80.0,19.0,1.0,18.0,6.0,6.0,6.0,dd011b06-ed79-4b82-a88a-ecd9e1e939bf,4e5380ac-3832-409c-a269-05f3091fe4e2,c4170884-4736-4883-a3a4-eb449318ace9
3f8709b1-d8cf-4b1b-adf4-a22b971dcedb,15.0,Lapped,19.0,1:21.326,19.0,1:19.989,11.0,1:18.421,14.0,1:17.876,19.0,78.188,19.0,1:18.188,,,,,,,15.0,4.0,85.22223214285714,84.94036444444446,84.33939066056288,0.8828414822942534,1.1790382538592998,-1.1790382538592998,10.526315789473683,332.0,6.0,8.0,17.0,-9.0,13.0,13.0,13.0,dd011b06-ed79-4b82-a88a-ecd9e1e939bf,b59a380d-034d-42f5-b7c2-0c866052304b,d8d93e26-d576-42e2-9a6b-e428bcb6bf68
d4987072-45c6-4627-8f0b-988fc5ad3727,15.0,Lapped,,,,,,,,,,,,,,,,,,,,,72.36459420289854,72.37842887931035,72.09618781228434,0.2684063906142029,0.49354775919065,-0.49354775919065,25.0,329.0,17.333333333333332,4.0,14.0,-10.0,,,,56d3b294-0de4-4301-8049-91d6b58abdbf,00572d64-eb7e-4295-89f6-63bf98e32dd4,d7558695-fc23-4e4a-8247-3e810f9397f8
3fa95392-c574-4879-aba9-d4ac749d719b,18.0,Lapped,,,,,,,,,,,,,,,,,,,,,72.90652173913045,74.6003084745763,72.09618781228434,0.8103339268461127,1.4900483288638062,-1.4900483288638062,5.000000000000004,328.0,14.5,6.0,17.0,-11.0,,,,56d3b294-0de4-4301-8049-91d6b58abdbf,5d03531f-db77-4857-b87a-f8bcff470727,eb14f5b8-34b7-42db-ba17-1d847b0fc6ee
54bd9e2c-089b-4b5b-954a-a88ec6e7f0d8,16.0,Lapped,,,,,,,,,,,,,,,,,,,,,72.48195652173914,73.31008963585434,72.09618781228434,0.3857687094547941,0.7093545041218838,-0.7093545041218838,15.000000000000002,323.0,19.666666666666668,12.0,3.0,9.0,,,,56d3b294-0de4-4301-8049-91d6b58abdbf,b71aeceb-a2f8-4b55-b919-3faa52663eec,d8d93e26-d576-42e2-9a6b-e428bcb6bf68
85efd020-74a2-4588-9a4a-e8101c4601ac,10.0,Finished,,,,,,,,,,,,,,,,,,,,,72.07792857142857,74.57799642857142,72.09618781228434,-0.0182592408557695,-0.0335752341375532,0.0335752341375532,44.99999999999999,329.0,18.666666666666668,4.0,12.0,-8.0,,,,56d3b294-0de4-4301-8049-91d6b58abdbf,9218ccac-0d8c-4836-9f4b-082a2c542f68,71e83a22-c17b-480d-93f1-bcc6e31859e2
731cb221-8fce-4873-9fd5-44c769f59bbd,4.0,Finished,,,,,,,,,,,,,,,,,,,,,71.58714285714287,72.14419714285715,72.09618781228434,-0.5090449551414764,-0.936035823746464,0.936035823746464,80.0,322.0,19.0,15.0,9.0,6.0,,,,56d3b294-0de4-4301-8049-91d6b58abdbf,d71626b8-a508-4371-a966-503f36ebb8d0,da619921-fbb3-4efc-8926-5c847f4f3436
f4ab68a1-a939-4bc0-8c1b-a1a989bceebb,6.0,Finished,,,,,,,,,,,,,,,,,,,,,71.97808571428573,71.6811295238095,72.09618781228434,-0.1181020979986158,-0.2171670566022916,0.2171670566022916,65.0,330.0,20.333333333333332,1.0,1.0,0.0,,,,56d3b294-0de4-4301-8049-91d6b58abdbf,d54daa60-c444-4ecb-a83e-c157cdf43e67,9ce8fc06-61f2-4c19-8be7-5c070425fd4c
66016e13-4692-4b5f-808e-2c74731ea0d9,11.0,Finished,,,,,,,,,,,,,,,,,,,,,72.11098571428572,72.25335952380952,72.09618781228434,0.0147979020013764,0.0272104973238133,-0.0272104973238133,40.0,327.0,0.0,7.0,19.0,-12.0,,,,56d3b294-0de4-4301-8049-91d6b58abdbf,a1402642-75cf-4196-9db4-b0d5b458a6ae,32af326f-ab0a-4a12-9764-43f308e87476
5a2af1e4-6bb1-4efd-b18e-15a24c4b32bc,8.0,Finished,,,,,,,,,,,,,,,,,,,,,72.06181428571428,73.23339227166277,72.09618781228434,-0.0343735265700644,-0.0632063080737909,0.0632063080737909,55.00000000000001,327.0,19.0,7.0,9.0,-2.0,,,,56d3b294-0de4-4301-8049-91d6b58abdbf,60b02cb4-9e82-4955-bed9-7b8d40b28266,9ce8fc06-61f2-4c19-8be7-5c070425fd4c
42e7e9d0-2f50-4d8e-83f4-8cdf354ad524,20.0,Lapped,,,,,,,,,,,,,,,,,,,,,71.70925396825399,71.09125411764708,72.09618781228434,-0.3869338440303522,-0.7114969626438525,0.7114969626438525,70.0,322.0,19.333333333333332,15.0,6.0,9.0,,,,56d3b294-0de4-4301-8049-91d6b58abdbf,b34c803f-2e33-48a4-bffb-499598604cf9,d3cdf2e4-9756-4de7-8fee-cb87fb530b7f
618e9246-f60f-4f0f-b756-937d80bd0843,12.0,Finished,,,,,,,,,,,,,,,,,,,,,72.19171428571428,72.9016424489796,72.09618781228434,0.0955264734299419,0.1756548225131499,-0.1756548225131499,35.0,324.0,19.666666666666668,11.0,3.0,8.0,,,,56d3b294-0de4-4301-8049-91d6b58abdbf,93895c43-2842-47df-b7de-f86110fd54b7,71e83a22-c17b-480d-93f1-bcc6e31859e2
cdc478ff-c66e-4dc7-a665-20e23fea611a,7.0,Finished,,,,,,,,,,,,,,,,,,,,,72.0177857142857,71.24295031055901,72.09618781228434,-0.0784020979986479,-0.144166387747069,0.144166387747069,60.0,326.0,19.0,9.0,9.0,0.0,,,,56d3b294-0de4-4301-8049-91d6b58abdbf,d162e0ad-1954-4454-a548-630421348097,c4170884-4736-4883-a3a4-eb449318ace9
6bb8db0c-0630-4d23-b489-cab3e31cbc6d,2.0,Finished,,,,,,,,,,,,,,,,,,,,,71.25362857142856,71.90606793650794,72.09618781228434,-0.8425592408557776,-1.549304486969021,1.549304486969021,95.0,323.0,19.666666666666668,12.0,3.0,9.0,,,,56d3b294-0de4-4301-8049-91d6b58abdbf,d31df4d0-71a1-40fc-bf79-61af13e1acd7,d3cdf2e4-9756-4de7-8fee-cb87fb530b7f
22e4d026-616e-43aa-994f-ca0e1c08230a,9.0,Finished,,,,,,,,,,,,,,,,,,,,,72.0637142857143,77.2302,72.09618781228434,-0.0324735265700439,-0.0597125732922662,0.0597125732922662,50.0,330.0,20.0,1.0,2.0,-1.0,,,,56d3b294-0de4-4301-8049-91d6b58abdbf,fd659e25-4851-44ca-a1fd-4d65095a5693,c9a9c6fa-3f8f-4291-96b9-be6320767395
1028ce7d-daf7-496d-9a56-f374a0465069,1.0,Finished,,,,,,,,,,,,,,,,,,,,,71.26281428571428,71.41440662489556,72.09618781228434,-0.8333735265700568,-1.5324137240780602,1.5324137240780602,90.0,323.0,19.333333333333332,12.0,6.0,6.0,,,,56d3b294-0de4-4301-8049-91d6b58abdbf,36fa31f7-12df-4f79-8de7-63098bfb8a5b,da619921-fbb3-4efc-8926-5c847f4f3436
74b466f0-a2c0-4235-951f-310b86c25466,3.0,Finished,,,,,,,,,,,,,,,,,,,,,71.3125,70.79371694764862,72.09618781228434,-0.7836878122843416,-1.4410512461080442,1.4410512461080442,85.0,315.0,19.333333333333332,20.0,6.0,14.0,,,,56d3b294-0de4-4301-8049-91d6b58abdbf,258793ad-e101-47d1-8409-93edc1c8bdd5,32af326f-ab0a-4a12-9764-43f308e87476
32b9cf13-ae98-4eca-b5bd-854abd429c74,19.0,Lapped,,,,,,,,,,,,,,,,,,,,,73.3015,72.88199048442907,72.09618781228434,1.2053121877156627,2.216337427774967,-2.216337427774967,0.0,321.0,0.0,17.0,19.0,-2.0,,,,56d3b294-0de4-4301-8049-91d6b58abdbf,6d1c7b33-b9da-42ee-b80a-b144e7a3efb4,d7558695-fc23-4e4a-8247-3e810f9397f8
a694341d-8449-4f5d-8b69-cb31d22276ae,13.0,Lapped,,,,,,,,,,,,,,,,,,,,,72.3463768115942,73.82042931604373,72.09618781228434,0.2501889993098558,0.4600494783338306,-0.4600494783338306,30.000000000000004,330.0,16.333333333333332,1.0,15.0,-14.0,,,,56d3b294-0de4-4301-8049-91d6b58abdbf,bbe763bf-f205-4c4a-b485-51cc69248b5a,eb14f5b8-34b7-42db-ba17-1d847b0fc6ee
0ea314a4-60f1-4d54-b0a9-c02978c2bd7c,14.0,Lapped,,,,,,,,,,,,,,,,,,,,,72.40359420289855,72.83505475040258,72.09618781228434,0.3074063906142044,0.5652612626001233,-0.5652612626001233,19.999999999999996,325.0,18.333333333333332,10.0,13.0,-3.0,,,,56d3b294-0de4-4301-8049-91d6b58abdbf,329fcd08-b140-4524-8bbd-d944b5c5dd1b,c9a9c6fa-3f8f-4291-96b9-be6320767395
b10ba8bb-3168-4b09-b5c9-7abf5df97eeb,5.0,Finished,,,,,,,,,,,,,,,,,,,,,71.68572857142857,84.82197142857143,72.09618781228434,-0.4104592408557721,-0.7547556453476705,0.7547556453476705,75.0,316.0,14.5,19.0,17.0,2.0,,,,56d3b294-0de4-4301-8049-91d6b58abdbf,4e5380ac-3832-409c-a269-05f3091fe4e2,c4170884-4736-4883-a3a4-eb449318ace9
a466777e-0549-4bb1-b24d-7021a2026ba3,17.0,Lapped,,,,,,,,,,,,,,,,,,,,,72.80611594202898,72.82525948269885,72.09618781228434,0.7099281297446396,1.305421368023624,-1.305421368023624,9.999999999999998,317.0,16.0,18.0,16.0,2.0,,,,56d3b294-0de4-4301-8049-91d6b58abdbf,b59a380d-034d-42f5-b7c2-0c866052304b,d8d93e26-d576-42e2-9a6b-e428bcb6bf68
fe0287e9-efee-4ecb-baea-0c294710f229,7.0,Finished,10.0,1:46.947,17.0,1:47.954,13.0,1:44.736,8.0,1:43.194,10.0,102.899,2.0,1:42.899,102.84,10.0,1:42.840,102.859,10.0,1:42.858,7.0,3.0,110.92712,109.29942857142856,110.84531235793968,0.0818076420603262,0.0549810096351069,-0.0549810096351069,44.99999999999999,349.0,32.5,6.0,6.0,0.0,11.0,11.0,11.0,016e9d99-38ea-4637-94f9-0b35ad0dde40,00572d64-eb7e-4295-89f6-63bf98e32dd4,d7558695-fc23-4e4a-8247-3e810f9397f8
2f8ccf3e-2f9d-4f5c-89bf-1a0060283259,6.0,Finished,8.0,1:47.057,7.0,1:46.451,12.0,1:44.683,11.0,1:43.474,8.0,103.472,14.0,1:43.471,102.426,5.0,1:42.426,102.369,8.0,1:42.368,6.0,2.0,110.9215,111.03844169884168,110.84531235793968,0.0761876420603187,0.051203938613773,-0.051203938613773,50.0,347.0,31.5,11.0,11.0,0.0,8.5,8.5,8.5,016e9d99-38ea-4637-94f9-0b35ad0dde40,5d03531f-db77-4857-b87a-f8bcff470727,eb14f5b8-34b7-42db-ba17-1d847b0fc6ee
10aaf9c4-671e-4c0e-a32b-cd46962a9dab,10.0,Finished,11.0,1:47.048,,,,,,,11.0,103.471,13.0,1:43.471,102.968,11.0,1:42.968,,,,10.0,1.0,111.02252,108.81902285714288,110.84531235793968,0.1772076420603099,0.1190971262605002,-0.1190971262605002,30.000000000000004,350.0,33.0,5.0,2.0,3.0,,,,016e9d99-38ea-4637-94f9-0b35ad0dde40,d8ecbab8-5e75-4e30-a814-ab881049ebe8,9ce8fc06-61f2-4c19-8be7-5c070425fd4c
d5dd02a8-a490-479b-8f7b-60e7c2c5fb29,16.0,Lapped,17.0,1:48.418,14.0,1:47.640,15.0,1:44.784,17.0,1:44.186,17.0,103.618,17.0,1:43.617,,,,,,,16.0,1.0,111.81495918367344,112.14022580645164,110.84531235793968,0.9696468257337756,0.6516770331677126,-0.6516770331677126,15.000000000000002,340.0,30.0,19.0,16.0,3.0,16.0,16.0,16.0,016e9d99-38ea-4637-94f9-0b35ad0dde40,b71aeceb-a2f8-4b55-b919-3faa52663eec,d8d93e26-d576-42e2-9a6b-e428bcb6bf68
90ac4aff-7012-41dc-9240-1b4534dd605d,8.0,Finished,9.0,1:47.274,16.0,1:47.900,14.0,1:44.748,9.0,1:43.237,9.0,103.138,7.0,1:43.138,102.473,6.0,1:42.472,102.53,9.0,1:42.530,8.0,1.0,110.9851,109.42423076923076,110.84531235793968,0.1397876420603268,0.0939480163640479,-0.0939480163640479,35.0,346.0,33.0,14.0,2.0,12.0,19.0,19.0,19.0,016e9d99-38ea-4637-94f9-0b35ad0dde40,217ff409-a898-4f8b-9323-7763902509c9,d7558695-fc23-4e4a-8247-3e810f9397f8
17caf584-578e-42c1-b653-ac2e776bac27,12.0,Finished,15.0,1:48.018,18.0,1:48.712,18.0,1:45.391,15.0,1:43.876,15.0,,,,103.179,13.0,1:43.179,,,,12.0,3.0,111.41496,111.6847156521739,110.84531235793968,0.5696476420603318,0.382846904127115,-0.382846904127115,25.0,344.0,18.5,17.0,19.0,-2.0,10.0,10.0,10.0,016e9d99-38ea-4637-94f9-0b35ad0dde40,9218ccac-0d8c-4836-9f4b-082a2c542f68,71e83a22-c17b-480d-93f1-bcc6e31859e2
8e0f3b0b-bdc5-4c5f-9e4e-d740002b3009,9.0,Finished,7.0,1:47.236,2.0,1:45.858,3.0,1:43.549,10.0,1:43.301,7.0,103.089,4.0,1:43.088,102.765,9.0,1:42.765,102.289,7.0,1:42.289,9.0,-2.0,110.89408,153.777,110.84531235793968,0.0487676420603122,0.0327755956591713,-0.0327755956591713,55.00000000000001,357.0,32.5,2.0,6.0,-4.0,11.0,11.0,11.0,016e9d99-38ea-4637-94f9-0b35ad0dde40,d71626b8-a508-4371-a966-503f36ebb8d0,da619921-fbb3-4efc-8926-5c847f4f3436
e43665da-d07c-444b-ade6-a9e4ddb49ad4,11.0,Finished,13.0,1:47.691,12.0,1:47.135,8.0,1:44.474,16.0,1:44.164,13.0,103.101,6.0,1:43.100,103.191,14.0,1:43.191,,,,11.0,2.0,110.95278,111.38863789473686,110.84531235793968,0.107467642060314,0.0722264976079275,-0.0722264976079275,40.0,349.0,31.5,6.0,11.0,-5.0,8.5,8.5,8.5,016e9d99-38ea-4637-94f9-0b35ad0dde40,d54daa60-c444-4ecb-a83e-c157cdf43e67,9ce8fc06-61f2-4c19-8be7-5c070425fd4c
2a41c133-8aab-4ef8-a24a-ce3ae98a275c,2.0,Finished,1.0,1:47.066,9.0,1:46.608,1.0,1:43.483,2.0,1:42.527,1.0,102.775,1.0,1:42.775,102.056,2.0,1:42.055,101.365,1.0,1:41.364,2.0,-1.0,109.53622,125.62375,110.84531235793968,-1.3090923579396616,-0.8798104643090648,0.8798104643090648,80.0,349.0,34.5,6.0,1.0,5.0,2.5,2.5,2.5,016e9d99-38ea-4637-94f9-0b35ad0dde40,a1402642-75cf-4196-9db4-b0d5b458a6ae,32af326f-ab0a-4a12-9764-43f308e87476
0c177b1f-fbbc-4ad6-ac8c-abe7ecb14346,4.0,Finished,16.0,1:45.254,4.0,1:46.027,17.0,1:45.156,3.0,1:42.736,16.0,103.609,16.0,1:43.608,,,,,,,4.0,12.0,109.80778,109.8026646153846,110.84531235793968,-1.0375323579396678,-0.6973013172357485,0.6973013172357485,75.0,346.0,30.5,14.0,15.0,-1.0,2.0,2.0,2.0,016e9d99-38ea-4637-94f9-0b35ad0dde40,b34c803f-2e33-48a4-bffb-499598604cf9,d3cdf2e4-9756-4de7-8fee-cb87fb530b7f
b080b84b-0f08-42ad-bcdc-21b0bf7535d4,15.0,Lapped,19.0,1:48.831,,,,,,,19.0,104.504,19.0,1:44.504,,,,,,,15.0,4.0,111.68126530612246,111.23769387755104,110.84531235793968,0.8359529481827792,0.5618244939102472,-0.5618244939102472,19.999999999999996,349.0,21.0,6.0,18.0,-12.0,16.0,16.0,16.0,016e9d99-38ea-4637-94f9-0b35ad0dde40,93895c43-2842-47df-b7de-f86110fd54b7,71e83a22-c17b-480d-93f1-bcc6e31859e2
27629458-4216-4353-a06d-c2ccd151ae25,17.0,Retired,4.0,1:47.013,3.0,1:45.921,2.0,1:43.489,7.0,1:43.024,4.0,103.213,9.0,1:43.212,102.263,3.0,1:42.263,101.813,4.0,1:41.813,17.0,-13.0,108.48489583333333,108.836,110.84531235793968,-2.36041652460635,-1.5863809347609237,1.5863809347609237,90.0,347.0,32.5,11.0,6.0,5.0,12.5,12.5,12.5,016e9d99-38ea-4637-94f9-0b35ad0dde40,d162e0ad-1954-4454-a548-630421348097,c4170884-4736-4883-a3a4-eb449318ace9
6e2b6d3a-a51a-4d69-9384-e4197ae173a6,1.0,Finished,2.0,1:47.060,6.0,1:46.281,5.0,1:43.983,4.0,1:42.748,2.0,103.033,3.0,1:43.033,102.598,8.0,1:42.597,101.686,2.0,1:41.686,1.0,1.0,109.30208,109.68916666666668,110.84531235793968,-1.5432323579396725,-1.037170501485929,1.037170501485929,85.0,342.0,33.0,18.0,2.0,16.0,7.0,7.0,7.0,016e9d99-38ea-4637-94f9-0b35ad0dde40,d31df4d0-71a1-40fc-bf79-61af13e1acd7,d3cdf2e4-9756-4de7-8fee-cb87fb530b7f
1c0d9773-9b47-4d9e-b1af-808426c90ca6,13.0,Finished,15.0,1:48.379,10.0,1:46.686,16.0,1:45.055,14.0,1:43.870,15.0,103.547,15.0,1:43.546,,,,,,,13.0,2.0,112.0197,111.44645655172413,110.84531235793968,1.1743876420603383,0.7892785641695405,-0.7892785641695405,9.999999999999998,346.0,32.0,14.0,9.0,5.0,12.0,12.0,12.0,016e9d99-38ea-4637-94f9-0b35ad0dde40,fd659e25-4851-44ca-a1fd-4d65095a5693,c9a9c6fa-3f8f-4291-96b9-be6320767395
84b463db-7399-4a08-b51e-927fa756c313,3.0,Finished,5.0,1:46.628,8.0,1:46.516,9.0,1:44.536,1.0,1:42.513,5.0,103.139,8.0,1:43.138,102.329,4.0,1:42.328,101.874,5.0,1:41.873,3.0,2.0,109.8583,110.27862,110.84531235793968,-0.987012357939676,-0.6633480026454457,0.6633480026454457,70.0,358.0,32.0,1.0,9.0,-8.0,11.0,11.0,11.0,016e9d99-38ea-4637-94f9-0b35ad0dde40,36fa31f7-12df-4f79-8de7-63098bfb8a5b,da619921-fbb3-4efc-8926-5c847f4f3436
0d884787-9e5e-4c17-acec-47e6d6d99d2d,18.0,Retired,3.0,1:46.865,5.0,1:46.173,4.0,1:43.950,6.0,1:42.968,3.0,103.357,11.0,1:43.356,102.503,7.0,1:42.503,101.805,3.0,1:41.805,18.0,-15.0,108.4785625,108.6228421052632,110.84531235793968,-2.3667498579396806,-1.5906374204907705,1.5906374204907705,95.0,351.0,31.0,4.0,14.0,-10.0,1.5,1.5,1.5,016e9d99-38ea-4637-94f9-0b35ad0dde40,258793ad-e101-47d1-8409-93edc1c8bdd5,32af326f-ab0a-4a12-9764-43f308e87476
b2d708db-5184-4ca2-a31f-34bd41de2185,19.0,Retired,14.0,1:48.147,13.0,1:47.183,7.0,1:44.093,13.0,1:43.570,14.0,103.37,12.0,1:43.370,103.404,15.0,1:43.403,,,,19.0,-5.0,110.68331818181817,110.88603099173557,110.84531235793968,-0.1619941761215244,-0.1088725103652404,0.1088725103652404,65.0,348.0,0.0,10.0,20.0,-10.0,10.0,10.0,10.0,016e9d99-38ea-4637-94f9-0b35ad0dde40,bbe763bf-f205-4c4a-b485-51cc69248b5a,eb14f5b8-34b7-42db-ba17-1d847b0fc6ee
6db23e62-18ca-4e26-9c10-d3bfbc6fb60d,20.0,Retired,12.0,1:50.887,15.0,1:47.707,11.0,1:44.644,12.0,1:43.503,12.0,103.337,10.0,1:43.337,103.035,12.0,1:43.034,,,,20.0,-8.0,115.30784615384616,114.23640384615383,110.84531235793968,4.462533795906481,2.9991649612489293,-2.9991649612489293,0.0,329.0,33.0,20.0,2.0,18.0,9.5,9.5,9.5,016e9d99-38ea-4637-94f9-0b35ad0dde40,329fcd08-b140-4524-8bbd-d944b5c5dd1b,c9a9c6fa-3f8f-4291-96b9-be6320767395
29879bd3-16c8-49e0-b1c6-00d592f2edf5,5.0,Finished,6.0,1:46.798,1.0,1:45.546,6.0,1:44.028,5.0,1:42.861,6.0,103.097,5.0,1:43.096,102.042,1.0,1:42.042,102.023,6.0,1:42.022,5.0,1.0,110.7923,110.50623,110.84531235793968,-0.0530123579396786,-0.0356283702751374,0.0356283702751374,60.0,352.0,21.333333333333332,3.0,17.0,-14.0,12.5,12.5,12.5,016e9d99-38ea-4637-94f9-0b35ad0dde40,4e5380ac-3832-409c-a269-05f3091fe4e2,c4170884-4736-4883-a3a4-eb449318ace9
2b936d12-858c-43b3-a144-795df149769a,14.0,Finished,18.0,1:47.644,19.0,1:49.052,20.0,1:45.947,18.0,1:44.868,18.0,104.246,18.0,1:44.245,,,,,,,14.0,4.0,112.02096,111.4718738181818,110.84531235793968,1.1756476420603263,0.7901253808042075,-0.7901253808042075,5.000000000000004,347.0,31.5,11.0,11.0,0.0,14.0,14.0,14.0,016e9d99-38ea-4637-94f9-0b35ad0dde40,b59a380d-034d-42f5-b7c2-0c866052304b,d8d93e26-d576-42e2-9a6b-e428bcb6bf68
a05c60ad-93d1-40eb-a1c4-437ab1ab18ed,15.0,Lapped,13.0,1:35.722,13.0,1:33.582,11.0,1:31.332,15.0,1:31.965,13.0,90.397,9.0,1:30.397,90.221,13.0,1:30.221,,,,15.0,-2.0,98.41345454545454,98.35303844155844,98.02803177789802,0.3854227675565198,0.4138144084428567,-0.4138144084428567,19.999999999999996,330.0,19.333333333333332,7.0,5.0,2.0,9.666666666666666,9.666666666666666,9.666666666666666,41b1aa87-61b4-4442-9d33-9e35cb471404,00572d64-eb7e-4295-89f6-63bf98e32dd4,d7558695-fc23-4e4a-8247-3e810f9397f8
c72d396b-0280-4ef9-8fb2-8492ec74d097,9.0,Finished,6.0,1:34.198,5.0,1:33.192,3.0,1:30.659,2.0,1:30.965,6.0,90.179,5.0,1:30.179,89.801,5.0,1:29.801,89.542,6.0,1:29.542,9.0,-3.0,97.82053571428573,97.55873091382304,98.02803177789802,-0.2074960636122966,-0.2227809772689475,0.2227809772689475,55.00000000000001,326.0,17.333333333333332,12.0,16.0,-4.0,7.666666666666667,7.666666666666667,7.666666666666667,41b1aa87-61b4-4442-9d33-9e35cb471404,5d03531f-db77-4857-b87a-f8bcff470727,eb14f5b8-34b7-42db-ba17-1d847b0fc6ee
52ddc4dc-1c95-46a2-80dc-fb0012a19055,19.0,Lapped,16.0,1:36.201,10.0,1:33.353,17.0,1:32.001,17.0,1:32.096,16.0,90.756,16.0,1:30.756,,,,,,,19.0,-3.0,99.6261090909091,98.88350909090909,98.02803177789802,1.5980773130110748,1.715797491990795,-1.715797491990795,5.000000000000004,330.0,18.0,7.0,13.0,-6.0,16.0,16.0,16.0,41b1aa87-61b4-4442-9d33-9e35cb471404,b71aeceb-a2f8-4b55-b919-3faa52663eec,d8d93e26-d576-42e2-9a6b-e428bcb6bf68
d467fe6b-5789-4656-a82c-f55aefaf0318,18.0,Lapped,20.0,1:34.805,18.0,1:35.144,16.0,1:31.950,20.0,1:32.382,20.0,90.948,20.0,1:30.947,,,,,,,18.0,2.0,98.7258,103.09968333333332,98.02803177789802,0.6977682221019705,0.7491683635866372,-0.7491683635866372,9.999999999999998,326.0,14.25,12.0,18.0,-6.0,10.666666666666666,10.666666666666666,10.666666666666666,41b1aa87-61b4-4442-9d33-9e35cb471404,9218ccac-0d8c-4836-9f4b-082a2c542f68,71e83a22-c17b-480d-93f1-bcc6e31859e2
eb861f2d-c824-4df4-9e12-30e3c0f571d7,7.0,Finished,9.0,1:34.721,9.0,1:33.302,1.0,1:30.373,12.0,1:31.451,9.0,90.451,10.0,1:30.450,89.718,4.0,1:29.718,89.71,9.0,1:29.709,7.0,2.0,97.35614285714284,96.53294111111111,98.02803177789802,-0.6718889207551797,-0.7213826989108568,0.7213826989108568,70.0,330.0,19.666666666666668,7.0,4.0,3.0,10.333333333333334,10.333333333333334,10.333333333333334,41b1aa87-61b4-4442-9d33-9e35cb471404,d71626b8-a508-4371-a966-503f36ebb8d0,da619921-fbb3-4efc-8926-5c847f4f3436
7108eb13-57d3-4c28-90ee-f78f095bfdb6,16.0,Lapped,10.0,1:34.834,20.0,1:37.938,7.0,1:30.884,9.0,1:31.278,10.0,90.566,14.0,1:30.566,89.851,6.0,1:29.850,90.502,10.0,1:30.501,16.0,-6.0,98.34216363636364,98.53306266233768,98.02803177789802,0.3141318584656289,0.3372719520648112,-0.3372719520648112,30.000000000000004,335.0,0.0,1.0,19.0,-18.0,9.333333333333334,9.333333333333334,9.333333333333334,41b1aa87-61b4-4442-9d33-9e35cb471404,d54daa60-c444-4ecb-a83e-c157cdf43e67,9ce8fc06-61f2-4c19-8be7-5c070425fd4c
50b8a090-dcca-48f4-8e39-4c7ba52a025a,4.0,Finished,2.0,1:34.090,8.0,1:33.268,9.0,1:31.112,4.0,1:31.093,2.0,90.243,7.0,1:30.242,89.165,1.0,1:29.165,89.407,2.0,1:29.406,4.0,-2.0,97.25249999999998,96.57975,98.02803177789802,-0.7755317778980384,-0.8326602653343562,0.8326602653343562,80.0,325.0,19.0,16.0,8.0,8.0,2.3333333333333335,2.3333333333333335,2.3333333333333335,41b1aa87-61b4-4442-9d33-9e35cb471404,a1402642-75cf-4196-9db4-b0d5b458a6ae,32af326f-ab0a-4a12-9764-43f308e87476
7854bf06-20c9-4103-8f8e-4860191b77fa,12.0,Lapped,15.0,1:35.569,19.0,1:37.477,14.0,1:31.763,14.0,1:31.671,15.0,90.646,15.0,1:30.646,90.529,15.0,1:30.528,,,,12.0,3.0,98.34016363636366,98.57362666666668,98.02803177789802,0.3121318584656336,0.3351246248009583,-0.3351246248009583,35.0,333.0,18.666666666666668,2.0,11.0,-9.0,13.0,13.0,13.0,41b1aa87-61b4-4442-9d33-9e35cb471404,60b02cb4-9e82-4955-bed9-7b8d40b28266,9ce8fc06-61f2-4c19-8be7-5c070425fd4c
78c02007-46f1-48c1-9f5c-80d9c5d71b4a,6.0,Finished,7.0,1:34.475,2.0,1:32.900,20.0,1:32.608,5.0,1:31.117,7.0,90.143,4.0,1:30.143,89.941,9.0,1:29.941,89.614,7.0,1:29.614,6.0,1.0,97.33985714285711,98.50901785714288,98.02803177789802,-0.6881746350408946,-0.7388680780594155,0.7388680780594155,75.0,323.0,18.0,20.0,13.0,7.0,2.6666666666666665,2.6666666666666665,2.6666666666666665,41b1aa87-61b4-4442-9d33-9e35cb471404,b34c803f-2e33-48a4-bffb-499598604cf9,d3cdf2e4-9756-4de7-8fee-cb87fb530b7f
d9193334-011a-4a00-b080-4be26a588f70,17.0,Lapped,19.0,1:36.225,17.0,1:34.807,18.0,1:32.027,18.0,1:32.123,19.0,90.793,19.0,1:30.793,,,,,,,17.0,2.0,98.71881818181818,98.61933922077924,98.02803177789802,0.690786403920157,0.7416722393200834,-0.7416722393200834,15.000000000000002,325.0,19.333333333333332,16.0,5.0,11.0,15.5,15.5,15.5,41b1aa87-61b4-4442-9d33-9e35cb471404,93895c43-2842-47df-b7de-f86110fd54b7,71e83a22-c17b-480d-93f1-bcc6e31859e2
b62ea56f-8deb-4d10-84a6-0b4133d4befe,2.0,Finished,5.0,1:34.364,12.0,1:33.412,10.0,1:31.114,8.0,1:31.248,5.0,90.221,6.0,1:30.221,89.932,8.0,1:29.932,89.537,5.0,1:29.537,2.0,3.0,96.91332142857144,97.00218993506496,98.02803177789802,-1.114710349326586,-1.1968239622068175,1.1968239622068175,90.0,331.0,18.666666666666668,5.0,11.0,-6.0,14.0,14.0,14.0,41b1aa87-61b4-4442-9d33-9e35cb471404,d162e0ad-1954-4454-a548-630421348097,c4170884-4736-4883-a3a4-eb449318ace9
9e1d2d7c-10c7-47e8-b2b6-b697013d9f38,8.0,Finished,8.0,1:34.774,3.0,1:33.112,5.0,1:30.784,7.0,1:31.209,8.0,90.531,12.0,1:30.531,90.122,10.0,1:30.121,89.683,8.0,1:29.683,8.0,0.0,97.46966071428572,97.46022835978836,98.02803177789802,-0.5583710636123129,-0.5995027041220501,0.5995027041220501,60.0,326.0,19.0,12.0,8.0,4.0,5.0,5.0,5.0,41b1aa87-61b4-4442-9d33-9e35cb471404,d31df4d0-71a1-40fc-bf79-61af13e1acd7,d3cdf2e4-9756-4de7-8fee-cb87fb530b7f
184784e1-0de2-4a8a-9d27-675ae5963e64,13.0,Lapped,14.0,1:35.162,1.0,1:32.868,12.0,1:31.516,11.0,1:31.448,14.0,90.562,13.0,1:30.561,90.278,14.0,1:30.278,,,,13.0,1.0,98.32785454545454,102.69879772727272,98.02803177789802,0.2998227675565204,0.3219088015497356,-0.3219088015497356,40.0,329.0,19.333333333333332,11.0,5.0,6.0,12.5,12.5,12.5,41b1aa87-61b4-4442-9d33-9e35cb471404,fd659e25-4851-44ca-a1fd-4d65095a5693,c9a9c6fa-3f8f-4291-96b9-be6320767395
b1b6d182-19b9-4bf2-8d79-81ad56344b9e,5.0,Finished,3.0,1:35.064,7.0,1:33.251,2.0,1:30.579,6.0,1:31.189,3.0,90.35,8.0,1:30.349,89.922,7.0,1:29.921,89.485,3.0,1:29.484,5.0,-2.0,97.36253571428573,96.6656277056277,98.02803177789802,-0.6654960636123093,-0.7145189206924394,0.7145189206924394,65.0,325.0,20.666666666666668,16.0,1.0,15.0,8.333333333333334,8.333333333333334,8.333333333333334,41b1aa87-61b4-4442-9d33-9e35cb471404,36fa31f7-12df-4f79-8de7-63098bfb8a5b,da619921-fbb3-4efc-8926-5c847f4f3436
b7450308-6561-4f79-b298-68a1aac245ac,3.0,Finished,4.0,1:34.507,11.0,1:33.385,4.0,1:30.769,1.0,1:30.823,4.0,89.909,1.0,1:29.909,89.573,3.0,1:29.572,89.507,4.0,1:29.507,3.0,1.0,96.95057142857142,97.26224330357142,98.02803177789802,-1.0774603493266,-1.1568299919174776,1.1568299919174776,85.0,332.0,17.333333333333332,3.0,16.0,-13.0,7.0,7.0,7.0,41b1aa87-61b4-4442-9d33-9e35cb471404,258793ad-e101-47d1-8409-93edc1c8bdd5,32af326f-ab0a-4a12-9764-43f308e87476
bcfd3d51-a8f6-4109-8a99-bac8cd7e2dc7,20.0,Lapped,18.0,1:34.734,16.0,1:34.212,13.0,1:31.715,19.0,1:32.125,18.0,90.77,18.0,1:30.769,,,,,,,20.0,-2.0,100.36325925925928,109.68831481481485,98.02803177789802,2.335227481361258,2.5072488190187205,-2.5072488190187205,0.0,326.0,0.0,12.0,19.0,-7.0,,,,41b1aa87-61b4-4442-9d33-9e35cb471404,6d1c7b33-b9da-42ee-b80a-b144e7a3efb4,d7558695-fc23-4e4a-8247-3e810f9397f8
b530b1ed-4d08-4814-9d08-35f982ea7fd7,10.0,Finished,12.0,1:35.632,14.0,1:33.867,8.0,1:30.891,10.0,1:31.396,12.0,89.965,2.0,1:29.965,90.2,12.0,1:30.200,,,,10.0,2.0,97.99542857142858,97.2932,98.02803177789802,-0.0326032064694459,-0.0350048770705161,0.0350048770705161,50.0,332.0,19.0,3.0,8.0,-5.0,13.0,13.0,13.0,41b1aa87-61b4-4442-9d33-9e35cb471404,bbe763bf-f205-4c4a-b485-51cc69248b5a,eb14f5b8-34b7-42db-ba17-1d847b0fc6ee
b11e2c18-d6bd-4d09-9b43-69d2e0e97bb3,14.0,Lapped,11.0,1:35.832,4.0,1:33.183,15.0,1:31.881,13.0,1:31.631,11.0,90.481,11.0,1:30.480,90.129,11.0,1:30.129,,,,14.0,-3.0,98.37707272727272,102.37252380952384,98.02803177789802,0.3490409493747108,0.3747525733975955,-0.3747525733975955,25.0,330.0,20.0,7.0,3.0,4.0,13.0,13.0,13.0,41b1aa87-61b4-4442-9d33-9e35cb471404,329fcd08-b140-4524-8bbd-d944b5c5dd1b,c9a9c6fa-3f8f-4291-96b9-be6320767395
36290e9f-7d9c-4202-b323-03658b2bf80f,1.0,Finished,1.0,1:32.608,6.0,1:33.237,6.0,1:30.850,3.0,1:31.061,1.0,90.031,3.0,1:30.031,89.374,2.0,1:29.373,89.179,1.0,1:29.179,1.0,0.0,96.56175,,98.02803177789802,-1.4662817778980184,-1.574293419089286,1.574293419089286,95.0,324.0,20.333333333333332,19.0,2.0,17.0,10.0,10.0,10.0,41b1aa87-61b4-4442-9d33-9e35cb471404,4e5380ac-3832-409c-a269-05f3091fe4e2,c4170884-4736-4883-a3a4-eb449318ace9
c80aedc2-ef43-46e0-abc0-d3c950bec077,11.0,Lapped,17.0,1:35.457,15.0,1:33.923,19.0,1:32.048,16.0,1:32.000,17.0,90.757,17.0,1:30.757,,,,,,,11.0,6.0,98.30363636363636,98.40886524822696,98.02803177789802,0.2756045857383498,0.2959066205001219,-0.2959066205001219,44.99999999999999,331.0,18.0,5.0,13.0,-8.0,14.0,14.0,14.0,41b1aa87-61b4-4442-9d33-9e35cb471404,b59a380d-034d-42f5-b7c2-0c866052304b,d8d93e26-d576-42e2-9a6b-e428bcb6bf68
9a26c3f4-3df2-471b-9b23-1429f5ebdecd,12.0,Finished,11.0,1:47.995,3.0,1:44.099,17.0,1:43.891,11.0,2:07.442,11.0,115.722,14.0,1:55.721,114.473,11.0,1:54.472,,,,12.0,-1.0,110.31093023255814,112.135125,111.09563895348838,-0.7847087209302401,-0.139667086516105,0.139667086516105,25.0,348.0,21.0,8.0,18.0,-10.0,11.0,11.0,11.0,f8030bcc-d24c-4b8d-ad51-e170df5faa22,00572d64-eb7e-4295-89f6-63bf98e32dd4,d7558695-fc23-4e4a-8247-3e810f9397f8
838fcd87-6750-4b8d-890d-63c0bd52baad,8.0,Finished,9.0,1:48.051,12.0,1:44.921,12.0,1:43.537,13.0,2:08.070,9.0,115.489,10.0,1:55.489,114.258,7.0,1:54.257,114.765,9.0,1:54.765,8.0,1.0,110.0099069767442,109.47534186046514,111.09563895348838,-1.085731976744185,-0.1932449810796897,0.1932449810796897,55.00000000000001,342.0,34.5,17.0,3.0,14.0,7.666666666666667,8.0,8.0,f8030bcc-d24c-4b8d-ad51-e170df5faa22,5d03531f-db77-4857-b87a-f8bcff470727,eb14f5b8-34b7-42db-ba17-1d847b0fc6ee
fce84d85-da33-4e74-8a90-24c562f56762,15.0,Finished,14.0,1:47.019,14.0,1:45.155,13.0,1:43.674,8.0,2:06.492,14.0,115.531,11.0,1:55.531,114.764,14.0,1:54.763,,,,15.0,-1.0,110.43993023255815,109.1774724025974,111.09563895348838,-0.655708720930221,-0.1167069056489652,0.1167069056489652,19.999999999999996,348.0,22.333333333333332,8.0,13.0,-5.0,16.333333333333332,16.75,16.75,f8030bcc-d24c-4b8d-ad51-e170df5faa22,b71aeceb-a2f8-4b55-b919-3faa52663eec,d8d93e26-d576-42e2-9a6b-e428bcb6bf68
6d54937c-9228-421d-9e75-5579930f3526,13.0,Finished,12.0,1:47.418,11.0,1:44.832,15.0,1:43.828,3.0,2:03.174,12.0,114.911,2.0,1:54.911,114.635,12.0,1:54.635,,,,13.0,-1.0,110.29886046511628,111.079,111.09563895348838,-0.7967784883720839,-0.1418153349152446,0.1418153349152446,35.0,348.0,22.666666666666668,8.0,9.0,-1.0,14.333333333333334,12.5,12.5,f8030bcc-d24c-4b8d-ad51-e170df5faa22,9218ccac-0d8c-4836-9f4b-082a2c542f68,71e83a22-c17b-480d-93f1-bcc6e31859e2
a38d33c6-6bca-407c-bc7e-6035117564a3,1.0,Finished,4.0,1:46.653,5.0,1:44.278,10.0,1:43.519,9.0,2:06.751,4.0,115.692,13.0,1:55.691,114.037,2.0,1:54.037,113.835,4.0,1:53.834,1.0,3.0,108.95037209302326,107.47995757575758,111.09563895348838,-2.1452668604651137,-0.381827249027541,0.381827249027541,85.0,340.0,23.666666666666668,18.0,7.0,11.0,11.333333333333334,9.5,9.5,f8030bcc-d24c-4b8d-ad51-e170df5faa22,d71626b8-a508-4371-a966-503f36ebb8d0,da619921-fbb3-4efc-8926-5c847f4f3436
6ab127db-559d-4d94-8845-8172a98e646f,18.0,Finished,16.0,1:48.953,17.0,1:45.644,16.0,1:43.846,12.0,2:08.039,16.0,116.308,16.0,1:56.308,,,,,,,18.0,-2.0,110.83062790697676,115.30312776412777,111.09563895348838,-0.2650110465116171,-0.0471682291449288,0.0471682291449288,5.000000000000004,353.0,22.666666666666668,3.0,9.0,-6.0,12.0,11.0,11.0,f8030bcc-d24c-4b8d-ad51-e170df5faa22,d54daa60-c444-4ecb-a83e-c157cdf43e67,9ce8fc06-61f2-4c19-8be7-5c070425fd4c
636380d9-d328-4ca9-85dc-891eef07472b,3.0,Finished,2.0,1:47.013,6.0,1:44.305,4.0,1:42.837,6.0,2:06.033,2.0,115.349,6.0,1:55.349,114.193,6.0,1:54.192,113.754,2.0,1:53.754,3.0,-1.0,109.15527906976746,109.49357142857144,111.09563895348838,-1.940359883720916,-0.3453566967253326,0.3453566967253326,70.0,327.0,22.666666666666668,20.0,9.0,11.0,2.6666666666666665,2.75,2.75,f8030bcc-d24c-4b8d-ad51-e170df5faa22,a1402642-75cf-4196-9db4-b0d5b458a6ae,32af326f-ab0a-4a12-9764-43f308e87476
1a764707-adcb-494d-afe2-cf5145ecf23a,14.0,Finished,17.0,1:47.847,,,,,,,17.0,116.5,17.0,1:56.500,,,,,,,14.0,3.0,110.30053488372094,110.90263720930233,111.09563895348838,-0.795104069767433,-0.1415173120159416,0.1415173120159416,30.000000000000004,344.0,34.0,15.0,5.0,10.0,12.666666666666666,12.666666666666666,12.666666666666666,f8030bcc-d24c-4b8d-ad51-e170df5faa22,60b02cb4-9e82-4955-bed9-7b8d40b28266,9ce8fc06-61f2-4c19-8be7-5c070425fd4c
d7a15d4f-2b41-47ec-9ff3-1bd582bf91e3,5.0,Finished,5.0,1:45.563,8.0,1:44.415,1.0,1:42.260,4.0,2:03.371,5.0,115.582,12.0,1:55.581,114.358,8.0,1:54.358,113.981,5.0,1:53.980,5.0,0.0,109.09681395348838,112.648375,111.09563895348838,-1.9988249999999963,-0.3557626629593314,0.3557626629593314,75.0,355.0,22.0,2.0,16.0,-14.0,4.333333333333333,3.5,3.5,f8030bcc-d24c-4b8d-ad51-e170df5faa22,b34c803f-2e33-48a4-bffb-499598604cf9,d3cdf2e4-9756-4de7-8fee-cb87fb530b7f
b485304b-52cc-47d4-acd0-3053be635ac9,9.0,Finished,10.0,1:46.956,,,7.0,1:43.400,5.0,2:05.250,10.0,115.417,8.0,1:55.417,114.46,9.0,1:54.459,114.81,10.0,1:54.810,9.0,1.0,110.04058139534884,108.34579166666668,111.09563895348838,-1.0550575581395378,-0.1877853671327366,0.1877853671327366,50.0,352.0,22.666666666666668,4.0,9.0,-5.0,16.0,16.0,16.0,f8030bcc-d24c-4b8d-ad51-e170df5faa22,93895c43-2842-47df-b7de-f86110fd54b7,71e83a22-c17b-480d-93f1-bcc6e31859e2
a4f98405-ddc5-4a64-a75c-edbf81781428,7.0,Finished,3.0,1:44.700,7.0,1:44.328,9.0,1:43.504,10.0,2:07.102,3.0,115.139,4.0,1:55.138,114.47,10.0,1:54.469,113.765,3.0,1:53.765,7.0,-4.0,109.92548837209304,109.20621739130436,111.09563895348838,-1.1701505813953474,-0.2082703022528833,0.2082703022528833,60.0,340.0,14.796875294117648,18.0,20.0,-2.0,8.0,11.0,11.0,f8030bcc-d24c-4b8d-ad51-e170df5faa22,d162e0ad-1954-4454-a548-630421348097,c4170884-4736-4883-a3a4-eb449318ace9
8b9a5ddc-3bda-4b00-8d05-333151fc9e76,2.0,Finished,6.0,1:45.840,2.0,1:43.903,2.0,1:42.474,2.0,2:02.998,6.0,114.835,1.0,1:54.834,114.136,5.0,1:54.135,114.027,6.0,1:54.027,2.0,4.0,108.92941860465116,108.31190909090913,111.09563895348838,-2.1662203488372143,-0.3855566744757648,0.3855566744757648,90.0,349.0,23.666666666666668,6.0,7.0,-1.0,4.333333333333333,5.75,5.75,f8030bcc-d24c-4b8d-ad51-e170df5faa22,d31df4d0-71a1-40fc-bf79-61af13e1acd7,d3cdf2e4-9756-4de7-8fee-cb87fb530b7f
af0b101e-2d38-4c2b-9d5c-9c81c3433230,10.0,Finished,13.0,1:47.435,13.0,1:44.950,14.0,1:43.822,14.0,2:08.409,13.0,115.451,9.0,1:55.450,114.682,13.0,1:54.682,,,,10.0,3.0,110.06302325581392,109.7064472222222,111.09563895348838,-1.0326156976744445,-0.1837910324406933,0.1837910324406933,44.99999999999999,345.0,22.333333333333332,14.0,13.0,1.0,12.666666666666666,12.666666666666666,12.666666666666666,f8030bcc-d24c-4b8d-ad51-e170df5faa22,fd659e25-4851-44ca-a1fd-4d65095a5693,c9a9c6fa-3f8f-4291-96b9-be6320767395
1150d4ba-f311-4172-a412-7acea19e0076,20.0,Disqualified,7.0,1:47.112,,,,,,,7.0,115.353,7.0,1:55.352,114.095,3.0,1:54.094,114.184,7.0,1:54.183,20.0,-13.0,108.89016279069766,107.99218181818182,111.09563895348838,-2.205476162790717,-0.3925436557816491,0.3925436557816491,95.0,346.0,34.5,12.0,3.0,9.0,8.333333333333334,7.5,7.5,f8030bcc-d24c-4b8d-ad51-e170df5faa22,36fa31f7-12df-4f79-8de7-63098bfb8a5b,da619921-fbb3-4efc-8926-5c847f4f3436
8809a0b7-5946-4f0d-b4e5-ffdc6172542f,6.0,Finished,8.0,1:46.364,,,,,,,8.0,115.169,5.0,1:55.168,114.112,4.0,1:54.111,114.477,8.0,1:54.477,6.0,2.0,109.33872093023255,109.04677519379848,111.09563895348838,-1.756918023255821,-0.3127066324239173,0.3127066324239173,65.0,349.0,22.333333333333332,6.0,13.0,-7.0,7.333333333333333,6.0,6.0,f8030bcc-d24c-4b8d-ad51-e170df5faa22,258793ad-e101-47d1-8409-93edc1c8bdd5,32af326f-ab0a-4a12-9764-43f308e87476
c33bdd54-c55e-41d5-ae2c-e6602afba371,17.0,Finished,19.0,1:47.489,,,,,,,19.0,117.23,19.0,1:57.230,,,,,,,17.0,2.0,110.71876744186044,110.6782967171717,111.09563895348838,-0.3768715116279253,-0.0670778145011492,0.0670778145011492,9.999999999999998,351.0,22.0,5.0,16.0,-11.0,20.0,20.0,20.0,f8030bcc-d24c-4b8d-ad51-e170df5faa22,6d1c7b33-b9da-42ee-b80a-b144e7a3efb4,d7558695-fc23-4e4a-8247-3e810f9397f8
9b114c36-4079-4d92-b4cb-5dcd2cb0eab9,11.0,Finished,15.0,1:48.105,10.0,1:44.698,11.0,1:43.531,7.0,2:06.037,15.0,116.072,15.0,1:56.072,115.716,15.0,1:55.715,,,,11.0,4.0,110.24262790697676,110.4152093023256,111.09563895348838,-0.8530110465116252,-0.1518239372835052,0.1518239372835052,40.0,356.0,31.0,1.0,6.0,-5.0,11.666666666666666,12.25,12.25,f8030bcc-d24c-4b8d-ad51-e170df5faa22,bbe763bf-f205-4c4a-b485-51cc69248b5a,eb14f5b8-34b7-42db-ba17-1d847b0fc6ee
b1006c02-57fd-40b9-8e8b-d0554d9dfbdf,16.0,Finished,18.0,1:47.968,16.0,1:45.563,20.0,1:44.347,15.0,2:09.443,18.0,116.593,18.0,1:56.593,,,,,,,16.0,2.0,110.51479069767444,110.2624993880049,111.09563895348838,-0.5808482558139474,-0.1033827985259606,0.1033827985259606,15.000000000000002,347.0,36.0,11.0,2.0,9.0,13.666666666666666,13.25,13.25,f8030bcc-d24c-4b8d-ad51-e170df5faa22,329fcd08-b140-4524-8bbd-d944b5c5dd1b,c9a9c6fa-3f8f-4291-96b9-be6320767395
9ec4ff60-f20a-4686-a7d4-f4b55b596e93,4.0,Finished,1.0,1:46.128,1.0,1:43.371,3.0,1:42.477,1.0,2:01.564,1.0,114.938,3.0,1:54.938,113.837,1.0,1:53.837,113.159,1.0,1:53.159,4.0,-3.0,109.04844186046512,106.5094,111.09563895348838,-2.047197093023243,-0.364372213383639,0.364372213383639,80.0,346.0,20.726189714285713,12.0,19.0,-7.0,8.333333333333334,7.75,7.75,f8030bcc-d24c-4b8d-ad51-e170df5faa22,4e5380ac-3832-409c-a269-05f3091fe4e2,c4170884-4736-4883-a3a4-eb449318ace9
4573d140-9362-42ad-b9ac-9e8c0fd03a6c,19.0,Retired,20.0,1:52.099,,,,,,,20.0,117.775,20.0,1:57.775,,,,,,,19.0,1.0,134.8075,142.37700000000004,111.09563895348838,23.71186104651163,4.220376886234979,-4.220376886234979,0.0,344.0,49.0,15.0,1.0,14.0,13.333333333333334,13.25,13.25,f8030bcc-d24c-4b8d-ad51-e170df5faa22,b59a380d-034d-42f5-b7c2-0c866052304b,d8d93e26-d576-42e2-9a6b-e428bcb6bf68
37b40b4d-0336-4ebb-8362-370010b56885,9.0,Finished,9.0,1:29.718,16.0,1:28.649,13.0,1:27.644,11.0,1:39.602,9.0,91.135,7.0,1:31.135,86.933,9.0,1:26.933,86.64,9.0,1:26.640,9.0,0.0,96.3501568627451,98.62522,96.76960025878772,-0.4194433960426238,-0.3005710116671443,0.3005710116671443,47.36842105263158,332.0,23.0,5.0,7.0,-2.0,11.333333333333334,11.2,11.2,a2de9fd2-f08e-4277-97b5-93b45087d386,00572d64-eb7e-4295-89f6-63bf98e32dd4,d7558695-fc23-4e4a-8247-3e810f9397f8
034b6c58-0cd1-432c-90a8-a421f9be4c0a,8.0,Finished,10.0,1:29.709,6.0,1:27.793,11.0,1:27.371,8.0,1:38.939,10.0,91.264,9.0,1:31.263,86.73,3.0,1:26.730,86.917,10.0,1:26.917,8.0,2.0,96.2776862745098,103.27054901960784,96.76960025878772,-0.4919139842779287,-0.3525030678814352,0.3525030678814352,52.63157894736843,332.0,20.333333333333332,5.0,13.0,-8.0,7.666666666666667,8.0,8.0,a2de9fd2-f08e-4277-97b5-93b45087d386,5d03531f-db77-4857-b87a-f8bcff470727,eb14f5b8-34b7-42db-ba17-1d847b0fc6ee
2af275f0-93e5-45a0-a38a-c0212004ff01,15.0,Lapped,16.0,1:31.277,12.0,1:28.254,12.0,1:27.381,15.0,1:40.242,16.0,92.431,16.0,1:32.430,,,,,,,15.0,1.0,97.6918,98.2756312087912,96.76960025878772,0.9221997412122818,0.6608436604093929,-0.6608436604093929,21.052631578947366,323.0,24.0,16.0,5.0,11.0,16.666666666666668,16.4,16.4,a2de9fd2-f08e-4277-97b5-93b45087d386,b71aeceb-a2f8-4b55-b919-3faa52663eec,d8d93e26-d576-42e2-9a6b-e428bcb6bf68
a163a7ad-36e4-4977-a0f1-f70bac85ee2f,,,20.0,,,,,,,,20.0,99.804,20.0,1:39.804,,,,,,,20.0,0.0,,,,,,,,,,,,,14.333333333333334,12.6,12.6,a2de9fd2-f08e-4277-97b5-93b45087d386,9218ccac-0d8c-4836-9f4b-082a2c542f68,b3f66b7a-d3e3-431b-9249-f6dd20ce6f7f
eb7a36f7-0967-476d-aff8-019d175bed33,1.0,Finished,2.0,1:29.438,7.0,1:27.858,6.0,1:27.201,3.0,1:37.563,2.0,89.547,1.0,1:29.546,86.77,5.0,1:26.769,85.99,2.0,1:25.989,1.0,1.0,95.11813725490197,104.42257142857146,96.76960025878772,-1.6514630038857518,-1.1834300181909627,1.1834300181909627,94.73684210526316,320.0,24.333333333333332,18.0,2.0,16.0,5.666666666666667,7.8,7.8,a2de9fd2-f08e-4277-97b5-93b45087d386,d71626b8-a508-4371-a966-503f36ebb8d0,da619921-fbb3-4efc-8926-5c847f4f3436
a4faefa6-348a-4abd-92d2-493c907de385,6.0,Finished,6.0,1:29.835,11.0,1:28.081,4.0,1:26.989,10.0,1:39.340,6.0,91.929,15.0,1:31.929,86.847,8.0,1:26.846,86.338,6.0,1:26.337,6.0,0.0,96.12970588235294,96.64505602240897,96.76960025878772,-0.639894376434782,-0.4585450668666003,0.4585450668666003,68.42105263157895,325.0,21.666666666666668,15.0,11.0,4.0,15.0,12.4,12.4,a2de9fd2-f08e-4277-97b5-93b45087d386,d54daa60-c444-4ecb-a83e-c157cdf43e67,9ce8fc06-61f2-4c19-8be7-5c070425fd4c
41f23f53-5bea-4c41-8060-24b151458d85,14.0,Lapped,11.0,1:29.748,8.0,1:27.903,5.0,1:27.150,7.0,1:38.453,11.0,90.496,3.0,1:30.495,87.097,11.0,1:27.096,,,,14.0,-3.0,97.75738,98.8238038961039,96.76960025878772,0.9877797412122789,0.707837956019014,-0.707837956019014,15.789473684210533,329.0,17.25,9.0,15.0,-6.0,3.0,2.8,2.8,a2de9fd2-f08e-4277-97b5-93b45087d386,a1402642-75cf-4196-9db4-b0d5b458a6ae,32af326f-ab0a-4a12-9764-43f308e87476
956d5c51-f6a6-4c9f-88af-5151af155bee,12.0,Finished,17.0,1:30.093,,,20.0,1:28.121,17.0,1:40.539,17.0,92.905,17.0,1:32.905,,,,,,,12.0,5.0,96.73590196078428,100.83793464052287,96.76960025878772,-0.0336982980034292,-0.0241480295503862,0.0241480295503862,36.8421052631579,337.0,23.0,1.0,7.0,-6.0,12.0,13.0,13.0,a2de9fd2-f08e-4277-97b5-93b45087d386,60b02cb4-9e82-4955-bed9-7b8d40b28266,9ce8fc06-61f2-4c19-8be7-5c070425fd4c
6633d800-516a-423a-8459-e9479133154a,3.0,Finished,3.0,1:29.262,1.0,1:27.420,1.0,1:26.549,4.0,1:37.713,3.0,91.596,13.0,1:31.596,86.559,1.0,1:26.558,86.03,3.0,1:26.030,3.0,0.0,95.2403725490196,98.3258431372549,96.76960025878772,-1.529227709768108,-1.095836825972393,1.095836825972393,84.21052631578947,327.0,23.666666666666668,12.0,6.0,6.0,5.0,3.8,3.8,a2de9fd2-f08e-4277-97b5-93b45087d386,b34c803f-2e33-48a4-bffb-499598604cf9,d3cdf2e4-9756-4de7-8fee-cb87fb530b7f
d656a90a-b8f1-4bca-b172-021df251642a,16.0,Lapped,18.0,1:30.875,10.0,1:27.974,15.0,1:27.742,16.0,1:40.430,18.0,94.557,18.0,1:34.557,,,,,,,16.0,2.0,99.07528571428573,99.63482653061224,96.76960025878772,2.3056854554980077,1.6522425111082966,-1.6522425111082966,10.526315789473683,333.0,14.2,3.0,18.0,-15.0,13.666666666666666,14.25,14.25,a2de9fd2-f08e-4277-97b5-93b45087d386,93895c43-2842-47df-b7de-f86110fd54b7,71e83a22-c17b-480d-93f1-bcc6e31859e2
91371afd-0406-4088-a479-f90cc220f872,17.0,Lapped,19.0,1:29.706,,,3.0,1:26.983,9.0,1:39.284,19.0,98.348,19.0,1:38.347,,,,,,,17.0,2.0,99.094,98.82625510204082,96.76960025878772,2.324399741212275,1.6656530733983124,-1.6656530733983124,5.263157894736848,336.0,13.6,2.0,19.0,-17.0,8.666666666666666,10.2,10.2,a2de9fd2-f08e-4277-97b5-93b45087d386,d162e0ad-1954-4454-a548-630421348097,c4170884-4736-4883-a3a4-eb449318ace9
15ee804c-5d8d-4a2f-ba20-64a596dda511,4.0,Finished,5.0,1:28.748,3.0,1:27.631,2.0,1:26.879,1.0,1:36.653,5.0,90.895,5.0,1:30.894,86.733,4.0,1:26.733,86.237,5.0,1:26.236,4.0,1.0,95.32313725490197,103.69241666666667,96.76960025878772,-1.4464630038857678,-1.036528057227681,1.036528057227681,78.94736842105263,329.0,22.333333333333332,9.0,10.0,-1.0,3.6666666666666665,5.0,5.0,a2de9fd2-f08e-4277-97b5-93b45087d386,d31df4d0-71a1-40fc-bf79-61af13e1acd7,d3cdf2e4-9756-4de7-8fee-cb87fb530b7f
42279fd7-86ef-4ce8-98a0-b2e4bf738d5f,13.0,Lapped,15.0,1:30.734,13.0,1:28.477,19.0,1:27.915,18.0,1:40.822,15.0,91.291,10.0,1:31.290,87.949,15.0,1:27.948,,,,13.0,2.0,97.08562,98.98360333333332,96.76960025878772,0.3160197412122869,0.2264581448155967,-0.2264581448155967,26.315789473684216,327.0,20.333333333333332,12.0,13.0,-1.0,12.0,12.0,12.0,a2de9fd2-f08e-4277-97b5-93b45087d386,fd659e25-4851-44ca-a1fd-4d65095a5693,c9a9c6fa-3f8f-4291-96b9-be6320767395
24263844-fbe1-444f-9d2d-8783cd8dfddf,19.0,Retired,1.0,1:31.298,5.0,1:27.737,10.0,1:27.293,2.0,1:37.528,1.0,90.106,2.0,1:30.105,86.723,2.0,1:26.722,85.819,1.0,1:25.819,19.0,-18.0,96.1395625,112.3735,96.76960025878772,-0.630037758787708,-0.4514818646186951,0.4514818646186951,63.1578947368421,310.0,31.5,19.0,1.0,18.0,9.333333333333334,10.0,10.0,a2de9fd2-f08e-4277-97b5-93b45087d386,36fa31f7-12df-4f79-8de7-63098bfb8a5b,da619921-fbb3-4efc-8926-5c847f4f3436
5ce8d026-1c5d-4f77-8031-33283d76538a,5.0,Finished,7.0,1:28.293,9.0,1:27.924,8.0,1:27.248,5.0,1:38.138,7.0,90.557,4.0,1:30.557,86.843,7.0,1:26.843,86.509,7.0,1:26.509,5.0,2.0,95.9936862745098,95.18823676470588,96.76960025878772,-0.7759139842779206,-0.5560160284354548,0.5560160284354548,73.6842105263158,323.0,16.25,16.0,16.0,0.0,9.0,6.0,6.0,a2de9fd2-f08e-4277-97b5-93b45087d386,258793ad-e101-47d1-8409-93edc1c8bdd5,32af326f-ab0a-4a12-9764-43f308e87476
8e4f52af-459a-434b-82c7-0b645dadc944,11.0,Finished,12.0,1:29.971,,,17.0,1:27.808,13.0,1:39.701,12.0,91.608,14.0,1:31.608,87.175,12.0,1:27.174,,,,11.0,1.0,96.74994117647056,98.46219333333336,96.76960025878772,-0.0196590823171476,-0.0140875987469648,0.0140875987469648,31.57894736842105,330.0,22.666666666666668,7.0,9.0,-2.0,18.5,18.5,18.5,a2de9fd2-f08e-4277-97b5-93b45087d386,6d1c7b33-b9da-42ee-b80a-b144e7a3efb4,d7558695-fc23-4e4a-8247-3e810f9397f8
b7bf4ec1-d995-4862-a332-aa46200fbbe9,7.0,Finished,8.0,1:29.897,2.0,1:27.554,9.0,1:27.274,12.0,1:39.700,8.0,91.41,12.0,1:31.409,86.938,10.0,1:26.938,86.585,8.0,1:26.584,7.0,1.0,96.1670588235294,95.19542857142858,96.76960025878772,-0.6025414352583169,-0.4317781385418723,0.4317781385418723,57.89473684210527,328.0,21.333333333333332,11.0,12.0,-1.0,13.333333333333334,12.0,12.0,a2de9fd2-f08e-4277-97b5-93b45087d386,bbe763bf-f205-4c4a-b485-51cc69248b5a,eb14f5b8-34b7-42db-ba17-1d847b0fc6ee
524f58fd-4f3c-40d8-a95b-10278f391966,10.0,Finished,13.0,1:30.228,20.0,1:29.864,16.0,1:27.745,14.0,1:39.819,13.0,90.994,6.0,1:30.993,87.269,13.0,1:27.269,,,,10.0,3.0,96.57358823529412,95.67638823529413,96.76960025878772,-0.1960120234935942,-0.1404612225541076,0.1404612225541076,42.10526315789473,333.0,24.333333333333332,3.0,2.0,1.0,16.666666666666668,13.8,13.8,a2de9fd2-f08e-4277-97b5-93b45087d386,329fcd08-b140-4524-8bbd-d944b5c5dd1b,c9a9c6fa-3f8f-4291-96b9-be6320767395
92ac50b0-e119-4bc3-b310-6860e771dff5,2.0,Finished,4.0,1:28.951,4.0,1:27.728,7.0,1:27.233,6.0,1:38.393,4.0,91.342,11.0,1:31.341,86.796,6.0,1:26.796,86.203,4.0,1:26.203,2.0,2.0,95.13358823529413,96.99326185383244,96.76960025878772,-1.6360120234936062,-1.1723579239548083,1.1723579239548083,89.47368421052632,327.0,24.333333333333332,12.0,2.0,10.0,3.3333333333333335,7.0,7.0,a2de9fd2-f08e-4277-97b5-93b45087d386,4e5380ac-3832-409c-a269-05f3091fe4e2,c4170884-4736-4883-a3a4-eb449318ace9
cb14b820-928f-4cef-b964-1a4c51348fb5,18.0,Lapped,14.0,1:31.013,15.0,1:28.590,18.0,1:27.813,19.0,1:41.784,14.0,91.19,8.0,1:31.189,87.867,14.0,1:27.867,,,,18.0,-4.0,99.98579591836732,99.8953163265306,96.76960025878772,3.2161956595796113,2.304709508457934,-2.304709508457934,0.0,330.0,15.2,7.0,17.0,-10.0,14.666666666666666,14.4,14.4,a2de9fd2-f08e-4277-97b5-93b45087d386,b59a380d-034d-42f5-b7c2-0c866052304b,d8d93e26-d576-42e2-9a6b-e428bcb6bf68
6368e4ec-c983-4855-bc0a-5a8b56737728,17.0,Retired,10.0,1:19.358,,,9.0,1:16.977,18.0,1:13.879,10.0,72.896,4.0,1:12.896,72.485,6.0,1:12.484,72.796,10.0,1:12.796,17.0,-7.0,91.63241176470588,102.48563787375416,91.2841626682644,0.3482490964414921,0.2834495276566925,-0.2834495276566925,19.999999999999996,337.0,17.333333333333332,5.0,4.0,1.0,12.0,10.8,10.833333333333334,7ef65c14-4333-470b-9d67-e84e9cda3423,00572d64-eb7e-4295-89f6-63bf98e32dd4,d7558695-fc23-4e4a-8247-3e810f9397f8
e3c9000d-cbd4-4a7b-8705-59cfaeba5bf1,6.0,Finished,6.0,1:16.302,,,1.0,1:15.810,8.0,1:13.340,6.0,73.117,12.0,1:13.117,72.635,9.0,1:12.635,72.228,6.0,1:12.227,6.0,0.0,90.66881159420292,88.3880795031056,91.2841626682644,-0.6153510740614792,-0.5008511811460462,0.5008511811460462,70.0,327.0,14.333333333333334,16.0,6.0,10.0,8.333333333333334,7.8,8.0,7ef65c14-4333-470b-9d67-e84e9cda3423,5d03531f-db77-4857-b87a-f8bcff470727,eb14f5b8-34b7-42db-ba17-1d847b0fc6ee
a2a1ab0b-4fe8-4c4d-847f-a2058e137a0d,13.0,Finished,17.0,1:17.250,8.0,1:27.670,14.0,1:17.816,13.0,1:13.641,17.0,73.366,17.0,1:13.365,,,,,,,13.0,4.0,90.82039130434782,90.4663406236276,91.2841626682644,-0.4637713639165639,-0.377476281736557,0.377476281736557,40.0,338.0,22.5,3.0,2.0,1.0,16.333333333333332,15.8,16.166666666666668,7ef65c14-4333-470b-9d67-e84e9cda3423,b71aeceb-a2f8-4b55-b919-3faa52663eec,d8d93e26-d576-42e2-9a6b-e428bcb6bf68
8540e8b4-9223-403c-b542-cdeabddba890,9.0,Finished,15.0,1:17.013,7.0,1:27.584,19.0,1:20.789,16.0,1:13.736,15.0,73.289,15.0,1:13.289,72.94,15.0,1:12.939,,,,9.0,6.0,90.68531884057973,88.23433333333334,91.2841626682644,-0.598843827684675,-0.487415478839195,0.487415478839195,65.0,333.0,14.0,11.0,7.0,4.0,17.0,15.2,13.833333333333334,7ef65c14-4333-470b-9d67-e84e9cda3423,9218ccac-0d8c-4836-9f4b-082a2c542f68,71e83a22-c17b-480d-93f1-bcc6e31859e2
3656aa63-7ee7-4600-8e9b-63d33950385c,4.0,Finished,7.0,1:14.855,4.0,1:25.969,7.0,1:16.908,1.0,1:12.549,7.0,72.851,3.0,1:12.850,71.979,2.0,1:11.978,72.28,7.0,1:12.280,4.0,3.0,90.47365217391304,103.50102222222225,91.2841626682644,-0.8105104943513339,-0.6596968064876958,0.6596968064876958,95.0,337.0,10.0,5.0,17.0,-12.0,3.0,7.2,6.666666666666667,7ef65c14-4333-470b-9d67-e84e9cda3423,d71626b8-a508-4371-a966-503f36ebb8d0,da619921-fbb3-4efc-8926-5c847f4f3436
62e0dd62-7a8c-419c-acb9-585c4c970962,11.0,Finished,19.0,1:16.683,,,15.0,1:17.903,17.0,1:13.777,19.0,73.978,19.0,1:13.977,,,,,,,11.0,8.0,90.76255072463768,91.28424154589372,91.2841626682644,-0.5216119436267093,-0.4245543220409183,0.4245543220409183,50.0,334.0,11.0,9.0,13.0,-4.0,13.333333333333334,12.0,11.333333333333334,7ef65c14-4333-470b-9d67-e84e9cda3423,d54daa60-c444-4ecb-a83e-c157cdf43e67,9ce8fc06-61f2-4c19-8be7-5c070425fd4c
94b1cc93-e701-4313-b73f-04cfd9536638,19.0,Retired,11.0,1:26.012,3.0,1:25.305,4.0,1:16.555,10.0,1:13.349,11.0,73.107,11.0,1:13.106,72.691,11.0,1:12.691,,,,19.0,-8.0,95.61271794871796,91.50864102564104,91.2841626682644,4.328555280453571,3.523130317400774,-3.523130317400774,0.0,310.0,12.5,20.0,11.0,9.0,7.0,5.0,4.666666666666667,7ef65c14-4333-470b-9d67-e84e9cda3423,a1402642-75cf-4196-9db4-b0d5b458a6ae,32af326f-ab0a-4a12-9764-43f308e87476
f8aa8c38-ce48-4d56-9ab9-cbdf5727fc00,12.0,Finished,14.0,1:16.498,13.0,1:29.052,6.0,1:16.772,11.0,1:13.438,14.0,73.217,13.0,1:13.216,72.916,14.0,1:12.915,,,,12.0,2.0,90.83120289855071,92.25717989417991,91.2841626682644,-0.452959769713658,-0.3686764275478632,0.3686764275478632,35.0,349.0,10.0,1.0,17.0,-16.0,12.666666666666666,12.8,12.8,7ef65c14-4333-470b-9d67-e84e9cda3423,60b02cb4-9e82-4955-bed9-7b8d40b28266,9ce8fc06-61f2-4c19-8be7-5c070425fd4c
1ac419fe-9a06-4aab-b816-bb14a10e3003,2.0,Finished,3.0,1:15.558,1.0,1:24.435,20.0,1:20.843,7.0,1:13.293,3.0,72.959,6.0,1:12.959,72.201,3.0,1:12.200,72.021,3.0,1:12.021,2.0,1.0,90.50846376811596,85.6270490530303,91.2841626682644,-0.7756989001484271,-0.6313626915262571,0.6313626915262571,85.0,329.0,10.666666666666666,15.0,16.0,-1.0,4.666666666666667,4.2,3.6666666666666665,7ef65c14-4333-470b-9d67-e84e9cda3423,b34c803f-2e33-48a4-bffb-499598604cf9,d3cdf2e4-9756-4de7-8fee-cb87fb530b7f
2cfc7239-1fbc-4d21-a45d-b05a268e64d6,10.0,Finished,18.0,1:17.012,,,11.0,1:17.417,19.0,1:14.075,18.0,73.435,18.0,1:13.435,,,,,,,10.0,8.0,90.7146956521739,88.35211594202899,91.2841626682644,-0.5694670160904849,-0.4635048830744999,0.4635048830744999,55.00000000000001,331.0,24.0,13.0,1.0,12.0,14.0,14.6,14.6,7ef65c14-4333-470b-9d67-e84e9cda3423,93895c43-2842-47df-b7de-f86110fd54b7,71e83a22-c17b-480d-93f1-bcc6e31859e2
235c0144-192d-4079-9d9b-340df7b3b10d,18.0,Retired,16.0,1:18.819,9.0,1:28.058,10.0,1:17.040,9.0,1:13.341,16.0,73.326,16.0,1:13.325,,,,,,,18.0,-2.0,91.81416000000002,95.57536,91.2841626682644,0.529997331735629,0.431379420290931,-0.431379420290931,15.000000000000002,337.0,17.666666666666668,5.0,3.0,2.0,8.666666666666666,9.6,11.333333333333334,7ef65c14-4333-470b-9d67-e84e9cda3423,d162e0ad-1954-4454-a548-630421348097,c4170884-4736-4883-a3a4-eb449318ace9
7d63afa4-ca00-4cf4-a3f9-7f6086300507,5.0,Finished,4.0,1:16.246,6.0,1:26.754,16.0,1:19.007,5.0,1:13.266,4.0,72.907,5.0,1:12.906,72.462,5.0,1:12.462,72.103,4.0,1:12.102,5.0,-1.0,90.57489855072464,84.80415666666664,91.2841626682644,-0.7092641175397603,-0.5772895928654961,0.5772895928654961,75.0,330.0,11.333333333333334,14.0,12.0,2.0,4.666666666666667,3.8,4.833333333333333,7ef65c14-4333-470b-9d67-e84e9cda3423,d31df4d0-71a1-40fc-bf79-61af13e1acd7,d3cdf2e4-9756-4de7-8fee-cb87fb530b7f
323a12ff-940f-4587-b1a4-e5bcf5bf66b1,8.0,Finished,5.0,1:17.075,11.0,1:28.581,5.0,1:16.730,6.0,1:13.278,5.0,73.24,14.0,1:13.239,72.572,8.0,1:12.572,72.178,5.0,1:12.177,8.0,-3.0,90.80136231884056,92.71538035635862,91.2841626682644,-0.4828003494238118,-0.3929644969506965,0.3929644969506965,44.99999999999999,343.0,14.0,2.0,7.0,-5.0,12.0,12.2,12.2,7ef65c14-4333-470b-9d67-e84e9cda3423,fd659e25-4851-44ca-a1fd-4d65095a5693,c9a9c6fa-3f8f-4291-96b9-be6320767395
d30b6d00-f86b-4ee2-aa0a-b8e6f739e6f8,3.0,Finished,1.0,1:14.894,10.0,1:28.540,2.0,1:16.272,3.0,1:12.956,1.0,73.013,7.0,1:13.013,71.742,1.0,1:11.742,72.0,1.0,1:12.000,3.0,-2.0,90.55827536231884,98.37245,91.2841626682644,-0.725887305945534,-0.5908196635818644,0.5908196635818644,80.0,334.0,11.0,9.0,13.0,-4.0,14.666666666666666,12.8,11.5,7ef65c14-4333-470b-9d67-e84e9cda3423,36fa31f7-12df-4f79-8de7-63098bfb8a5b,da619921-fbb3-4efc-8926-5c847f4f3436
c6118c8f-8f48-427a-9f9f-a87a30869b81,16.0,Retired,12.0,1:18.956,2.0,1:24.763,13.0,1:17.721,12.0,1:13.569,12.0,73.038,8.0,1:13.037,72.728,12.0,1:12.727,,,,16.0,-4.0,91.58449019607843,,91.2841626682644,0.3003275278140478,0.2444448435647154,-0.2444448435647154,25.0,337.0,17.333333333333332,5.0,4.0,1.0,4.666666666666667,6.6,5.833333333333333,7ef65c14-4333-470b-9d67-e84e9cda3423,258793ad-e101-47d1-8409-93edc1c8bdd5,32af326f-ab0a-4a12-9764-43f308e87476
e3e180fe-faca-4ef3-bb50-1aef772f31b0,20.0,Retired,13.0,1:26.483,,,12.0,1:17.495,14.0,1:13.662,13.0,73.063,9.0,1:13.063,72.736,13.0,1:12.736,,,,20.0,-7.0,93.0379090909091,95.59257142857145,91.2841626682644,1.75374642264471,1.427422497883703,-1.427422497883703,5.000000000000004,327.0,0.0,16.0,19.0,-3.0,16.0,16.0,16.0,7ef65c14-4333-470b-9d67-e84e9cda3423,6d1c7b33-b9da-42ee-b80a-b144e7a3efb4,d7558695-fc23-4e4a-8247-3e810f9397f8
31e13a10-376c-40a2-ae1d-2359bf2cc6ec,7.0,Finished,9.0,1:16.762,,,3.0,1:16.463,4.0,1:13.025,9.0,73.088,10.0,1:13.087,72.659,10.0,1:12.659,72.701,9.0,1:12.700,7.0,2.0,90.70246376811596,87.88801223832529,91.2841626682644,-0.5816989001484387,-0.4734607502799183,0.4734607502799183,60.0,333.0,13.333333333333334,11.0,9.0,2.0,9.333333333333334,10.6,11.166666666666666,7ef65c14-4333-470b-9d67-e84e9cda3423,bbe763bf-f205-4c4a-b485-51cc69248b5a,eb14f5b8-34b7-42db-ba17-1d847b0fc6ee
67c068cd-0ae1-489f-b5a5-5fc528b378bf,14.0,Finished,8.0,1:17.308,12.0,1:28.722,8.0,1:16.950,15.0,1:13.715,8.0,72.748,2.0,1:12.748,72.303,4.0,1:12.302,72.414,8.0,1:12.414,14.0,-6.0,91.10023188405796,98.49919323671496,91.2841626682644,-0.1839307842064244,-0.1497063292843174,0.1497063292843174,30.000000000000004,338.0,0.0,3.0,19.0,-16.0,13.333333333333334,13.4,13.166666666666666,7ef65c14-4333-470b-9d67-e84e9cda3423,329fcd08-b140-4524-8bbd-d944b5c5dd1b,c9a9c6fa-3f8f-4291-96b9-be6320767395
49e0ab5a-a744-43cc-aa43-8e70c5e656ad,1.0,Finished,2.0,1:15.569,5.0,1:26.501,18.0,1:19.311,2.0,1:12.923,2.0,72.36,1.0,1:12.359,72.549,7.0,1:12.549,72.0,2.0,1:12.000,1.0,1.0,90.47730434782608,95.84414492753623,91.2841626682644,-0.8068583204383089,-0.6567242015875105,0.6567242015875105,90.0,311.0,11.0,19.0,13.0,6.0,2.3333333333333335,6.2,6.166666666666667,7ef65c14-4333-470b-9d67-e84e9cda3423,4e5380ac-3832-409c-a269-05f3091fe4e2,c4170884-4736-4883-a3a4-eb449318ace9
cdfd48a7-1134-4a5a-8a4b-0852162c5b0c,15.0,Lapped,20.0,1:17.325,,,,,,,20.0,74.292,20.0,1:14.292,,,,,,,15.0,5.0,92.3219411764706,93.45568954248364,91.2841626682644,1.037778508206216,0.8446765001520662,-0.8446765001520662,9.999999999999998,324.0,13.25,18.0,10.0,8.0,16.0,15.4,15.0,7ef65c14-4333-470b-9d67-e84e9cda3423,b59a380d-034d-42f5-b7c2-0c866052304b,d8d93e26-d576-42e2-9a6b-e428bcb6bf68
608d3b85-4e42-4266-a006-ffedbf26bc75,12.0,Finished,,,,,,,,,,,,,,,,,,,,,109.2490181818182,111.9178085106383,109.1723827840909,0.0766353977272871,0.039648334153168,-0.039648334153168,35.0,338.0,17.666666666666668,9.0,12.0,-3.0,,,,be6d4de5-e8d7-4e43-a74a-73c319d5552e,00572d64-eb7e-4295-89f6-63bf98e32dd4,d7558695-fc23-4e4a-8247-3e810f9397f8
9967c022-fd47-4a04-bee5-5ed946067f1b,7.0,Finished,,,,,,,,,,,,,,,,,,,,,108.9599090909091,108.78522409090908,109.1723827840909,-0.2124736931818063,-0.1099260685774505,0.1099260685774505,60.0,336.0,10.75,13.0,20.0,-7.0,,,,be6d4de5-e8d7-4e43-a74a-73c319d5552e,5d03531f-db77-4857-b87a-f8bcff470727,eb14f5b8-34b7-42db-ba17-1d847b0fc6ee
b180e000-78c3-4f85-9e6c-289b9e6c987f,20.0,Retired,,,,,,,,,,,,,,,,,,,,,103.9095,,109.1723827840909,-5.262882784090891,-2.7228218476158967,2.7228218476158967,95.0,342.0,24.5,3.0,4.0,-1.0,,,,be6d4de5-e8d7-4e43-a74a-73c319d5552e,b71aeceb-a2f8-4b55-b919-3faa52663eec,d8d93e26-d576-42e2-9a6b-e428bcb6bf68
320bdb45-7783-429b-866a-8afc78eb4d5a,13.0,Finished,,,,,,,,,,,,,,,,,,,,,109.30672727272726,111.9162909726637,109.1723827840909,0.1343444886363585,0.0695048937573953,-0.0695048937573953,30.000000000000004,339.0,13.5,8.0,18.0,-10.0,,,,be6d4de5-e8d7-4e43-a74a-73c319d5552e,9218ccac-0d8c-4836-9f4b-082a2c542f68,71e83a22-c17b-480d-93f1-bcc6e31859e2
a9fa1d7d-3e9e-41ee-9c4e-54e36cb38506,9.0,Finished,,,,,,,,,,,,,,,,,,,,,109.07341818181816,115.87038181818184,109.1723827840909,-0.0989646022727441,-0.0512006427396411,0.0512006427396411,55.00000000000001,341.0,18.333333333333332,4.0,11.0,-7.0,,,,be6d4de5-e8d7-4e43-a74a-73c319d5552e,d71626b8-a508-4371-a966-503f36ebb8d0,da619921-fbb3-4efc-8926-5c847f4f3436
d5493404-b6f9-4ca8-a74b-c2ad5f87af32,10.0,Finished,,,,,,,,,,,,,,,,,,,,,109.1998,111.041625,109.1723827840909,0.0274172159090966,0.0141846583974387,-0.0141846583974387,44.99999999999999,340.0,16.333333333333332,5.0,16.0,-11.0,,,,be6d4de5-e8d7-4e43-a74a-73c319d5552e,d54daa60-c444-4ecb-a83e-c157cdf43e67,9ce8fc06-61f2-4c19-8be7-5c070425fd4c
4c90518c-c012-4edc-b304-d154d12d0578,4.0,Finished,,,,,,,,,,,,,,,,,,,,,108.5398,103.2499595959596,109.1723827840909,-0.6325827840909,-0.3272750497417587,0.3272750497417587,75.0,336.0,25.0,13.0,3.0,10.0,,,,be6d4de5-e8d7-4e43-a74a-73c319d5552e,a1402642-75cf-4196-9db4-b0d5b458a6ae,32af326f-ab0a-4a12-9764-43f308e87476
c3bdb5c7-cb5c-4c4f-b3c4-01e6ab13db6b,16.0,Finished,,,,,,,,,,,,,,,,,,,,,109.43638181818184,110.602505,109.1723827840909,0.2639990340909293,0.1365833835298776,-0.1365833835298776,19.999999999999996,346.0,17.0,2.0,15.0,-13.0,,,,be6d4de5-e8d7-4e43-a74a-73c319d5552e,60b02cb4-9e82-4955-bed9-7b8d40b28266,9ce8fc06-61f2-4c19-8be7-5c070425fd4c
8986e031-77dd-48f9-9e9f-29b28ac04f15,2.0,Finished,,,,,,,,,,,,,,,,,,,,,108.39641818181818,105.72678614718616,109.1723827840909,-0.7759646022727225,-0.4014555251793842,0.4014555251793842,85.0,332.0,24.5,17.0,4.0,13.0,,,,be6d4de5-e8d7-4e43-a74a-73c319d5552e,b34c803f-2e33-48a4-bffb-499598604cf9,d3cdf2e4-9756-4de7-8fee-cb87fb530b7f
6c88133d-641f-47e2-bd53-829ca41e4c9c,11.0,Finished,,,,,,,,,,,,,,,,,,,,,109.20852727272728,126.50539007092198,109.1723827840909,0.0361444886363671,0.0186998280918401,-0.0186998280918401,40.0,330.0,18.666666666666668,19.0,7.0,12.0,,,,be6d4de5-e8d7-4e43-a74a-73c319d5552e,93895c43-2842-47df-b7de-f86110fd54b7,71e83a22-c17b-480d-93f1-bcc6e31859e2
f5f95c0e-99de-4b6a-98da-1cf29bdba15c,3.0,Finished,,,,,,,,,,,,,,,,,,,,,108.50443636363636,102.82582813852814,109.1723827840909,-0.6679464204545269,-0.3455708936076145,0.3455708936076145,80.0,335.0,18.666666666666668,15.0,7.0,8.0,,,,be6d4de5-e8d7-4e43-a74a-73c319d5552e,d162e0ad-1954-4454-a548-630421348097,c4170884-4736-4883-a3a4-eb449318ace9
e6d84f1a-3624-4c09-8bc6-3642bb19e947,8.0,Finished,,,,,,,,,,,,,,,,,,,,,109.15692727272727,105.36466303030302,109.1723827840909,-0.0154555113636263,-0.007996112726312,0.007996112726312,50.0,330.0,18.666666666666668,19.0,7.0,12.0,,,,be6d4de5-e8d7-4e43-a74a-73c319d5552e,d31df4d0-71a1-40fc-bf79-61af13e1acd7,d3cdf2e4-9756-4de7-8fee-cb87fb530b7f
3fcff3b6-d2b4-4d4e-b9a5-d0d002fe9e87,18.0,Retired,,,,,,,,,,,,,,,,,,,,,115.2129375,121.60005208333334,109.1723827840909,6.04055471590911,3.125160682262406,-3.125160682262406,0.0,340.0,28.0,5.0,1.0,4.0,,,,be6d4de5-e8d7-4e43-a74a-73c319d5552e,fd659e25-4851-44ca-a1fd-4d65095a5693,c9a9c6fa-3f8f-4291-96b9-be6320767395
7d0a4102-e44d-44e6-be67-d591a62fea9b,6.0,Finished,,,,,,,,,,,,,,,,,,,,,108.82785454545454,100.933,109.1723827840909,-0.3445282386363573,-0.1782462300158832,0.1782462300158832,65.0,337.0,17.666666666666668,11.0,12.0,-1.0,,,,be6d4de5-e8d7-4e43-a74a-73c319d5552e,36fa31f7-12df-4f79-8de7-63098bfb8a5b,da619921-fbb3-4efc-8926-5c847f4f3436
ff9fec48-5619-47cc-802f-24f701f31958,5.0,Finished,,,,,,,,,,,,,,,,,,,,,108.71618181818182,104.5574659090909,109.1723827840909,-0.4562009659090762,-0.2360215888971726,0.2360215888971726,70.0,334.0,26.0,16.0,2.0,14.0,,,,be6d4de5-e8d7-4e43-a74a-73c319d5552e,258793ad-e101-47d1-8409-93edc1c8bdd5,32af326f-ab0a-4a12-9764-43f308e87476
55fafb46-df01-4cc4-b54b-b8f1701d8b49,17.0,Finished,,,,,,,,,,,,,,,,,,,,,109.55516363636364,107.29047933884296,109.1723827840909,0.3827808522727309,0.1980367243913949,-0.1980367243913949,15.000000000000002,337.0,17.333333333333332,11.0,14.0,-3.0,,,,be6d4de5-e8d7-4e43-a74a-73c319d5552e,6d1c7b33-b9da-42ee-b80a-b144e7a3efb4,d7558695-fc23-4e4a-8247-3e810f9397f8
0102d918-bd00-4bdf-aa49-3fc733ba6952,15.0,Finished,,,,,,,,,,,,,,,,,,,,,109.5929090909091,112.51785151515152,109.1723827840909,0.4205263068182034,0.2175648333196956,-0.2175648333196956,9.999999999999998,348.0,11.2,1.0,19.0,-18.0,,,,be6d4de5-e8d7-4e43-a74a-73c319d5552e,bbe763bf-f205-4c4a-b485-51cc69248b5a,eb14f5b8-34b7-42db-ba17-1d847b0fc6ee
51a6951a-d34f-4cf9-adb2-2d5de6bed2a8,19.0,Retired,,,,,,,,,,,,,,,,,,,,,111.0636,119.8375,109.1723827840909,1.8912172159090943,0.97844617965477,-0.97844617965477,5.000000000000004,338.0,18.666666666666668,9.0,7.0,2.0,,,,be6d4de5-e8d7-4e43-a74a-73c319d5552e,329fcd08-b140-4524-8bbd-d944b5c5dd1b,c9a9c6fa-3f8f-4291-96b9-be6320767395
d03f1c5c-25b5-420b-b2cb-1ad2df5e838d,1.0,Finished,,,,,,,,,,,,,,,,,,,,,108.20047272727273,99.752,109.1723827840909,-0.9719100568181744,-0.502830491422252,0.502830491422252,90.0,332.0,19.333333333333332,17.0,6.0,11.0,,,,be6d4de5-e8d7-4e43-a74a-73c319d5552e,4e5380ac-3832-409c-a269-05f3091fe4e2,c4170884-4736-4883-a3a4-eb449318ace9
015e4932-72a1-43ac-a797-ed5eb60c3c6d,14.0,Finished,,,,,,,,,,,,,,,,,,,,,109.33767272727272,112.26961788194444,109.1723827840909,0.1652899431818326,0.0855149329654748,-0.0855149329654748,25.0,340.0,14.0,5.0,17.0,-12.0,,,,be6d4de5-e8d7-4e43-a74a-73c319d5552e,b59a380d-034d-42f5-b7c2-0c866052304b,d8d93e26-d576-42e2-9a6b-e428bcb6bf68
25f2033b-3d19-4876-8a64-b8f7d1692aa5,14.0,Lapped,10.0,1:14.433,6.0,1:13.159,10.0,1:11.549,14.0,1:24.007,10.0,,,,70.768,7.0,1:10.768,70.653,8.0,1:10.653,14.0,-4.0,77.10992857142858,77.666530204259,76.70750924241099,0.4024193290175901,0.5537013769499143,-0.5537013769499143,30.000000000000004,342.0,18.666666666666668,2.0,17.0,-15.0,12.666666666666666,12.0,11.714285714285714,85ddc9e0-85c0-4895-9f1b-2c80b0163143,00572d64-eb7e-4295-89f6-63bf98e32dd4,d7558695-fc23-4e4a-8247-3e810f9397f8
f7e64d56-be37-4229-a449-5b66237c5d86,10.0,Lapped,7.0,1:14.757,15.0,1:14.466,6.0,1:11.356,5.0,1:21.460,7.0,71.493,8.0,1:11.492,70.845,10.0,1:10.844,70.633,7.0,1:10.632,10.0,-3.0,76.77608571428573,76.59466233766234,76.70750924241099,0.068576471874735,0.0943565185999008,-0.0943565185999008,50.0,333.0,29.0,12.0,2.0,10.0,7.333333333333333,7.4,7.714285714285714,85ddc9e0-85c0-4895-9f1b-2c80b0163143,5d03531f-db77-4857-b87a-f8bcff470727,eb14f5b8-34b7-42db-ba17-1d847b0fc6ee
27cfc876-f52c-45ed-9b24-28a503847692,19.0,Lapped,17.0,1:15.822,,,18.0,1:12.206,3.0,1:21.155,17.0,72.168,17.0,1:12.168,,,,,,,19.0,-2.0,77.70153623188406,77.62530917874398,76.70750924241099,0.9940269894730704,1.36771291314528,-1.36771291314528,5.000000000000004,331.0,19.333333333333332,14.0,13.0,1.0,14.333333333333334,15.6,15.714285714285714,85ddc9e0-85c0-4895-9f1b-2c80b0163143,b71aeceb-a2f8-4b55-b919-3faa52663eec,d8d93e26-d576-42e2-9a6b-e428bcb6bf68
aff55a37-1a2c-48e8-af20-57d67dd42232,9.0,Lapped,9.0,1:14.855,,,14.0,1:11.644,1.0,1:20.311,9.0,71.718,13.0,1:11.718,70.815,9.0,1:10.814,70.977,10.0,1:10.977,9.0,0.0,76.70670000000001,76.72945177489177,76.70750924241099,-0.0008092424109804,-0.0011134620157039,0.0011134620157039,55.00000000000001,330.0,26.5,17.0,11.0,6.0,14.0,14.4,13.142857142857142,85ddc9e0-85c0-4895-9f1b-2c80b0163143,9218ccac-0d8c-4836-9f4b-082a2c542f68,71e83a22-c17b-480d-93f1-bcc6e31859e2
41fead42-437b-4fd9-84d7-dda58be89928,8.0,Finished,11.0,1:13.878,3.0,1:13.006,3.0,1:10.813,15.0,1:24.097,11.0,71.375,5.0,1:11.375,70.948,12.0,1:10.947,,,,8.0,3.0,76.16673239436619,75.45163748657357,76.70750924241099,-0.5407768480447999,-0.7440718270566768,0.7440718270566768,65.0,342.0,19.0,2.0,16.0,-14.0,2.0,4.4,6.285714285714286,85ddc9e0-85c0-4895-9f1b-2c80b0163143,d71626b8-a508-4371-a966-503f36ebb8d0,da619921-fbb3-4efc-8926-5c847f4f3436
431fff12-8457-41c6-887a-db582d67f562,11.0,Lapped,13.0,1:15.656,8.0,1:13.563,20.0,1:13.296,9.0,1:22.353,13.0,71.832,14.0,1:11.831,71.215,14.0,1:11.215,,,,11.0,2.0,76.83287142857142,76.7093153846154,76.70750924241099,0.1253621861604301,0.1724897640079499,-0.1724897640079499,44.99999999999999,334.0,29.5,7.0,1.0,6.0,11.666666666666666,12.4,11.285714285714286,85ddc9e0-85c0-4895-9f1b-2c80b0163143,d54daa60-c444-4ecb-a83e-c157cdf43e67,9ce8fc06-61f2-4c19-8be7-5c070425fd4c
19a8136e-45b5-40fd-ac63-30ac7bf1489b,3.0,Finished,6.0,1:14.584,13.0,1:14.305,9.0,1:11.442,16.0,1:24.158,6.0,71.37,4.0,1:11.370,70.689,6.0,1:10.688,70.582,6.0,1:10.581,3.0,3.0,75.8821971830986,75.12011363636363,76.70750924241099,-0.8253120593123953,-1.1355727488792362,1.1355727488792362,90.0,334.0,27.5,7.0,10.0,-3.0,12.0,8.4,6.714285714285714,85ddc9e0-85c0-4895-9f1b-2c80b0163143,a1402642-75cf-4196-9db4-b0d5b458a6ae,32af326f-ab0a-4a12-9764-43f308e87476
daa1a5a4-7e30-456d-8997-9188a5eae52e,18.0,Lapped,14.0,1:14.953,9.0,1:13.596,8.0,1:11.430,2.0,1:20.450,14.0,71.63,12.0,1:11.629,71.295,15.0,1:11.295,,,,18.0,-4.0,77.43505714285715,78.50963324675324,76.70750924241099,0.7275479004461545,1.001055976256166,-1.001055976256166,19.999999999999996,343.0,13.5,1.0,20.0,-19.0,12.666666666666666,12.0,12.666666666666666,85ddc9e0-85c0-4895-9f1b-2c80b0163143,60b02cb4-9e82-4955-bed9-7b8d40b28266,9ce8fc06-61f2-4c19-8be7-5c070425fd4c
45130ed2-cda0-4a47-ad43-fc773da5e851,1.0,Finished,1.0,1:13.816,1.0,1:12.322,4.0,1:10.960,4.0,1:21.387,1.0,71.377,6.0,1:11.376,70.496,1.0,1:10.495,69.673,1.0,1:09.673,1.0,0.0,75.55832394366197,79.6265,76.70750924241099,-1.1491852987490176,-1.5812000975234373,1.5812000975234373,95.0,330.0,26.0,17.0,12.0,5.0,3.3333333333333335,4.0,3.4285714285714284,85ddc9e0-85c0-4895-9f1b-2c80b0163143,b34c803f-2e33-48a4-bffb-499598604cf9,d3cdf2e4-9756-4de7-8fee-cb87fb530b7f
7cfebccd-2c30-4d2c-bcdb-cf34816d834a,15.0,Lapped,16.0,1:15.390,18.0,1:15.796,17.0,1:12.061,6.0,1:21.643,16.0,71.995,16.0,1:11.995,,,,,,,15.0,1.0,77.20337142857143,77.30734088435374,76.70750924241099,0.4958621861604371,0.6822723349912139,-0.6822723349912139,25.0,333.0,29.0,12.0,2.0,10.0,11.666666666666666,13.4,13.833333333333334,85ddc9e0-85c0-4895-9f1b-2c80b0163143,93895c43-2842-47df-b7de-f86110fd54b7,71e83a22-c17b-480d-93f1-bcc6e31859e2
52425b27-011f-4954-8502-1f744ad013ba,6.0,Finished,5.0,1:14.587,,,,,,,5.0,71.006,1.0,1:11.006,70.678,5.0,1:10.677,70.416,5.0,1:10.415,6.0,-1.0,76.07225352112675,76.31953416797079,76.70750924241099,-0.6352557212842385,-0.8740682721406229,0.8740682721406229,70.0,334.0,28.5,7.0,4.0,3.0,14.0,12.2,12.285714285714286,85ddc9e0-85c0-4895-9f1b-2c80b0163143,d162e0ad-1954-4454-a548-630421348097,c4170884-4736-4883-a3a4-eb449318ace9
70be0bca-f397-4d0e-b7c7-07be0ca157c8,4.0,Finished,3.0,1:14.236,7.0,1:13.230,2.0,1:10.763,7.0,1:21.849,3.0,71.541,10.0,1:11.540,70.505,2.0,1:10.504,70.172,3.0,1:10.171,4.0,-1.0,75.9185633802817,77.45494084507042,76.70750924241099,-0.788945862129296,-1.0855353575246225,1.0855353575246225,80.0,334.0,28.5,7.0,4.0,3.0,3.6666666666666665,4.0,4.857142857142857,85ddc9e0-85c0-4895-9f1b-2c80b0163143,d31df4d0-71a1-40fc-bf79-61af13e1acd7,d3cdf2e4-9756-4de7-8fee-cb87fb530b7f
9f76b5ce-4dbe-4613-98de-bb34a763c17a,12.0,Lapped,15.0,1:15.221,19.0,1:16.230,13.0,1:11.629,18.0,1:25.433,15.0,71.943,15.0,1:11.942,,,,,,,12.0,3.0,76.83765714285714,77.73873212121214,76.70750924241099,0.130147900446147,0.1790745784008352,-0.1790745784008352,40.0,331.0,28.0,14.0,6.0,8.0,10.333333333333334,11.4,11.5,85ddc9e0-85c0-4895-9f1b-2c80b0163143,fd659e25-4851-44ca-a1fd-4d65095a5693,c9a9c6fa-3f8f-4291-96b9-be6320767395
b7a09e2c-4fdd-4d72-b771-7da978d43ad9,7.0,Finished,4.0,1:13.927,5.0,1:13.141,1.0,1:10.701,13.0,1:23.957,4.0,71.049,2.0,1:11.049,70.552,3.0,1:10.552,70.244,4.0,1:10.243,7.0,-3.0,76.17474647887323,75.87408834827146,76.70750924241099,-0.532762763537761,-0.7330449968162576,0.7330449968162576,60.0,331.0,19.333333333333332,14.0,13.0,1.0,14.0,10.0,10.285714285714286,85ddc9e0-85c0-4895-9f1b-2c80b0163143,36fa31f7-12df-4f79-8de7-63098bfb8a5b,da619921-fbb3-4efc-8926-5c847f4f3436
47311f47-c8a8-4f42-8c70-8e6165ac07a3,5.0,Finished,10.0,1:14.117,4.0,1:13.073,19.0,1:13.108,10.0,1:22.588,10.0,71.327,3.0,1:11.326,70.914,11.0,1:10.914,,,,5.0,5.0,75.94622535211268,75.66894582881908,76.70750924241099,-0.7612838902983157,-1.0474743828459088,1.0474743828459088,75.0,336.0,28.0,6.0,6.0,0.0,9.0,9.6,7.285714285714286,85ddc9e0-85c0-4895-9f1b-2c80b0163143,258793ad-e101-47d1-8409-93edc1c8bdd5,32af326f-ab0a-4a12-9764-43f308e87476
f75cd1a6-dea6-47e4-95e9-8503582abd22,16.0,Lapped,20.0,1:15.539,17.0,1:15.605,15.0,1:11.817,12.0,1:23.287,20.0,,,,,,,,,,16.0,4.0,77.44239999999999,77.38955624999998,76.70750924241099,0.7348907575889996,1.0111592437126904,-1.0111592437126904,15.000000000000002,334.0,28.0,7.0,6.0,1.0,16.0,17.0,17.0,85ddc9e0-85c0-4895-9f1b-2c80b0163143,6d1c7b33-b9da-42ee-b80a-b144e7a3efb4,d7558695-fc23-4e4a-8247-3e810f9397f8
1ee6abf6-663d-4cd8-be9b-f2a621ac67d4,13.0,Lapped,8.0,1:15.254,11.0,1:14.150,11.0,1:11.575,8.0,1:21.941,8.0,71.518,9.0,1:11.518,70.661,4.0,1:10.661,70.857,9.0,1:10.856,13.0,-5.0,76.8646857142857,77.40458324175823,76.70750924241099,0.1571764718747061,0.2162640375988256,-0.2162640375988256,35.0,338.0,14.0,5.0,19.0,-14.0,8.333333333333334,10.8,10.571428571428571,85ddc9e0-85c0-4895-9f1b-2c80b0163143,bbe763bf-f205-4c4a-b485-51cc69248b5a,eb14f5b8-34b7-42db-ba17-1d847b0fc6ee
5970a2d0-b0c1-4d7a-89d6-ba984d07d695,17.0,Lapped,12.0,1:15.552,,,,,,,12.0,71.603,11.0,1:11.602,70.955,13.0,1:10.954,,,,17.0,-5.0,77.48267142857142,78.3575,76.70750924241099,0.7751621861604292,1.0665699654247331,-1.0665699654247331,9.999999999999998,342.0,17.0,2.0,18.0,-16.0,13.333333333333334,14.8,13.285714285714286,85ddc9e0-85c0-4895-9f1b-2c80b0163143,329fcd08-b140-4524-8bbd-d944b5c5dd1b,c9a9c6fa-3f8f-4291-96b9-be6320767395
1531b51f-030f-4a96-8abf-bcc80f3753e8,2.0,Finished,2.0,1:14.751,2.0,1:12.522,5.0,1:10.986,17.0,1:24.359,2.0,71.393,7.0,1:11.393,70.811,8.0,1:10.811,70.029,2.0,1:10.028,2.0,0.0,75.89436619718312,76.20354225352114,76.70750924241099,-0.813143045227875,-1.118829020710982,1.118829020710982,85.0,327.0,28.0,20.0,6.0,14.0,2.3333333333333335,2.6,5.428571428571429,85ddc9e0-85c0-4895-9f1b-2c80b0163143,4e5380ac-3832-409c-a269-05f3091fe4e2,c4170884-4736-4883-a3a4-eb449318ace9
76f6369c-d5e7-415a-8689-46f506e4233e,20.0,Lapped,18.0,1:15.724,10.0,1:13.965,16.0,1:11.933,11.0,1:23.239,18.0,73.261,18.0,1:13.260,,,,,,,20.0,-2.0,78.1438115942029,78.35529863354039,76.70750924241099,1.436302351791909,1.976253456425841,-1.976253456425841,0.0,329.0,19.333333333333332,19.0,13.0,6.0,17.333333333333332,15.4,15.0,85ddc9e0-85c0-4895-9f1b-2c80b0163143,b59a380d-034d-42f5-b7c2-0c866052304b,d8d93e26-d576-42e2-9a6b-e428bcb6bf68
f097e23b-a536-4ae6-817a-71b413324d65,20.0,Retired,14.0,1:21.274,19.0,1:20.049,18.0,1:17.135,7.0,1:16.469,14.0,76.524,14.0,1:16.524,76.2,14.0,1:16.200,,,,20.0,-6.0,85.93434,86.38151162790699,82.68914845161291,3.2451915483870977,2.936437932862879,-2.936437932862879,0.0,343.0,15.4,5.0,20.0,-15.0,13.333333333333334,13.4,12.142857142857142,7e9f0a33-0402-4cfa-8d35-48f1de5c230c,00572d64-eb7e-4295-89f6-63bf98e32dd4,d7558695-fc23-4e4a-8247-3e810f9397f8
3f34ae68-cfe5-47d1-9bfd-9ed6aaaa4ccb,19.0,Lapped,19.0,1:19.004,10.0,1:17.867,10.0,1:16.837,18.0,1:17.338,19.0,76.917,19.0,1:16.917,,,,,,,19.0,0.0,83.7168524590164,84.27276727272726,82.68914845161291,1.0277040074034858,0.9299263190164134,-0.9299263190164134,5.000000000000004,350.0,19.25,1.0,19.0,-18.0,8.0,8.2,7.857142857142857,7e9f0a33-0402-4cfa-8d35-48f1de5c230c,5d03531f-db77-4857-b87a-f8bcff470727,eb14f5b8-34b7-42db-ba17-1d847b0fc6ee
9e0c55b2-c95c-4ca2-956a-9609b043633b,18.0,Lapped,16.0,1:21.454,16.0,1:18.826,16.0,1:17.087,14.0,1:16.694,16.0,76.626,16.0,1:16.626,,,,,,,18.0,-2.0,83.4315081967213,83.20560869565216,82.68914845161291,0.7423597451083879,0.6717302454612035,-0.6717302454612035,9.999999999999998,338.0,37.0,12.0,13.0,-1.0,15.666666666666666,16.2,15.857142857142858,7e9f0a33-0402-4cfa-8d35-48f1de5c230c,b71aeceb-a2f8-4b55-b919-3faa52663eec,d8d93e26-d576-42e2-9a6b-e428bcb6bf68
be2c2f29-c56f-494b-9069-f2094f8a6107,16.0,Lapped,15.0,1:21.370,11.0,1:17.905,15.0,1:17.063,19.0,1:17.361,15.0,76.015,8.0,1:16.015,76.381,15.0,1:16.381,,,,16.0,-1.0,83.33767213114754,85.93307189542483,82.68914845161291,0.6485236795346339,0.5868219193075968,-0.5868219193075968,15.000000000000002,338.0,26.333333333333332,12.0,16.0,-4.0,12.666666666666666,13.8,13.428571428571429,7e9f0a33-0402-4cfa-8d35-48f1de5c230c,9218ccac-0d8c-4836-9f4b-082a2c542f68,71e83a22-c17b-480d-93f1-bcc6e31859e2
4c5f2ea0-6f56-41f9-9799-e788d3cae2be,6.0,Finished,8.0,1:20.331,7.0,1:17.408,4.0,1:16.296,17.0,1:16.959,8.0,76.604,15.0,1:16.603,75.677,9.0,1:15.677,75.504,8.0,1:15.504,6.0,2.0,81.82653225806452,82.31336507110647,82.68914845161291,-0.8626161935483907,-0.7805452696609619,0.7805452696609619,70.0,340.0,38.5,9.0,7.0,2.0,4.333333333333333,4.2,6.857142857142857,7e9f0a33-0402-4cfa-8d35-48f1de5c230c,d71626b8-a508-4371-a966-503f36ebb8d0,da619921-fbb3-4efc-8926-5c847f4f3436
574f5dca-c36e-45a6-8596-b7a6aaa21946,11.0,Lapped,10.0,1:21.700,20.0,1:21.058,9.0,1:16.825,10.0,1:16.546,10.0,75.841,3.0,1:15.840,75.569,7.0,1:15.569,75.98,10.0,1:15.980,11.0,-1.0,82.99640983606557,82.74998503773094,82.68914845161291,0.3072613844526586,0.2780279595696541,-0.2780279595696541,40.0,337.0,40.0,15.0,1.0,14.0,9.333333333333334,12.4,11.714285714285714,7e9f0a33-0402-4cfa-8d35-48f1de5c230c,d54daa60-c444-4ecb-a83e-c157cdf43e67,9ce8fc06-61f2-4c19-8be7-5c070425fd4c
76760078-fdca-46ef-ab29-6a26422518c8,3.0,Finished,4.0,1:19.935,1.0,1:16.989,1.0,1:15.906,4.0,1:16.087,4.0,75.823,2.0,1:15.822,75.328,2.0,1:15.328,74.97,4.0,1:14.969,3.0,1.0,81.42883870967742,81.07384291725104,82.68914845161291,-1.2603097419354867,-1.1404015073363991,1.1404015073363991,85.0,332.0,39.5,19.0,2.0,17.0,12.0,8.6,6.714285714285714,7e9f0a33-0402-4cfa-8d35-48f1de5c230c,a1402642-75cf-4196-9db4-b0d5b458a6ae,32af326f-ab0a-4a12-9764-43f308e87476
b4a3b949-41e0-4e67-af04-93a629743a04,12.0,Lapped,18.0,1:21.009,,,17.0,1:17.129,16.0,1:16.923,18.0,76.854,18.0,1:16.853,,,,,,,12.0,6.0,82.94745901639344,82.64097586520947,82.68914845161291,0.2583105647805297,0.2337344127676445,-0.2337344127676445,44.99999999999999,347.0,32.0,2.0,15.0,-13.0,14.0,13.6,13.428571428571429,7e9f0a33-0402-4cfa-8d35-48f1de5c230c,60b02cb4-9e82-4955-bed9-7b8d40b28266,9ce8fc06-61f2-4c19-8be7-5c070425fd4c
a8f5fb73-16bc-4957-b3a4-a1d603f78fc7,2.0,Finished,3.0,1:19.993,8.0,1:17.602,12.0,1:16.980,2.0,1:15.828,3.0,75.915,5.0,1:15.915,75.371,4.0,1:15.370,74.837,3.0,1:14.837,2.0,1.0,81.32601612903225,81.15118536562295,82.68914845161291,-1.363132322580654,-1.2334413546487668,1.2334413546487668,95.0,330.0,38.5,20.0,7.0,13.0,2.0,3.4,3.4285714285714284,7e9f0a33-0402-4cfa-8d35-48f1de5c230c,b34c803f-2e33-48a4-bffb-499598604cf9,d3cdf2e4-9756-4de7-8fee-cb87fb530b7f
91e639b8-e8a3-4d50-8288-ad7275aea2cc,14.0,Lapped,12.0,1:21.304,14.0,1:18.611,14.0,1:17.007,8.0,1:16.480,12.0,76.361,11.0,1:16.361,75.906,12.0,1:15.906,,,,14.0,-2.0,83.26573770491804,84.0195213114754,82.68914845161291,0.57658925330513,0.5217314694190451,-0.5217314694190451,25.0,336.0,39.0,17.0,5.0,12.0,13.666666666666666,13.4,14.0,7e9f0a33-0402-4cfa-8d35-48f1de5c230c,93895c43-2842-47df-b7de-f86110fd54b7,71e83a22-c17b-480d-93f1-bcc6e31859e2
bda8ef52-2edb-49b4-a963-808cded6bc4c,8.0,Finished,11.0,1:19.686,4.0,1:17.233,8.0,1:16.552,12.0,1:16.631,11.0,76.404,12.0,1:16.403,75.706,11.0,1:15.706,,,,8.0,3.0,82.11698387096776,81.59158966973887,82.68914845161291,-0.5721645806451505,-0.5177277684215732,0.5177277684215732,60.0,343.0,23.5,5.0,18.0,-13.0,13.666666666666666,10.0,10.285714285714286,7e9f0a33-0402-4cfa-8d35-48f1de5c230c,d162e0ad-1954-4454-a548-630421348097,c4170884-4736-4883-a3a4-eb449318ace9
70cfa342-68c9-4101-87b2-ee3388dcaed2,4.0,Finished,2.0,1:19.906,9.0,1:17.807,2.0,1:16.097,1.0,1:15.528,2.0,75.94,6.0,1:15.939,75.407,5.0,1:15.406,74.82,2.0,1:14.819,4.0,-2.0,81.5106129032258,81.19233800841515,82.68914845161291,-1.178535548387103,-1.0664074640621,1.0664074640621,80.0,340.0,39.0,9.0,5.0,4.0,4.333333333333333,4.6,4.0,7e9f0a33-0402-4cfa-8d35-48f1de5c230c,d31df4d0-71a1-40fc-bf79-61af13e1acd7,d3cdf2e4-9756-4de7-8fee-cb87fb530b7f
8223207a-5118-4bf3-a01c-0fafaed4fee1,13.0,Lapped,9.0,1:21.569,13.0,1:18.141,11.0,1:16.966,11.0,1:16.560,9.0,76.06,9.0,1:16.060,75.691,10.0,1:15.691,75.674,9.0,1:15.674,13.0,-4.0,83.00921311475409,85.61749999999999,82.68914845161291,0.3200646631411814,0.2896131102904734,-0.2896131102904734,35.0,340.0,39.5,9.0,2.0,7.0,11.0,11.2,11.571428571428571,7e9f0a33-0402-4cfa-8d35-48f1de5c230c,fd659e25-4851-44ca-a1fd-4d65095a5693,c9a9c6fa-3f8f-4291-96b9-be6320767395
e6c867c6-28ef-48e9-8281-2576eba62594,7.0,Finished,6.0,1:18.588,2.0,1:17.093,5.0,1:16.311,5.0,1:16.094,6.0,76.107,10.0,1:16.106,75.671,8.0,1:15.671,75.234,6.0,1:15.233,7.0,-1.0,82.03077419354838,82.46438645161291,82.68914845161291,-0.6583742580645264,-0.5957352953054474,0.5957352953054474,65.0,336.0,26.333333333333332,17.0,16.0,1.0,9.666666666666666,10.8,10.571428571428571,7e9f0a33-0402-4cfa-8d35-48f1de5c230c,36fa31f7-12df-4f79-8de7-63098bfb8a5b,da619921-fbb3-4efc-8926-5c847f4f3436
4426eaec-276c-4194-9796-0ba105ffccef,5.0,Finished,5.0,1:20.219,3.0,1:17.120,6.0,1:16.423,3.0,1:16.066,5.0,76.015,7.0,1:16.015,75.512,6.0,1:15.512,75.233,5.0,1:15.233,5.0,0.0,81.65206451612903,81.28125616698291,82.68914845161291,-1.037083935483878,-0.938413823131996,0.938413823131996,75.0,337.0,39.5,15.0,2.0,13.0,8.666666666666666,7.0,7.714285714285714,7e9f0a33-0402-4cfa-8d35-48f1de5c230c,258793ad-e101-47d1-8409-93edc1c8bdd5,32af326f-ab0a-4a12-9764-43f308e87476
4447ef03-b480-4aa2-9ca8-052ad4e3d921,17.0,Lapped,20.0,1:21.228,18.0,1:19.900,20.0,1:17.847,15.0,1:16.793,20.0,,,,,,,,,,17.0,3.0,83.33159016393441,83.86872950819671,82.68914845161291,0.6424417123214994,0.581318601871696,-0.581318601871696,19.999999999999996,345.0,38.5,4.0,7.0,-3.0,15.666666666666666,16.8,16.8,7e9f0a33-0402-4cfa-8d35-48f1de5c230c,6d1c7b33-b9da-42ee-b80a-b144e7a3efb4,d7558695-fc23-4e4a-8247-3e810f9397f8
247cc0a0-dcac-43df-8418-48ae572145ce,9.0,Finished,13.0,1:20.569,12.0,1:18.072,13.0,1:16.990,9.0,1:16.543,13.0,76.458,13.0,1:16.457,75.992,13.0,1:15.992,,,,9.0,4.0,82.48924193548388,82.1834818548387,82.68914845161291,-0.1999065161290332,-0.1808870349362,0.1808870349362,55.00000000000001,341.0,38.5,7.0,7.0,0.0,9.0,9.6,10.428571428571429,7e9f0a33-0402-4cfa-8d35-48f1de5c230c,bbe763bf-f205-4c4a-b485-51cc69248b5a,eb14f5b8-34b7-42db-ba17-1d847b0fc6ee
47abf161-7be4-49fe-a86b-18851a65e849,10.0,Lapped,7.0,1:20.936,6.0,1:17.388,3.0,1:16.286,13.0,1:16.668,7.0,75.894,4.0,1:15.894,75.358,3.0,1:15.358,75.465,7.0,1:15.465,10.0,-3.0,82.86642622950819,82.98090322580643,82.68914845161291,0.1772777778952843,0.1604112373348442,-0.1604112373348442,50.0,341.0,38.0,7.0,11.0,-4.0,13.666666666666666,14.2,14.0,7e9f0a33-0402-4cfa-8d35-48f1de5c230c,329fcd08-b140-4524-8bbd-d944b5c5dd1b,c9a9c6fa-3f8f-4291-96b9-be6320767395
dd9242ad-c309-4a1f-9f85-98a6dc253663,1.0,Finished,1.0,1:20.365,5.0,1:17.239,7.0,1:16.447,6.0,1:16.365,1.0,75.762,1.0,1:15.762,75.176,1.0,1:15.176,74.746,1.0,1:14.745,1.0,0.0,81.32856451612902,92.042,82.68914845161291,-1.3605839354838878,-1.2311354258840128,1.2311354258840128,90.0,338.0,36.0,12.0,14.0,-2.0,1.6666666666666667,2.0,4.857142857142857,7e9f0a33-0402-4cfa-8d35-48f1de5c230c,4e5380ac-3832-409c-a269-05f3091fe4e2,c4170884-4736-4883-a3a4-eb449318ace9
3ed7d95f-7034-498b-9e5e-e8cdfd1bffcf,15.0,Lapped,17.0,1:21.016,17.0,1:19.129,19.0,1:17.605,20.0,1:17.891,17.0,76.834,17.0,1:16.834,,,,,,,15.0,2.0,83.23613114754099,83.35845919654118,82.68914845161291,0.5469826959280795,0.4949417354858782,-0.4949417354858782,30.000000000000004,346.0,38.0,3.0,11.0,-8.0,17.666666666666668,16.6,16.0,7e9f0a33-0402-4cfa-8d35-48f1de5c230c,b59a380d-034d-42f5-b7c2-0c866052304b,d8d93e26-d576-42e2-9a6b-e428bcb6bf68
7337defd-7e76-4061-9c12-260f119fd113,14.0,Lapped,13.0,1:23.930,14.0,1:19.793,9.0,1:18.513,7.0,1:16.661,13.0,77.28,5.0,1:17.280,76.429,13.0,1:16.429,,,,14.0,-1.0,85.66938235294117,88.32538842203547,85.05505938432438,0.6143229686167899,0.7902735857588424,-0.7902735857588424,30.000000000000004,326.0,26.0,2.0,5.0,-3.0,17.0,14.4,13.428571428571429,1cb7809c-4efe-4481-99b1-e0c27606380c,00572d64-eb7e-4295-89f6-63bf98e32dd4,d7558695-fc23-4e4a-8247-3e810f9397f8
87f65df3-af1c-40d8-9588-fb6933ab60f8,11.0,Finished,7.0,1:23.063,13.0,1:19.686,10.0,1:18.519,14.0,1:17.001,7.0,77.624,12.0,1:17.623,76.117,7.0,1:16.117,76.043,7.0,1:16.043,11.0,-4.0,85.10975362318838,84.87887185354693,85.05505938432438,0.0546942388640019,0.0703594273297762,-0.0703594273297762,44.99999999999999,325.0,25.666666666666668,3.0,10.0,-7.0,11.666666666666666,10.2,9.428571428571429,1cb7809c-4efe-4481-99b1-e0c27606380c,5d03531f-db77-4857-b87a-f8bcff470727,eb14f5b8-34b7-42db-ba17-1d847b0fc6ee
24a377ed-bc7a-42f5-b2c3-85038f26e3b1,16.0,Lapped,12.0,1:22.792,15.0,1:19.804,11.0,1:18.585,12.0,1:16.804,12.0,77.487,10.0,1:17.486,76.384,12.0,1:16.384,,,,16.0,-4.0,85.76423529411765,85.50059477124184,85.05505938432438,0.7091759097932737,0.9122937246315465,-0.9122937246315465,25.0,323.0,24.333333333333332,11.0,16.0,-5.0,16.666666666666668,16.0,16.428571428571427,1cb7809c-4efe-4481-99b1-e0c27606380c,b71aeceb-a2f8-4b55-b919-3faa52663eec,d8d93e26-d576-42e2-9a6b-e428bcb6bf68
25696d54-f2ef-42f6-9db6-4127cd38ad23,20.0,Retired,20.0,1:23.340,17.0,1:19.975,16.0,1:18.888,18.0,1:17.498,20.0,78.166,20.0,1:18.165,,,,,,,20.0,0.0,86.27053125000002,86.925625,85.05505938432438,1.2154718656756387,1.563599863178263,-1.563599863178263,0.0,321.0,38.0,15.0,1.0,14.0,11.333333333333334,13.4,13.857142857142858,1cb7809c-4efe-4481-99b1-e0c27606380c,9218ccac-0d8c-4836-9f4b-082a2c542f68,71e83a22-c17b-480d-93f1-bcc6e31859e2
010febdb-d4e7-4afe-ae4a-60a23dffaaa3,3.0,Finished,5.0,1:22.153,10.0,1:19.287,7.0,1:18.362,10.0,1:16.786,5.0,77.087,3.0,1:17.087,76.307,10.0,1:16.307,75.854,5.0,1:15.853,3.0,2.0,84.15402898550724,83.92830911680912,85.05505938432438,-0.9010303988171416,-1.1590979997935262,1.1590979997935262,85.0,315.0,26.0,19.0,5.0,14.0,6.0,4.0,5.142857142857143,1cb7809c-4efe-4481-99b1-e0c27606380c,d71626b8-a508-4371-a966-503f36ebb8d0,da619921-fbb3-4efc-8926-5c847f4f3436
b8f6282f-1a07-4468-a9c3-59d589ac87f8,13.0,Lapped,11.0,1:23.460,,,15.0,1:18.790,8.0,1:16.695,11.0,77.362,6.0,1:17.361,76.317,11.0,1:16.316,,,,13.0,-2.0,85.57723529411766,85.3107408412483,85.05505938432438,0.5221759097932761,0.6717343314679701,-0.6717343314679701,35.0,324.0,26.333333333333332,7.0,3.0,4.0,11.0,11.4,12.0,1cb7809c-4efe-4481-99b1-e0c27606380c,d54daa60-c444-4ecb-a83e-c157cdf43e67,9ce8fc06-61f2-4c19-8be7-5c070425fd4c
c0bd265f-5bcd-4b99-af40-87e52588efc4,4.0,Finished,6.0,1:22.182,3.0,1:19.010,18.0,1:19.286,11.0,1:16.802,6.0,77.437,9.0,1:17.436,75.891,5.0,1:15.891,75.905,6.0,1:15.905,4.0,2.0,84.20952173913044,83.91782951251646,85.05505938432438,-0.8455376451939429,-1.0877113520043675,1.0877113520043675,80.0,319.0,25.0,16.0,13.0,3.0,8.333333333333334,8.4,6.857142857142857,1cb7809c-4efe-4481-99b1-e0c27606380c,a1402642-75cf-4196-9db4-b0d5b458a6ae,32af326f-ab0a-4a12-9764-43f308e87476
ebc1d90c-8ffd-49ed-8933-bda2ced24a32,15.0,Lapped,15.0,1:23.552,19.0,1:20.295,6.0,1:18.314,19.0,1:17.507,15.0,77.851,15.0,1:17.850,76.548,15.0,1:16.548,,,,15.0,0.0,85.78608823529412,85.63212077294685,85.05505938432438,0.7310288509697358,0.9404056511997234,-0.9404056511997234,19.999999999999996,323.0,25.333333333333332,11.0,11.0,0.0,14.0,13.6,12.857142857142858,1cb7809c-4efe-4481-99b1-e0c27606380c,60b02cb4-9e82-4955-bed9-7b8d40b28266,9ce8fc06-61f2-4c19-8be7-5c070425fd4c
73b25b41-2265-4c28-8c7e-0c8605ad5b4a,2.0,Finished,1.0,1:21.712,6.0,1:19.210,1.0,1:17.787,1.0,1:16.097,1.0,77.755,13.0,1:17.754,75.54,1.0,1:15.540,75.227,1.0,1:15.227,2.0,-1.0,83.98175362318841,85.82826890018194,85.05505938432438,-1.0733057611359698,-1.3807154148547724,1.3807154148547724,95.0,318.0,25.0,17.0,13.0,4.0,1.6666666666666667,2.6,3.2857142857142856,1cb7809c-4efe-4481-99b1-e0c27606380c,b34c803f-2e33-48a4-bffb-499598604cf9,d3cdf2e4-9756-4de7-8fee-cb87fb530b7f
633be1c0-fdcc-488a-ae98-47779786465a,18.0,Lapped,19.0,1:21.609,18.0,1:20.022,14.0,1:18.754,20.0,1:17.575,19.0,78.049,19.0,1:18.049,,,,,,,18.0,1.0,85.97804411764706,85.76890170940172,85.05505938432438,0.9229847333226786,1.187340360146265,-1.187340360146265,9.999999999999998,324.0,19.75,7.0,19.0,-12.0,13.0,12.8,13.714285714285714,1cb7809c-4efe-4481-99b1-e0c27606380c,93895c43-2842-47df-b7de-f86110fd54b7,71e83a22-c17b-480d-93f1-bcc6e31859e2
9dce7a07-96db-48b0-b4d3-8251058048d7,7.0,Finished,16.0,1:21.096,11.0,1:19.439,4.0,1:18.254,13.0,1:16.953,16.0,77.886,16.0,1:17.885,,,,,,,7.0,9.0,84.41072463768116,83.10530086580086,85.05505938432438,-0.6443347466432243,-0.8288811531909233,0.8288811531909233,65.0,325.0,23.666666666666668,3.0,18.0,-15.0,10.666666666666666,11.2,10.714285714285714,1cb7809c-4efe-4481-99b1-e0c27606380c,d162e0ad-1954-4454-a548-630421348097,c4170884-4736-4883-a3a4-eb449318ace9
5b771d63-23e2-4adb-8d65-ce239b959505,1.0,Finished,2.0,1:21.715,7.0,1:19.248,13.0,1:18.617,2.0,1:16.141,2.0,77.504,11.0,1:17.504,75.785,3.0,1:15.784,75.249,2.0,1:15.248,1.0,1.0,83.98902898550723,85.54091118421054,85.05505938432438,-1.0660303988171478,-1.3713562878790453,1.3713562878790453,90.0,317.0,26.333333333333332,18.0,3.0,15.0,4.333333333333333,3.8,4.0,1cb7809c-4efe-4481-99b1-e0c27606380c,d31df4d0-71a1-40fc-bf79-61af13e1acd7,d3cdf2e4-9756-4de7-8fee-cb87fb530b7f
8d081def-115b-412e-b2af-8dae94a1c8dd,12.0,Lapped,9.0,1:22.640,12.0,1:19.578,8.0,1:18.370,6.0,1:16.652,9.0,77.05,1.0,1:17.049,76.202,9.0,1:16.201,76.447,9.0,1:16.447,12.0,-3.0,85.37623529411766,84.7328125,85.05505938432438,0.3211759097932827,0.4131651441638105,-0.4131651441638105,40.0,322.0,26.0,13.0,5.0,8.0,11.0,11.2,11.714285714285714,1cb7809c-4efe-4481-99b1-e0c27606380c,fd659e25-4851-44ca-a1fd-4d65095a5693,c9a9c6fa-3f8f-4291-96b9-be6320767395
6384988f-1bf8-4b5c-90b0-959b35dbc39f,8.0,Finished,17.0,1:20.305,4.0,1:19.137,5.0,1:18.293,4.0,1:16.563,17.0,77.968,17.0,1:17.968,,,,,,,8.0,9.0,84.4556811594203,84.56653019323672,85.05505938432438,-0.5993782249040862,-0.7710484602052958,0.7710484602052958,60.0,328.0,24.333333333333332,1.0,16.0,-15.0,5.666666666666667,11.2,9.142857142857142,1cb7809c-4efe-4481-99b1-e0c27606380c,36fa31f7-12df-4f79-8de7-63098bfb8a5b,da619921-fbb3-4efc-8926-5c847f4f3436
18f530a8-4d49-42b7-a727-bcb2f1e7f27a,6.0,Finished,4.0,1:21.441,1.0,1:18.712,3.0,1:18.185,5.0,1:16.638,4.0,77.244,4.0,1:17.243,75.885,4.0,1:15.885,75.696,4.0,1:15.695,6.0,-2.0,84.24195652173914,84.04822173138028,85.05505938432438,-0.8131028625852394,-1.0459867978774031,1.0459867978774031,75.0,325.0,24.666666666666668,3.0,15.0,-12.0,8.666666666666666,7.4,8.285714285714286,1cb7809c-4efe-4481-99b1-e0c27606380c,258793ad-e101-47d1-8409-93edc1c8bdd5,32af326f-ab0a-4a12-9764-43f308e87476
0ed9d24a-c2c0-47ca-8756-8f61c5b5cfec,17.0,Lapped,14.0,1:20.561,16.0,1:19.885,12.0,1:18.611,16.0,1:17.168,14.0,77.77,14.0,1:17.769,76.543,14.0,1:16.543,,,,17.0,-3.0,85.83760294117648,87.92784411764707,85.05505938432438,0.7825435568521044,1.0066748832107548,-1.0066748832107548,15.000000000000002,324.0,19.75,7.0,19.0,-12.0,17.666666666666668,16.2,16.833333333333332,1cb7809c-4efe-4481-99b1-e0c27606380c,6d1c7b33-b9da-42ee-b80a-b144e7a3efb4,d7558695-fc23-4e4a-8247-3e810f9397f8
53d652ca-6968-4a69-818e-4281c053777a,10.0,Finished,8.0,1:22.337,9.0,1:19.265,17.0,1:19.179,15.0,1:17.084,8.0,77.405,7.0,1:17.405,76.075,6.0,1:16.075,76.244,8.0,1:16.243,10.0,-2.0,85.03108695652175,84.26681240981242,85.05505938432438,-0.0239724278026329,-0.0308384635553962,0.0308384635553962,50.0,325.0,25.333333333333332,3.0,11.0,-8.0,9.666666666666666,9.4,10.857142857142858,1cb7809c-4efe-4481-99b1-e0c27606380c,bbe763bf-f205-4c4a-b485-51cc69248b5a,eb14f5b8-34b7-42db-ba17-1d847b0fc6ee
8f5741b0-b423-4e84-85c2-0b32eb556821,9.0,Finished,10.0,1:23.533,8.0,1:19.260,19.0,1:19.605,9.0,1:16.743,10.0,77.436,8.0,1:17.436,76.121,8.0,1:16.120,76.477,10.0,1:16.477,9.0,1.0,84.98843478260869,84.9912013928101,85.05505938432438,-0.0666246017156879,-0.0857068115427329,0.0857068115427329,55.00000000000001,315.0,37.5,19.0,2.0,17.0,13.666666666666666,13.4,14.428571428571429,1cb7809c-4efe-4481-99b1-e0c27606380c,329fcd08-b140-4524-8bbd-d944b5c5dd1b,c9a9c6fa-3f8f-4291-96b9-be6320767395
46ed2726-726a-44f7-a17b-b6eb2eb6895c,5.0,Finished,3.0,1:20.908,2.0,1:18.989,2.0,1:18.031,3.0,1:16.379,3.0,77.087,2.0,1:17.087,75.77,2.0,1:15.769,75.273,3.0,1:15.272,5.0,-2.0,84.27539130434783,86.34589855072464,85.05505938432438,-0.7796680799765454,-1.002975829883266,1.002975829883266,70.0,324.0,26.0,7.0,5.0,2.0,1.3333333333333333,2.0,2.2857142857142856,1cb7809c-4efe-4481-99b1-e0c27606380c,4e5380ac-3832-409c-a269-05f3091fe4e2,c4170884-4736-4883-a3a4-eb449318ace9
436b8b63-d2a8-4e53-9819-25e13b55dd5d,19.0,Lapped,18.0,1:23.486,5.0,1:19.180,20.0,1:20.066,17.0,1:17.290,18.0,78.037,18.0,1:18.037,,,,,,,19.0,-1.0,85.99447058823529,86.40445033582441,85.05505938432438,0.9394112039109076,1.208471599699868,-1.208471599699868,5.000000000000004,322.0,26.0,13.0,5.0,8.0,16.666666666666668,17.4,16.0,1cb7809c-4efe-4481-99b1-e0c27606380c,b59a380d-034d-42f5-b7c2-0c866052304b,d8d93e26-d576-42e2-9a6b-e428bcb6bf68
a690eeb7-5da9-4db7-b1ed-3f94efb500af,9.0,Finished,9.0,1:23.918,8.0,1:22.219,13.0,1:21.591,8.0,1:20.596,9.0,80.542,8.0,1:20.542,80.314,9.0,1:20.313,80.299,9.0,1:20.299,9.0,0.0,85.6965,85.62562675585284,85.85752034313725,-0.1610203431372525,-0.1258795388864745,0.1258795388864745,50.0,353.0,29.0,13.0,6.0,7.0,16.0,14.8,14.428571428571429,34d01286-1c41-47d6-a39e-e22fc39697a3,00572d64-eb7e-4295-89f6-63bf98e32dd4,d7558695-fc23-4e4a-8247-3e810f9397f8
399b3cc0-dfc6-428c-a2f5-40bd04e6ad81,11.0,Finished,11.0,1:22.944,10.0,1:22.314,9.0,1:21.316,11.0,1:20.968,11.0,80.617,10.0,1:20.617,80.421,11.0,1:20.421,,,,11.0,0.0,85.70790384615384,86.4803980836237,85.85752034313725,-0.1496164969834126,-0.1169644486102474,0.1169644486102474,44.99999999999999,355.0,21.333333333333332,9.0,13.0,-4.0,13.333333333333334,10.8,10.142857142857142,34d01286-1c41-47d6-a39e-e22fc39697a3,5d03531f-db77-4857-b87a-f8bcff470727,eb14f5b8-34b7-42db-ba17-1d847b0fc6ee
eca379ff-171a-4bdd-b563-9b86e2357d2b,16.0,Lapped,19.0,1:23.608,5.0,1:22.126,11.0,1:21.460,19.0,1:21.356,19.0,81.101,19.0,1:21.100,,,,,,,16.0,3.0,86.50123529411765,86.2752324929972,85.85752034313725,0.6437149509803959,0.5032317011936309,-0.5032317011936309,19.999999999999996,353.0,26.5,13.0,7.0,6.0,17.666666666666668,16.2,16.428571428571427,34d01286-1c41-47d6-a39e-e22fc39697a3,b71aeceb-a2f8-4b55-b919-3faa52663eec,d8d93e26-d576-42e2-9a6b-e428bcb6bf68
d876cafb-0373-4bcb-85bd-f7ab223d1d68,12.0,Finished,18.0,1:23.727,18.0,1:22.879,17.0,1:21.784,9.0,1:20.905,18.0,81.061,18.0,1:21.061,,,,,,,12.0,6.0,85.88750000000002,85.82780192307693,85.85752034313725,0.0299796568627641,0.0234369478311364,-0.0234369478311364,35.0,359.0,26.0,3.0,8.0,-5.0,13.5,13.5,13.5,34d01286-1c41-47d6-a39e-e22fc39697a3,217ff409-a898-4f8b-9323-7763902509c9,d7558695-fc23-4e4a-8247-3e810f9397f8
dba57cce-482b-4997-8d2c-d4584c429a7c,15.0,Lapped,14.0,1:23.754,14.0,1:22.763,18.0,1:21.819,14.0,1:21.155,14.0,80.748,11.0,1:20.748,80.738,14.0,1:20.737,,,,15.0,-1.0,86.35682352941177,86.90925770308124,85.85752034313725,0.499303186274517,0.3903361129916924,-0.3903361129916924,25.0,351.0,19.333333333333332,16.0,18.0,-2.0,15.0,14.8,15.0,34d01286-1c41-47d6-a39e-e22fc39697a3,9218ccac-0d8c-4836-9f4b-082a2c542f68,71e83a22-c17b-480d-93f1-bcc6e31859e2
aed46c9d-b7f7-4002-897c-ebff757c7f8b,5.0,Finished,6.0,1:21.512,7.0,1:22.213,1.0,1:20.737,1.0,1:20.117,6.0,80.477,7.0,1:20.477,79.641,1.0,1:19.641,79.513,6.0,1:19.513,5.0,1.0,84.88217307692307,88.98751923076924,85.85752034313725,-0.975347266214186,-0.7624891472288795,0.7624891472288795,75.0,346.0,21.333333333333332,19.0,13.0,6.0,5.666666666666667,4.4,4.285714285714286,34d01286-1c41-47d6-a39e-e22fc39697a3,d71626b8-a508-4371-a966-503f36ebb8d0,da619921-fbb3-4efc-8926-5c847f4f3436
fe7712af-17f7-4268-a06d-ce37f8c0b831,17.0,Lapped,10.0,1:23.275,19.0,1:23.156,7.0,1:21.140,10.0,1:20.942,10.0,80.781,13.0,1:20.781,80.411,10.0,1:20.411,80.339,10.0,1:20.338,17.0,-7.0,86.58976470588235,86.83037791286728,85.85752034313725,0.7322443627450923,0.5724406055699663,-0.5724406055699663,15.000000000000002,363.0,16.333333333333332,1.0,19.0,-18.0,11.666666666666666,10.4,12.285714285714286,34d01286-1c41-47d6-a39e-e22fc39697a3,d54daa60-c444-4ecb-a83e-c157cdf43e67,9ce8fc06-61f2-4c19-8be7-5c070425fd4c
eb0885e6-0cb6-4f06-a305-8a93924a88d9,1.0,Finished,4.0,1:23.225,2.0,1:21.903,5.0,1:20.891,3.0,1:20.225,4.0,80.074,2.0,1:20.073,80.007,7.0,1:20.007,79.461,4.0,1:19.460,1.0,3.0,84.47207692307691,85.32909615384617,85.85752034313725,-1.3854434200603407,-1.0830866179550962,1.0830866179550962,95.0,347.0,31.5,18.0,2.0,16.0,3.3333333333333335,8.6,7.142857142857143,34d01286-1c41-47d6-a39e-e22fc39697a3,a1402642-75cf-4196-9db4-b0d5b458a6ae,32af326f-ab0a-4a12-9764-43f308e87476
a8d1aa91-e969-402e-b3cd-947f25c7d6c1,10.0,Finished,13.0,1:23.436,11.0,1:22.572,12.0,1:21.498,16.0,1:21.207,13.0,80.856,14.0,1:20.855,80.698,13.0,1:20.697,,,,10.0,3.0,85.48265384615385,85.12188970588234,85.85752034313725,-0.374866496983401,-0.2930562739146308,0.2930562739146308,55.00000000000001,357.0,24.5,4.0,10.0,-6.0,15.0,13.8,13.571428571428571,34d01286-1c41-47d6-a39e-e22fc39697a3,60b02cb4-9e82-4955-bed9-7b8d40b28266,9ce8fc06-61f2-4c19-8be7-5c070425fd4c
2b3ef5a7-69d4-433f-972e-93e3eb05c6c1,3.0,Finished,1.0,1:21.432,3.0,1:21.917,2.0,1:20.740,5.0,1:20.262,1.0,79.911,1.0,1:19.911,79.727,3.0,1:19.727,79.327,1.0,1:19.326,3.0,-2.0,84.57517307692306,86.81616783216784,85.85752034313725,-1.2823472662141882,-1.002489992371827,1.002489992371827,85.0,355.0,21.333333333333332,9.0,13.0,-4.0,1.6666666666666667,2.0,3.0,34d01286-1c41-47d6-a39e-e22fc39697a3,b34c803f-2e33-48a4-bffb-499598604cf9,d3cdf2e4-9756-4de7-8fee-cb87fb530b7f
11cfd7c6-6a99-4d4b-a77d-e200c818b730,14.0,Lapped,15.0,1:24.343,17.0,1:22.879,19.0,1:21.867,17.0,1:21.257,15.0,80.764,12.0,1:20.763,80.766,15.0,1:20.766,,,,14.0,1.0,86.23439215686274,86.38069117647059,85.85752034313725,0.3768718137254865,0.2946239537611448,-0.2946239537611448,30.000000000000004,357.0,29.5,4.0,5.0,-1.0,15.666666666666666,14.6,14.142857142857142,34d01286-1c41-47d6-a39e-e22fc39697a3,93895c43-2842-47df-b7de-f86110fd54b7,71e83a22-c17b-480d-93f1-bcc6e31859e2
81282c27-a2eb-4940-9dc3-73ec7ea57896,8.0,Finished,8.0,1:22.971,9.0,1:22.311,15.0,1:21.677,18.0,1:21.287,8.0,80.598,9.0,1:20.597,80.216,8.0,1:20.215,80.062,8.0,1:20.061,8.0,0.0,85.44571153846154,84.64173251748251,85.85752034313725,-0.4118088046757151,-0.3219363555683315,0.3219363555683315,60.0,354.0,20.333333333333332,11.0,16.0,-5.0,7.0,11.2,9.285714285714286,34d01286-1c41-47d6-a39e-e22fc39697a3,d162e0ad-1954-4454-a548-630421348097,c4170884-4736-4883-a3a4-eb449318ace9
947cb1de-60dd-44ed-84fd-ec29b84b33f9,2.0,Finished,2.0,1:21.942,6.0,1:22.198,4.0,1:20.858,4.0,1:20.251,2.0,80.076,3.0,1:20.075,79.808,5.0,1:19.808,79.436,2.0,1:19.436,2.0,0.0,84.534,86.07253153153154,85.85752034313725,-1.3235203431372469,-1.034677527416353,1.034677527416353,90.0,354.0,22.0,11.0,11.0,0.0,3.0,3.6,4.0,34d01286-1c41-47d6-a39e-e22fc39697a3,d31df4d0-71a1-40fc-bf79-61af13e1acd7,d3cdf2e4-9756-4de7-8fee-cb87fb530b7f
442b3e1c-48ba-4691-9524-bc4f2cc966e4,13.0,Finished,12.0,1:24.218,12.0,1:22.605,8.0,1:21.299,12.0,1:21.076,12.0,80.901,15.0,1:20.900,80.479,12.0,1:20.478,,,,13.0,-1.0,85.8860576923077,85.7413142857143,85.85752034313725,0.028537349170449,0.0223094069024335,-0.0223094069024335,40.0,360.0,25.0,2.0,9.0,-7.0,12.333333333333334,11.6,11.571428571428571,34d01286-1c41-47d6-a39e-e22fc39697a3,fd659e25-4851-44ca-a1fd-4d65095a5693,c9a9c6fa-3f8f-4291-96b9-be6320767395
cc335ce8-fd75-44b7-a9b9-541dd8e956ac,7.0,Finished,3.0,1:22.036,,,6.0,1:21.085,2.0,1:20.209,3.0,80.169,5.0,1:20.168,79.877,6.0,1:19.876,79.44,3.0,1:19.439,7.0,-4.0,85.17173076923078,85.61599267399266,85.85752034313725,-0.6857895739064759,-0.5361240303836308,0.5361240303836308,65.0,356.0,21.666666666666668,7.0,12.0,-5.0,7.333333333333333,8.8,9.857142857142858,34d01286-1c41-47d6-a39e-e22fc39697a3,36fa31f7-12df-4f79-8de7-63098bfb8a5b,da619921-fbb3-4efc-8926-5c847f4f3436
0a7fe47d-ebe1-4358-9a23-e1dabd6712bb,4.0,Finished,5.0,1:23.218,4.0,1:22.126,3.0,1:20.840,7.0,1:20.462,5.0,80.149,4.0,1:20.149,79.799,4.0,1:19.799,79.467,5.0,1:19.466,4.0,1.0,84.75005769230769,84.69765504807691,85.85752034313725,-1.1074626508295609,-0.8657718962975286,0.8657718962975286,80.0,349.0,31.5,17.0,2.0,15.0,5.333333333333333,7.4,6.571428571428571,34d01286-1c41-47d6-a39e-e22fc39697a3,258793ad-e101-47d1-8409-93edc1c8bdd5,32af326f-ab0a-4a12-9764-43f308e87476
41e934f4-6480-4178-8b5d-1089da17819c,19.0,Lapped,17.0,1:22.231,16.0,1:22.864,10.0,1:21.362,15.0,1:21.156,17.0,81.013,17.0,1:21.013,,,,,,,19.0,-2.0,86.83186274509802,85.3318,85.85752034313725,0.9743424019607688,0.7617035828312441,-0.7617035828312441,5.000000000000004,356.0,11.25,7.0,20.0,-13.0,10.666666666666666,9.2,9.571428571428571,34d01286-1c41-47d6-a39e-e22fc39697a3,bbe763bf-f205-4c4a-b485-51cc69248b5a,eb14f5b8-34b7-42db-ba17-1d847b0fc6ee
a5873ed5-c6f3-4dd5-894f-29fb06decd0e,20.0,Retired,16.0,1:26.197,13.0,1:22.713,16.0,1:21.734,13.0,1:21.141,16.0,80.945,16.0,1:20.944,,,,,,,20.0,-4.0,90.239,100.319,85.85752034313725,4.381479656862737,3.42527303134749,-3.42527303134749,0.0,357.0,43.0,4.0,1.0,3.0,12.0,12.0,12.857142857142858,34d01286-1c41-47d6-a39e-e22fc39697a3,329fcd08-b140-4524-8bbd-d944b5c5dd1b,c9a9c6fa-3f8f-4291-96b9-be6320767395
5f9551c3-e619-4676-af51-a284cb503971,6.0,Finished,7.0,1:21.745,1.0,1:21.676,14.0,1:21.609,6.0,1:20.367,7.0,80.226,6.0,1:20.225,79.662,2.0,1:19.662,80.022,7.0,1:20.022,6.0,1.0,85.15971153846155,84.54376081730769,85.85752034313725,-0.6978088046757023,-0.5455202047894367,0.5455202047894367,70.0,345.0,20.333333333333332,20.0,16.0,4.0,2.6666666666666665,2.2,2.2857142857142856,34d01286-1c41-47d6-a39e-e22fc39697a3,4e5380ac-3832-409c-a269-05f3091fe4e2,c4170884-4736-4883-a3a4-eb449318ace9
3f665abf-8cf2-4d93-8475-46f33afcaccc,18.0,Lapped,20.0,1:25.091,15.0,1:22.853,20.0,1:22.222,20.0,1:22.034,20.0,81.445,20.0,1:21.444,,,,,,,18.0,2.0,86.74607843137257,86.58938709677422,85.85752034313725,0.8885580882353139,0.6946406909937304,-0.6946406909937304,9.999999999999998,352.0,30.0,15.0,4.0,11.0,18.0,17.4,16.714285714285715,34d01286-1c41-47d6-a39e-e22fc39697a3,b59a380d-034d-42f5-b7c2-0c866052304b,d8d93e26-d576-42e2-9a6b-e428bcb6bf68
0f0ac0e0-dc6d-4018-a7dc-dcbb82c9e372,,,14.0,,12.0,1:31.942,,,11.0,1:30.533,14.0,89.963,15.0,1:29.962,89.714,14.0,1:29.713,,,,20.0,-6.0,,,,,,,,,,,,,14.333333333333334,14.8,13.571428571428571,96d91896-ab88-4528-ad3a-ba1f438cc0fc,00572d64-eb7e-4295-89f6-63bf98e32dd4,b3f66b7a-d3e3-431b-9249-f6dd20ce6f7f
a4f86972-2e25-4c2d-b7ee-f3ded3cf0707,6.0,Finished,5.0,1:34.725,7.0,1:30.599,,,5.0,1:30.081,5.0,89.254,2.0,1:29.254,89.082,5.0,1:29.081,88.686,5.0,1:28.686,6.0,-1.0,130.1406153846154,172.61568755656106,135.780355817222,-5.639740432606601,-0.1886544268386973,0.1886544268386973,44.44444444444444,329.0,0.0,6.0,1.0,5.0,13.666666666666666,11.4,10.428571428571429,96d91896-ab88-4528-ad3a-ba1f438cc0fc,5d03531f-db77-4857-b87a-f8bcff470727,eb14f5b8-34b7-42db-ba17-1d847b0fc6ee
baf7f6e6-2ec4-4b63-adf9-b5c44796167e,14.0,Lapped,13.0,1:36.608,14.0,1:32.054,,,12.0,1:30.546,13.0,89.602,8.0,1:29.602,89.593,13.0,1:29.593,,,,14.0,-1.0,131.7200588235294,484.71133333333336,135.780355817222,-4.060296993692589,-0.1358206128975923,0.1358206128975923,22.22222222222222,325.0,0.0,14.0,1.0,13.0,16.666666666666668,16.4,16.0,96d91896-ab88-4528-ad3a-ba1f438cc0fc,b71aeceb-a2f8-4b55-b919-3faa52663eec,d8d93e26-d576-42e2-9a6b-e428bcb6bf68
2962a0a1-20a8-43fe-a680-88c2d4641047,16.0,Lapped,17.0,1:36.641,17.0,1:32.277,,,17.0,1:31.141,17.0,90.119,17.0,1:30.118,,,,,,,16.0,1.0,132.26292156862746,100.37380392156864,135.780355817222,-3.517434248594526,-0.1176613622632111,0.1176613622632111,11.111111111111116,327.0,0.0,9.0,1.0,8.0,17.0,13.8,14.571428571428571,96d91896-ab88-4528-ad3a-ba1f438cc0fc,9218ccac-0d8c-4836-9f4b-082a2c542f68,71e83a22-c17b-480d-93f1-bcc6e31859e2
d82c293e-16f2-4d3a-8cea-a58ecaa9d45d,9.0,Finished,7.0,1:33.951,5.0,1:30.543,2.0,1:35.225,4.0,1:30.037,7.0,89.661,9.0,1:29.661,88.887,3.0,1:28.887,88.766,7.0,1:28.766,9.0,-2.0,129.98992307692308,779.5146141025642,135.780355817222,-5.790432740298911,-0.1936952210519079,0.1936952210519079,55.55555555555556,325.0,0.0,14.0,1.0,13.0,4.666666666666667,5.2,4.0,96d91896-ab88-4528-ad3a-ba1f438cc0fc,d71626b8-a508-4371-a966-503f36ebb8d0,da619921-fbb3-4efc-8926-5c847f4f3436
31d5e480-4c09-4e8d-80b2-773afd9091cf,11.0,Lapped,12.0,1:35.325,13.0,1:31.957,,,16.0,1:31.138,12.0,89.821,14.0,1:29.820,89.494,12.0,1:29.493,,,,11.0,1.0,131.52707843137256,104.16953034547151,135.780355817222,-4.2532773858494295,-0.1422759818473702,0.1422759818473702,27.77777777777778,336.0,0.0,1.0,1.0,0.0,13.666666666666666,12.6,12.428571428571429,96d91896-ab88-4528-ad3a-ba1f438cc0fc,d54daa60-c444-4ecb-a83e-c157cdf43e67,9ce8fc06-61f2-4c19-8be7-5c070425fd4c
ed8f729f-518f-48fc-a37e-2a73fd9832d3,4.0,Finished,8.0,1:35.043,6.0,1:30.558,3.0,1:38.760,10.0,1:30.382,8.0,89.338,4.0,1:29.337,89.196,9.0,1:29.195,88.786,8.0,1:28.786,4.0,4.0,129.52971153846153,208.16186725774227,135.780355817222,-6.250644278760461,-0.2090897139457753,0.2090897139457753,83.33333333333334,327.0,0.0,9.0,1.0,8.0,2.6666666666666665,6.0,6.714285714285714,96d91896-ab88-4528-ad3a-ba1f438cc0fc,a1402642-75cf-4196-9db4-b0d5b458a6ae,32af326f-ab0a-4a12-9764-43f308e87476
8e9eb1e9-5637-45f2-9423-3ce302e03c9b,13.0,Lapped,18.0,1:36.653,19.0,1:32.802,,,20.0,1:31.462,18.0,90.131,18.0,1:30.131,,,,,,,13.0,5.0,131.30025490196078,98.747125,135.780355817222,-4.480100915261204,-0.1498634343987869,0.1498634343987869,33.333333333333336,334.0,0.0,2.0,1.0,1.0,12.333333333333334,13.4,13.285714285714286,96d91896-ab88-4528-ad3a-ba1f438cc0fc,60b02cb4-9e82-4955-bed9-7b8d40b28266,9ce8fc06-61f2-4c19-8be7-5c070425fd4c
fe44f459-6bc3-4bb8-8484-1685e9f94fba,5.0,Finished,3.0,1:35.186,10.0,1:31.239,,,6.0,1:30.137,3.0,89.536,7.0,1:29.536,88.94,4.0,1:28.939,88.489,3.0,1:28.489,5.0,-2.0,129.97144230769234,423.9102,135.780355817222,-5.808913509529646,-0.1943134195254768,0.1943134195254768,61.111111111111114,326.0,0.0,12.0,1.0,11.0,2.3333333333333335,2.0,2.5714285714285716,96d91896-ab88-4528-ad3a-ba1f438cc0fc,b34c803f-2e33-48a4-bffb-499598604cf9,d3cdf2e4-9756-4de7-8fee-cb87fb530b7f
835ff127-5a5b-4f99-bedc-8b3ff23d81e0,15.0,Lapped,15.0,1:36.231,11.0,1:31.935,,,14.0,1:31.022,15.0,89.811,13.0,1:29.811,89.816,15.0,1:29.816,,,,15.0,0.0,132.05001960784315,194.55698039215685,135.780355817222,-3.7303362093788337,-0.1247831257316824,0.1247831257316824,16.666666666666664,325.0,0.0,14.0,1.0,13.0,15.333333333333334,14.2,13.714285714285714,96d91896-ab88-4528-ad3a-ba1f438cc0fc,93895c43-2842-47df-b7de-f86110fd54b7,71e83a22-c17b-480d-93f1-bcc6e31859e2
2ad4aa35-01be-442c-aa5c-84fe9ccf09bf,2.0,Finished,2.0,1:33.944,2.0,1:30.236,,,2.0,1:29.831,2.0,89.303,3.0,1:29.302,88.752,2.0,1:28.751,88.263,2.0,1:28.263,2.0,0.0,129.67950000000002,97.4616965811966,135.780355817222,-6.100855817221969,-0.2040791542052565,0.2040791542052565,77.77777777777779,326.0,0.0,12.0,1.0,11.0,7.666666666666667,9.4,10.142857142857142,96d91896-ab88-4528-ad3a-ba1f438cc0fc,d162e0ad-1954-4454-a548-630421348097,c4170884-4736-4883-a3a4-eb449318ace9
edca2405-336a-435d-a54d-431a9e90c276,8.0,Finished,6.0,1:34.802,8.0,1:31.165,1.0,1:34.724,8.0,1:30.225,6.0,89.425,5.0,1:29.424,89.148,8.0,1:29.147,88.76,6.0,1:28.760,8.0,-2.0,130.12951923076926,275.89448824786325,135.780355817222,-5.650836586452726,-0.1890256032374996,0.1890256032374996,50.0,324.0,0.0,17.0,1.0,16.0,2.3333333333333335,3.2,3.142857142857143,96d91896-ab88-4528-ad3a-ba1f438cc0fc,d31df4d0-71a1-40fc-bf79-61af13e1acd7,d3cdf2e4-9756-4de7-8fee-cb87fb530b7f
defe53dc-3966-4f87-a837-0e15269dec9f,,,11.0,,,,,,13.0,1:30.682,11.0,89.727,10.0,1:29.727,89.472,11.0,1:29.471,,,,19.0,-8.0,,,,,,,,,,,,,12.666666666666666,11.6,11.571428571428571,96d91896-ab88-4528-ad3a-ba1f438cc0fc,fd659e25-4851-44ca-a1fd-4d65095a5693,b3f66b7a-d3e3-431b-9249-f6dd20ce6f7f
b46c7f30-5767-4c32-aac2-d4aefe34b815,7.0,Finished,9.0,1:34.403,4.0,1:30.530,,,3.0,1:29.918,9.0,89.799,12.0,1:29.799,89.14,7.0,1:29.140,89.008,9.0,1:29.007,7.0,2.0,129.80634615384614,98.40212912087912,135.780355817222,-5.974009663375853,-0.1998360354418151,0.1998360354418151,66.66666666666667,334.0,0.0,2.0,1.0,1.0,7.333333333333333,6.4,10.142857142857142,96d91896-ab88-4528-ad3a-ba1f438cc0fc,36fa31f7-12df-4f79-8de7-63098bfb8a5b,da619921-fbb3-4efc-8926-5c847f4f3436
1f43fd5f-f625-4cd7-bc37-fd399f448134,3.0,Finished,4.0,1:33.840,3.0,1:30.269,,,7.0,1:30.171,4.0,89.513,6.0,1:29.513,89.099,6.0,1:29.099,88.682,4.0,1:28.682,3.0,1.0,129.74651923076925,97.23606555944056,135.780355817222,-6.033836586452736,-0.2018373002194169,0.2018373002194169,72.22222222222221,327.0,0.0,9.0,1.0,8.0,5.0,7.2,6.714285714285714,96d91896-ab88-4528-ad3a-ba1f438cc0fc,258793ad-e101-47d1-8409-93edc1c8bdd5,32af326f-ab0a-4a12-9764-43f308e87476
f8258282-be8a-436e-8654-9d29af01f87b,17.0,Lapped,19.0,1:34.900,20.0,1:33.203,,,19.0,1:31.451,19.0,90.139,19.0,1:30.138,,,,,,,17.0,2.0,132.31127450980392,429.8609333333333,135.780355817222,-3.4690813074180653,-0.1160439125751242,0.1160439125751242,5.555555555555558,329.0,0.0,6.0,1.0,5.0,16.666666666666668,16.2,16.857142857142858,96d91896-ab88-4528-ad3a-ba1f438cc0fc,6d1c7b33-b9da-42ee-b80a-b144e7a3efb4,d7558695-fc23-4e4a-8247-3e810f9397f8
cd7359df-e9ca-40d1-a55d-b8044ac49160,12.0,Lapped,16.0,1:35.798,15.0,1:32.055,,,18.0,1:31.341,16.0,90.024,16.0,1:30.024,,,,,,,12.0,4.0,131.27850980392157,159.31429598506065,135.780355817222,-4.5018460133004226,-0.1505908276283445,0.1505908276283445,38.888888888888886,333.0,0.0,4.0,1.0,3.0,12.666666666666666,11.6,10.857142857142858,96d91896-ab88-4528-ad3a-ba1f438cc0fc,bbe763bf-f205-4c4a-b485-51cc69248b5a,eb14f5b8-34b7-42db-ba17-1d847b0fc6ee
a397a8ef-8e18-4e62-bab6-a6b2dd8d4ab4,10.0,Lapped,10.0,1:36.341,9.0,1:31.230,4.0,1:40.945,9.0,1:30.340,10.0,89.775,11.0,1:29.775,89.417,10.0,1:29.417,89.413,10.0,1:29.412,10.0,0.0,100.9521,98.5205476190476,135.780355817222,-34.828255817222,-1.1650367100233292,1.1650367100233292,94.44444444444444,330.0,0.0,5.0,1.0,4.0,13.0,14.0,13.714285714285714,96d91896-ab88-4528-ad3a-ba1f438cc0fc,329fcd08-b140-4524-8bbd-d944b5c5dd1b,c9a9c6fa-3f8f-4291-96b9-be6320767395
76fedf07-4793-4085-b86c-c99ffc8c6cb7,1.0,Finished,1.0,1:33.706,1.0,1:30.055,,,1.0,1:29.563,1.0,88.866,1.0,1:28.865,88.74,1.0,1:28.739,88.197,1.0,1:28.197,1.0,0.0,129.47751923076925,111.19613513513512,135.780355817222,-6.302836586452742,-0.2108355939221211,0.2108355939221211,88.88888888888889,324.0,0.0,17.0,1.0,16.0,4.0,3.0,3.0,96d91896-ab88-4528-ad3a-ba1f438cc0fc,4e5380ac-3832-409c-a269-05f3091fe4e2,c4170884-4736-4883-a3a4-eb449318ace9
4b24b9eb-08fb-4490-8031-d5d4de107519,18.0,Retired,20.0,1:37.159,18.0,1:32.638,,,15.0,1:31.066,20.0,90.143,20.0,1:30.143,,,,,,,18.0,2.0,252.17309090909097,976.3354545454546,135.780355817222,116.39273509186896,3.893442435753416,-3.893442435753416,0.0,329.0,0.0,6.0,1.0,5.0,17.333333333333332,17.4,17.714285714285715,96d91896-ab88-4528-ad3a-ba1f438cc0fc,b59a380d-034d-42f5-b7c2-0c866052304b,d8d93e26-d576-42e2-9a6b-e428bcb6bf68
586721dc-45c1-4b4f-b057-f9e5cc114b8d,19.0,Retired,18.0,1:38.007,13.0,1:36.947,20.0,1:39.629,7.0,1:34.406,18.0,94.425,18.0,1:34.424,,,,,,,19.0,-1.0,100.78641666666668,102.84471428571428,99.64372578656462,1.142690880102066,1.2590768087405724,-1.2590768087405724,5.000000000000004,369.0,32.5,1.0,3.0,-2.0,14.333333333333334,15.4,14.714285714285714,130947f0-f4e1-4f88-a15e-27a72e00c742,00572d64-eb7e-4295-89f6-63bf98e32dd4,d7558695-fc23-4e4a-8247-3e810f9397f8
95076e24-b02e-44ae-ba99-7e83633d6320,11.0,Finished,17.0,1:36.552,7.0,1:36.262,14.0,1:35.439,15.0,1:35.938,17.0,94.258,17.0,1:34.257,,,,,,,11.0,6.0,99.63961224489796,100.19147826086954,99.64372578656462,-0.0041135416666691,-0.0045325161900552,0.0045325161900552,44.99999999999999,365.0,24.333333333333332,5.0,9.0,-4.0,9.333333333333334,11.4,10.142857142857142,130947f0-f4e1-4f88-a15e-27a72e00c742,5d03531f-db77-4857-b87a-f8bcff470727,eb14f5b8-34b7-42db-ba17-1d847b0fc6ee
f8b91735-3238-4ead-9263-1d40a281dd48,18.0,Lapped,19.0,1:36.600,16.0,1:37.765,11.0,1:35.019,17.0,1:36.412,19.0,94.43,19.0,1:34.430,,,,,,,18.0,1.0,100.47177083333334,99.83221874999998,99.64372578656462,0.8280450467687217,0.9123835090780428,-0.9123835090780428,9.999999999999998,360.0,20.0,12.0,19.0,-7.0,15.333333333333334,16.6,15.857142857142858,130947f0-f4e1-4f88-a15e-27a72e00c742,b71aeceb-a2f8-4b55-b919-3faa52663eec,d8d93e26-d576-42e2-9a6b-e428bcb6bf68
59911554-bf5a-4c3d-9d90-3e3e34158fe0,14.0,Finished,14.0,1:36.867,17.0,1:38.025,18.0,1:35.867,8.0,1:34.722,14.0,93.746,9.0,1:33.745,93.749,14.0,1:33.748,,,,14.0,0.0,99.70442857142856,99.9783067226891,99.64372578656462,0.0607027848639489,0.0668855155659767,-0.0668855155659767,35.0,363.0,22.333333333333332,8.0,16.0,-8.0,13.0,13.0,13.0,130947f0-f4e1-4f88-a15e-27a72e00c742,217ff409-a898-4f8b-9323-7763902509c9,d7558695-fc23-4e4a-8247-3e810f9397f8
79c8dd4f-96be-49f0-b511-aae21d58bd31,20.0,Retired,3.0,1:38.313,9.0,1:36.477,6.0,1:34.650,10.0,1:34.905,3.0,93.691,8.0,1:33.691,92.879,4.0,1:32.879,92.664,3.0,1:32.664,20.0,-17.0,102.26021428571428,103.7605,99.64372578656462,2.6164884991496677,2.8829844072278927,-2.8829844072278927,0.0,361.0,35.0,10.0,2.0,8.0,17.0,15.2,15.0,130947f0-f4e1-4f88-a15e-27a72e00c742,9218ccac-0d8c-4836-9f4b-082a2c542f68,71e83a22-c17b-480d-93f1-bcc6e31859e2
6ff814ca-a55b-4429-9d92-9b403ac7fa03,2.0,Finished,10.0,1:35.480,1.0,1:35.001,1.0,1:33.825,6.0,1:34.340,10.0,93.225,2.0,1:33.224,92.567,1.0,1:32.566,108.106,10.0,1:48.105,2.0,8.0,98.4523673469388,97.34622406015036,99.64372578656462,-1.191358439625816,-1.312701281116585,1.312701281116585,90.0,364.0,21.333333333333332,7.0,17.0,-10.0,5.666666666666667,6.2,5.142857142857143,130947f0-f4e1-4f88-a15e-27a72e00c742,d71626b8-a508-4371-a966-503f36ebb8d0,da619921-fbb3-4efc-8926-5c847f4f3436
173810dd-8c14-42d6-87f5-e0952ba5d622,8.0,Finished,9.0,1:36.584,15.0,1:37.200,9.0,1:34.817,11.0,1:34.908,9.0,93.92,11.0,1:33.920,93.114,10.0,1:33.114,93.062,9.0,1:33.061,8.0,1.0,99.532693877551,99.08917959183673,99.64372578656462,-0.1110319090136044,-0.1223407870873493,0.1223407870873493,55.00000000000001,358.0,24.0,14.0,11.0,3.0,13.666666666666666,12.6,11.428571428571429,130947f0-f4e1-4f88-a15e-27a72e00c742,d54daa60-c444-4ecb-a83e-c157cdf43e67,9ce8fc06-61f2-4c19-8be7-5c070425fd4c
d31e20d8-10cd-4432-8bec-32a49fa5cb86,16.0,Finished,15.0,1:36.980,20.0,1:38.730,15.0,1:35.671,18.0,1:36.543,15.0,94.087,15.0,1:34.087,94.257,15.0,1:34.257,,,,16.0,-1.0,100.09351020408164,99.17551282051282,99.64372578656462,0.4497844175170229,0.4955960871745007,-0.4955960871745007,19.999999999999996,355.0,23.333333333333332,18.0,14.0,4.0,17.0,17.0,17.0,130947f0-f4e1-4f88-a15e-27a72e00c742,4d8edae8-dd9a-4376-a1f0-91e4dcaaee1a,c9a9c6fa-3f8f-4291-96b9-be6320767395
135da666-34be-4056-85f0-3416ba7473bf,4.0,Finished,4.0,1:35.674,4.0,1:36.007,5.0,1:34.313,12.0,1:34.941,4.0,93.446,4.0,1:33.445,93.016,5.0,1:33.016,92.783,4.0,1:32.783,4.0,0.0,98.70142857142856,98.65406707317074,99.64372578656462,-0.9422972151360512,-1.0382725470012113,1.0382725470012113,80.0,362.0,23.333333333333332,9.0,14.0,-5.0,3.0,3.0,6.857142857142857,130947f0-f4e1-4f88-a15e-27a72e00c742,a1402642-75cf-4196-9db4-b0d5b458a6ae,32af326f-ab0a-4a12-9764-43f308e87476
22346ea8-248a-4175-ba72-19dc246fff6c,12.0,Finished,12.0,1:36.557,11.0,1:36.811,7.0,1:34.686,9.0,1:34.882,12.0,93.991,13.0,1:33.990,93.297,12.0,1:33.296,,,,12.0,0.0,99.6562857142857,100.26315518707484,99.64372578656462,0.0125599277210852,0.0138391878227502,-0.0138391878227502,40.0,359.0,29.5,13.0,4.0,9.0,12.666666666666666,13.6,13.142857142857142,130947f0-f4e1-4f88-a15e-27a72e00c742,60b02cb4-9e82-4955-bed9-7b8d40b28266,9ce8fc06-61f2-4c19-8be7-5c070425fd4c
289d277f-544d-442f-8556-13ed1a7c0643,6.0,Finished,6.0,1:34.876,3.0,1:35.953,2.0,1:33.835,4.0,1:34.007,6.0,93.592,7.0,1:33.591,93.099,9.0,1:33.099,93.008,6.0,1:33.007,6.0,0.0,99.23595918367349,98.74973658536584,99.64372578656462,-0.4077666028911437,-0.4492986528721638,0.4492986528721638,70.0,358.0,18.0,14.0,20.0,-6.0,3.3333333333333335,2.6,2.5714285714285716,130947f0-f4e1-4f88-a15e-27a72e00c742,b34c803f-2e33-48a4-bffb-499598604cf9,d3cdf2e4-9756-4de7-8fee-cb87fb530b7f
b50391aa-896d-4ee1-8450-8fd1c8a81e68,17.0,Lapped,11.0,1:36.510,14.0,1:37.152,12.0,1:35.221,14.0,1:35.459,11.0,93.968,12.0,1:33.968,93.221,11.0,1:33.221,,,,17.0,-6.0,100.37558333333332,101.22303157894736,99.64372578656462,0.7318575467687083,0.8063990712483358,-0.8063990712483358,15.000000000000002,356.0,35.25,17.0,1.0,16.0,15.666666666666666,15.2,14.571428571428571,130947f0-f4e1-4f88-a15e-27a72e00c742,93895c43-2842-47df-b7de-f86110fd54b7,71e83a22-c17b-480d-93f1-bcc6e31859e2
f7093d17-5c85-44d4-90f1-ceefa6d307de,10.0,Finished,16.0,1:36.325,10.0,1:36.536,19.0,1:36.055,13.0,1:35.061,16.0,94.155,16.0,1:34.155,,,,,,,10.0,6.0,99.5059387755102,99.48592602040816,99.64372578656462,-0.1377870110544137,-0.1518209632939377,0.1518209632939377,60.0,366.0,21.333333333333332,3.0,17.0,-14.0,5.666666666666667,6.2,9.428571428571429,130947f0-f4e1-4f88-a15e-27a72e00c742,d162e0ad-1954-4454-a548-630421348097,c4170884-4736-4883-a3a4-eb449318ace9
c5ab6bb3-f491-47c3-9edb-77744f35ee4e,7.0,Finished,8.0,1:36.597,8.0,1:36.450,8.0,1:34.798,2.0,1:33.784,8.0,93.45,5.0,1:33.450,93.024,6.0,1:33.024,93.033,8.0,1:33.033,7.0,1.0,99.36532653061224,99.88204513888888,99.64372578656462,-0.2783992559523796,-0.3067549175757512,0.3067549175757512,65.0,367.0,24.333333333333332,2.0,9.0,-7.0,3.6666666666666665,3.8,4.0,130947f0-f4e1-4f88-a15e-27a72e00c742,d31df4d0-71a1-40fc-bf79-61af13e1acd7,d3cdf2e4-9756-4de7-8fee-cb87fb530b7f
001c361c-5600-4b24-b8c6-73e1d95faeb0,1.0,Finished,1.0,1:35.716,2.0,1:35.397,3.0,1:34.015,1.0,1:33.569,1.0,93.186,1.0,1:33.186,92.779,3.0,1:32.778,92.312,1.0,1:32.311,1.0,0.0,98.42248979591837,114.754,99.64372578656462,-1.2212359906462495,-1.34562193555327,1.34562193555327,95.0,340.0,26.0,20.0,5.0,15.0,7.333333333333333,7.2,8.285714285714286,130947f0-f4e1-4f88-a15e-27a72e00c742,36fa31f7-12df-4f79-8de7-63098bfb8a5b,da619921-fbb3-4efc-8926-5c847f4f3436
58c0ea90-b13f-4b05-80bd-9e1be4db82f1,3.0,Finished,2.0,1:35.875,6.0,1:36.218,4.0,1:34.105,3.0,1:33.918,2.0,93.484,6.0,1:33.483,92.711,2.0,1:32.710,92.41,2.0,1:32.409,3.0,-1.0,98.6339387755102,100.68738265306122,99.64372578656462,-1.0097870110544136,-1.1126363476993095,1.1126363476993095,85.0,366.0,24.0,3.0,11.0,-8.0,4.333333333333333,4.6,6.285714285714286,130947f0-f4e1-4f88-a15e-27a72e00c742,258793ad-e101-47d1-8409-93edc1c8bdd5,32af326f-ab0a-4a12-9764-43f308e87476
43292ae5-ba33-4026-999f-738e3c6f35b8,15.0,Finished,20.0,1:37.179,12.0,1:36.816,13.0,1:35.251,19.0,1:36.950,20.0,94.484,20.0,1:34.483,,,,,,,15.0,5.0,99.92538775510204,101.90397274031564,99.64372578656462,0.2816619685374206,0.3103499456108435,-0.3103499456108435,25.0,361.0,25.333333333333332,10.0,7.0,3.0,13.666666666666666,12.6,11.0,130947f0-f4e1-4f88-a15e-27a72e00c742,bbe763bf-f205-4c4a-b485-51cc69248b5a,eb14f5b8-34b7-42db-ba17-1d847b0fc6ee
d0e8e5ec-fce9-4adc-a1da-b1a05c17b4f6,9.0,Finished,7.0,1:36.956,19.0,1:38.573,10.0,1:34.996,16.0,1:36.215,7.0,93.789,10.0,1:33.789,93.089,8.0,1:33.088,93.029,7.0,1:33.028,9.0,-2.0,99.62116326530612,99.7855141287284,99.64372578656462,-0.022562521258493,-0.0248605705689602,0.0248605705689602,50.0,365.0,24.0,5.0,11.0,-6.0,13.0,13.2,12.857142857142858,130947f0-f4e1-4f88-a15e-27a72e00c742,329fcd08-b140-4524-8bbd-d944b5c5dd1b,c9a9c6fa-3f8f-4291-96b9-be6320767395
afad6167-199e-4685-8905-adcf9422fb44,5.0,Finished,5.0,1:36.248,5.0,1:36.037,17.0,1:35.834,5.0,1:34.137,5.0,93.299,3.0,1:33.299,93.085,7.0,1:33.084,92.797,5.0,1:32.796,5.0,0.0,98.7068163265306,99.74722777222776,99.64372578656462,-0.936909460034002,-1.0323360355454116,1.0323360355454116,75.0,355.0,25.666666666666668,18.0,6.0,12.0,4.0,3.0,2.5714285714285716,130947f0-f4e1-4f88-a15e-27a72e00c742,4e5380ac-3832-409c-a269-05f3091fe4e2,c4170884-4736-4883-a3a4-eb449318ace9
5848d372-b735-4419-bb6c-98d0a20ee3d5,13.0,Finished,13.0,1:36.323,18.0,1:38.349,16.0,1:35.765,20.0,1:36.987,13.0,94.079,14.0,1:34.078,93.566,13.0,1:33.566,,,,13.0,0.0,99.78318367346937,99.48281082621084,99.64372578656462,0.1394578869047507,0.1536620220352625,-0.1536620220352625,30.000000000000004,358.0,24.666666666666668,14.0,8.0,6.0,18.333333333333332,18.0,17.571428571428573,130947f0-f4e1-4f88-a15e-27a72e00c742,b59a380d-034d-42f5-b7c2-0c866052304b,d8d93e26-d576-42e2-9a6b-e428bcb6bf68
41a8d53f-bfbe-4ed7-88cd-ad90bd175acb,,,9.0,,17.0,1:19.811,,,11.0,1:17.510,9.0,77.189,9.0,1:17.188,76.988,7.0,1:16.987,77.065,9.0,1:17.064,19.0,-10.0,,,,,,,,,,,,,16.0,16.4,16.142857142857142,042f632d-9a48-43e2-bc12-e2dd4a9e6a22,00572d64-eb7e-4295-89f6-63bf98e32dd4,b3f66b7a-d3e3-431b-9249-f6dd20ce6f7f
749c706d-7416-48c7-b144-6562d35ce1c7,18.0,Retired,13.0,1:22.721,,,11.0,1:18.578,15.0,1:17.798,13.0,77.307,12.0,1:17.307,77.168,13.0,1:17.168,,,,18.0,-5.0,100.03307142857145,120.41580000000002,86.79243046928917,13.240640959282274,3.9423997698387265,-3.9423997698387265,0.0,350.0,28.0,18.0,1.0,17.0,9.333333333333334,11.6,10.571428571428571,042f632d-9a48-43e2-bc12-e2dd4a9e6a22,5d03531f-db77-4857-b87a-f8bcff470727,eb14f5b8-34b7-42db-ba17-1d847b0fc6ee
4d0c6aa1-1d76-4f4d-8682-58a103577cf8,14.0,Lapped,15.0,1:21.084,8.0,1:19.048,8.0,1:18.350,12.0,1:17.638,15.0,77.393,14.0,1:17.393,77.817,15.0,1:17.816,,,,14.0,1.0,86.48524637681159,88.47055384615383,86.79243046928917,-0.3071840924775841,-0.0914640385768297,0.0914640385768297,22.22222222222222,355.0,15.0,9.0,3.0,6.0,16.0,16.4,16.285714285714285,042f632d-9a48-43e2-bc12-e2dd4a9e6a22,b71aeceb-a2f8-4b55-b919-3faa52663eec,d8d93e26-d576-42e2-9a6b-e428bcb6bf68
5b962919-ef1b-4750-80ef-005420a3477a,12.0,Lapped,16.0,1:20.090,11.0,1:19.108,15.0,1:18.908,13.0,1:17.712,16.0,77.558,16.0,1:17.558,,,,,,,12.0,4.0,86.30172463768116,83.28006837606837,86.79243046928917,-0.490705831608011,-0.1461076214919741,0.1461076214919741,38.888888888888886,353.0,11.0,14.0,13.0,1.0,11.333333333333334,13.25,13.25,042f632d-9a48-43e2-bc12-e2dd4a9e6a22,217ff409-a898-4f8b-9323-7763902509c9,d7558695-fc23-4e4a-8247-3e810f9397f8
5a2ce13c-84e5-4a62-b06d-686c5b6f15e5,10.0,Lapped,8.0,1:21.274,15.0,1:19.340,16.0,1:18.941,20.0,1:18.453,8.0,77.149,6.0,1:17.149,77.048,10.0,1:17.048,76.892,8.0,1:16.891,10.0,-2.0,86.29376811594203,83.61030163043479,86.79243046928917,-0.498662353347143,-0.148476675193342,0.148476675193342,44.44444444444444,353.0,15.5,14.0,2.0,12.0,17.0,17.4,15.0,042f632d-9a48-43e2-bc12-e2dd4a9e6a22,9218ccac-0d8c-4836-9f4b-082a2c542f68,71e83a22-c17b-480d-93f1-bcc6e31859e2
6efd3bc7-fefe-4e28-aec9-973db7428abe,4.0,Finished,6.0,1:20.370,,,7.0,1:18.278,5.0,1:17.060,6.0,77.306,11.0,1:17.305,76.973,6.0,1:16.972,76.651,6.0,1:16.650,4.0,2.0,85.54778571428572,86.37628071428571,86.79243046928917,-1.2446447550034492,-0.3705928746762544,0.3705928746762544,72.22222222222221,359.0,14.5,2.0,8.0,-6.0,5.333333333333333,5.0,5.285714285714286,042f632d-9a48-43e2-bc12-e2dd4a9e6a22,d71626b8-a508-4371-a966-503f36ebb8d0,da619921-fbb3-4efc-8926-5c847f4f3436
6102c748-f470-4a8a-bec2-4139622b423f,9.0,Lapped,10.0,1:20.748,5.0,1:18.903,12.0,1:18.620,16.0,1:17.819,10.0,77.186,8.0,1:17.186,76.995,8.0,1:16.995,77.365,10.0,1:17.364,9.0,1.0,86.08585507246376,82.59740234644583,86.79243046928917,-0.7065753968254143,-0.2103827669962903,0.2103827669962903,50.0,357.0,15.0,5.0,3.0,2.0,12.0,12.0,11.714285714285714,042f632d-9a48-43e2-bc12-e2dd4a9e6a22,d54daa60-c444-4ecb-a83e-c157cdf43e67,9ce8fc06-61f2-4c19-8be7-5c070425fd4c
4cf6df8f-e8ea-45f8-8d67-e9dc2b08b315,16.0,Lapped,12.0,1:19.501,9.0,1:19.093,10.0,1:18.560,10.0,1:17.493,12.0,77.38,13.0,1:17.379,77.162,12.0,1:17.162,,,,16.0,-4.0,86.94681159420288,83.74707971014494,86.79243046928917,0.1543811249137121,0.0459669673997605,-0.0459669673997605,11.111111111111116,354.0,10.333333333333334,11.0,15.0,-4.0,16.5,16.5,16.5,042f632d-9a48-43e2-bc12-e2dd4a9e6a22,4d8edae8-dd9a-4376-a1f0-91e4dcaaee1a,c9a9c6fa-3f8f-4291-96b9-be6320767395
3dd19b2c-2a5e-47a1-a0bd-eb4fa24962e9,3.0,Finished,4.0,1:18.335,,,4.0,1:17.887,6.0,1:17.231,4.0,76.972,4.0,1:16.971,76.641,4.0,1:16.641,76.265,4.0,1:16.265,3.0,1.0,85.41944285714287,82.1349355212355,86.79243046928917,-1.3729876121463036,-0.4088069499628228,0.4088069499628228,83.33333333333334,351.0,10.0,16.0,16.0,0.0,3.0,3.2,5.428571428571429,042f632d-9a48-43e2-bc12-e2dd4a9e6a22,a1402642-75cf-4196-9db4-b0d5b458a6ae,32af326f-ab0a-4a12-9764-43f308e87476
712d2623-c495-4d1f-9435-58c564344337,7.0,Finished,7.0,1:20.637,14.0,1:19.334,6.0,1:18.239,9.0,1:17.474,7.0,77.125,5.0,1:17.125,77.003,9.0,1:17.003,76.886,7.0,1:16.885,7.0,0.0,85.75227142857142,84.49941405228758,86.79243046928917,-1.0401590407177537,-0.3097072698619287,0.3097072698619287,61.111111111111114,358.0,15.0,4.0,3.0,1.0,11.666666666666666,12.4,13.142857142857142,042f632d-9a48-43e2-bc12-e2dd4a9e6a22,60b02cb4-9e82-4955-bed9-7b8d40b28266,9ce8fc06-61f2-4c19-8be7-5c070425fd4c
68d82b1d-dadb-4574-807b-9ef5ab031b92,2.0,Finished,3.0,1:19.691,,,5.0,1:17.947,2.0,1:16.551,3.0,76.505,1.0,1:16.504,76.301,1.0,1:16.301,76.26,3.0,1:16.260,2.0,1.0,85.01715714285714,81.92475020408165,86.79243046928917,-1.7752733264320284,-0.5285874887061238,0.5285874887061238,88.88888888888889,354.0,14.0,11.0,9.0,2.0,4.666666666666667,3.6,3.0,042f632d-9a48-43e2-bc12-e2dd4a9e6a22,b34c803f-2e33-48a4-bffb-499598604cf9,d3cdf2e4-9756-4de7-8fee-cb87fb530b7f
5149b6bf-0b45-4019-85c6-faafe8061855,13.0,Lapped,19.0,1:20.659,7.0,1:18.995,13.0,1:18.656,18.0,1:18.323,19.0,77.617,19.0,1:17.617,,,,,,,13.0,6.0,86.38718840579709,83.53518115942028,86.79243046928917,-0.4052420634920821,-0.1206607914792938,0.1206607914792938,27.77777777777778,357.0,10.5,5.0,14.0,-9.0,15.333333333333334,15.6,14.714285714285714,042f632d-9a48-43e2-bc12-e2dd4a9e6a22,93895c43-2842-47df-b7de-f86110fd54b7,71e83a22-c17b-480d-93f1-bcc6e31859e2
f647322d-1a81-4d3e-ab49-cdf073336434,17.0,Lapped,18.0,1:19.209,10.0,1:19.093,9.0,1:18.391,14.0,1:17.787,18.0,77.611,18.0,1:17.611,,,,,,,17.0,1.0,86.98178260869565,84.81354975845412,86.79243046928917,0.1893521394064805,0.0563795841236257,-0.0563795841236257,5.555555555555558,354.0,7.5,11.0,18.0,-7.0,6.666666666666667,7.0,8.428571428571429,042f632d-9a48-43e2-bc12-e2dd4a9e6a22,d162e0ad-1954-4454-a548-630421348097,c4170884-4736-4883-a3a4-eb449318ace9
e87b9c00-501b-487d-91b7-8cf7255932c5,8.0,Finished,17.0,1:20.063,6.0,1:18.957,2.0,1:17.876,1.0,1:16.492,17.0,77.597,17.0,1:17.596,,,,,,,8.0,9.0,85.53264285714286,81.80114360902257,86.79243046928917,-1.2597876121463116,-0.3751016591602011,0.3751016591602011,77.77777777777779,361.0,11.5,1.0,12.0,-11.0,5.666666666666667,4.4,4.428571428571429,042f632d-9a48-43e2-bc12-e2dd4a9e6a22,d31df4d0-71a1-40fc-bf79-61af13e1acd7,d3cdf2e4-9756-4de7-8fee-cb87fb530b7f
9b14a86f-d969-42fc-b426-b47815f2e1ac,5.0,Finished,5.0,1:20.730,1.0,1:17.998,18.0,1:19.040,8.0,1:17.340,5.0,77.194,10.0,1:17.194,76.937,5.0,1:16.936,76.356,5.0,1:16.355,5.0,0.0,85.56291428571427,85.10618775510204,86.79243046928917,-1.2295161835749011,-0.3660883437625841,0.3660883437625841,66.66666666666667,359.0,15.0,2.0,3.0,-1.0,5.0,6.0,5.714285714285714,042f632d-9a48-43e2-bc12-e2dd4a9e6a22,36fa31f7-12df-4f79-8de7-63098bfb8a5b,da619921-fbb3-4efc-8926-5c847f4f3436
a7bc95d6-073e-4ec2-a664-120d20a9d018,1.0,Finished,1.0,1:20.137,2.0,1:18.314,1.0,1:17.698,3.0,1:16.831,1.0,76.778,2.0,1:16.778,76.515,3.0,1:16.515,75.946,1.0,1:15.945,1.0,0.0,84.97965714285715,,86.79243046928917,-1.8127733264320227,-0.5397531106592882,0.5397531106592882,94.44444444444444,351.0,13.5,16.0,10.0,6.0,3.3333333333333335,4.2,6.0,042f632d-9a48-43e2-bc12-e2dd4a9e6a22,258793ad-e101-47d1-8409-93edc1c8bdd5,32af326f-ab0a-4a12-9764-43f308e87476
3980a2a8-8e26-4f18-b94c-bf8344c49260,11.0,Lapped,14.0,1:21.311,16.0,1:19.599,14.0,1:18.890,17.0,1:17.900,14.0,77.407,15.0,1:17.406,77.294,14.0,1:17.293,,,,11.0,3.0,86.33314492753622,89.80424698067633,86.79243046928917,-0.4592855417529478,-0.1367522327404931,0.1367522327404931,33.333333333333336,355.0,10.0,9.0,16.0,-7.0,15.333333333333334,13.0,12.142857142857142,042f632d-9a48-43e2-bc12-e2dd4a9e6a22,bbe763bf-f205-4c4a-b485-51cc69248b5a,eb14f5b8-34b7-42db-ba17-1d847b0fc6ee
41136a48-ee1d-48e7-b61c-95eec2524936,,,11.0,,3.0,1:18.698,3.0,1:17.878,7.0,1:17.302,11.0,77.182,7.0,1:17.182,77.129,11.0,1:17.129,,,,20.0,-9.0,,,,,,,,,,,,,13.0,11.6,12.714285714285714,042f632d-9a48-43e2-bc12-e2dd4a9e6a22,329fcd08-b140-4524-8bbd-d944b5c5dd1b,b3f66b7a-d3e3-431b-9249-f6dd20ce6f7f
8a0d8f5d-f2e3-462d-be2c-995c21468a37,6.0,Finished,2.0,1:20.871,4.0,1:18.838,,,4.0,1:17.003,2.0,76.803,3.0,1:16.802,76.514,2.0,1:16.513,76.171,2.0,1:16.171,6.0,-4.0,85.8614142857143,82.53383753501402,86.79243046928917,-0.9310161835748688,-0.2772099930153723,0.2772099930153723,55.55555555555556,356.0,15.0,7.0,3.0,4.0,4.0,3.6,3.0,042f632d-9a48-43e2-bc12-e2dd4a9e6a22,4e5380ac-3832-409c-a269-05f3091fe4e2,c4170884-4736-4883-a3a4-eb449318ace9
df63abf2-e155-44f5-9c82-da89fce5147d,15.0,Lapped,20.0,1:21.552,,,17.0,1:18.980,19.0,1:18.427,20.0,78.072,20.0,1:18.072,,,,,,,15.0,5.0,86.7418695652174,83.35728571428571,86.79243046928917,-0.0505609040717729,-0.0150545050793523,0.0150545050793523,16.666666666666664,356.0,12.0,7.0,11.0,-4.0,16.333333333333332,16.6,16.857142857142858,042f632d-9a48-43e2-bc12-e2dd4a9e6a22,b59a380d-034d-42f5-b7c2-0c866052304b,d8d93e26-d576-42e2-9a6b-e428bcb6bf68
3ea7de8d-3348-4065-a4fd-c00f172b5aa0,18.0,Finished,,,,,,,,,,,,,,,,,,,,,96.82158928571428,105.19732446808511,96.09612987637362,0.7254594093406581,2.053707617760801,-2.053707617760801,0.0,355.0,18.666666666666668,2.0,16.0,-14.0,,,,7cacd8d5-a6b2-4a83-9eb9-8d233f756eda,00572d64-eb7e-4295-89f6-63bf98e32dd4,d7558695-fc23-4e4a-8247-3e810f9397f8
f422d2b3-c7bb-4e9e-82ea-e3ee5f0d562e,9.0,Finished,,,,,,,,,,,,,,,,,,,,,96.142125,95.22243055555556,96.09612987637362,0.0459951236263691,0.1302078855895957,-0.1302078855895957,50.0,351.0,25.0,4.0,9.0,-5.0,,,,7cacd8d5-a6b2-4a83-9eb9-8d233f756eda,5d03531f-db77-4857-b87a-f8bcff470727,eb14f5b8-34b7-42db-ba17-1d847b0fc6ee
acdd0ac3-5fc6-4112-9b34-12c9fc856a99,16.0,Finished,,,,,,,,,,,,,,,,,,,,,96.36514285714286,106.2921074168798,96.09612987637362,0.2690129807692329,0.7615505440675665,-0.7615505440675665,15.000000000000002,345.0,17.666666666666668,15.0,18.0,-3.0,,,,7cacd8d5-a6b2-4a83-9eb9-8d233f756eda,b71aeceb-a2f8-4b55-b919-3faa52663eec,d8d93e26-d576-42e2-9a6b-e428bcb6bf68
01089f4d-3e41-4ad6-bbff-cfd71c92899f,12.0,Finished,,,,,,,,,,,,,,,,,,,,,96.276375,94.92276785714289,96.09612987637362,0.1802451236263778,0.5102570573757714,-0.5102570573757714,35.0,351.0,30.0,4.0,1.0,3.0,,,,7cacd8d5-a6b2-4a83-9eb9-8d233f756eda,9218ccac-0d8c-4836-9f4b-082a2c542f68,71e83a22-c17b-480d-93f1-bcc6e31859e2
95a391c5-c08a-47b1-93eb-e2529bdf5b4a,6.0,Finished,,,,,,,,,,,,,,,,,,,,,95.83101785714288,101.75695408163264,96.09612987637362,-0.2651120192307559,-0.7505072874428526,0.7505072874428526,65.0,350.0,19.5,7.0,14.0,-7.0,,,,7cacd8d5-a6b2-4a83-9eb9-8d233f756eda,d71626b8-a508-4371-a966-503f36ebb8d0,da619921-fbb3-4efc-8926-5c847f4f3436
af596602-d424-466c-b0bf-034e24c32096,11.0,Finished,,,,,,,,,,,,,,,,,,,,,96.2590357142857,96.40235714285714,96.09612987637362,0.1629058379120778,0.4611711640790626,-0.4611711640790626,40.0,349.0,19.333333333333332,9.0,15.0,-6.0,,,,7cacd8d5-a6b2-4a83-9eb9-8d233f756eda,d54daa60-c444-4ecb-a83e-c157cdf43e67,9ce8fc06-61f2-4c19-8be7-5c070425fd4c
3f6f9913-88fe-4e77-801d-5012c8a3c733,3.0,Finished,,,,,,,,,,,,,,,,,,,,,95.78748214285714,95.453,96.09612987637362,-0.3086477335164801,-0.8737528156172139,0.8737528156172139,75.0,334.0,26.5,19.0,7.0,12.0,,,,7cacd8d5-a6b2-4a83-9eb9-8d233f756eda,a1402642-75cf-4196-9db4-b0d5b458a6ae,32af326f-ab0a-4a12-9764-43f308e87476
ef74f98d-0820-4556-b468-3e077b0a08db,19.0,Finished,,,,,,,,,,,,,,,,,,,,,96.42205357142858,101.17349675324674,96.09612987637362,0.3259236950549535,0.922659444105156,-0.922659444105156,9.999999999999998,348.0,11.25,10.0,20.0,-10.0,,,,7cacd8d5-a6b2-4a83-9eb9-8d233f756eda,60b02cb4-9e82-4955-bed9-7b8d40b28266,9ce8fc06-61f2-4c19-8be7-5c070425fd4c
3ed491e8-8302-49fe-a7c4-a381636618d7,1.0,Finished,,,,,,,,,,,,,,,,,,,,,95.55280357142856,94.56371428571428,96.09612987637362,-0.5433263049450687,-1.5381058637169698,1.5381058637169698,90.0,344.0,20.5,18.0,10.0,8.0,,,,7cacd8d5-a6b2-4a83-9eb9-8d233f756eda,b34c803f-2e33-48a4-bffb-499598604cf9,d3cdf2e4-9756-4de7-8fee-cb87fb530b7f
a7f2b9bc-d664-4753-ab0a-a96786e23409,10.0,Finished,,,,,,,,,,,,,,,,,,,,,96.17658928571429,96.7629375,96.09612987637362,0.080459409340662,0.2277730494027675,-0.2277730494027675,44.99999999999999,345.0,28.0,15.0,3.0,12.0,,,,7cacd8d5-a6b2-4a83-9eb9-8d233f756eda,93895c43-2842-47df-b7de-f86110fd54b7,71e83a22-c17b-480d-93f1-bcc6e31859e2
fd9b7ab4-0b08-4a12-a99f-bf4454e45070,4.0,Finished,,,,,,,,,,,,,,,,,,,,,95.82578571428569,96.46310357142856,96.09612987637362,-0.2703441620879374,-0.7653189936591556,0.7653189936591556,70.0,345.0,20.333333333333332,15.0,12.0,3.0,,,,7cacd8d5-a6b2-4a83-9eb9-8d233f756eda,d162e0ad-1954-4454-a548-630421348097,c4170884-4736-4883-a3a4-eb449318ace9
d0640460-7b39-42bb-a512-3d7fb139a8de,13.0,Finished,,,,,,,,,,,,,,,,,,,,,96.47828571428568,95.5294684385382,96.09612987637362,0.382155837912066,1.0818473720053878,-1.0818473720053878,5.000000000000004,352.0,17.0,3.0,19.0,-16.0,,,,7cacd8d5-a6b2-4a83-9eb9-8d233f756eda,d31df4d0-71a1-40fc-bf79-61af13e1acd7,d3cdf2e4-9756-4de7-8fee-cb87fb530b7f
53baafee-40bb-49bf-82fc-5d1cfc7b3e4a,15.0,Finished,,,,,,,,,,,,,,,,,,,,,96.32439285714288,102.372,96.09612987637362,0.2282629807692586,0.6461911120357162,-0.6461911120357162,25.0,348.0,28.0,10.0,3.0,7.0,,,,7cacd8d5-a6b2-4a83-9eb9-8d233f756eda,fd659e25-4851-44ca-a1fd-4d65095a5693,c9a9c6fa-3f8f-4291-96b9-be6320767395
a11ae75c-5079-4483-ae67-a007ea6e0caa,8.0,Finished,,,,,,,,,,,,,,,,,,,,,96.12567857142857,95.0570476190476,96.09612987637362,0.0295486950549275,0.0836495872103295,-0.0836495872103295,55.00000000000001,348.0,28.0,10.0,3.0,7.0,,,,7cacd8d5-a6b2-4a83-9eb9-8d233f756eda,36fa31f7-12df-4f79-8de7-63098bfb8a5b,da619921-fbb3-4efc-8926-5c847f4f3436
aaa646a7-8cde-4376-843b-de9b5e0a6eb9,5.0,Finished,,,,,,,,,,,,,,,,,,,,,95.78658928571429,98.9114081632653,96.09612987637362,-0.3095405906593527,-0.8762804105346966,0.8762804105346966,80.0,347.0,20.0,14.0,13.0,1.0,,,,7cacd8d5-a6b2-4a83-9eb9-8d233f756eda,258793ad-e101-47d1-8409-93edc1c8bdd5,32af326f-ab0a-4a12-9764-43f308e87476
0d9b9beb-5687-40a2-a528-d4aed1b519d2,20.0,Retired,,,,,,,,,,,,,,,,,,,,,95.35461538461536,108.848,96.09612987637362,-0.7415144917582523,-2.099158051844712,2.099158051844712,95.0,350.0,28.0,7.0,3.0,4.0,,,,7cacd8d5-a6b2-4a83-9eb9-8d233f756eda,6d1c7b33-b9da-42ee-b80a-b144e7a3efb4,d7558695-fc23-4e4a-8247-3e810f9397f8
c9e61f5a-4d72-40b3-b482-4d35c8d97594,17.0,Finished,,,,,,,,,,,,,,,,,,,,,96.304375,96.7913152173913,96.09612987637362,0.2082451236263836,0.5895224339866797,-0.5895224339866797,30.000000000000004,356.0,18.666666666666668,1.0,16.0,-15.0,,,,7cacd8d5-a6b2-4a83-9eb9-8d233f756eda,bbe763bf-f205-4c4a-b485-51cc69248b5a,eb14f5b8-34b7-42db-ba17-1d847b0fc6ee
ad59c9cf-28fd-4d11-a42f-68e486f07c05,7.0,Finished,,,,,,,,,,,,,,,,,,,,,95.98225,101.38441183035717,96.09612987637362,-0.1138798763736304,-0.3223832603270578,0.3223832603270578,60.0,348.0,28.5,10.0,2.0,8.0,,,,7cacd8d5-a6b2-4a83-9eb9-8d233f756eda,329fcd08-b140-4524-8bbd-d944b5c5dd1b,c9a9c6fa-3f8f-4291-96b9-be6320767395
261e5f34-cb98-45f0-94d0-ffd473bdf7bf,2.0,Finished,,,,,,,,,,,,,,,,,,,,,95.77053571428571,96.43124,96.09612987637362,-0.3255941620879099,-0.9217265671502124,0.9217265671502124,85.0,322.0,26.5,20.0,7.0,13.0,,,,7cacd8d5-a6b2-4a83-9eb9-8d233f756eda,4e5380ac-3832-409c-a269-05f3091fe4e2,c4170884-4736-4883-a3a4-eb449318ace9
81bc592b-53c8-4d15-bb00-d45dffb29b79,14.0,Finished,,,,,,,,,,,,,,,,,,,,,96.335875,96.43558839285711,96.09612987637362,0.2397451236263776,0.6786959826739163,-0.6786959826739163,19.999999999999996,351.0,20.5,4.0,10.0,-6.0,,,,7cacd8d5-a6b2-4a83-9eb9-8d233f756eda,b59a380d-034d-42f5-b7c2-0c866052304b,d8d93e26-d576-42e2-9a6b-e428bcb6bf68
3e3254e8-d2af-4818-9f7d-2d6bea721bdd,17.0,Retired,9.0,1:17.060,15.0,1:13.424,9.0,1:12.257,12.0,1:12.180,9.0,71.623,6.0,1:11.623,71.216,10.0,1:11.215,70.948,9.0,1:10.947,9.0,0.0,80.9840657894737,83.5554375,80.51712776187628,0.466938027597422,0.6023451853203108,-0.6023451853203108,43.75,337.0,0.0,4.0,4.0,0.0,19.333333333333332,16.2,16.428571428571427,60b17014-fa80-4382-84ca-ad209ae33c08,00572d64-eb7e-4295-89f6-63bf98e32dd4,d7558695-fc23-4e4a-8247-3e810f9397f8
a9c03e6a-1792-4343-b70f-5859001e7fbd,6.0,Finished,14.0,1:17.938,6.0,1:12.775,3.0,1:11.753,10.0,1:12.087,14.0,72.019,16.0,1:12.019,,,,,,,11.0,3.0,81.14965333333333,80.89276363636361,80.51712776187628,0.6325255714570517,0.8159513897797533,-0.8159513897797533,25.0,327.0,0.0,12.0,4.0,8.0,11.666666666666666,11.4,12.285714285714286,60b17014-fa80-4382-84ca-ad209ae33c08,5d03531f-db77-4857-b87a-f8bcff470727,eb14f5b8-34b7-42db-ba17-1d847b0fc6ee
dfa7617a-9fb8-4cdd-9640-e7020a8cef7b,13.0,Finished,17.0,1:16.561,,,,,,,17.0,72.512,19.0,1:12.512,,,,,,,13.0,4.0,81.04392000000001,86.10886814814815,80.51712776187628,0.5267922381237327,0.679556492604872,-0.679556492604872,31.25,338.0,23.0,2.0,1.0,1.0,15.333333333333334,15.6,16.428571428571427,60b17014-fa80-4382-84ca-ad209ae33c08,b71aeceb-a2f8-4b55-b919-3faa52663eec,d8d93e26-d576-42e2-9a6b-e428bcb6bf68
fcbc21a2-01c8-45b4-8449-b19eb8687d66,9.0,Finished,10.0,1:15.625,20.0,1:15.573,17.0,1:12.750,11.0,1:12.144,10.0,71.714,8.0,1:11.713,70.896,5.0,1:10.896,71.311,10.0,1:11.311,10.0,0.0,81.02763157894736,80.73774,80.51712776187628,0.5105038170710827,0.6585445993392574,-0.6585445993392574,37.5,333.0,0.0,8.0,4.0,4.0,15.333333333333334,16.2,15.142857142857142,60b17014-fa80-4382-84ca-ad209ae33c08,9218ccac-0d8c-4836-9f4b-082a2c542f68,71e83a22-c17b-480d-93f1-bcc6e31859e2
42a6360a-1e84-4418-81b8-2bdb378a3c23,4.0,Finished,7.0,1:14.165,1.0,1:12.168,2.0,1:11.465,3.0,1:11.709,7.0,71.528,3.0,1:11.528,71.056,7.0,1:11.055,70.621,7.0,1:10.620,7.0,0.0,79.56698701298701,79.5422758756395,80.51712776187628,-0.950140748889268,-1.2256716558616072,1.2256716558616072,93.75,337.0,0.0,4.0,4.0,0.0,5.0,4.6,5.285714285714286,60b17014-fa80-4382-84ca-ad209ae33c08,d71626b8-a508-4371-a966-503f36ebb8d0,da619921-fbb3-4efc-8926-5c847f4f3436
86fc69e7-d8cf-403c-a317-5e658b228c5c,,,14.0,,16.0,1:13.575,15.0,1:12.569,13.0,1:12.191,14.0,71.876,14.0,1:11.876,71.44,12.0,1:11.439,,,,19.0,-5.0,,,,,,,,,,,,,9.333333333333334,11.6,11.428571428571429,60b17014-fa80-4382-84ca-ad209ae33c08,d54daa60-c444-4ecb-a83e-c157cdf43e67,b3f66b7a-d3e3-431b-9249-f6dd20ce6f7f
0ee288d8-3c3d-4450-95a6-12de352ecfe2,19.0,Retired,1.0,1:15.162,5.0,1:12.397,1.0,1:11.278,1.0,1:11.368,1.0,71.584,5.0,1:11.584,70.825,4.0,1:10.825,70.27,1.0,1:10.269,1.0,0.0,79.73018181818182,,80.51712776187628,-0.7869459436944624,-1.015152059322925,1.015152059322925,68.75,313.0,0.0,15.0,4.0,11.0,3.6666666666666665,3.2,3.142857142857143,60b17014-fa80-4382-84ca-ad209ae33c08,a1402642-75cf-4196-9db4-b0d5b458a6ae,32af326f-ab0a-4a12-9764-43f308e87476
db1a7d36-374d-4af7-96e6-e868789b5257,,,15.0,,14.0,1:13.390,13.0,1:12.472,14.0,1:12.215,15.0,71.832,12.0,1:11.831,71.725,15.0,1:11.724,,,,20.0,-5.0,,,,,,,,,,,,,10.666666666666666,11.4,12.428571428571429,60b17014-fa80-4382-84ca-ad209ae33c08,60b02cb4-9e82-4955-bed9-7b8d40b28266,b3f66b7a-d3e3-431b-9249-f6dd20ce6f7f
e59c39aa-1846-42c0-8822-0d0d71463a70,2.0,Finished,4.0,1:15.742,4.0,1:12.396,5.0,1:11.953,8.0,1:11.987,4.0,71.76,10.0,1:11.760,70.732,1.0,1:10.731,70.542,4.0,1:10.542,4.0,0.0,79.69041558441558,77.55449999999999,80.51712776187628,-0.8267121774607062,-1.06645008610962,1.06645008610962,75.0,329.0,0.0,11.0,4.0,7.0,4.333333333333333,3.6,3.0,60b17014-fa80-4382-84ca-ad209ae33c08,b34c803f-2e33-48a4-bffb-499598604cf9,d3cdf2e4-9756-4de7-8fee-cb87fb530b7f
d8883477-763a-4433-a9c4-9c7ccaee4376,,,11.0,,18.0,1:14.159,14.0,1:12.554,16.0,1:12.471,11.0,71.887,15.0,1:11.887,71.285,11.0,1:11.284,,,,17.0,-6.0,,,,,,,,,,,,,15.0,15.4,15.142857142857142,60b17014-fa80-4382-84ca-ad209ae33c08,93895c43-2842-47df-b7de-f86110fd54b7,b3f66b7a-d3e3-431b-9249-f6dd20ce6f7f
c58cbef3-bccc-411b-a2d3-a0b414b4e54d,,,16.0,,12.0,1:13.228,8.0,1:12.099,5.0,1:11.923,16.0,72.06,18.0,1:12.060,,,,,,,18.0,-2.0,,,,,,,,,,,,,9.666666666666666,8.8,8.285714285714286,60b17014-fa80-4382-84ca-ad209ae33c08,d162e0ad-1954-4454-a548-630421348097,b3f66b7a-d3e3-431b-9249-f6dd20ce6f7f
5d72298e-7739-4b3d-af5e-cb6a1eb4744a,5.0,Finished,2.0,1:16.281,2.0,1:12.197,12.0,1:12.365,4.0,1:11.900,2.0,71.5,2.0,1:11.500,70.756,3.0,1:10.756,70.424,2.0,1:10.424,2.0,0.0,79.7917142857143,85.84863636363637,80.51712776187628,-0.7254134761619753,-0.9357758180050364,0.9357758180050364,56.25,330.0,0.0,10.0,4.0,6.0,7.666666666666667,5.2,4.857142857142857,60b17014-fa80-4382-84ca-ad209ae33c08,d31df4d0-71a1-40fc-bf79-61af13e1acd7,d3cdf2e4-9756-4de7-8fee-cb87fb530b7f
848a17a4-a1e8-4be1-a703-31960ed34acc,8.0,Finished,12.0,1:17.171,9.0,1:12.900,16.0,1:12.576,18.0,1:12.828,12.0,71.785,11.0,1:11.784,71.482,13.0,1:11.481,,,,12.0,0.0,81.22948000000001,130.108,80.51712776187628,0.7123522381237279,0.9189269571676756,-0.9189269571676756,12.5,343.0,0.0,1.0,4.0,-3.0,14.666666666666666,13.8,12.857142857142858,60b17014-fa80-4382-84ca-ad209ae33c08,fd659e25-4851-44ca-a1fd-4d65095a5693,c9a9c6fa-3f8f-4291-96b9-be6320767395
02c92225-b496-49f1-9ab7-c4e4a1c4e470,3.0,Finished,5.0,1:15.227,3.0,1:12.295,10.0,1:12.260,6.0,1:11.968,5.0,71.492,1.0,1:11.492,70.929,6.0,1:10.929,70.543,5.0,1:10.543,5.0,0.0,79.67505194805194,79.46212328767125,80.51712776187628,-0.8420758138243372,-1.0862690167721356,1.0862690167721356,81.25,334.0,0.0,7.0,4.0,3.0,4.333333333333333,5.6,6.0,60b17014-fa80-4382-84ca-ad209ae33c08,36fa31f7-12df-4f79-8de7-63098bfb8a5b,da619921-fbb3-4efc-8926-5c847f4f3436
fe8e557b-0df1-4ec5-bc31-9082ce6de530,16.0,Retired,3.0,1:14.725,10.0,1:12.953,6.0,1:11.962,7.0,1:11.978,3.0,71.543,4.0,1:11.543,71.075,8.0,1:11.075,70.518,3.0,1:10.518,3.0,0.0,79.74568831168833,77.62192857142858,80.51712776187628,-0.7714394501879553,-0.995148844436135,0.995148844436135,62.5,337.0,0.0,4.0,4.0,0.0,2.3333333333333335,3.4,3.857142857142857,60b17014-fa80-4382-84ca-ad209ae33c08,258793ad-e101-47d1-8409-93edc1c8bdd5,32af326f-ab0a-4a12-9764-43f308e87476
983682e6-1fc0-46c9-afd8-dd49ed5bb591,20.0,Retired,15.0,1:15.525,17.0,1:14.150,18.0,1:12.790,17.0,1:12.703,15.0,72.02,17.0,1:12.019,,,,,,,15.0,0.0,81.16962666666669,81.28246488888888,80.51712776187628,0.6524989047904057,0.84171678145292,-0.84171678145292,18.75,327.0,0.0,12.0,4.0,8.0,17.0,17.4,16.428571428571427,60b17014-fa80-4382-84ca-ad209ae33c08,6d1c7b33-b9da-42ee-b80a-b144e7a3efb4,d7558695-fc23-4e4a-8247-3e810f9397f8
18d7163d-334e-4db1-97fd-e218712dce47,7.0,Finished,13.0,1:16.709,7.0,1:12.789,7.0,1:12.061,15.0,1:12.331,13.0,71.728,9.0,1:11.727,71.563,14.0,1:11.563,,,,14.0,-1.0,81.31830666666669,109.57192,80.51712776187628,0.8011789047904045,1.033512430683348,-1.033512430683348,6.25,333.0,13.333333333333334,8.0,3.0,5.0,12.666666666666666,13.4,12.714285714285714,60b17014-fa80-4382-84ca-ad209ae33c08,bbe763bf-f205-4c4a-b485-51cc69248b5a,eb14f5b8-34b7-42db-ba17-1d847b0fc6ee
cc03d7df-8bce-499e-b5be-8e25c23e3ad1,14.0,Finished,8.0,1:14.719,8.0,1:12.875,11.0,1:12.349,9.0,1:11.990,8.0,71.852,13.0,1:11.852,71.106,9.0,1:11.105,70.858,8.0,1:10.858,8.0,0.0,80.8741052631579,80.63649206349207,80.51712776187628,0.3569775012816194,0.4604972532887054,-0.4604972532887054,50.0,338.0,0.0,2.0,4.0,-2.0,13.0,13.6,13.571428571428571,60b17014-fa80-4382-84ca-ad209ae33c08,329fcd08-b140-4524-8bbd-d944b5c5dd1b,c9a9c6fa-3f8f-4291-96b9-be6320767395
f1bd76ca-54fb-4e9d-a6de-72e1054510ee,1.0,Finished,6.0,1:14.569,11.0,1:12.983,4.0,1:11.813,2.0,1:11.566,6.0,71.711,7.0,1:11.710,70.745,2.0,1:10.745,70.567,6.0,1:10.566,6.0,0.0,79.6164025974026,75.84299999999999,80.51712776187628,-0.900725164473684,-1.1619260673824032,1.1619260673824032,87.5,311.0,16.5,16.0,2.0,14.0,4.0,4.6,3.7142857142857144,60b17014-fa80-4382-84ca-ad209ae33c08,4e5380ac-3832-409c-a269-05f3091fe4e2,c4170884-4736-4883-a3a4-eb449318ace9
2f704e7b-9570-441c-91b4-70381688fc6b,15.0,Lapped,18.0,1:14.718,19.0,1:14.569,20.0,1:13.772,19.0,1:13.829,18.0,73.028,20.0,1:13.028,,,,,,,16.0,2.0,81.66081333333332,83.04258358974357,80.51712776187628,1.1436855714570413,1.4753424582531487,-1.4753424582531487,0.0,324.0,0.0,14.0,4.0,10.0,15.333333333333334,16.6,16.857142857142858,60b17014-fa80-4382-84ca-ad209ae33c08,b59a380d-034d-42f5-b7c2-0c866052304b,d8d93e26-d576-42e2-9a6b-e428bcb6bf68
b307fe21-d65e-49df-8763-6e13b2118f9e,,,11.0,1:36.888,8.0,1:32.450,9.0,1:31.650,8.0,1:30.948,11.0,90.679,7.0,1:30.679,90.474,11.0,1:30.474,,,,20.0,-9.0,,,,,,,,,,,,,15.666666666666666,15.2,15.714285714285714,5ce1f6e4-af25-43cc-b959-803188fe3615,00572d64-eb7e-4295-89f6-63bf98e32dd4,b3f66b7a-d3e3-431b-9249-f6dd20ce6f7f
fb6fb4c2-bb70-4d0b-a916-d7ab941c9fe8,,,7.0,1:37.740,9.0,1:32.609,12.0,1:31.750,10.0,1:31.081,7.0,90.684,8.0,1:30.683,90.45,10.0,1:30.450,90.214,7.0,1:30.213,8.0,-1.0,,,,,,,,,,,,,13.333333333333334,11.4,12.428571428571429,5ce1f6e4-af25-43cc-b959-803188fe3615,5d03531f-db77-4857-b87a-f8bcff470727,b3f66b7a-d3e3-431b-9249-f6dd20ce6f7f
2046cdc9-8796-4544-8c72-78420226c6c7,,,19.0,1:37.524,18.0,1:33.484,20.0,1:32.786,19.0,1:32.097,19.0,91.572,19.0,1:31.572,,,,,,,16.0,3.0,,,,,,,,,,,,,15.0,15.0,15.571428571428571,5ce1f6e4-af25-43cc-b959-803188fe3615,b71aeceb-a2f8-4b55-b919-3faa52663eec,b3f66b7a-d3e3-431b-9249-f6dd20ce6f7f
21edf3cf-0aa9-4099-b4e4-bafc1775ea82,,,12.0,1:37.262,11.0,1:32.617,16.0,1:32.057,9.0,1:30.989,12.0,90.704,9.0,1:30.703,90.481,12.0,1:30.480,,,,11.0,1.0,,,,,,,,,,,,,12.666666666666666,13.0,13.0,5ce1f6e4-af25-43cc-b959-803188fe3615,217ff409-a898-4f8b-9323-7763902509c9,b3f66b7a-d3e3-431b-9249-f6dd20ce6f7f
ea31c57c-06a1-43f7-91a9-a7635151cda3,,,18.0,1:36.927,13.0,1:32.694,18.0,1:32.221,14.0,1:31.367,18.0,91.312,18.0,1:31.311,,,,,,,17.0,1.0,,,,,,,,,,,,,13.333333333333334,14.2,15.285714285714286,5ce1f6e4-af25-43cc-b959-803188fe3615,9218ccac-0d8c-4836-9f4b-082a2c542f68,b3f66b7a-d3e3-431b-9249-f6dd20ce6f7f
a68d74e9-7676-49e9-b5b9-9fcfb05e8b4b,,,3.0,1:37.393,12.0,1:32.679,11.0,1:31.709,7.0,1:30.864,3.0,90.393,4.0,1:30.393,89.929,4.0,1:29.929,89.841,3.0,1:29.840,6.0,-3.0,,,,,,,,,,,,,4.333333333333333,5.4,5.142857142857143,5ce1f6e4-af25-43cc-b959-803188fe3615,d71626b8-a508-4371-a966-503f36ebb8d0,b3f66b7a-d3e3-431b-9249-f6dd20ce6f7f
d2ba6104-a9cc-4497-b42d-73fcd9e2ec19,,,6.0,1:37.469,20.0,1:33.796,10.0,1:31.667,12.0,1:31.186,6.0,90.724,11.0,1:30.724,90.15,7.0,1:30.150,90.115,6.0,1:30.114,9.0,-3.0,,,,,,,,,,,,,12.0,12.8,12.571428571428571,5ce1f6e4-af25-43cc-b959-803188fe3615,d54daa60-c444-4ecb-a83e-c157cdf43e67,b3f66b7a-d3e3-431b-9249-f6dd20ce6f7f
a4c21ffb-3c86-43ed-ba10-4a345abf5213,,,9.0,1:35.370,1.0,1:31.763,2.0,1:30.784,5.0,1:30.558,9.0,90.786,12.0,1:30.786,89.747,3.0,1:29.746,,,,5.0,4.0,,,,,,,,,,,,,2.6666666666666665,2.6,2.857142857142857,5ce1f6e4-af25-43cc-b959-803188fe3615,a1402642-75cf-4196-9db4-b0d5b458a6ae,b3f66b7a-d3e3-431b-9249-f6dd20ce6f7f
e11191ec-c1c5-4ae7-865a-6a2b8a5d6908,,,14.0,1:34.754,17.0,1:33.376,13.0,1:31.793,13.0,1:31.265,14.0,90.829,14.0,1:30.828,90.653,14.0,1:30.653,,,,19.0,-5.0,,,,,,,,,,,,,13.0,12.4,12.714285714285714,5ce1f6e4-af25-43cc-b959-803188fe3615,60b02cb4-9e82-4955-bed9-7b8d40b28266,b3f66b7a-d3e3-431b-9249-f6dd20ce6f7f
4b1a88a5-032a-407d-b087-2dff6e18185b,,,1.0,1:34.924,2.0,1:31.838,1.0,1:30.727,1.0,1:29.646,1.0,90.002,1.0,1:30.001,90.007,5.0,1:30.007,89.525,1.0,1:29.525,1.0,0.0,,,,,,,,,,,,,4.0,4.0,3.4285714285714284,5ce1f6e4-af25-43cc-b959-803188fe3615,b34c803f-2e33-48a4-bffb-499598604cf9,b3f66b7a-d3e3-431b-9249-f6dd20ce6f7f
cc83f37b-fbb0-44c1-9255-db6cb2334f1b,,,15.0,1:37.963,10.0,1:32.614,17.0,1:32.118,16.0,1:31.558,15.0,90.958,15.0,1:30.957,90.769,15.0,1:30.769,,,,13.0,2.0,,,,,,,,,,,,,15.666666666666666,15.2,15.428571428571429,5ce1f6e4-af25-43cc-b959-803188fe3615,93895c43-2842-47df-b7de-f86110fd54b7,b3f66b7a-d3e3-431b-9249-f6dd20ce6f7f
3c69a1d9-e0fc-4699-8b4b-0fa9bc2dd0eb,,,13.0,1:37.477,14.0,1:32.766,8.0,1:31.597,15.0,1:31.439,13.0,90.624,5.0,1:30.623,90.579,13.0,1:30.578,,,,10.0,3.0,,,,,,,,,,,,,15.0,11.0,10.0,5ce1f6e4-af25-43cc-b959-803188fe3615,d162e0ad-1954-4454-a548-630421348097,b3f66b7a-d3e3-431b-9249-f6dd20ce6f7f
3a38cd92-e0d7-4e01-a79e-46b77cfd96a1,,,5.0,1:35.745,6.0,1:32.368,5.0,1:31.474,3.0,1:30.430,5.0,90.258,3.0,1:30.257,89.64,1.0,1:29.640,89.953,5.0,1:29.953,3.0,2.0,,,,,,,,,,,,,5.666666666666667,5.4,4.571428571428571,5ce1f6e4-af25-43cc-b959-803188fe3615,d31df4d0-71a1-40fc-bf79-61af13e1acd7,b3f66b7a-d3e3-431b-9249-f6dd20ce6f7f
9bbfd843-8ae5-4dca-95dd-d4f765fc2283,,,16.0,1:34.486,7.0,1:32.375,6.0,1:31.477,17.0,1:31.561,16.0,91.085,16.0,1:31.084,,,,,,,18.0,-2.0,,,,,,,,,,,,,14.666666666666666,13.8,12.714285714285714,5ce1f6e4-af25-43cc-b959-803188fe3615,fd659e25-4851-44ca-a1fd-4d65095a5693,b3f66b7a-d3e3-431b-9249-f6dd20ce6f7f
7508b305-88b2-4782-9f28-4915b823953f,,,4.0,1:37.046,16.0,1:33.334,7.0,1:31.487,2.0,1:30.125,4.0,90.811,13.0,1:30.811,90.153,8.0,1:30.153,89.867,4.0,1:29.867,4.0,0.0,,,,,,,,,,,,,3.6666666666666665,5.0,5.714285714285714,5ce1f6e4-af25-43cc-b959-803188fe3615,36fa31f7-12df-4f79-8de7-63098bfb8a5b,b3f66b7a-d3e3-431b-9249-f6dd20ce6f7f
22e2f62c-e802-44f1-8965-96705f7fdbe0,,,10.0,1:36.561,3.0,1:31.951,3.0,1:31.355,6.0,1:30.807,10.0,90.67,6.0,1:30.670,90.108,6.0,1:30.108,,,,7.0,3.0,,,,,,,,,,,,,2.3333333333333335,2.8,3.5714285714285716,5ce1f6e4-af25-43cc-b959-803188fe3615,258793ad-e101-47d1-8409-93edc1c8bdd5,b3f66b7a-d3e3-431b-9249-f6dd20ce6f7f
1c5521c9-9542-42bf-9700-8e60bd866e22,,,17.0,1:37.850,15.0,1:32.778,14.0,1:31.956,18.0,1:31.718,17.0,91.094,17.0,1:31.093,,,,,,,14.0,3.0,,,,,,,,,,,,,13.333333333333334,14.2,12.857142857142858,5ce1f6e4-af25-43cc-b959-803188fe3615,bbe763bf-f205-4c4a-b485-51cc69248b5a,b3f66b7a-d3e3-431b-9249-f6dd20ce6f7f
f126049e-36a2-4a94-bfa9-8dbfd6ad3548,,,8.0,1:36.393,5.0,1:32.263,4.0,1:31.468,11.0,1:31.114,8.0,90.716,10.0,1:30.715,90.289,9.0,1:30.289,90.354,8.0,1:30.353,12.0,-4.0,,,,,,,,,,,,,12.333333333333334,13.4,12.285714285714286,5ce1f6e4-af25-43cc-b959-803188fe3615,329fcd08-b140-4524-8bbd-d944b5c5dd1b,b3f66b7a-d3e3-431b-9249-f6dd20ce6f7f
8966e45d-b281-495e-97ce-10ba409f2448,,,2.0,1:35.966,4.0,1:32.096,15.0,1:32.021,4.0,1:30.540,2.0,90.157,2.0,1:30.156,89.68,2.0,1:29.680,89.728,2.0,1:29.727,2.0,0.0,,,,,,,,,,,,,5.666666666666667,4.8,4.285714285714286,5ce1f6e4-af25-43cc-b959-803188fe3615,4e5380ac-3832-409c-a269-05f3091fe4e2,b3f66b7a-d3e3-431b-9249-f6dd20ce6f7f
8321a16e-b276-4a44-8cbf-045217334c5e,,,20.0,1:37.460,19.0,1:33.584,19.0,1:32.358,20.0,1:32.652,20.0,92.054,20.0,1:32.054,,,,,,,15.0,5.0,,,,,,,,,,,,,14.666666666666666,16.0,16.285714285714285,5ce1f6e4-af25-43cc-b959-803188fe3615,b59a380d-034d-42f5-b7c2-0c866052304b,b3f66b7a-d3e3-431b-9249-f6dd20ce6f7f
ff1a064b-a057-4c15-a4cf-2694182e6265,15.0,Lapped,,,,,,,,,,,,,,,,,,,,,97.1437818181818,110.44982264150944,97.33261685692014,-0.1888350387383326,-0.0344065684564344,0.0344065684564344,5.555555555555558,326.0,23.4,14.0,12.0,2.0,,,,f4889f15-b568-4d01-8d55-439f0b0709f2,00572d64-eb7e-4295-89f6-63bf98e32dd4,d7558695-fc23-4e4a-8247-3e810f9397f8
ed38205a-6d10-4e8c-9912-3fe6311917fe,7.0,Finished,,,,,,,,,,,,,,,,,,,,,95.75032142857144,108.20355844155844,97.33261685692014,-1.5822954283487007,-0.2883011348821863,0.2883011348821863,61.111111111111114,332.0,21.0,4.0,15.0,-11.0,,,,f4889f15-b568-4d01-8d55-439f0b0709f2,5d03531f-db77-4857-b87a-f8bcff470727,eb14f5b8-34b7-42db-ba17-1d847b0fc6ee
9fa3981a-036d-4330-9bcb-d7a88a37e68d,11.0,Finished,,,,,,,,,,,,,,,,,,,,,96.13364285714286,87.96859313131314,97.33261685692014,-1.19897399977728,-0.218458297127714,0.218458297127714,44.44444444444444,328.0,18.29249984,11.0,16.0,-5.0,,,,f4889f15-b568-4d01-8d55-439f0b0709f2,b71aeceb-a2f8-4b55-b919-3faa52663eec,d8d93e26-d576-42e2-9a6b-e428bcb6bf68
d986abe8-277f-47a8-8d38-7eee6328f2cf,5.0,Finished,,,,,,,,,,,,,,,,,,,,,95.55701785714284,89.15898608534323,97.33261685692014,-1.7755989997773014,-0.3235218895030887,0.3235218895030887,94.44444444444444,332.0,28.5513888,4.0,8.0,-4.0,,,,f4889f15-b568-4d01-8d55-439f0b0709f2,9218ccac-0d8c-4836-9f4b-082a2c542f68,71e83a22-c17b-480d-93f1-bcc6e31859e2
6a4a0ec7-e4d1-4d6d-ad41-ef51fb1d46c9,12.0,Finished,,,,,,,,,,,,,,,,,,,,,96.37796428571428,101.7817848639456,97.33261685692014,-0.9546525712058695,-0.1739418662064134,0.1739418662064134,27.77777777777778,337.0,39.0,1.0,1.0,0.0,,,,f4889f15-b568-4d01-8d55-439f0b0709f2,d71626b8-a508-4371-a966-503f36ebb8d0,da619921-fbb3-4efc-8926-5c847f4f3436
3dc3cf76-41de-40a0-b284-72e4a73e6d13,16.0,Retired,,,,,,,,,,,,,,,,,,,,,96.55886842105264,123.83945714285711,97.33261685692014,-0.7737484358675033,-0.1409803429734474,0.1409803429734474,11.111111111111116,329.0,22.25,8.0,14.0,-6.0,,,,f4889f15-b568-4d01-8d55-439f0b0709f2,d54daa60-c444-4ecb-a83e-c157cdf43e67,9ce8fc06-61f2-4c19-8be7-5c070425fd4c
f5ad5c95-2a4b-4fa0-bb1e-ce8ee66a288a,14.0,Finished,,,,,,,,,,,,,,,,,,,,,96.333,99.22894132653062,97.33261685692014,-0.9996168569201416,-0.1821345553644173,0.1821345553644173,33.333333333333336,333.0,22.4,3.0,13.0,-10.0,,,,f4889f15-b568-4d01-8d55-439f0b0709f2,4d8edae8-dd9a-4376-a1f0-91e4dcaaee1a,c9a9c6fa-3f8f-4291-96b9-be6320767395
71da23a2-aa6b-42c3-9def-1cdf7a448697,2.0,Finished,,,,,,,,,,,,,,,,,,,,,95.605625,87.40456212121211,97.33261685692014,-1.7269918569201366,-0.3146654558700056,0.3146654558700056,83.33333333333334,314.0,34.25,16.0,4.0,12.0,,,,f4889f15-b568-4d01-8d55-439f0b0709f2,a1402642-75cf-4196-9db4-b0d5b458a6ae,32af326f-ab0a-4a12-9764-43f308e87476
ce1b5667-8c31-4ae0-8ca6-23c904639e19,9.0,Finished,,,,,,,,,,,,,,,,,,,,,95.84964285714288,87.94372323232324,97.33261685692014,-1.482973999777272,-0.2702043369882897,0.2702043369882897,50.0,334.0,28.5,2.0,9.0,-7.0,,,,f4889f15-b568-4d01-8d55-439f0b0709f2,60b02cb4-9e82-4955-bed9-7b8d40b28266,9ce8fc06-61f2-4c19-8be7-5c070425fd4c
3c638e01-15f8-4c2b-a86c-c16d97ffc6f1,10.0,Finished,,,,,,,,,,,,,,,,,,,,,96.2044642857143,92.83135897435896,97.33261685692014,-1.1281525712058451,-0.2055543236564447,0.2055543236564447,38.888888888888886,328.0,15.929091025454545,11.0,17.0,-6.0,,,,f4889f15-b568-4d01-8d55-439f0b0709f2,b34c803f-2e33-48a4-bffb-499598604cf9,d3cdf2e4-9756-4de7-8fee-cb87fb530b7f
1af2dd25-4f30-4d91-9542-437b9c308082,17.0,Retired,,,,,,,,,,,,,,,,,,,,,96.48575675675676,88.40061614906833,97.33261685692014,-0.8468601001633829,-0.154301607392207,0.154301607392207,16.666666666666664,328.0,35.5,11.0,3.0,8.0,,,,f4889f15-b568-4d01-8d55-439f0b0709f2,d162e0ad-1954-4454-a548-630421348097,c4170884-4736-4883-a3a4-eb449318ace9
fcd1f99c-52fa-46ba-ac21-98bbf13dacf9,3.0,Finished,,,,,,,,,,,,,,,,,,,,,95.60051785714286,87.73094285714286,97.33261685692014,-1.7320989997772784,-0.3155959995948623,0.3155959995948623,88.88888888888889,326.0,33.75,14.0,5.0,9.0,,,,f4889f15-b568-4d01-8d55-439f0b0709f2,d31df4d0-71a1-40fc-bf79-61af13e1acd7,d3cdf2e4-9756-4de7-8fee-cb87fb530b7f
1f04d1c7-bd82-47c7-a3d9-7777f9e78ba8,4.0,Finished,,,,,,,,,,,,,,,,,,,,,95.69278571428572,97.21238839285716,97.33261685692014,-1.6398311426344208,-0.2987843932090724,0.2987843932090724,66.66666666666667,330.0,26.6,7.0,10.0,-3.0,,,,f4889f15-b568-4d01-8d55-439f0b0709f2,36fa31f7-12df-4f79-8de7-63098bfb8a5b,da619921-fbb3-4efc-8926-5c847f4f3436
1836d9a7-78ba-4cf0-b260-c455223a785b,6.0,Finished,,,,,,,,,,,,,,,,,,,,,95.77508928571427,89.18678571428573,97.33261685692014,-1.5575275712058527,-0.2837883231815705,0.2837883231815705,55.55555555555556,331.0,31.25,6.0,6.0,0.0,,,,f4889f15-b568-4d01-8d55-439f0b0709f2,258793ad-e101-47d1-8409-93edc1c8bdd5,32af326f-ab0a-4a12-9764-43f308e87476
454b09c7-0853-4057-b875-c03070ebc4c8,18.0,Retired,,,,,,,,,,,,,,,,,,,,,119.2527142857143,146.208,97.33261685692014,21.920097428794165,3.9939374482328103,-3.9939374482328103,0.0,302.0,0.0,18.0,18.0,0.0,,,,f4889f15-b568-4d01-8d55-439f0b0709f2,bbe763bf-f205-4c4a-b485-51cc69248b5a,eb14f5b8-34b7-42db-ba17-1d847b0fc6ee
d0619af5-82c3-4464-b793-a69d9dedbb73,13.0,Finished,,,,,,,,,,,,,,,,,,,,,96.404875,95.24861079545455,97.33261685692014,-0.92774185692015,-0.1690386165792816,0.1690386165792816,22.22222222222222,329.0,25.71714267428571,8.0,11.0,-3.0,,,,f4889f15-b568-4d01-8d55-439f0b0709f2,329fcd08-b140-4524-8bbd-d944b5c5dd1b,c9a9c6fa-3f8f-4291-96b9-be6320767395
fd3fbb38-55d9-41e1-aece-802bdbf45cb6,1.0,Finished,,,,,,,,,,,,,,,,,,,,,95.60676785714284,,97.33261685692014,-1.7258489997772983,-0.3144572223092018,0.3144572223092018,77.77777777777779,308.0,38.0,17.0,2.0,15.0,,,,f4889f15-b568-4d01-8d55-439f0b0709f2,4e5380ac-3832-409c-a269-05f3091fe4e2,c4170884-4736-4883-a3a4-eb449318ace9
482391a8-35e3-41e3-95ff-f3c6dfac95a8,8.0,Finished,,,,,,,,,,,,,,,,,,,,,95.65426785714284,86.56302424242425,97.33261685692014,-1.678348999777299,-0.3058025149381547,0.3058025149381547,72.22222222222221,329.0,29.25,8.0,7.0,1.0,,,,f4889f15-b568-4d01-8d55-439f0b0709f2,b59a380d-034d-42f5-b7c2-0c866052304b,d8d93e26-d576-42e2-9a6b-e428bcb6bf68
b079fce3-2b6f-42cb-b739-6e3231205a33,11.0,Finished,12.0,1:32.307,10.0,1:30.746,14.0,1:29.789,17.0,1:29.808,12.0,89.107,15.0,1:29.106,88.98,12.0,1:28.980,,,,11.0,1.0,98.5306326530612,92.816375,98.0130720998926,0.5175605531686074,0.5536354309514445,-0.5536354309514445,31.57894736842105,344.0,35.5,1.0,11.0,-10.0,16.0,17.4,15.714285714285714,48b9ef38-f484-4f7a-b795-0b28717c9d5b,00572d64-eb7e-4295-89f6-63bf98e32dd4,d7558695-fc23-4e4a-8247-3e810f9397f8
08a0e082-5b8c-458e-82b5-8911b128ab63,5.0,Finished,4.0,1:32.387,2.0,1:29.844,1.0,1:28.826,6.0,1:29.037,4.0,88.706,5.0,1:28.706,88.122,3.0,1:28.121,87.846,4.0,1:27.846,5.0,-1.0,97.56173469387754,93.2681875,98.0130720998926,-0.4513374060150568,-0.4827964143593648,0.4827964143593648,68.42105263157895,327.0,37.5,17.0,6.0,11.0,12.333333333333334,10.8,10.857142857142858,48b9ef38-f484-4f7a-b795-0b28717c9d5b,5d03531f-db77-4857-b87a-f8bcff470727,eb14f5b8-34b7-42db-ba17-1d847b0fc6ee
4f85e083-53fe-4d27-bd7b-f11ff48d460c,7.0,Finished,11.0,1:32.186,,,,,10.0,1:29.305,11.0,88.984,9.0,1:28.983,88.642,11.0,1:28.641,,,,7.0,4.0,97.619,93.17763333333332,98.0130720998926,-0.3940720998925968,-0.4215396160203574,0.4215396160203574,57.89473684210527,339.0,38.5,7.0,4.0,3.0,10.0,10.0,10.0,48b9ef38-f484-4f7a-b795-0b28717c9d5b,d8ecbab8-5e75-4e30-a814-ab881049ebe8,32af326f-ab0a-4a12-9764-43f308e87476
1661c510-ac86-4bbc-9569-74caaf683abc,17.0,Lapped,16.0,1:32.706,11.0,1:30.783,20.0,1:30.153,18.0,1:30.082,16.0,89.179,16.0,1:29.179,,,,,,,17.0,-1.0,99.1985625,95.68680952380952,98.0130720998926,1.1854904001073976,1.2681211590297623,-1.2681211590297623,5.263157894736848,342.0,23.0,2.0,18.0,-16.0,14.333333333333334,15.0,15.285714285714286,48b9ef38-f484-4f7a-b795-0b28717c9d5b,b71aeceb-a2f8-4b55-b919-3faa52663eec,d8d93e26-d576-42e2-9a6b-e428bcb6bf68
0fb0c488-9eed-4578-af7f-d4ff4432724a,,,18.0,2:01.453,17.0,1:31.046,9.0,1:29.528,12.0,1:29.546,18.0,89.479,18.0,1:29.478,,,,,,,20.0,-2.0,,,,,,,,,,,,,12.333333333333334,14.6,15.428571428571429,48b9ef38-f484-4f7a-b795-0b28717c9d5b,9218ccac-0d8c-4836-9f4b-082a2c542f68,b3f66b7a-d3e3-431b-9249-f6dd20ce6f7f
ec4e09ee-ccd4-4054-bbc8-282f21a907f1,9.0,Finished,8.0,1:31.745,8.0,1:30.236,8.0,1:29.504,9.0,1:29.268,8.0,88.994,11.0,1:28.993,88.606,10.0,1:28.605,88.46,8.0,1:28.459,9.0,-1.0,97.75028571428572,99.75327731092436,98.0130720998926,-0.2627863856068728,-0.2811030573194349,0.2811030573194349,47.36842105263158,334.0,24.0,11.0,17.0,-6.0,5.666666666666667,5.6,5.142857142857143,48b9ef38-f484-4f7a-b795-0b28717c9d5b,d71626b8-a508-4371-a966-503f36ebb8d0,da619921-fbb3-4efc-8926-5c847f4f3436
555728af-2f54-4a74-bb5d-0f9489fae0a0,10.0,Finished,15.0,1:32.365,19.0,1:31.411,18.0,1:30.076,15.0,1:29.674,15.0,89.055,12.0,1:29.055,,,,,,,10.0,5.0,98.2963469387755,94.52222721088437,98.0130720998926,0.2832748388829031,0.30301959170282,-0.30301959170282,42.10526315789473,330.0,26.5,16.0,15.0,1.0,12.333333333333334,11.2,12.285714285714286,48b9ef38-f484-4f7a-b795-0b28717c9d5b,d54daa60-c444-4ecb-a83e-c157cdf43e67,9ce8fc06-61f2-4c19-8be7-5c070425fd4c
ee586795-4ba4-4270-8474-79983f8b9e7c,3.0,Finished,2.0,1:31.632,5.0,1:30.030,4.0,1:29.180,2.0,1:28.608,2.0,88.318,3.0,1:28.317,88.112,2.0,1:28.111,87.791,2.0,1:27.790,3.0,-1.0,97.24961224489792,92.89294217687076,98.0130720998926,-0.7634598549946645,-0.8166743451493319,0.8166743451493319,78.94736842105263,334.0,35.5,11.0,11.0,0.0,3.0,3.4,3.142857142857143,48b9ef38-f484-4f7a-b795-0b28717c9d5b,a1402642-75cf-4196-9db4-b0d5b458a6ae,32af326f-ab0a-4a12-9764-43f308e87476
c7909c38-1fed-4f42-9130-b4671fe9446c,12.0,Finished,13.0,1:32.337,20.0,1:31.576,17.0,1:29.984,11.0,1:29.484,13.0,89.069,14.0,1:29.069,89.02,13.0,1:29.019,,,,12.0,1.0,98.48675510204085,94.51666448979591,98.0130720998926,0.4736830021482348,0.5066995377124088,-0.5066995377124088,36.8421052631579,336.0,36.5,10.0,7.0,3.0,15.333333333333334,14.2,13.714285714285714,48b9ef38-f484-4f7a-b795-0b28717c9d5b,60b02cb4-9e82-4955-bed9-7b8d40b28266,9ce8fc06-61f2-4c19-8be7-5c070425fd4c
5ba34c3b-35d3-423e-a3bc-67589825459c,8.0,Finished,6.0,1:31.944,7.0,1:30.230,12.0,1:29.757,5.0,1:28.971,6.0,88.805,8.0,1:28.805,88.479,7.0,1:28.478,88.132,6.0,1:28.132,8.0,-2.0,97.7358163265306,95.5715331632653,98.0130720998926,-0.2772557733620004,-0.2965809867643476,0.2965809867643476,52.63157894736843,314.0,19.5,18.0,19.0,-1.0,2.3333333333333335,3.6,3.2857142857142856,48b9ef38-f484-4f7a-b795-0b28717c9d5b,b34c803f-2e33-48a4-bffb-499598604cf9,d3cdf2e4-9756-4de7-8fee-cb87fb530b7f
a0e6acd7-645c-42f4-b383-7ad93fe0cb3a,13.0,Lapped,17.0,1:33.480,13.0,1:30.944,15.0,1:29.900,14.0,1:29.575,17.0,89.475,17.0,1:29.474,,,,,,,13.0,4.0,98.810125,105.72242857142858,98.0130720998926,0.7970529001073885,0.852608884391343,-0.852608884391343,26.315789473684216,340.0,32.0,5.0,14.0,-9.0,14.333333333333334,15.0,15.285714285714286,48b9ef38-f484-4f7a-b795-0b28717c9d5b,93895c43-2842-47df-b7de-f86110fd54b7,71e83a22-c17b-480d-93f1-bcc6e31859e2
3957b204-ff7d-4e7a-a263-96e7cad9acf4,2.0,Finished,3.0,1:32.272,3.0,1:29.867,5.0,1:29.299,3.0,1:28.906,3.0,88.638,4.0,1:28.638,88.467,6.0,1:28.466,87.807,3.0,1:27.807,2.0,1.0,97.03457142857144,96.66450960384154,98.0130720998926,-0.9785006713211716,-1.046703883316804,1.046703883316804,84.21052631578947,337.0,33.0,9.0,13.0,-4.0,15.0,11.4,10.285714285714286,48b9ef38-f484-4f7a-b795-0b28717c9d5b,d162e0ad-1954-4454-a548-630421348097,c4170884-4736-4883-a3a4-eb449318ace9
87cea347-ab85-49e5-b16a-8e7becb4182d,4.0,Finished,5.0,1:32.310,15.0,1:30.977,10.0,1:29.593,8.0,1:29.212,5.0,88.755,7.0,1:28.754,88.343,4.0,1:28.343,88.089,5.0,1:28.088,4.0,1.0,97.4811224489796,92.65606666666666,98.0130720998926,-0.5319496509130062,-0.5690274740311408,0.5690274740311408,73.6842105263158,334.0,36.0,11.0,9.0,2.0,4.333333333333333,5.6,4.428571428571429,48b9ef38-f484-4f7a-b795-0b28717c9d5b,d31df4d0-71a1-40fc-bf79-61af13e1acd7,d3cdf2e4-9756-4de7-8fee-cb87fb530b7f
6883d36c-c459-4cff-97da-c5384e6b68f3,16.0,Lapped,14.0,1:33.322,12.0,1:30.917,19.0,1:30.087,16.0,1:29.739,14.0,89.065,13.0,1:29.064,89.025,14.0,1:29.025,,,,16.0,-2.0,99.1595625,111.240375,98.0130720998926,1.146490400107396,1.226402790667031,-1.226402790667031,10.526315789473683,339.0,36.38392822857143,7.0,8.0,-1.0,16.333333333333332,14.8,14.142857142857142,48b9ef38-f484-4f7a-b795-0b28717c9d5b,fd659e25-4851-44ca-a1fd-4d65095a5693,c9a9c6fa-3f8f-4291-96b9-be6320767395
f22be7df-f21d-47d7-b78d-084a625af4f7,6.0,Finished,7.0,1:32.254,4.0,1:29.938,2.0,1:29.057,4.0,1:28.963,7.0,88.749,6.0,1:28.748,88.448,5.0,1:28.447,88.316,7.0,1:28.316,6.0,1.0,97.60714285714286,148.70726530612242,98.0130720998926,-0.4059292427497354,-0.4342232225189118,0.4342232225189118,63.1578947368421,340.0,39.0,5.0,2.0,3.0,4.666666666666667,4.4,5.285714285714286,48b9ef38-f484-4f7a-b795-0b28717c9d5b,36fa31f7-12df-4f79-8de7-63098bfb8a5b,da619921-fbb3-4efc-8926-5c847f4f3436
dde9f92c-7b17-4850-84bc-96bf1d9a7a5c,14.0,Lapped,19.0,1:33.025,,,,,,,19.0,89.526,19.0,1:29.525,,,,,,,14.0,5.0,98.84579166666668,94.843,98.0130720998926,0.8327195667740881,0.8907615802444733,-0.8907615802444733,21.052631578947366,341.0,36.0,3.0,9.0,-6.0,16.333333333333332,16.4,16.142857142857142,48b9ef38-f484-4f7a-b795-0b28717c9d5b,6d1c7b33-b9da-42ee-b80a-b144e7a3efb4,d7558695-fc23-4e4a-8247-3e810f9397f8
0f0402a6-f352-464e-9193-ec555705a134,19.0,Retired,10.0,1:35.560,9.0,1:30.579,6.0,1:29.335,7.0,1:29.126,10.0,88.25,2.0,1:28.250,88.578,9.0,1:28.578,88.572,10.0,1:28.572,19.0,-9.0,95.79475,,98.0130720998926,-2.218322099892603,-2.3729430387308885,2.3729430387308885,94.73684210526316,312.0,73.0,19.0,1.0,18.0,13.0,13.2,13.571428571428571,48b9ef38-f484-4f7a-b795-0b28717c9d5b,bbe763bf-f205-4c4a-b485-51cc69248b5a,eb14f5b8-34b7-42db-ba17-1d847b0fc6ee
b41f9772-a79c-4331-8202-1ac69bed7653,15.0,Lapped,9.0,1:33.522,16.0,1:31.036,11.0,1:29.665,13.0,1:29.572,9.0,88.988,10.0,1:28.987,88.564,8.0,1:28.563,88.547,9.0,1:28.546,15.0,-6.0,98.88072916666668,99.455125,98.0130720998926,0.8676570667740862,0.9281342852360835,-0.9281342852360835,15.789473684210533,341.0,39.0,3.0,2.0,1.0,13.333333333333334,11.8,12.571428571428571,48b9ef38-f484-4f7a-b795-0b28717c9d5b,329fcd08-b140-4524-8bbd-d944b5c5dd1b,c9a9c6fa-3f8f-4291-96b9-be6320767395
1f2c16b0-e6c8-4d99-8aaa-2796abb2e6b5,1.0,Finished,1.0,1:31.772,1.0,1:29.659,3.0,1:29.158,1.0,1:28.412,1.0,88.171,1.0,1:28.171,88.033,1.0,1:28.033,87.472,1.0,1:27.471,1.0,0.0,96.89322448979595,,98.0130720998926,-1.1198476100966417,-1.197902951490633,1.197902951490633,89.47368421052632,331.0,38.0,14.0,5.0,9.0,4.666666666666667,4.0,4.428571428571429,48b9ef38-f484-4f7a-b795-0b28717c9d5b,4e5380ac-3832-409c-a269-05f3091fe4e2,c4170884-4736-4883-a3a4-eb449318ace9
d842ad37-6f5e-422e-af96-59b56b3344db,18.0,Lapped,20.0,1:32.207,18.0,1:31.131,13.0,1:29.777,19.0,1:30.739,20.0,,,,,,,,,,18.0,2.0,99.31260416666667,95.47491666666669,98.0130720998926,1.299532066774077,1.3901117297656655,-1.3901117297656655,0.0,331.0,25.0,14.0,16.0,-2.0,15.333333333333334,15.4,16.285714285714285,48b9ef38-f484-4f7a-b795-0b28717c9d5b,b59a380d-034d-42f5-b7c2-0c866052304b,d8d93e26-d576-42e2-9a6b-e428bcb6bf68
ad806ca6-ec80-41ea-9661-9240a7f45034,20.0,Retired,11.0,1:36.888,8.0,1:32.450,9.0,1:31.650,8.0,1:30.948,11.0,90.679,7.0,1:30.679,90.474,11.0,1:30.474,,,,20.0,-9.0,103.56657142857144,116.064,99.48919546935988,4.077375959211551,3.012447212860831,-3.012447212860831,0.0,309.0,28.5,18.0,4.0,14.0,13.333333333333334,15.6,15.285714285714286,80290d9e-6e93-4823-a19b-59e7b84f3268,00572d64-eb7e-4295-89f6-63bf98e32dd4,d7558695-fc23-4e4a-8247-3e810f9397f8
c1500419-3d5c-4358-b9d8-af41ccbf9451,8.0,Lapped,7.0,1:37.740,9.0,1:32.609,12.0,1:31.750,10.0,1:31.081,7.0,90.684,8.0,1:30.683,90.45,10.0,1:30.450,90.214,7.0,1:30.213,8.0,-1.0,99.11766666666666,99.09256,99.48919546935988,-0.37152880269322,-0.2744929379500083,0.2744929379500083,60.0,316.0,27.5,8.0,9.0,-1.0,8.0,10.6,10.0,80290d9e-6e93-4823-a19b-59e7b84f3268,5d03531f-db77-4857-b87a-f8bcff470727,eb14f5b8-34b7-42db-ba17-1d847b0fc6ee
82c33915-0b91-457d-a344-c6687e14b6b9,16.0,Lapped,19.0,1:37.524,18.0,1:33.484,20.0,1:32.786,19.0,1:32.097,19.0,91.572,19.0,1:31.572,,,,,,,16.0,3.0,99.95065,109.1233,99.48919546935988,0.4614545306401112,0.340931871035413,-0.340931871035413,19.999999999999996,316.0,28.0,8.0,7.0,1.0,15.333333333333334,15.6,15.428571428571429,80290d9e-6e93-4823-a19b-59e7b84f3268,b71aeceb-a2f8-4b55-b919-3faa52663eec,d8d93e26-d576-42e2-9a6b-e428bcb6bf68
be55a31b-ac79-48ec-a4b8-91abd3235afc,11.0,Lapped,12.0,1:37.262,11.0,1:32.617,16.0,1:32.057,9.0,1:30.989,12.0,90.704,9.0,1:30.703,90.481,12.0,1:30.480,,,,11.0,1.0,99.18598333333333,98.3335,99.48919546935988,-0.3032121360265591,-0.2240192131449696,0.2240192131449696,44.99999999999999,314.0,27.5,10.0,9.0,1.0,12.333333333333334,11.4,12.666666666666666,80290d9e-6e93-4823-a19b-59e7b84f3268,217ff409-a898-4f8b-9323-7763902509c9,d7558695-fc23-4e4a-8247-3e810f9397f8
83da4e81-1c14-4c49-8c0a-350f405ba04e,17.0,Lapped,18.0,1:36.927,13.0,1:32.694,18.0,1:32.221,14.0,1:31.367,18.0,91.312,18.0,1:31.311,,,,,,,17.0,1.0,99.99415,100.03761960784315,99.48919546935988,0.50495453064012,0.3730705443072327,-0.3730705443072327,15.000000000000002,314.0,27.5,10.0,9.0,1.0,15.666666666666666,15.4,15.428571428571429,80290d9e-6e93-4823-a19b-59e7b84f3268,9218ccac-0d8c-4836-9f4b-082a2c542f68,71e83a22-c17b-480d-93f1-bcc6e31859e2
a2e5e06d-2e4e-4461-a9b0-535f49289d82,6.0,Finished,3.0,1:37.393,12.0,1:32.679,11.0,1:31.709,7.0,1:30.864,3.0,90.393,4.0,1:30.393,89.929,4.0,1:29.929,89.841,3.0,1:29.840,6.0,-3.0,98.93634426229508,98.45797707547996,99.48919546935988,-0.552851207064819,-0.4084575703858342,0.4084575703858342,70.0,320.0,26.5,2.0,16.0,-14.0,7.333333333333333,5.6,6.0,80290d9e-6e93-4823-a19b-59e7b84f3268,d71626b8-a508-4371-a966-503f36ebb8d0,da619921-fbb3-4efc-8926-5c847f4f3436
d87f0c63-a88b-453a-8d76-fd447ac37f8a,9.0,Lapped,6.0,1:37.469,20.0,1:33.796,10.0,1:31.667,12.0,1:31.186,6.0,90.724,11.0,1:30.724,90.15,7.0,1:30.150,90.115,6.0,1:30.114,9.0,-3.0,99.16646666666666,98.71744074074074,99.48919546935988,-0.32272880269322,-0.2384385182795604,0.2384385182795604,50.0,321.0,29.0,1.0,2.0,-1.0,12.666666666666666,11.0,11.857142857142858,80290d9e-6e93-4823-a19b-59e7b84f3268,d54daa60-c444-4ecb-a83e-c157cdf43e67,9ce8fc06-61f2-4c19-8be7-5c070425fd4c
d780ddb2-d46d-4741-94b1-ad872bd17f47,5.0,Finished,9.0,1:35.370,1.0,1:31.763,2.0,1:30.784,5.0,1:30.558,9.0,90.786,12.0,1:30.786,89.747,3.0,1:29.746,,,,5.0,4.0,98.49034426229508,98.98347540983607,99.48919546935988,-0.998851207064817,-0.7379713239313201,0.7379713239313201,80.0,319.0,27.5,3.0,9.0,-6.0,3.0,3.2,3.0,80290d9e-6e93-4823-a19b-59e7b84f3268,a1402642-75cf-4196-9db4-b0d5b458a6ae,32af326f-ab0a-4a12-9764-43f308e87476
6d8e6288-bdcf-41af-bc67-5cabff7cc65f,19.0,Retired,14.0,1:34.754,17.0,1:33.376,13.0,1:31.793,13.0,1:31.265,14.0,90.829,14.0,1:30.828,90.653,14.0,1:30.653,,,,19.0,-5.0,101.81244642857142,117.6884375,99.48919546935988,2.323250959211535,1.7164644484258904,-1.7164644484258904,5.000000000000004,319.0,18.666666666666668,3.0,18.0,-15.0,17.0,14.0,13.285714285714286,80290d9e-6e93-4823-a19b-59e7b84f3268,60b02cb4-9e82-4955-bed9-7b8d40b28266,9ce8fc06-61f2-4c19-8be7-5c070425fd4c
81529a9e-02eb-42e8-b5a3-40aa7ccbf08c,1.0,Finished,1.0,1:34.924,2.0,1:31.838,1.0,1:30.727,1.0,1:29.646,1.0,90.002,1.0,1:30.001,90.007,5.0,1:30.007,89.525,1.0,1:29.525,1.0,0.0,97.57618032786888,,99.48919546935988,-1.913015141491016,-1.4133739907220997,1.4133739907220997,95.0,310.0,14.0,16.0,20.0,-4.0,4.333333333333333,4.2,4.142857142857143,80290d9e-6e93-4823-a19b-59e7b84f3268,b34c803f-2e33-48a4-bffb-499598604cf9,d3cdf2e4-9756-4de7-8fee-cb87fb530b7f
26cce7f7-ad04-41e9-8e5a-cfc6f6d7cd81,13.0,Lapped,15.0,1:37.963,10.0,1:32.614,17.0,1:32.118,16.0,1:31.558,15.0,90.958,15.0,1:30.957,90.769,15.0,1:30.769,,,,13.0,2.0,99.77748333333336,99.9139037037037,99.48919546935988,0.2882878639734656,0.2129928613441873,-0.2129928613441873,35.0,314.0,29.5,10.0,1.0,9.0,14.333333333333334,14.6,14.571428571428571,80290d9e-6e93-4823-a19b-59e7b84f3268,93895c43-2842-47df-b7de-f86110fd54b7,71e83a22-c17b-480d-93f1-bcc6e31859e2
2203cf34-2a9b-4c89-a7ee-4cf95c65f5b1,10.0,Lapped,13.0,1:37.477,14.0,1:32.766,8.0,1:31.597,15.0,1:31.439,13.0,90.624,5.0,1:30.623,90.579,13.0,1:30.578,,,,10.0,3.0,99.15075,105.17965625,99.48919546935988,-0.3384454693598826,-0.250050307128339,0.250050307128339,55.00000000000001,317.0,28.5,7.0,4.0,3.0,10.0,11.4,9.571428571428571,80290d9e-6e93-4823-a19b-59e7b84f3268,d162e0ad-1954-4454-a548-630421348097,c4170884-4736-4883-a3a4-eb449318ace9
83a47cf4-f284-4e6e-a3c6-70feff21c8cd,3.0,Finished,5.0,1:35.745,6.0,1:32.368,5.0,1:31.474,3.0,1:30.430,5.0,90.258,3.0,1:30.257,89.64,1.0,1:29.640,89.953,5.0,1:29.953,3.0,2.0,98.18239344262297,98.0169519125683,99.48919546935988,-1.306802026736932,-0.9654915716837152,0.9654915716837152,85.0,319.0,29.0,3.0,2.0,1.0,3.0,4.8,4.857142857142857,80290d9e-6e93-4823-a19b-59e7b84f3268,d31df4d0-71a1-40fc-bf79-61af13e1acd7,d3cdf2e4-9756-4de7-8fee-cb87fb530b7f
d665b00e-cc30-4c5a-9147-fc02051c709a,18.0,Lapped,16.0,1:34.486,7.0,1:32.375,6.0,1:31.477,17.0,1:31.561,16.0,91.085,16.0,1:31.084,,,,,,,18.0,-2.0,100.51746666666668,100.20496428571428,99.48919546935988,1.0282711973067933,0.7597074033346951,-0.7597074033346951,9.999999999999998,313.0,14.5,13.0,19.0,-6.0,15.333333333333334,15.6,14.714285714285714,80290d9e-6e93-4823-a19b-59e7b84f3268,fd659e25-4851-44ca-a1fd-4d65095a5693,c9a9c6fa-3f8f-4291-96b9-be6320767395
8aa2ca8a-594d-48b0-9224-483563d30afb,4.0,Finished,4.0,1:37.046,16.0,1:33.334,7.0,1:31.487,2.0,1:30.125,4.0,90.811,13.0,1:30.811,90.153,8.0,1:30.153,89.867,4.0,1:29.867,4.0,0.0,98.521131147541,98.35156393442624,99.48919546935988,-0.9680643218188862,-0.7152253550583137,0.7152253550583137,75.0,311.0,28.0,15.0,7.0,8.0,5.0,4.2,5.0,80290d9e-6e93-4823-a19b-59e7b84f3268,36fa31f7-12df-4f79-8de7-63098bfb8a5b,da619921-fbb3-4efc-8926-5c847f4f3436
55921362-1291-4e7d-a8b5-65deddcff81c,7.0,Finished,10.0,1:36.561,3.0,1:31.951,3.0,1:31.355,6.0,1:30.807,10.0,90.67,6.0,1:30.670,90.108,6.0,1:30.108,,,,7.0,3.0,99.00178688524588,98.83626315789476,99.48919546935988,-0.487408584113993,-0.3601072467750971,0.3601072467750971,65.0,318.0,27.5,6.0,9.0,-3.0,3.6666666666666665,3.4,3.857142857142857,80290d9e-6e93-4823-a19b-59e7b84f3268,258793ad-e101-47d1-8409-93edc1c8bdd5,32af326f-ab0a-4a12-9764-43f308e87476
a3871251-7481-403e-b2f0-59427fe405ad,14.0,Lapped,17.0,1:37.850,15.0,1:32.778,14.0,1:31.956,18.0,1:31.718,17.0,91.094,17.0,1:31.093,,,,,,,14.0,3.0,99.79221666666666,99.69082793209876,99.48919546935988,0.3030211973067764,0.2238781437856584,-0.2238781437856584,30.000000000000004,313.0,27.5,13.0,9.0,4.0,15.666666666666666,14.6,14.857142857142858,80290d9e-6e93-4823-a19b-59e7b84f3268,bbe763bf-f205-4c4a-b485-51cc69248b5a,eb14f5b8-34b7-42db-ba17-1d847b0fc6ee
bd64c113-a810-44c8-93b5-2af1040fd840,12.0,Lapped,8.0,1:36.393,5.0,1:32.263,4.0,1:31.468,11.0,1:31.114,8.0,90.716,10.0,1:30.715,90.289,9.0,1:30.289,90.354,8.0,1:30.353,12.0,-4.0,99.20773333333332,99.02207878787878,99.48919546935988,-0.2814621360265619,-0.207949876509065,0.207949876509065,40.0,308.0,26.5,20.0,16.0,4.0,11.666666666666666,12.8,13.428571428571429,80290d9e-6e93-4823-a19b-59e7b84f3268,329fcd08-b140-4524-8bbd-d944b5c5dd1b,c9a9c6fa-3f8f-4291-96b9-be6320767395
a021b3d2-2569-4054-9c48-a2afab94a1b5,2.0,Finished,2.0,1:35.966,4.0,1:32.096,15.0,1:32.021,4.0,1:30.540,2.0,90.157,2.0,1:30.156,89.68,2.0,1:29.680,89.728,2.0,1:29.727,2.0,0.0,97.90332786885249,97.58189959016391,99.48919546935988,-1.585867600507413,-1.1716708198864871,1.1716708198864871,90.0,309.0,27.0,18.0,15.0,3.0,3.0,4.0,3.857142857142857,80290d9e-6e93-4823-a19b-59e7b84f3268,4e5380ac-3832-409c-a269-05f3091fe4e2,c4170884-4736-4883-a3a4-eb449318ace9
af5c5881-aa7e-4ea4-b588-c70db1a1a9ad,15.0,Lapped,20.0,1:37.460,19.0,1:33.584,19.0,1:32.358,20.0,1:32.652,20.0,92.054,20.0,1:32.054,,,,,,,15.0,5.0,99.93281666666664,100.23123333333336,99.48919546935988,0.4436211973067685,0.3277562463607547,-0.3277562463607547,25.0,310.0,28.5,16.0,4.0,12.0,16.333333333333332,15.4,16.142857142857142,80290d9e-6e93-4823-a19b-59e7b84f3268,b59a380d-034d-42f5-b7c2-0c866052304b,d8d93e26-d576-42e2-9a6b-e428bcb6bf68
e99ce8db-6efe-4d66-8fce-5372cedc6a06,11.0,Lapped,19.0,1:19.132,10.0,1:15.417,19.0,1:14.807,8.0,1:13.753,19.0,73.153,19.0,1:13.153,,,,,,,18.0,1.0,82.257125,82.4779986111111,81.37825310897435,0.8788718910256534,1.1322497174560684,-1.1322497174560684,9.999999999999998,332.0,14.333333333333334,8.0,14.0,-6.0,17.0,15.8,16.857142857142858,ea004fbf-a0f7-4a0f-893d-545f3e8fe37d,00572d64-eb7e-4295-89f6-63bf98e32dd4,d7558695-fc23-4e4a-8247-3e810f9397f8
252000c6-a3ea-4c81-8cac-e1d3a609536c,8.0,Finished,11.0,1:18.334,9.0,1:15.221,14.0,1:14.090,9.0,1:13.786,11.0,72.505,9.0,1:12.504,72.128,11.0,1:12.128,,,,12.0,-1.0,81.57084375,82.91126826923076,81.37825310897435,0.1925906410256459,0.2481143169017402,-0.2481143169017402,40.0,331.0,19.0,12.0,11.0,1.0,7.0,10.0,9.571428571428571,ea004fbf-a0f7-4a0f-893d-545f3e8fe37d,5d03531f-db77-4857-b87a-f8bcff470727,eb14f5b8-34b7-42db-ba17-1d847b0fc6ee
c61ce5b5-b547-45f1-b4d8-d412965cb91e,14.0,Lapped,12.0,1:19.608,12.0,1:15.471,10.0,1:13.924,14.0,1:14.024,12.0,72.758,13.0,1:12.757,72.227,12.0,1:12.227,,,,16.0,-4.0,82.24279687499998,82.70068667861409,81.37825310897435,0.8645437660256334,1.1137908093391922,-1.1137908093391922,19.999999999999996,327.0,26.333333333333332,16.0,6.0,10.0,16.333333333333332,15.2,15.428571428571429,ea004fbf-a0f7-4a0f-893d-545f3e8fe37d,b71aeceb-a2f8-4b55-b919-3faa52663eec,d8d93e26-d576-42e2-9a6b-e428bcb6bf68
e496e057-dac4-4343-b673-7387e3746045,13.0,Lapped,7.0,1:19.045,13.0,1:15.483,4.0,1:13.442,12.0,1:13.963,7.0,72.651,10.0,1:12.650,72.079,9.0,1:12.078,71.857,7.0,1:11.856,9.0,-2.0,81.16412307692308,80.53579897435898,81.37825310897435,-0.2141300320512726,-0.2758634913286076,0.2758634913286076,55.00000000000001,337.0,27.666666666666668,3.0,5.0,-2.0,18.0,14.8,15.714285714285714,ea004fbf-a0f7-4a0f-893d-545f3e8fe37d,9218ccac-0d8c-4836-9f4b-082a2c542f68,71e83a22-c17b-480d-93f1-bcc6e31859e2
5a5fcecb-e7d8-495b-9dbd-2d23c6f45506,18.0,Retired,3.0,1:17.808,7.0,1:14.911,1.0,1:13.263,6.0,1:13.358,3.0,72.143,1.0,1:12.143,71.792,2.0,1:11.792,71.701,3.0,1:11.700,3.0,0.0,80.51655384615383,79.80231333333333,81.37825310897435,-0.8616992628205224,-1.110126238901593,1.110126238901593,85.0,331.0,0.0,12.0,18.0,-6.0,7.0,6.4,6.142857142857143,ea004fbf-a0f7-4a0f-893d-545f3e8fe37d,d71626b8-a508-4371-a966-503f36ebb8d0,da619921-fbb3-4efc-8926-5c847f4f3436
b8c17815-7405-40e8-a235-6daec3d1bb15,9.0,Finished,13.0,1:18.608,,,12.0,1:14.052,13.0,1:13.974,13.0,72.708,12.0,1:12.707,72.31,13.0,1:12.310,,,,11.0,2.0,81.33033846153846,81.77944797178131,81.37825310897435,-0.0479146474358884,-0.0617283890579091,0.0617283890579091,44.99999999999999,336.0,29.666666666666668,4.0,3.0,1.0,9.333333333333334,11.2,10.714285714285714,ea004fbf-a0f7-4a0f-893d-545f3e8fe37d,d54daa60-c444-4ecb-a83e-c157cdf43e67,9ce8fc06-61f2-4c19-8be7-5c070425fd4c
2d6dd661-5083-4018-8390-39cc1b9503cd,2.0,Finished,5.0,1:17.897,11.0,1:15.433,6.0,1:13.596,3.0,1:13.049,5.0,72.257,2.0,1:12.257,72.038,7.0,1:12.037,71.731,5.0,1:11.730,5.0,0.0,80.57712307692309,80.37949518422754,81.37825310897435,-0.8011300320512618,-1.0320949636664798,1.0320949636664798,80.0,332.0,18.333333333333332,8.0,12.0,-4.0,4.333333333333333,3.4,3.5714285714285716,ea004fbf-a0f7-4a0f-893d-545f3e8fe37d,a1402642-75cf-4196-9db4-b0d5b458a6ae,32af326f-ab0a-4a12-9764-43f308e87476
83493313-eed1-4f32-98fc-65463a87e3da,10.0,Lapped,16.0,1:19.805,17.0,1:15.644,11.0,1:14.021,15.0,1:14.073,16.0,72.937,16.0,1:12.936,,,,,,,17.0,-1.0,82.25596875,83.38205032467533,81.37825310897435,0.8777156410256453,1.1307601218174026,-1.1307601218174026,15.000000000000002,338.0,23.0,2.0,9.0,-7.0,16.666666666666668,15.4,14.571428571428571,ea004fbf-a0f7-4a0f-893d-545f3e8fe37d,60b02cb4-9e82-4955-bed9-7b8d40b28266,9ce8fc06-61f2-4c19-8be7-5c070425fd4c
466ae9e3-0f05-470a-9ccb-d872ad630ec3,3.0,Finished,1.0,1:17.114,1.0,1:14.227,3.0,1:13.319,2.0,1:13.043,1.0,72.386,4.0,1:12.385,71.872,4.0,1:11.871,71.383,1.0,1:11.382,2.0,-1.0,80.2845076923077,79.83136711915535,81.37825310897435,-1.0937454166666498,-1.409071050781321,1.409071050781321,90.0,324.0,13.666666666666666,18.0,16.0,2.0,3.3333333333333335,3.2,3.857142857142857,ea004fbf-a0f7-4a0f-893d-545f3e8fe37d,b34c803f-2e33-48a4-bffb-499598604cf9,d3cdf2e4-9756-4de7-8fee-cb87fb530b7f
14ed6fcf-8c13-431a-8088-933ca6f55186,16.0,Lapped,9.0,1:18.981,8.0,1:15.085,9.0,1:13.766,11.0,1:13.950,9.0,72.691,11.0,1:12.691,72.109,10.0,1:12.108,72.125,9.0,1:12.125,10.0,-1.0,81.30240000000002,81.75211375291376,81.37825310897435,-0.0758531089743286,-0.0977214791840931,0.0977214791840931,50.0,335.0,0.0,5.0,18.0,-13.0,13.0,13.8,14.428571428571429,ea004fbf-a0f7-4a0f-893d-545f3e8fe37d,93895c43-2842-47df-b7de-f86110fd54b7,71e83a22-c17b-480d-93f1-bcc6e31859e2
651d5749-cd6d-462a-a699-c369cbc5b92c,5.0,Finished,8.0,1:17.784,5.0,1:14.691,13.0,1:14.081,7.0,1:13.722,8.0,72.477,8.0,1:12.477,72.054,8.0,1:12.054,72.061,8.0,1:12.061,8.0,0.0,81.09440000000001,81.54260677655678,81.37825310897435,-0.2838531089743412,-0.3656876567757283,0.3656876567757283,60.0,339.0,24.5,1.0,7.0,-6.0,7.333333333333333,11.4,9.857142857142858,ea004fbf-a0f7-4a0f-893d-545f3e8fe37d,d162e0ad-1954-4454-a548-630421348097,c4170884-4736-4883-a3a4-eb449318ace9
e71ab838-4789-4345-9164-ef2e541618a8,4.0,Finished,10.0,1:17.873,6.0,1:14.867,7.0,1:13.621,10.0,1:13.906,10.0,72.46,7.0,1:12.459,72.011,6.0,1:12.010,,,,7.0,3.0,80.72175384615386,80.2824669365722,81.37825310897435,-0.6564992628204891,-0.8457672983159717,0.8457672983159717,65.0,330.0,14.333333333333334,15.0,14.0,1.0,3.3333333333333335,4.0,5.0,ea004fbf-a0f7-4a0f-893d-545f3e8fe37d,d31df4d0-71a1-40fc-bf79-61af13e1acd7,d3cdf2e4-9756-4de7-8fee-cb87fb530b7f
9557cdba-baae-40f4-b3a7-c81f6f2770ec,12.0,Lapped,18.0,1:19.450,15.0,1:15.579,16.0,1:14.257,16.0,1:14.161,18.0,73.075,18.0,1:13.075,,,,,,,15.0,3.0,82.07071875,82.37084288340337,81.37825310897435,0.6924656410256489,0.8921027448998716,-0.8921027448998716,25.0,334.0,17.666666666666668,6.0,13.0,-7.0,17.333333333333332,16.6,15.428571428571429,ea004fbf-a0f7-4a0f-893d-545f3e8fe37d,fd659e25-4851-44ca-a1fd-4d65095a5693,c9a9c6fa-3f8f-4291-96b9-be6320767395
d5fd37c2-3bea-43ba-bbda-30ec9f85ef65,17.0,Retired,4.0,1:18.290,4.0,1:14.614,8.0,1:13.721,5.0,1:13.164,4.0,72.456,6.0,1:12.456,71.812,3.0,1:11.811,71.703,4.0,1:11.703,4.0,0.0,80.61506153846156,80.1581846153846,81.37825310897435,-0.7631915705127881,-0.9832188842329632,0.9832188842329632,75.0,331.0,23.0,12.0,9.0,3.0,4.666666666666667,4.8,4.571428571428571,ea004fbf-a0f7-4a0f-893d-545f3e8fe37d,36fa31f7-12df-4f79-8de7-63098bfb8a5b,da619921-fbb3-4efc-8926-5c847f4f3436
73d00ccd-66be-46e5-bb2d-633d594941d9,1.0,Finished,6.0,1:18.539,3.0,1:14.572,2.0,1:13.286,1.0,1:13.013,6.0,72.403,5.0,1:12.403,71.874,5.0,1:11.873,71.736,6.0,1:11.736,6.0,0.0,80.69492307692308,80.79435837104074,81.37825310897435,-0.6833300320512734,-0.880333349626626,0.880333349626626,70.0,325.0,29.333333333333332,17.0,4.0,13.0,5.666666666666667,4.2,4.0,ea004fbf-a0f7-4a0f-893d-545f3e8fe37d,258793ad-e101-47d1-8409-93edc1c8bdd5,32af326f-ab0a-4a12-9764-43f308e87476
79b354e9-0a70-4317-9937-f66781c072a0,,,20.0,1:20.171,18.0,1:15.751,20.0,1:15.069,20.0,1:14.728,20.0,73.509,20.0,1:13.509,,,,,,,20.0,0.0,82.75533333333333,83.02722298850574,81.37825310897435,1.377080224358977,1.7740909805696352,-1.7740909805696352,0.0,,,,,,15.333333333333334,16.0,16.571428571428573,ea004fbf-a0f7-4a0f-893d-545f3e8fe37d,6d1c7b33-b9da-42ee-b80a-b144e7a3efb4,d7558695-fc23-4e4a-8247-3e810f9397f8
3f427d65-c154-4eb7-909d-f7130f64b5e2,6.0,Finished,14.0,1:19.317,14.0,1:15.512,18.0,1:14.402,17.0,1:14.254,14.0,72.881,15.0,1:12.881,72.372,14.0,1:12.371,,,,14.0,0.0,81.810515625,81.50007007575758,81.37825310897435,0.432262516025645,0.5568833371900387,-0.5568833371900387,30.000000000000004,332.0,23.666666666666668,8.0,8.0,0.0,15.666666666666666,14.4,14.142857142857142,ea004fbf-a0f7-4a0f-893d-545f3e8fe37d,bbe763bf-f205-4c4a-b485-51cc69248b5a,eb14f5b8-34b7-42db-ba17-1d847b0fc6ee
7aeef837-16f1-4a30-8f59-237bec1cd409,7.0,Finished,17.0,1:19.447,20.0,1:15.915,15.0,1:14.210,18.0,1:14.420,17.0,72.985,17.0,1:12.984,,,,,,,19.0,-2.0,82.403234375,82.55662142857143,81.37825310897435,1.024981266025648,1.320482269038035,-1.320482269038035,5.000000000000004,334.0,30.75,6.0,2.0,4.0,13.0,13.4,12.285714285714286,ea004fbf-a0f7-4a0f-893d-545f3e8fe37d,329fcd08-b140-4524-8bbd-d944b5c5dd1b,c9a9c6fa-3f8f-4291-96b9-be6320767395
0ed6349d-cbb9-4204-8b25-71bd486c9ca2,19.0,Retired,2.0,1:17.775,2.0,1:14.251,5.0,1:13.504,4.0,1:13.087,2.0,72.306,3.0,1:12.305,71.653,1.0,1:11.653,71.403,2.0,1:11.403,1.0,1.0,80.26216923076925,83.47294557823129,81.37825310897435,-1.116083878205103,-1.4378496668954397,1.4378496668954397,95.0,320.0,52.8062496,19.0,1.0,18.0,1.6666666666666667,3.4,3.2857142857142856,ea004fbf-a0f7-4a0f-893d-545f3e8fe37d,4e5380ac-3832-409c-a269-05f3091fe4e2,c4170884-4736-4883-a3a4-eb449318ace9
6deae1b9-40d5-4d9a-89e8-cb83bdb79612,15.0,Lapped,15.0,1:18.771,16.0,1:15.615,17.0,1:14.344,19.0,1:14.572,15.0,72.88,14.0,1:12.879,72.738,15.0,1:12.737,,,,13.0,2.0,81.635171875,81.19324126984125,81.37825310897435,0.2569187660256489,0.3309881715550415,-0.3309881715550415,35.0,332.0,6.0,8.0,17.0,-9.0,16.0,15.8,15.714285714285714,ea004fbf-a0f7-4a0f-893d-545f3e8fe37d,b59a380d-034d-42f5-b7c2-0c866052304b,d8d93e26-d576-42e2-9a6b-e428bcb6bf68
60e56fdf-0936-42af-b93c-3f4abcd7a844,10.0,Lapped,,,,,,,,,,,,,,,,,,,,,111.69354411764706,87.23811210571185,110.372266856867,1.3212772607800505,0.1733382549039243,-0.1733382549039243,5.555555555555558,333.0,56.333333333333336,7.0,5.0,2.0,,,,f258685d-1f06-445b-93e7-dcefffc0d9cd,5d03531f-db77-4857-b87a-f8bcff470727,eb14f5b8-34b7-42db-ba17-1d847b0fc6ee
6ba4e5f9-c762-4c3e-b67d-0cce69c0bbe6,,,,,,,,,,,,,,,,,,,,,,,111.33858823529413,88.87473121693122,110.372266856867,0.9663213784270964,0.1267716219637499,-0.1267716219637499,22.22222222222222,,,,,,,,,f258685d-1f06-445b-93e7-dcefffc0d9cd,d8ecbab8-5e75-4e30-a814-ab881049ebe8,9ce8fc06-61f2-4c19-8be7-5c070425fd4c
de271bb3-a1ac-4930-b4e9-33266f76711e,19.0,Lapped,,,,,,,,,,,,,,,,,,,,,111.41717647058826,128.36432260386675,110.372266856867,1.044909613721245,0.1370816060724785,-0.1370816060724785,16.666666666666664,331.0,0.0,10.0,15.0,-5.0,,,,f258685d-1f06-445b-93e7-dcefffc0d9cd,b71aeceb-a2f8-4b55-b919-3faa52663eec,d8d93e26-d576-42e2-9a6b-e428bcb6bf68
45fd853f-cc25-4ff0-9656-39b24d67a93e,,,,,,,,,,,,,,,,,,,,,,,89.94200000000002,90.04259770114942,110.372266856867,-20.430266856866993,-2.6802450245000684,2.6802450245000684,94.44444444444444,,,,,,,,,f258685d-1f06-445b-93e7-dcefffc0d9cd,217ff409-a898-4f8b-9323-7763902509c9,d7558695-fc23-4e4a-8247-3e810f9397f8
ca1efe47-ac40-43a9-b9be-8e5ab754f24f,9.0,Lapped,,,,,,,,,,,,,,,,,,,,,110.86632352941176,88.44019666666667,110.372266856867,0.4940566725447581,0.0648152541367349,-0.0648152541367349,77.77777777777779,330.0,26.5,12.0,13.0,-1.0,,,,f258685d-1f06-445b-93e7-dcefffc0d9cd,9218ccac-0d8c-4836-9f4b-082a2c542f68,71e83a22-c17b-480d-93f1-bcc6e31859e2
96f2e171-bad5-4a37-aebf-10a6c696f855,8.0,Finished,,,,,,,,,,,,,,,,,,,,,111.26925,1364.080119047619,110.372266856867,0.8969831431329993,0.1176751445923761,-0.1176751445923761,33.333333333333336,342.0,29.0,1.0,12.0,-11.0,,,,f258685d-1f06-445b-93e7-dcefffc0d9cd,d71626b8-a508-4371-a966-503f36ebb8d0,da619921-fbb3-4efc-8926-5c847f4f3436
dfd4dc4b-26c5-42fa-9321-f1aa450bd515,11.0,Lapped,,,,,,,,,,,,,,,,,,,,,98.4926551724138,161.548,110.372266856867,-11.87961168445321,-1.5584852774229174,1.5584852774229174,88.88888888888889,334.0,65.5,3.0,1.0,2.0,,,,f258685d-1f06-445b-93e7-dcefffc0d9cd,d54daa60-c444-4ecb-a83e-c157cdf43e67,9ce8fc06-61f2-4c19-8be7-5c070425fd4c
0ac0d3f0-290c-49a7-9edc-72aff4920a5e,,,,,,,,,,,,,,,,,,,,,,,111.30720588235292,86.99332457983193,110.372266856867,0.9349390254859172,0.122654573668836,-0.122654573668836,27.77777777777778,,,,,,,,,f258685d-1f06-445b-93e7-dcefffc0d9cd,4d8edae8-dd9a-4376-a1f0-91e4dcaaee1a,c9a9c6fa-3f8f-4291-96b9-be6320767395
81e35aa6-60d5-4f3d-8367-8e6f86f37e7a,3.0,Finished,,,,,,,,,,,,,,,,,,,,,111.02410294117648,139.2752361111111,110.372266856867,0.6518360843094655,0.0855143221574135,-0.0855143221574135,61.111111111111114,334.0,43.333333333333336,3.0,9.0,-6.0,,,,f258685d-1f06-445b-93e7-dcefffc0d9cd,a1402642-75cf-4196-9db4-b0d5b458a6ae,32af326f-ab0a-4a12-9764-43f308e87476
8e0f84a5-00d1-4230-8d0f-c650da4d3bf5,1.0,Finished,,,,,,,,,,,,,,,,,,,,,111.0882205882353,815.7545,110.372266856867,0.7159537313682875,0.0939259109886331,-0.0939259109886331,50.0,330.0,44.666666666666664,12.0,7.0,5.0,,,,f258685d-1f06-445b-93e7-dcefffc0d9cd,b34c803f-2e33-48a4-bffb-499598604cf9,d3cdf2e4-9756-4de7-8fee-cb87fb530b7f
f63af2a5-f793-45c9-b0e5-3ee2418989bf,15.0,Lapped,,,,,,,,,,,,,,,,,,,,,110.87411764705882,95.33628308823528,110.372266856867,0.5018507901918099,0.0658377637882355,-0.0658377637882355,72.22222222222221,333.0,38.0,7.0,10.0,-3.0,,,,f258685d-1f06-445b-93e7-dcefffc0d9cd,93895c43-2842-47df-b7de-f86110fd54b7,71e83a22-c17b-480d-93f1-bcc6e31859e2
269b3920-560c-4c74-8c11-4332dc794b8f,6.0,Finished,,,,,,,,,,,,,,,,,,,,,111.12608823529412,86.163,110.372266856867,0.7538213784271051,0.0988937644841349,-0.0988937644841349,44.44444444444444,334.0,58.0,3.0,4.0,-1.0,,,,f258685d-1f06-445b-93e7-dcefffc0d9cd,d162e0ad-1954-4454-a548-630421348097,c4170884-4736-4883-a3a4-eb449318ace9
c969a558-c980-47c3-92a1-e3346f18f751,4.0,Finished,,,,,,,,,,,,,,,,,,,,,111.06954411764708,218.977980952381,110.372266856867,0.697277260780055,0.0914757463520167,-0.0914757463520167,55.55555555555556,334.0,59.0,3.0,2.0,1.0,,,,f258685d-1f06-445b-93e7-dcefffc0d9cd,d31df4d0-71a1-40fc-bf79-61af13e1acd7,d3cdf2e4-9756-4de7-8fee-cb87fb530b7f
9e554110-5890-40a0-9ae8-343f500dc3fd,7.0,Finished,,,,,,,,,,,,,,,,,,,,,110.98792647058823,282.13125435540064,110.372266856867,0.6156596137212205,0.0807683339636505,-0.0807683339636505,66.66666666666667,331.0,29.333333333333332,10.0,11.0,-1.0,,,,f258685d-1f06-445b-93e7-dcefffc0d9cd,36fa31f7-12df-4f79-8de7-63098bfb8a5b,da619921-fbb3-4efc-8926-5c847f4f3436
f0d92d06-ca99-42dc-9106-c9e2f22c0f27,5.0,Finished,,,,,,,,,,,,,,,,,,,,,130.83148648648648,333.48879729729725,110.372266856867,20.45921962961947,2.684043336370342,-2.684043336370342,0.0,333.0,59.0,7.0,2.0,5.0,,,,f258685d-1f06-445b-93e7-dcefffc0d9cd,258793ad-e101-47d1-8409-93edc1c8bdd5,32af326f-ab0a-4a12-9764-43f308e87476
197f0d71-6914-472e-b684-d17645658eb0,17.0,Lapped,,,,,,,,,,,,,,,,,,,,,111.21672058823528,122.94554679144385,110.372266856867,0.8444537313682758,0.1107838153939524,-0.1107838153939524,38.888888888888886,342.0,17.666666666666668,1.0,14.0,-13.0,,,,f258685d-1f06-445b-93e7-dcefffc0d9cd,329fcd08-b140-4524-8bbd-d944b5c5dd1b,c9a9c6fa-3f8f-4291-96b9-be6320767395
15ca6be0-92f9-448a-ba5f-7b7b96780ce4,2.0,Finished,,,,,,,,,,,,,,,,,,,,,110.51866176470588,99.54500980392156,110.372266856867,0.146394907838868,0.0192055358892871,-0.0192055358892871,83.33333333333334,327.0,44.5,15.0,8.0,7.0,,,,f258685d-1f06-445b-93e7-dcefffc0d9cd,4e5380ac-3832-409c-a269-05f3091fe4e2,c4170884-4736-4883-a3a4-eb449318ace9
b513dd55-5561-497d-b6fb-f0d4da596150,20.0,Lapped,,,,,,,,,,,,,,,,,,,,,111.63719117647058,111.43596730769232,110.372266856867,1.2649243196035656,0.1659453171972174,-0.1659453171972174,11.111111111111116,329.0,54.4,14.0,6.0,8.0,,,,f258685d-1f06-445b-93e7-dcefffc0d9cd,b59a380d-034d-42f5-b7c2-0c866052304b,d8d93e26-d576-42e2-9a6b-e428bcb6bf68
97eb8926-1c28-457b-a3a3-b7e4d024d2f8,16.0,Lapped,,,,,,,,,,,,,,,,,,,,,104.00855555555556,111.23776602564102,103.25029840510368,0.7582571504518683,0.9214983799981378,-0.9214983799981378,21.052631578947366,336.0,13.666666666666666,7.0,18.0,-11.0,,,,d0a8e23d-1377-42e8-bda7-e918dc7bd1e0,00572d64-eb7e-4295-89f6-63bf98e32dd4,d7558695-fc23-4e4a-8247-3e810f9397f8
9a32f788-f209-44da-b57c-ad2d4988cf2e,13.0,Lapped,,,,,,,,,,,,,,,,,,,,,103.79525925925924,101.10693558776164,103.25029840510368,0.5449608541555762,0.662282635867661,-0.662282635867661,31.57894736842105,330.0,24.5,17.0,2.0,15.0,,,,d0a8e23d-1377-42e8-bda7-e918dc7bd1e0,5d03531f-db77-4857-b87a-f8bcff470727,eb14f5b8-34b7-42db-ba17-1d847b0fc6ee
99e11856-7148-4919-904c-f3b3ac2cda7a,17.0,Lapped,,,,,,,,,,,,,,,,,,,,,104.31975925925926,102.3117816091954,103.25029840510368,1.0694608541555797,1.2996995069396948,-1.2996995069396948,10.526315789473683,339.0,24.5,2.0,2.0,0.0,,,,d0a8e23d-1377-42e8-bda7-e918dc7bd1e0,b71aeceb-a2f8-4b55-b919-3faa52663eec,d8d93e26-d576-42e2-9a6b-e428bcb6bf68
5e2cb14a-a747-4683-ab02-7453cca12769,10.0,Finished,,,,,,,,,,,,,,,,,,,,,103.12172727272728,100.54828285714284,103.25029840510368,-0.1285711323763934,-0.1562505412956119,0.1562505412956119,47.36842105263158,337.0,20.5,6.0,10.0,-4.0,,,,d0a8e23d-1377-42e8-bda7-e918dc7bd1e0,217ff409-a898-4f8b-9323-7763902509c9,d7558695-fc23-4e4a-8247-3e810f9397f8
aad9c1df-6d49-45ad-a133-214418f05d92,12.0,Finished,,,,,,,,,,,,,,,,,,,,,103.46856363636364,103.43304681818182,103.25029840510368,0.2182652312599771,0.265254415202188,-0.265254415202188,36.8421052631579,333.0,23.0,12.0,7.0,5.0,,,,d0a8e23d-1377-42e8-bda7-e918dc7bd1e0,9218ccac-0d8c-4836-9f4b-082a2c542f68,71e83a22-c17b-480d-93f1-bcc6e31859e2
0ab02f1e-26fc-4b83-aeac-955c93e9b846,8.0,Finished,,,,,,,,,,,,,,,,,,,,,103.0093090909091,99.78982212121213,103.25029840510368,-0.2409893141945787,-0.2928706475037229,0.2928706475037229,57.89473684210527,333.0,23.5,12.0,4.0,8.0,,,,d0a8e23d-1377-42e8-bda7-e918dc7bd1e0,d54daa60-c444-4ecb-a83e-c157cdf43e67,9ce8fc06-61f2-4c19-8be7-5c070425fd4c
61c4fe1d-f59a-4af3-bbe2-4d052657ca4e,9.0,Finished,,,,,,,,,,,,,,,,,,,,,103.11323636363636,101.19338968633706,103.25029840510368,-0.1370620414673169,-0.1665694139463145,0.1665694139463145,52.63157894736843,338.0,19.0,3.0,13.0,-10.0,,,,d0a8e23d-1377-42e8-bda7-e918dc7bd1e0,4d8edae8-dd9a-4376-a1f0-91e4dcaaee1a,c9a9c6fa-3f8f-4291-96b9-be6320767395
54ee5f73-a05c-492a-9748-0e4463ef3b53,1.0,Finished,,,,,,,,,,,,,,,,,,,,,101.99367272727272,119.522,103.25029840510368,-1.2566256778309537,-1.5271580699175886,1.5271580699175886,94.73684210526316,333.0,19.5,12.0,11.0,1.0,,,,d0a8e23d-1377-42e8-bda7-e918dc7bd1e0,a1402642-75cf-4196-9db4-b0d5b458a6ae,32af326f-ab0a-4a12-9764-43f308e87476
9f6c52dc-228d-47e4-ba15-0614ca7d515a,11.0,Finished,,,,,,,,,,,,,,,,,,,,,103.35178181818183,100.28912432012432,103.25029840510368,0.1014834130781565,0.1233312481029339,-0.1233312481029339,42.10526315789473,338.0,14.0,3.0,17.0,-14.0,,,,d0a8e23d-1377-42e8-bda7-e918dc7bd1e0,60b02cb4-9e82-4955-bed9-7b8d40b28266,9ce8fc06-61f2-4c19-8be7-5c070425fd4c
d31673d4-5676-4dd3-9c61-de9f95b6a549,4.0,Finished,,,,,,,,,,,,,,,,,,,,,102.21983636363636,100.02564049586778,103.25029840510368,-1.030462041467331,-1.2523048431470016,1.2523048431470016,84.21052631578947,336.0,21.0,7.0,9.0,-2.0,,,,d0a8e23d-1377-42e8-bda7-e918dc7bd1e0,b34c803f-2e33-48a4-bffb-499598604cf9,d3cdf2e4-9756-4de7-8fee-cb87fb530b7f
b93b622b-4b18-4f75-9bde-c75950f80761,18.0,Lapped,,,,,,,,,,,,,,,,,,,,,104.35196296296296,101.8745951178451,103.25029840510368,1.10166455785928,1.338836178153696,-1.338836178153696,5.263157894736848,333.0,14.333333333333334,12.0,16.0,-4.0,,,,d0a8e23d-1377-42e8-bda7-e918dc7bd1e0,93895c43-2842-47df-b7de-f86110fd54b7,71e83a22-c17b-480d-93f1-bcc6e31859e2
cd1bc36f-c6e4-483c-b9d9-7fd437861173,7.0,Finished,,,,,,,,,,,,,,,,,,,,,102.95703636363636,99.691625,103.25029840510368,-0.2932620414673152,-0.3563968977622345,0.3563968977622345,63.1578947368421,338.0,25.5,3.0,1.0,2.0,,,,d0a8e23d-1377-42e8-bda7-e918dc7bd1e0,d162e0ad-1954-4454-a548-630421348097,c4170884-4736-4883-a3a4-eb449318ace9
45b76502-ddd4-4444-856a-16cdb56e4491,5.0,Finished,,,,,,,,,,,,,,,,,,,,,102.3204181818182,100.40701739886906,103.25029840510368,-0.9298802232854656,-1.130069289606067,1.130069289606067,73.6842105263158,326.0,19.5,18.0,11.0,7.0,,,,d0a8e23d-1377-42e8-bda7-e918dc7bd1e0,d31df4d0-71a1-40fc-bf79-61af13e1acd7,d3cdf2e4-9756-4de7-8fee-cb87fb530b7f
3b22dcf5-7f6a-455f-8de2-a0aa83c42923,6.0,Finished,,,,,,,,,,,,,,,,,,,,,102.8052181818182,100.18652532467532,103.25029840510368,-0.4450802232854727,-0.540899224599936,0.540899224599936,68.42105263157895,344.0,23.5,1.0,4.0,-3.0,,,,d0a8e23d-1377-42e8-bda7-e918dc7bd1e0,36fa31f7-12df-4f79-8de7-63098bfb8a5b,da619921-fbb3-4efc-8926-5c847f4f3436
97d226df-482b-4674-a924-605eb5039799,2.0,Finished,,,,,,,,,,,,,,,,,,,,,102.10778181818183,99.58265454545456,103.25029840510368,-1.1425165869218432,-1.3884830276141396,1.3884830276141396,89.47368421052632,331.0,18.5,16.0,14.0,2.0,,,,d0a8e23d-1377-42e8-bda7-e918dc7bd1e0,258793ad-e101-47d1-8409-93edc1c8bdd5,32af326f-ab0a-4a12-9764-43f308e87476
7506b323-bb1d-42ba-b6a7-0cc33c6dc05f,15.0,Lapped,,,,,,,,,,,,,,,,,,,,,104.03892592592592,101.18602469135804,103.25029840510368,0.7886275208222457,0.9584070291016358,-0.9584070291016358,15.789473684210533,336.0,22.5,7.0,8.0,-1.0,,,,d0a8e23d-1377-42e8-bda7-e918dc7bd1e0,bbe763bf-f205-4c4a-b485-51cc69248b5a,eb14f5b8-34b7-42db-ba17-1d847b0fc6ee
774c261c-7bd5-4044-90ad-7a3bd035d31a,14.0,Lapped,,,,,,,,,,,,,,,,,,,,,103.83774074074076,111.13804074074076,103.25029840510368,0.5874423356370784,0.7139097340648841,-0.7139097340648841,26.315789473684216,336.0,23.5,7.0,4.0,3.0,,,,d0a8e23d-1377-42e8-bda7-e918dc7bd1e0,329fcd08-b140-4524-8bbd-d944b5c5dd1b,c9a9c6fa-3f8f-4291-96b9-be6320767395
f1809e62-7eb6-412b-8fd9-9a414abd7789,3.0,Finished,,,,,,,,,,,,,,,,,,,,,102.31625454545456,99.80185389610392,103.25029840510368,-0.9340438596491224,-1.1351292935397252,1.1351292935397252,78.94736842105263,313.0,18.5,19.0,14.0,5.0,,,,d0a8e23d-1377-42e8-bda7-e918dc7bd1e0,4e5380ac-3832-409c-a269-05f3091fe4e2,c4170884-4736-4883-a3a4-eb449318ace9
ac8d2d58-c38b-46f0-bba1-02a4e4cb9069,19.0,Lapped,,,,,,,,,,,,,,,,,,,,,104.6186296296296,102.57176014109346,103.25029840510368,1.3683312245259316,1.662912121501389,-1.662912121501389,0.0,334.0,0.0,11.0,19.0,-8.0,,,,d0a8e23d-1377-42e8-bda7-e918dc7bd1e0,b59a380d-034d-42f5-b7c2-0c866052304b,d8d93e26-d576-42e2-9a6b-e428bcb6bf68
60b8bab3-d90c-4e72-b7d9-d95a838a40bd,,,17.0,1:28.367,,,15.0,1:23.950,10.0,1:23.721,17.0,83.416,17.0,1:23.415,,,,,,,16.0,1.0,,,,,,,,,,,,,16.333333333333332,15.6,16.571428571428573,70b68934-fae7-4ffb-9bf2-474b9242f8b3,00572d64-eb7e-4295-89f6-63bf98e32dd4,66d63632-f433-4a72-b96e-9c2d3ea9f236
6257e8a4-9ae4-4181-9194-d56a119189b2,,,6.0,1:28.278,,,9.0,1:23.707,4.0,1:23.584,6.0,83.071,4.0,1:23.070,82.861,4.0,1:22.861,82.902,6.0,1:22.902,6.0,0.0,,,,,,,,,,,,,8.333333333333334,8.8,10.428571428571429,70b68934-fae7-4ffb-9bf2-474b9242f8b3,5d03531f-db77-4857-b87a-f8bcff470727,66d63632-f433-4a72-b96e-9c2d3ea9f236
75f462c3-d8db-4aa8-b43c-c0c1642e0a0e,,,14.0,1:28.028,4.0,1:24.608,10.0,1:23.750,9.0,1:23.706,14.0,82.894,3.0,1:22.894,83.08,14.0,1:23.079,,,,15.0,-1.0,,,,,,,,,,,,,,,,70b68934-fae7-4ffb-9bf2-474b9242f8b3,7aae5ebe-ca8b-4929-8455-5398e8298f8c,66d63632-f433-4a72-b96e-9c2d3ea9f236
8ceb5690-407d-401a-906d-5213c013e8a3,,,11.0,1:28.975,8.0,1:24.759,4.0,1:23.501,7.0,1:23.608,11.0,83.254,9.0,1:23.254,83.041,11.0,1:23.040,,,,12.0,-1.0,,,,,,,,,,,,,8.5,8.5,8.5,70b68934-fae7-4ffb-9bf2-474b9242f8b3,d8ecbab8-5e75-4e30-a814-ab881049ebe8,66d63632-f433-4a72-b96e-9c2d3ea9f236
2f831eea-3a41-4612-834e-3c05181cdc59,,,7.0,1:29.114,7.0,1:24.742,6.0,1:23.569,11.0,1:23.790,7.0,83.374,14.0,1:23.373,82.874,5.0,1:22.873,82.904,7.0,1:22.903,11.0,-4.0,,,,,,,,,,,,,,,,70b68934-fae7-4ffb-9bf2-474b9242f8b3,0b21b2b3-8d74-445c-acc7-e2dac1e323dd,66d63632-f433-4a72-b96e-9c2d3ea9f236
b113ba79-a1c3-4db6-a4f9-dba8a7f861e9,,,20.0,1:27.709,10.0,1:24.855,19.0,1:24.771,19.0,1:24.501,20.0,83.89,20.0,1:23.890,,,,,,,20.0,0.0,,,,,,,,,,,,,11.333333333333334,12.0,12.428571428571429,70b68934-fae7-4ffb-9bf2-474b9242f8b3,217ff409-a898-4f8b-9323-7763902509c9,66d63632-f433-4a72-b96e-9c2d3ea9f236
00931961-1bbc-4a54-a7c2-1035bf62b609,,,19.0,1:27.766,,,20.0,1:24.962,17.0,1:24.072,19.0,83.468,19.0,1:23.468,,,,,,,19.0,0.0,,,,,,,,,,,,,15.333333333333334,14.6,14.714285714285714,70b68934-fae7-4ffb-9bf2-474b9242f8b3,9218ccac-0d8c-4836-9f4b-082a2c542f68,66d63632-f433-4a72-b96e-9c2d3ea9f236
fbd02327-66d7-40cb-980f-07c3f4bf2af0,,,9.0,1:29.375,12.0,1:24.977,7.0,1:23.656,16.0,1:23.978,9.0,83.373,13.0,1:23.373,82.997,7.0,1:22.996,83.072,9.0,1:23.072,17.0,-8.0,,,,,,,,,,,,,,,,70b68934-fae7-4ffb-9bf2-474b9242f8b3,5933eb18-734c-4a98-806c-dd676c9ae731,66d63632-f433-4a72-b96e-9c2d3ea9f236
98a62ae5-3b4f-4bea-b92f-291e75e0cabc,,,16.0,1:28.093,,,14.0,1:23.938,18.0,1:24.469,16.0,83.394,16.0,1:23.394,,,,,,,8.0,8.0,,,,,,,,,,,,,6.0,6.2,5.285714285714286,70b68934-fae7-4ffb-9bf2-474b9242f8b3,d71626b8-a508-4371-a966-503f36ebb8d0,66d63632-f433-4a72-b96e-9c2d3ea9f236
3d47d162-c7a0-4805-8eb8-4431730dba81,,,18.0,1:27.049,5.0,1:24.629,5.0,1:23.549,13.0,1:23.870,18.0,83.45,18.0,1:23.450,,,,,,,9.0,9.0,,,,,,,,,,,,,10.0,11.6,10.714285714285714,70b68934-fae7-4ffb-9bf2-474b9242f8b3,d54daa60-c444-4ecb-a83e-c157cdf43e67,66d63632-f433-4a72-b96e-9c2d3ea9f236
80f01ffa-5490-4746-b790-89d557bfa6f5,,,13.0,1:28.885,,,18.0,1:24.474,15.0,1:23.947,13.0,83.265,10.0,1:23.265,83.077,13.0,1:23.076,,,,18.0,-5.0,,,,,,,,,,,,,16.333333333333332,16.333333333333332,16.333333333333332,70b68934-fae7-4ffb-9bf2-474b9242f8b3,4d8edae8-dd9a-4376-a1f0-91e4dcaaee1a,66d63632-f433-4a72-b96e-9c2d3ea9f236
d857b4ae-79ad-4f75-b5ba-76162921c329,,,5.0,1:26.724,3.0,1:24.501,8.0,1:23.658,8.0,1:23.674,5.0,83.163,5.0,1:23.162,82.948,6.0,1:22.947,82.73,5.0,1:22.730,4.0,1.0,,,,,,,,,,,,,4.333333333333333,3.8,3.7142857142857144,70b68934-fae7-4ffb-9bf2-474b9242f8b3,a1402642-75cf-4196-9db4-b0d5b458a6ae,66d63632-f433-4a72-b96e-9c2d3ea9f236
e47c6044-a55a-4d8c-9189-074916c6ec0b,,,2.0,1:26.817,1.0,1:24.484,1.0,1:23.082,2.0,1:23.337,2.0,83.178,6.0,1:23.177,82.804,3.0,1:22.804,82.408,2.0,1:22.408,3.0,-1.0,,,,,,,,,,,,,3.6666666666666665,3.2,3.4285714285714284,70b68934-fae7-4ffb-9bf2-474b9242f8b3,b34c803f-2e33-48a4-bffb-499598604cf9,66d63632-f433-4a72-b96e-9c2d3ea9f236
829d468b-c033-4b24-8c39-0a3240b430c7,,,8.0,1:28.655,,,16.0,1:23.957,6.0,1:23.605,8.0,83.334,12.0,1:23.334,83.023,9.0,1:23.022,82.913,8.0,1:22.912,7.0,1.0,,,,,,,,,,,,,12.0,13.2,13.714285714285714,70b68934-fae7-4ffb-9bf2-474b9242f8b3,93895c43-2842-47df-b7de-f86110fd54b7,66d63632-f433-4a72-b96e-9c2d3ea9f236
af6c754a-8d18-4748-afe8-719c040da3b4,,,3.0,1:26.765,,,11.0,1:23.763,5.0,1:23.593,3.0,82.605,1.0,1:22.605,83.021,8.0,1:23.021,82.437,3.0,1:22.436,2.0,1.0,,,,,,,,,,,,,4.666666666666667,3.8,4.857142857142857,70b68934-fae7-4ffb-9bf2-474b9242f8b3,d31df4d0-71a1-40fc-bf79-61af13e1acd7,66d63632-f433-4a72-b96e-9c2d3ea9f236
47d73004-fd9b-4a24-85a6-0e10457f7783,,,4.0,1:28.599,6.0,1:24.733,3.0,1:23.462,1.0,1:23.334,4.0,83.247,8.0,1:23.246,82.73,1.0,1:22.730,82.645,4.0,1:22.644,5.0,-1.0,,,,,,,,,,,,,4.666666666666667,4.6,4.142857142857143,70b68934-fae7-4ffb-9bf2-474b9242f8b3,36fa31f7-12df-4f79-8de7-63098bfb8a5b,66d63632-f433-4a72-b96e-9c2d3ea9f236
82c3bdc6-9b20-4c1a-a33b-1295f8abe4ce,,,12.0,1:29.052,9.0,1:24.771,13.0,1:23.871,12.0,1:23.811,12.0,83.187,7.0,1:23.186,83.042,12.0,1:23.042,,,,13.0,-1.0,,,,,,,,,,,,,6.666666666666667,4.8,4.285714285714286,70b68934-fae7-4ffb-9bf2-474b9242f8b3,258793ad-e101-47d1-8409-93edc1c8bdd5,66d63632-f433-4a72-b96e-9c2d3ea9f236
c7652fff-a338-45a2-8a92-cb58d6154b7a,,,15.0,1:27.626,,,12.0,1:23.831,14.0,1:23.894,15.0,83.316,11.0,1:23.316,83.097,15.0,1:23.096,,,,10.0,5.0,,,,,,,,,,,,,15.666666666666666,15.0,14.428571428571429,70b68934-fae7-4ffb-9bf2-474b9242f8b3,bbe763bf-f205-4c4a-b485-51cc69248b5a,66d63632-f433-4a72-b96e-9c2d3ea9f236
fa9321ac-6a2e-4bda-847e-8bf70b602520,,,10.0,1:28.557,,,17.0,1:24.302,20.0,1:24.692,10.0,83.386,15.0,1:23.385,83.034,10.0,1:23.034,,,,14.0,-4.0,,,,,,,,,,,,,15.333333333333334,13.2,13.571428571428571,70b68934-fae7-4ffb-9bf2-474b9242f8b3,329fcd08-b140-4524-8bbd-d944b5c5dd1b,66d63632-f433-4a72-b96e-9c2d3ea9f236
823935b8-2040-4fb5-b665-f16af2e22c20,,,1.0,1:27.625,2.0,1:24.492,2.0,1:23.445,3.0,1:23.457,1.0,82.877,2.0,1:22.876,82.752,2.0,1:22.751,82.207,1.0,1:22.206,1.0,0.0,,,,,,,,,,,,,1.3333333333333333,2.4,3.2857142857142856,70b68934-fae7-4ffb-9bf2-474b9242f8b3,4e5380ac-3832-409c-a269-05f3091fe4e2,66d63632-f433-4a72-b96e-9c2d3ea9f236
3e136c52-5cc8-461c-b432-f88fb1338cc5,5.0,Finished,6.0,1:24.596,6.0,1:17.712,12.0,1:17.302,7.0,1:16.257,6.0,76.245,8.0,1:16.245,76.017,9.0,1:16.016,75.737,6.0,1:15.736,5.0,1.0,107.26575,98.40656875,107.04973269425072,0.2160173057492755,0.2217862998616261,-0.2217862998616261,58.82352941176471,329.0,27.166666666666668,4.0,10.0,-6.0,18.0,17.0,16.142857142857142,9eceb842-026b-46f7-953f-b41ed47bd899,00572d64-eb7e-4295-89f6-63bf98e32dd4,5329d1c7-092d-448b-8683-771f533b0846
89fc2ea8-e0cf-4e1b-b31c-118ec4ef356e,17.0,Retired,12.0,1:28.819,8.0,1:17.736,13.0,1:17.329,17.0,1:17.269,12.0,76.288,9.0,1:16.287,76.453,12.0,1:16.453,,,,17.0,-5.0,103.46080645161288,,107.04973269425072,-3.588926242637839,-3.684772704066579,3.684772704066579,94.11764705882352,328.0,40.16750016,6.0,1.0,5.0,8.666666666666666,7.8,9.714285714285714,9eceb842-026b-46f7-953f-b41ed47bd899,5d03531f-db77-4857-b87a-f8bcff470727,152926ec-a176-4064-8f15-f33ab14007fe
02cff398-a80a-45d7-898c-8b01f169902e,4.0,Finished,16.0,1:24.900,14.0,1:18.390,16.0,1:17.634,5.0,1:16.206,16.0,76.525,16.0,1:16.525,,,,,,,4.0,12.0,107.03726785714284,95.07042857142856,107.04973269425072,-0.0124648371078706,-0.0127977251218067,0.0127977251218067,82.35294117647058,332.0,22.0,2.0,14.0,-12.0,15.0,15.0,15.0,9eceb842-026b-46f7-953f-b41ed47bd899,7aae5ebe-ca8b-4929-8455-5398e8298f8c,9fa8a5b1-2cd5-4b03-aa5c-136e61562269
43600591-21f1-424c-aeb4-e3d511b48eb9,14.0,Finished,20.0,1:27.602,,,,,,,20.0,,,,,,,,,,14.0,6.0,107.45075,99.88670440251572,107.04973269425072,0.4010173057492778,0.4117269406453979,-0.4117269406453979,23.529411764705888,313.0,18.0,14.0,15.0,-1.0,9.666666666666666,9.666666666666666,9.666666666666666,9eceb842-026b-46f7-953f-b41ed47bd899,d8ecbab8-5e75-4e30-a814-ab881049ebe8,3c5e6866-d5da-4c64-b255-52d8cc08394b
e89326a2-96ba-4cf4-b65f-00ecfa1cf89d,16.0,Retired,15.0,1:24.191,15.0,1:18.438,18.0,1:17.846,11.0,1:16.706,15.0,76.516,15.0,1:16.516,77.52,15.0,1:17.519,,,,16.0,-1.0,107.08111363636364,106.57369918699185,107.04973269425072,0.0313809421129036,0.0322190067747205,-0.0322190067747205,76.47058823529412,310.0,32.6,15.0,3.0,12.0,11.0,11.0,11.0,9eceb842-026b-46f7-953f-b41ed47bd899,0b21b2b3-8d74-445c-acc7-e2dac1e323dd,d4c5726f-839a-49c0-97db-88b3fc09b451
f7238c51-2865-4830-997c-49eb54aab85e,,,14.0,,13.0,1:18.231,14.0,1:17.394,15.0,1:16.992,14.0,76.315,10.0,1:16.314,76.863,14.0,1:16.862,,,,19.0,-5.0,,,,,,,,,,,,,15.0,15.0,15.0,9eceb842-026b-46f7-953f-b41ed47bd899,17f18f6c-4cb4-4c5b-9c21-700b77a6ca49,66d63632-f433-4a72-b96e-9c2d3ea9f236
b7bc810b-54c0-4ca4-a2e6-a2ab828db82b,11.0,Finished,9.0,1:25.019,17.0,1:18.504,15.0,1:17.492,12.0,1:16.718,9.0,76.328,11.0,1:16.328,76.112,10.0,1:16.111,75.98,9.0,1:15.980,11.0,-2.0,107.47632142857142,92.90332249322492,107.04973269425072,0.4265887343207026,0.437981284043305,-0.437981284043305,11.764705882352944,320.0,23.833333333333332,12.0,12.0,0.0,15.0,16.4,14.571428571428571,9eceb842-026b-46f7-953f-b41ed47bd899,9218ccac-0d8c-4836-9f4b-082a2c542f68,74ba499d-84cf-49bd-9012-fde4bc87ff1b
d6c89fed-b5c7-4758-a11b-898dc3df0142,,,11.0,,9.0,1:17.846,6.0,1:17.019,13.0,1:16.731,11.0,76.354,12.0,1:16.353,76.175,11.0,1:16.174,,,,20.0,-9.0,,,,,,,,,,,,,17.0,17.0,17.0,9eceb842-026b-46f7-953f-b41ed47bd899,5933eb18-734c-4a98-806c-dd676c9ae731,66d63632-f433-4a72-b96e-9c2d3ea9f236
0e93a8e4-1011-4999-99cd-5a86fb411965,10.0,Finished,8.0,1:24.218,12.0,1:18.070,5.0,1:16.858,8.0,1:16.378,8.0,76.213,6.0,1:16.212,75.919,6.0,1:15.918,75.973,8.0,1:15.972,10.0,-2.0,107.42667857142855,106.06690566037736,107.04973269425072,0.3769458771778318,0.387012656497067,-0.387012656497067,29.411764705882348,329.0,29.0,4.0,8.0,-4.0,5.666666666666667,6.4,6.142857142857143,9eceb842-026b-46f7-953f-b41ed47bd899,d71626b8-a508-4371-a966-503f36ebb8d0,f75df3f3-ce57-4ad4-a349-b6528762787f
441f81f1-de3c-441d-bd7c-5bc762f787e6,7.0,Finished,17.0,1:25.242,18.0,1:18.585,8.0,1:17.161,16.0,1:17.146,17.0,76.579,17.0,1:16.578,,,,,,,7.0,10.0,107.20546428571429,99.01845,107.04973269425072,0.1557315914635495,0.1598905852587178,-0.1598905852587178,70.58823529411764,316.0,23.5,13.0,13.0,0.0,9.666666666666666,9.6,10.857142857142858,9eceb842-026b-46f7-953f-b41ed47bd899,d54daa60-c444-4ecb-a83e-c157cdf43e67,d4c5726f-839a-49c0-97db-88b3fc09b451
e433d863-7f22-4cad-81bb-1e5c94d3bf5a,15.0,Retired,18.0,1:22.969,,,,,,,18.0,77.094,18.0,1:17.093,,,,,,,15.0,3.0,106.259,94.31084608843535,107.04973269425072,-0.7907326942507211,-0.8118501331603155,0.8118501331603155,88.23529411764706,326.0,13.2,8.0,17.0,-9.0,16.666666666666668,16.75,16.75,9eceb842-026b-46f7-953f-b41ed47bd899,4d8edae8-dd9a-4376-a1f0-91e4dcaaee1a,b0a535d7-2578-48eb-8346-156775b72370
78c6dc8d-8ff6-4d69-bd30-5210b081f9ea,8.0,Finished,7.0,1:25.271,3.0,1:17.460,1.0,1:16.438,4.0,1:16.188,7.0,76.029,4.0,1:16.028,75.827,5.0,1:15.826,75.755,7.0,1:15.754,8.0,-1.0,107.45803571428571,103.66686891757696,107.04973269425072,0.4083030200350066,0.419207228429175,-0.419207228429175,17.647058823529417,333.0,29.833333333333332,1.0,6.0,-5.0,4.666666666666667,4.4,3.7142857142857144,9eceb842-026b-46f7-953f-b41ed47bd899,a1402642-75cf-4196-9db4-b0d5b458a6ae,f75df3f3-ce57-4ad4-a349-b6528762787f
857f669b-3e2a-492d-a695-62079d85c4ae,1.0,Finished,1.0,1:22.167,1.0,1:17.251,3.0,1:16.579,10.0,1:16.596,1.0,75.912,1.0,1:15.912,75.415,1.0,1:15.415,75.096,1.0,1:15.096,1.0,0.0,107.30723214285716,91.567,107.04973269425072,0.2574994486064383,0.2643762717285092,-0.2643762717285092,47.05882352941176,322.0,35.5,11.0,2.0,9.0,2.0,3.0,3.0,9eceb842-026b-46f7-953f-b41ed47bd899,b34c803f-2e33-48a4-bffb-499598604cf9,28d5702d-754e-48e3-8648-3414fb816016
81f66917-c5a3-42bc-b860-cabb162c2ee9,13.0,Finished,19.0,1:26.763,19.0,1:19.138,19.0,1:18.034,18.0,1:17.373,19.0,77.147,19.0,1:17.147,,,,,,,13.0,6.0,107.38742857142856,98.58289499589829,107.04973269425072,0.3376958771778504,0.3467144394659351,-0.3467144394659351,35.29411764705882,307.0,16.666666666666668,17.0,16.0,1.0,10.0,11.2,12.285714285714286,9eceb842-026b-46f7-953f-b41ed47bd899,93895c43-2842-47df-b7de-f86110fd54b7,3c5e6866-d5da-4c64-b255-52d8cc08394b
b765971a-7128-4ac5-8117-200500714be2,9.0,Finished,2.0,1:23.242,4.0,1:17.670,2.0,1:16.563,1.0,1:15.921,2.0,76.062,5.0,1:16.061,75.468,2.0,1:15.468,75.18,2.0,1:15.180,9.0,-7.0,107.60616071428572,124.3169858490566,107.04973269425072,0.5564280200349998,0.5712880793269834,-0.5712880793269834,0.0,332.0,32.333333333333336,2.0,4.0,-2.0,4.0,3.8,4.142857142857143,9eceb842-026b-46f7-953f-b41ed47bd899,d31df4d0-71a1-40fc-bf79-61af13e1acd7,28d5702d-754e-48e3-8648-3414fb816016
83f99a3e-9bad-4b05-9154-eb75e6e735eb,3.0,Finished,4.0,1:25.064,7.0,1:17.715,10.0,1:17.281,2.0,1:15.959,4.0,75.971,2.0,1:15.971,75.798,4.0,1:15.798,75.546,4.0,1:15.546,3.0,1.0,107.32394642857142,96.14356603773584,107.04973269425072,0.2742137343206963,0.2815369319382884,-0.2815369319382884,41.17647058823529,308.0,32.333333333333336,16.0,4.0,12.0,4.333333333333333,4.6,4.714285714285714,9eceb842-026b-46f7-953f-b41ed47bd899,36fa31f7-12df-4f79-8de7-63098bfb8a5b,9fa8a5b1-2cd5-4b03-aa5c-136e61562269
8db81ab5-36cd-4aea-afe7-54193e2b2892,,,10.0,,2.0,1:17.400,11.0,1:17.302,6.0,1:16.251,10.0,76.36,13.0,1:16.359,75.931,7.0,1:15.930,76.062,10.0,1:16.061,18.0,-8.0,,,,,,,,,,,,,8.666666666666666,7.2,5.714285714285714,9eceb842-026b-46f7-953f-b41ed47bd899,258793ad-e101-47d1-8409-93edc1c8bdd5,66d63632-f433-4a72-b96e-9c2d3ea9f236
e640d123-2f35-447e-b676-0e2bf0ae9e23,6.0,Finished,13.0,1:25.537,10.0,1:18.057,9.0,1:17.278,14.0,1:16.947,13.0,76.369,14.0,1:16.368,76.483,13.0,1:16.483,,,,6.0,7.0,107.2184285714286,98.23677798742138,107.04973269425072,0.1686958771778677,0.1732010973445635,-0.1732010973445635,64.70588235294117,326.0,24.833333333333332,8.0,11.0,-3.0,12.666666666666666,14.2,13.714285714285714,9eceb842-026b-46f7-953f-b41ed47bd899,bbe763bf-f205-4c4a-b485-51cc69248b5a,152926ec-a176-4064-8f15-f33ab14007fe
02f24b02-cd37-4b67-8c64-17c2334d86a3,12.0,Finished,5.0,1:24.194,11.0,1:18.061,4.0,1:16.784,9.0,1:16.454,5.0,76.225,7.0,1:16.224,76.009,8.0,1:16.009,75.67,5.0,1:15.670,12.0,-7.0,107.59880357142856,102.03671832358674,107.04973269425072,0.5490708771778401,0.563734455388461,-0.563734455388461,5.882352941176472,327.0,29.333333333333332,7.0,7.0,0.0,15.0,14.4,14.285714285714286,9eceb842-026b-46f7-953f-b41ed47bd899,329fcd08-b140-4524-8bbd-d944b5c5dd1b,871d7bb6-5c31-4735-8150-fb52d48e1cde
1d250bbb-65d2-454d-b0a2-1c900e043931,2.0,Finished,3.0,1:23.081,5.0,1:17.695,7.0,1:17.063,3.0,1:16.001,3.0,76.018,3.0,1:16.018,75.565,3.0,1:15.564,75.481,3.0,1:15.480,2.0,1.0,107.28226785714286,104.71536933962264,107.04973269425072,0.2325351628921339,0.2387452856458925,-0.2387452856458925,52.94117647058824,326.0,28.333333333333332,8.0,9.0,-1.0,1.3333333333333333,1.4,2.7142857142857144,9eceb842-026b-46f7-953f-b41ed47bd899,4e5380ac-3832-409c-a269-05f3091fe4e2,b0a535d7-2578-48eb-8346-156775b72370
6d658bf5-6a0d-40ef-aa1e-ee02de7209dc,17.0,Retired,12.0,1:10.641,7.0,1:05.945,16.0,1:05.765,14.0,1:05.313,12.0,65.143,9.0,1:05.143,65.205,12.0,1:05.204,,,,17.0,-5.0,78.43221428571428,83.22999999999999,72.75982738775551,5.6723868979587735,3.680414447298119,-3.680414447298119,0.0,321.0,17.5,13.0,3.0,10.0,13.0,14.0,14.142857142857142,32aefa6f-aac7-4dcf-ba41-4d2779ad374f,00572d64-eb7e-4295-89f6-63bf98e32dd4,5329d1c7-092d-448b-8683-771f533b0846
1460331e-3e17-4bb1-9bc2-c658509dd17f,7.0,Lapped,11.0,1:09.935,14.0,1:06.170,9.0,1:05.456,12.0,1:05.242,11.0,65.197,13.0,1:05.197,65.128,11.0,1:05.128,,,,7.0,4.0,72.40004411764706,72.46758823529412,72.75982738775551,-0.3597832701084513,-0.2334381573442752,0.2334381573442752,52.94117647058824,323.0,19.0,11.0,1.0,10.0,11.666666666666666,9.6,9.571428571428571,32aefa6f-aac7-4dcf-ba41-4d2779ad374f,5d03531f-db77-4857-b87a-f8bcff470727,152926ec-a176-4064-8f15-f33ab14007fe
91135c03-e6eb-4a90-b8c7-176e45fa6546,,,9.0,,11.0,1:06.129,11.0,1:05.537,7.0,1:05.052,9.0,65.178,10.0,1:05.177,65.052,10.0,1:05.052,65.276,9.0,1:05.275,19.0,-10.0,,,,,,,,,,,,,9.5,9.5,9.5,32aefa6f-aac7-4dcf-ba41-4d2779ad374f,7aae5ebe-ca8b-4929-8455-5398e8298f8c,66d63632-f433-4a72-b96e-9c2d3ea9f236
d59cf7f8-b1cb-424a-8c4f-d8ee84c798b5,11.0,Lapped,15.0,1:09.959,20.0,1:06.737,18.0,1:05.834,17.0,1:05.365,15.0,65.218,14.0,1:05.218,65.312,15.0,1:05.311,,,,11.0,4.0,72.6928382352941,72.50780172413792,72.75982738775551,-0.066989152461403,-0.0434645677324875,0.0434645677324875,29.411764705882348,325.0,13.0,6.0,11.0,-5.0,11.0,10.75,10.75,32aefa6f-aac7-4dcf-ba41-4d2779ad374f,d8ecbab8-5e75-4e30-a814-ab881049ebe8,3c5e6866-d5da-4c64-b255-52d8cc08394b
779b25b2-52e6-49bc-bf72-0517e0b6cb0e,8.0,Lapped,8.0,1:09.246,6.0,1:05.873,8.0,1:05.411,10.0,1:05.182,8.0,65.123,8.0,1:05.123,64.846,5.0,1:04.846,65.132,8.0,1:05.132,8.0,0.0,72.45520588235294,71.18395824175823,72.75982738775551,-0.3046215054025651,-0.1976475528925479,0.1976475528925479,41.17647058823529,325.0,10.666666666666666,6.0,15.0,-9.0,13.5,13.5,13.5,32aefa6f-aac7-4dcf-ba41-4d2779ad374f,0b21b2b3-8d74-445c-acc7-e2dac1e323dd,d4c5726f-839a-49c0-97db-88b3fc09b451
8830e84f-3a62-407a-aed8-7b3f9549d169,15.0,Lapped,14.0,1:09.620,16.0,1:06.245,20.0,1:06.176,19.0,1:05.546,14.0,65.278,15.0,1:05.278,65.288,14.0,1:05.287,,,,15.0,-1.0,72.90591176470589,71.62860535714286,72.75982738775551,0.1460843769503839,0.0947839174450904,-0.0947839174450904,17.647058823529417,321.0,14.0,13.0,5.0,8.0,14.0,13.6,12.571428571428571,32aefa6f-aac7-4dcf-ba41-4d2779ad374f,217ff409-a898-4f8b-9323-7763902509c9,74ba499d-84cf-49bd-9012-fde4bc87ff1b
a12c8893-5b22-4132-9324-cd08ebb60964,13.0,Lapped,10.0,1:10.150,5.0,1:05.780,14.0,1:05.612,16.0,1:05.365,10.0,65.054,4.0,1:05.054,64.846,6.0,1:04.846,65.649,10.0,1:05.649,13.0,-3.0,72.94744117647058,72.6701624431449,72.75982738775551,0.187613788715069,0.1217294431639975,-0.1217294431639975,11.764705882352944,323.0,11.333333333333334,11.0,14.0,-3.0,13.0,15.2,14.714285714285714,32aefa6f-aac7-4dcf-ba41-4d2779ad374f,9218ccac-0d8c-4836-9f4b-082a2c542f68,74ba499d-84cf-49bd-9012-fde4bc87ff1b
9863bc23-acb6-4744-904e-48dafb0049b4,12.0,Lapped,13.0,1:10.203,10.0,1:06.109,13.0,1:05.546,20.0,1:06.022,13.0,65.063,5.0,1:05.063,65.226,13.0,1:05.225,,,,12.0,1.0,72.62592647058824,84.3555588235294,72.75982738775551,-0.1339009171672671,-0.0868789239722379,0.0868789239722379,35.29411764705882,327.0,15.333333333333334,4.0,4.0,0.0,18.5,18.5,18.5,32aefa6f-aac7-4dcf-ba41-4d2779ad374f,5933eb18-734c-4a98-806c-dd676c9ae731,871d7bb6-5c31-4735-8150-fb52d48e1cde
7bead473-ef0a-4ced-a645-8283a01af902,4.0,Finished,4.0,1:08.628,9.0,1:06.099,10.0,1:05.510,5.0,1:04.790,4.0,65.115,7.0,1:05.114,64.896,8.0,1:04.896,64.582,4.0,1:04.581,4.0,0.0,71.88366666666667,70.78133626708913,72.75982738775551,-0.8761607210888371,-0.5684793075752447,0.5684793075752447,76.47058823529412,320.0,13.333333333333334,17.0,9.0,8.0,7.0,7.2,7.0,32aefa6f-aac7-4dcf-ba41-4d2779ad374f,d71626b8-a508-4371-a966-503f36ebb8d0,f75df3f3-ce57-4ad4-a349-b6528762787f
eee4e29e-4089-460a-bcef-e3475bbbb5dc,9.0,Lapped,20.0,1:09.459,12.0,1:06.140,19.0,1:05.918,13.0,1:05.283,20.0,65.606,20.0,1:05.605,,,,,,,9.0,11.0,72.30570588235294,77.31473090231569,72.75982738775551,-0.4541215054025684,-0.2946476288339616,0.2946476288339616,70.58823529411764,329.0,13.0,2.0,11.0,-9.0,9.0,9.2,10.571428571428571,32aefa6f-aac7-4dcf-ba41-4d2779ad374f,d54daa60-c444-4ecb-a83e-c157cdf43e67,d4c5726f-839a-49c0-97db-88b3fc09b451
71b5f01e-e80b-418e-b6fe-c20dea76c958,6.0,Finished,6.0,1:09.977,15.0,1:06.188,12.0,1:05.543,11.0,1:05.182,6.0,65.017,3.0,1:05.016,65.041,9.0,1:05.040,64.926,6.0,1:04.926,6.0,0.0,72.32697101449276,71.480227791197,72.75982738775551,-0.4328563732627515,-0.2808501744361931,0.2808501744361931,64.70588235294117,321.0,18.0,13.0,2.0,11.0,16.333333333333332,16.4,16.4,32aefa6f-aac7-4dcf-ba41-4d2779ad374f,4d8edae8-dd9a-4376-a1f0-91e4dcaaee1a,871d7bb6-5c31-4735-8150-fb52d48e1cde
33429184-c5d0-4f6d-99e1-3653e48b2b58,3.0,Finished,2.0,1:08.765,,,5.0,1:05.189,4.0,1:04.573,2.0,65.197,12.0,1:05.197,64.734,3.0,1:04.733,64.492,2.0,1:04.492,3.0,-1.0,71.78711594202899,70.31300000000002,72.75982738775551,-0.9727114457265174,-0.6311243083916547,0.6311243083916547,82.35294117647058,324.0,14.0,8.0,5.0,3.0,5.666666666666667,5.0,4.428571428571429,32aefa6f-aac7-4dcf-ba41-4d2779ad374f,a1402642-75cf-4196-9db4-b0d5b458a6ae,f75df3f3-ce57-4ad4-a349-b6528762787f
3b962be0-491e-4b67-b3f6-6359709abeae,1.0,Finished,1.0,1:08.272,,,1.0,1:04.579,1.0,1:04.323,1.0,64.672,1.0,1:04.671,64.41,1.0,1:04.409,63.971,1.0,1:03.970,1.0,0.0,71.57727536231884,77.60148,72.75982738775551,-1.1825520254366635,-0.7672751590102099,0.7672751590102099,94.11764705882352,324.0,13.666666666666666,8.0,7.0,1.0,2.0,3.0,2.857142857142857,32aefa6f-aac7-4dcf-ba41-4d2779ad374f,b34c803f-2e33-48a4-bffb-499598604cf9,28d5702d-754e-48e3-8648-3414fb816016
c078cce5-3562-4105-aba4-a52886d579a3,10.0,Lapped,17.0,1:09.549,19.0,1:06.510,15.0,1:05.697,18.0,1:05.519,17.0,65.364,17.0,1:05.364,,,,,,,10.0,7.0,72.43966176470587,71.05383662464986,72.75982738775551,-0.3201656230496326,-0.2077330418036367,0.2077330418036367,47.05882352941176,324.0,13.0,8.0,11.0,-3.0,10.0,11.2,12.285714285714286,32aefa6f-aac7-4dcf-ba41-4d2779ad374f,93895c43-2842-47df-b7de-f86110fd54b7,3c5e6866-d5da-4c64-b255-52d8cc08394b
002e467d-076d-4519-bb1a-7fdb90685699,2.0,Finished,3.0,1:07.924,3.0,1:05.697,2.0,1:04.736,2.0,1:04.441,3.0,64.966,2.0,1:04.965,64.556,2.0,1:04.555,64.554,3.0,1:04.554,2.0,1.0,71.58959420289857,70.97226614906833,72.75982738775551,-1.17023318485694,-0.759282326423298,0.759282326423298,88.23529411764706,330.0,13.333333333333334,1.0,9.0,-8.0,6.0,5.0,4.285714285714286,32aefa6f-aac7-4dcf-ba41-4d2779ad374f,d31df4d0-71a1-40fc-bf79-61af13e1acd7,28d5702d-754e-48e3-8648-3414fb816016
c3dba6ce-5175-45ce-a47a-f3c4eb6aaaae,5.0,Finished,5.0,1:09.371,1.0,1:05.542,6.0,1:05.228,6.0,1:05.018,5.0,65.189,11.0,1:05.188,64.86,7.0,1:04.859,64.763,5.0,1:04.763,5.0,0.0,72.35365217391305,71.20043388685028,72.75982738775551,-0.4061752138424594,-0.2635386393862049,0.2635386393862049,58.82352941176471,328.0,10.666666666666666,3.0,15.0,-12.0,4.0,4.4,4.428571428571429,32aefa6f-aac7-4dcf-ba41-4d2779ad374f,36fa31f7-12df-4f79-8de7-63098bfb8a5b,9fa8a5b1-2cd5-4b03-aa5c-136e61562269
15148e8a-22b2-4b53-a3b2-8b3c6a786cdb,,,19.0,,8.0,1:06.016,17.0,1:05.813,15.0,1:05.325,19.0,65.582,19.0,1:05.581,,,,,,,20.0,-1.0,,,,,,,,,,,,,12.333333333333334,10.2,7.857142857142857,32aefa6f-aac7-4dcf-ba41-4d2779ad374f,258793ad-e101-47d1-8409-93edc1c8bdd5,66d63632-f433-4a72-b96e-9c2d3ea9f236
ec406803-c61d-4e55-9427-63143db4118c,14.0,Lapped,16.0,1:09.213,13.0,1:06.159,4.0,1:05.022,8.0,1:05.061,16.0,65.329,16.0,1:05.328,,,,,,,14.0,2.0,72.81467647058822,71.84630203619909,72.75982738775551,0.0548490828327175,0.0355877270909054,-0.0355877270909054,23.529411764705888,321.0,13.666666666666666,13.0,7.0,6.0,10.0,12.6,13.0,32aefa6f-aac7-4dcf-ba41-4d2779ad374f,bbe763bf-f205-4c4a-b485-51cc69248b5a,152926ec-a176-4064-8f15-f33ab14007fe
da725e5f-3929-4a83-9c16-0f6b2fc83b77,16.0,Lapped,18.0,1:09.802,17.0,1:06.262,7.0,1:05.292,9.0,1:05.138,18.0,65.369,18.0,1:05.368,,,,,,,16.0,2.0,73.37916417910448,76.2358547368421,72.75982738775551,0.6193367913489709,0.4018442528037479,-0.4018442528037479,5.882352941176472,327.0,10.25,4.0,17.0,-13.0,15.0,14.4,13.142857142857142,32aefa6f-aac7-4dcf-ba41-4d2779ad374f,329fcd08-b140-4524-8bbd-d944b5c5dd1b,b0a535d7-2578-48eb-8346-156775b72370
105b7674-931e-43da-bb14-578795ecdd06,,,7.0,,2.0,1:05.606,3.0,1:04.897,3.0,1:04.534,7.0,65.106,6.0,1:05.105,64.836,4.0,1:04.835,64.929,7.0,1:04.929,18.0,-11.0,,,,,,,,,,,,,1.3333333333333333,1.4,2.142857142857143,32aefa6f-aac7-4dcf-ba41-4d2779ad374f,4e5380ac-3832-409c-a269-05f3091fe4e2,66d63632-f433-4a72-b96e-9c2d3ea9f236
6b1ccb26-c881-4dff-a2e3-f84b369e6fa7,13.0,Finished,19.0,1:44.152,5.0,1:43.563,9.0,1:42.177,7.0,1:41.983,19.0,103.778,19.0,1:43.778,,,,,,,13.0,6.0,110.25722000000002,107.13629714285716,110.3597745649839,-0.1025545649838761,-0.1871932957760823,0.1871932957760823,42.10526315789473,357.0,0.0,2.0,18.0,-16.0,12.666666666666666,15.2,15.285714285714286,db03c073-6c0d-4789-ad7c-8c2d7263c377,00572d64-eb7e-4295-89f6-63bf98e32dd4,5329d1c7-092d-448b-8683-771f533b0846
99484db8-2a39-4c51-86d9-def570109d2e,15.0,Finished,11.0,1:45.001,15.0,1:44.138,19.0,1:42.966,14.0,1:42.590,11.0,102.211,9.0,1:42.210,101.857,11.0,1:41.856,,,,15.0,-4.0,110.78752,109.00975,110.3597745649839,0.4277454350160923,0.7807656123979008,-0.7807656123979008,15.789473684210533,349.0,16.5,10.0,9.0,1.0,10.0,10.0,9.0,db03c073-6c0d-4789-ad7c-8c2d7263c377,5d03531f-db77-4857-b87a-f8bcff470727,152926ec-a176-4064-8f15-f33ab14007fe
b6faade5-1540-4309-a644-38b89a8a1c30,4.0,Finished,4.0,1:44.090,11.0,1:43.984,4.0,1:41.778,5.0,1:41.876,4.0,102.247,10.0,1:42.246,101.464,5.0,1:41.463,101.717,4.0,1:41.716,4.0,0.0,109.915,107.0327,110.3597745649839,-0.4447745649838879,-0.811848957769919,0.811848957769919,84.21052631578947,348.0,21.0,11.0,3.0,8.0,12.666666666666666,12.666666666666666,12.666666666666666,db03c073-6c0d-4789-ad7c-8c2d7263c377,7aae5ebe-ca8b-4929-8455-5398e8298f8c,9fa8a5b1-2cd5-4b03-aa5c-136e61562269
fd5684c0-58cf-4147-934c-90a95ebbc08c,12.0,Finished,15.0,1:44.287,16.0,1:44.150,5.0,1:41.891,8.0,1:41.984,15.0,102.666,15.0,1:42.665,,,,,,,12.0,3.0,110.49509999999998,106.17207692307692,110.3597745649839,0.1353254350160853,0.2470101081017292,-0.2470101081017292,36.8421052631579,361.0,14.5,1.0,15.0,-14.0,12.333333333333334,10.8,10.8,db03c073-6c0d-4789-ad7c-8c2d7263c377,d8ecbab8-5e75-4e30-a814-ab881049ebe8,3c5e6866-d5da-4c64-b255-52d8cc08394b
222cd707-085d-422d-8ad8-cca31537fb7b,11.0,Finished,13.0,1:44.930,14.0,1:44.087,15.0,1:42.561,18.0,1:43.060,13.0,102.511,13.0,1:42.510,102.277,13.0,1:42.277,,,,11.0,2.0,110.5559,106.05123076923078,110.3597745649839,0.1961254350161141,0.3579886138852661,-0.3579886138852661,31.57894736842105,357.0,14.5,2.0,15.0,-13.0,11.666666666666666,11.666666666666666,11.666666666666666,db03c073-6c0d-4789-ad7c-8c2d7263c377,0b21b2b3-8d74-445c-acc7-e2dac1e323dd,d4c5726f-839a-49c0-97db-88b3fc09b451
b8f33e89-7e73-4afa-9b0c-0fe82edbac9b,19.0,Lapped,16.0,1:46.055,19.0,1:45.299,20.0,1:43.322,15.0,1:42.789,16.0,102.779,16.0,1:42.778,,,,,,,19.0,-3.0,111.50669387755104,107.9677232142857,110.3597745649839,1.1469193125671495,2.093476834916499,-2.093476834916499,0.0,344.0,16.0,15.0,11.0,4.0,15.333333333333334,13.8,13.571428571428571,db03c073-6c0d-4789-ad7c-8c2d7263c377,217ff409-a898-4f8b-9323-7763902509c9,74ba499d-84cf-49bd-9012-fde4bc87ff1b
2a5daa26-10dd-4ec6-bfc5-9b7c6d110b68,18.0,Lapped,18.0,1:45.492,20.0,1:45.418,16.0,1:42.674,19.0,1:43.322,18.0,103.139,18.0,1:43.138,,,,,,,18.0,0.0,111.39714285714284,106.87095238095236,110.3597745649839,1.037368292158959,1.8935128784698383,-1.8935128784698383,5.263157894736848,353.0,14.0,5.0,17.0,-12.0,14.333333333333334,13.8,15.142857142857142,db03c073-6c0d-4789-ad7c-8c2d7263c377,9218ccac-0d8c-4836-9f4b-082a2c542f68,74ba499d-84cf-49bd-9012-fde4bc87ff1b
c159d55a-bfcc-4c99-aee6-c6d63e87f432,10.0,Finished,8.0,1:43.884,10.0,1:43.974,13.0,1:42.442,11.0,1:42.266,8.0,101.656,5.0,1:41.656,101.647,8.0,1:41.647,102.372,8.0,1:42.371,10.0,-2.0,110.10878,106.065112,110.3597745649839,-0.250994564983884,-0.4581414766724849,0.4581414766724849,52.63157894736843,337.0,21.5,17.0,2.0,15.0,16.333333333333332,16.333333333333332,16.333333333333332,db03c073-6c0d-4789-ad7c-8c2d7263c377,5933eb18-734c-4a98-806c-dd676c9ae731,871d7bb6-5c31-4735-8150-fb52d48e1cde
1cf3f02d-dfb3-420c-add4-cfe40b82eec3,8.0,Finished,12.0,1:43.977,13.0,1:44.087,1.0,1:41.293,4.0,1:41.498,12.0,101.821,6.0,1:41.820,102.183,12.0,1:42.183,,,,8.0,4.0,109.96416,106.77790526315788,110.3597745649839,-0.3956145649839016,-0.7221169948700084,0.7221169948700084,73.6842105263158,352.0,15.0,6.0,12.0,-6.0,7.333333333333333,6.2,6.571428571428571,db03c073-6c0d-4789-ad7c-8c2d7263c377,d71626b8-a508-4371-a966-503f36ebb8d0,f75df3f3-ce57-4ad4-a349-b6528762787f
87f027d7-e699-47d9-8444-d5c8931fd886,16.0,Finished,17.0,1:44.370,12.0,1:43.986,18.0,1:42.819,12.0,1:42.427,17.0,102.916,17.0,1:42.915,,,,,,,16.0,1.0,110.67454,107.012825,110.3597745649839,0.3147654350160991,0.574542724512748,-0.574542724512748,21.052631578947366,350.0,15.0,7.0,12.0,-5.0,8.333333333333334,9.0,9.142857142857142,db03c073-6c0d-4789-ad7c-8c2d7263c377,d54daa60-c444-4ecb-a83e-c157cdf43e67,d4c5726f-839a-49c0-97db-88b3fc09b451
7391ab94-18b3-42dd-b8b1-7263cd1cf531,5.0,Finished,3.0,1:44.531,9.0,1:43.903,7.0,1:41.989,9.0,1:42.146,3.0,102.257,11.0,1:42.257,101.537,7.0,1:41.537,101.707,3.0,1:41.706,5.0,-2.0,110.17297999999997,106.25881142857142,110.3597745649839,-0.1867945649839271,-0.340956936026187,0.340956936026187,47.36842105263158,342.0,19.5,16.0,6.0,10.0,13.0,14.2,14.666666666666666,db03c073-6c0d-4789-ad7c-8c2d7263c377,4d8edae8-dd9a-4376-a1f0-91e4dcaaee1a,871d7bb6-5c31-4735-8150-fb52d48e1cde
d8b27c19-1cbe-4090-9eae-fe1d6c44c0cc,9.0,Finished,10.0,1:44.274,3.0,1:43.256,2.0,1:41.367,10.0,1:42.209,10.0,101.458,3.0,1:41.457,101.519,6.0,1:41.519,,,,9.0,1.0,110.00146,139.39064,110.3597745649839,-0.3583145649838855,-0.6540331418153086,0.6540331418153086,63.1578947368421,346.0,15.0,12.0,12.0,0.0,5.0,5.0,4.714285714285714,db03c073-6c0d-4789-ad7c-8c2d7263c377,a1402642-75cf-4196-9db4-b0d5b458a6ae,f75df3f3-ce57-4ad4-a349-b6528762787f
694abd8b-596c-4a45-a50b-5c7305881bbf,7.0,Finished,7.0,1:44.155,1.0,1:42.703,10.0,1:42.198,1.0,1:41.222,7.0,101.322,1.0,1:41.322,101.396,2.0,1:41.396,102.239,7.0,1:42.239,7.0,0.0,109.99758,160.3895,110.3597745649839,-0.3621945649839091,-0.6611153227765346,0.6611153227765346,68.42105263157895,354.0,19.0,4.0,7.0,-3.0,1.6666666666666667,1.6,2.4285714285714284,db03c073-6c0d-4789-ad7c-8c2d7263c377,b34c803f-2e33-48a4-bffb-499598604cf9,28d5702d-754e-48e3-8648-3414fb816016
970ea9eb-5ecd-450e-8552-bbee37673be2,14.0,Finished,20.0,1:45.388,18.0,1:44.438,8.0,1:42.167,17.0,1:42.867,20.0,,,,,,,,,,14.0,6.0,110.62006,105.86607692307692,110.3597745649839,0.260285435016101,0.475100142356761,-0.475100142356761,26.315789473684216,350.0,0.0,7.0,18.0,-11.0,10.0,10.6,11.285714285714286,db03c073-6c0d-4789-ad7c-8c2d7263c377,93895c43-2842-47df-b7de-f86110fd54b7,3c5e6866-d5da-4c64-b255-52d8cc08394b
900cc352-5791-4e4f-b9e0-1c6975e3288e,,,9.0,,2.0,1:43.013,12.0,1:42.295,3.0,1:41.477,9.0,101.839,7.0,1:41.838,101.414,3.0,1:41.414,,,,20.0,-11.0,,,,,,,,,,,,,4.333333333333333,4.6,4.285714285714286,db03c073-6c0d-4789-ad7c-8c2d7263c377,d31df4d0-71a1-40fc-bf79-61af13e1acd7,66d63632-f433-4a72-b96e-9c2d3ea9f236
80660040-1026-412a-9a78-4d74fbee30fe,2.0,Finished,5.0,1:43.754,4.0,1:43.257,3.0,1:41.769,6.0,1:41.963,5.0,101.646,4.0,1:41.646,101.455,4.0,1:41.454,102.07,5.0,1:42.069,2.0,3.0,109.73552,105.34653647058822,110.3597745649839,-0.6242545649839002,-1.1394545863557926,1.1394545863557926,89.47368421052632,350.0,21.0,7.0,3.0,4.0,4.333333333333333,4.2,4.428571428571429,db03c073-6c0d-4789-ad7c-8c2d7263c377,36fa31f7-12df-4f79-8de7-63098bfb8a5b,9fa8a5b1-2cd5-4b03-aa5c-136e61562269
abe48862-8f2e-4390-b799-acc3d869c8c2,3.0,Finished,2.0,1:43.971,8.0,1:43.858,11.0,1:42.254,13.0,1:42.486,2.0,102.635,14.0,1:42.635,101.675,9.0,1:41.674,101.595,2.0,1:41.594,3.0,-1.0,109.9266,105.9054705,110.3597745649839,-0.4331745649839007,-0.7906754270612514,0.7906754270612514,78.94736842105263,328.0,20.5,19.0,5.0,14.0,17.0,12.8,10.571428571428571,db03c073-6c0d-4789-ad7c-8c2d7263c377,258793ad-e101-47d1-8409-93edc1c8bdd5,5329d1c7-092d-448b-8683-771f533b0846
49e5708a-ef69-4e70-9826-21d954e08dcd,17.0,Finished,14.0,1:45.082,17.0,1:44.328,17.0,1:42.771,20.0,1:43.349,14.0,102.101,8.0,1:42.100,103.061,14.0,1:43.061,,,,17.0,-3.0,111.1103,106.65723846153848,110.3597745649839,0.7505254350161152,1.369937357410986,-1.369937357410986,10.526315789473683,346.0,16.5,12.0,9.0,3.0,10.0,11.6,13.0,db03c073-6c0d-4789-ad7c-8c2d7263c377,bbe763bf-f205-4c4a-b485-51cc69248b5a,152926ec-a176-4064-8f15-f33ab14007fe
5eea7b60-9136-4e60-846f-453280693c73,6.0,Finished,6.0,1:44.433,6.0,1:43.737,14.0,1:42.444,16.0,1:42.840,6.0,102.347,12.0,1:42.346,101.788,10.0,1:41.787,102.143,6.0,1:42.143,6.0,0.0,110.05462,105.6855882352941,110.3597745649839,-0.30515456498388,-0.5569999614296075,0.5569999614296075,57.89473684210527,346.0,17.5,12.0,8.0,4.0,14.0,14.6,14.285714285714286,db03c073-6c0d-4789-ad7c-8c2d7263c377,329fcd08-b140-4524-8bbd-d944b5c5dd1b,b0a535d7-2578-48eb-8346-156775b72370
a7c8cff1-261e-4985-8636-ccbf58a53cc4,1.0,Finished,1.0,1:43.388,7.0,1:43.790,6.0,1:41.902,2.0,1:41.444,1.0,101.331,2.0,1:41.331,101.255,1.0,1:41.254,101.117,1.0,1:41.117,1.0,0.0,109.55454,,110.3597745649839,-0.8052345649838912,-1.4697981714987856,1.4697981714987856,94.73684210526316,329.0,22.0,18.0,1.0,17.0,7.0,4.8,3.857142857142857,db03c073-6c0d-4789-ad7c-8c2d7263c377,4e5380ac-3832-409c-a269-05f3091fe4e2,b0a535d7-2578-48eb-8346-156775b72370
c5f0afdd-2b5a-47a4-bf86-2d8ca224c87b,12.0,Finished,15.0,1:37.141,4.0,1:33.927,11.0,1:31.695,15.0,1:33.753,15.0,92.04,15.0,1:32.040,,,,,,,12.0,3.0,101.45794642857145,106.91664634146342,101.4639741883117,-0.0060277597402631,-0.0110001103649771,0.0110001103649771,40.0,338.0,17.333333333333332,5.0,14.0,-9.0,11.666666666666666,13.8,14.285714285714286,05ea6da9-8328-4f0d-af72-db45b55c3b4a,00572d64-eb7e-4295-89f6-63bf98e32dd4,5329d1c7-092d-448b-8683-771f533b0846
2abb3ce2-8b03-453b-bd5d-153f0744beaa,15.0,Finished,13.0,1:37.906,,,15.0,1:31.825,14.0,1:33.548,13.0,91.634,13.0,1:31.634,91.886,13.0,1:31.885,,,,15.0,-2.0,101.678375,105.38226341463417,101.4639741883117,0.2144008116882929,0.3912618771379483,-0.3912618771379483,15.000000000000002,335.0,18.666666666666668,8.0,4.0,4.0,13.0,11.4,10.0,05ea6da9-8328-4f0d-af72-db45b55c3b4a,5d03531f-db77-4857-b87a-f8bcff470727,152926ec-a176-4064-8f15-f33ab14007fe
090c93b0-0b9e-4068-8d94-4b0a2111c301,11.0,Finished,4.0,1:36.689,20.0,1:38.051,5.0,1:31.227,5.0,1:32.915,4.0,91.415,6.0,1:31.415,90.716,5.0,1:30.715,90.213,4.0,1:30.212,11.0,-7.0,101.50157142857142,124.54160714285716,101.4639741883117,0.0375972402597284,0.0686115256905579,-0.0686115256905579,30.000000000000004,341.0,13.25,2.0,19.0,-17.0,9.0,10.5,10.5,05ea6da9-8328-4f0d-af72-db45b55c3b4a,7aae5ebe-ca8b-4929-8455-5398e8298f8c,9fa8a5b1-2cd5-4b03-aa5c-136e61562269
354648cf-3cdb-400d-9400-95696d37e33d,10.0,Finished,20.0,1:37.302,,,9.0,1:31.584,16.0,1:34.334,20.0,92.373,20.0,1:32.373,,,,,,,10.0,10.0,101.43133928571427,97.97462790697674,101.4639741883117,-0.0326349025974082,-0.059555713198698,0.059555713198698,50.0,337.0,18.666666666666668,6.0,4.0,2.0,12.333333333333334,11.2,11.0,05ea6da9-8328-4f0d-af72-db45b55c3b4a,d8ecbab8-5e75-4e30-a814-ab881049ebe8,3c5e6866-d5da-4c64-b255-52d8cc08394b
33c8c008-9e87-408d-ae09-87652a999f5e,18.0,Finished,18.0,1:38.006,11.0,1:34.628,13.0,1:31.772,18.0,1:34.518,18.0,92.186,18.0,1:32.186,,,,,,,18.0,0.0,101.73214285714286,119.3286590909091,101.4639741883117,0.2681686688311657,0.4893833000455751,-0.4893833000455751,5.000000000000004,339.0,17.666666666666668,3.0,12.0,-9.0,11.666666666666666,11.5,11.5,05ea6da9-8328-4f0d-af72-db45b55c3b4a,0b21b2b3-8d74-445c-acc7-e2dac1e323dd,d4c5726f-839a-49c0-97db-88b3fc09b451
6a3d3c02-bcfa-48d3-b19d-4b7e92b5bab7,14.0,Finished,11.0,1:36.682,7.0,1:34.396,14.0,1:31.787,12.0,1:33.346,11.0,91.414,5.0,1:31.414,91.245,11.0,1:31.245,,,,14.0,-3.0,101.55480357142856,109.59226736111113,101.4639741883117,0.0908293831168691,0.1657553190108963,-0.1657553190108963,25.0,328.0,18.0,15.0,10.0,5.0,17.0,17.0,17.0,05ea6da9-8328-4f0d-af72-db45b55c3b4a,17f18f6c-4cb4-4c5b-9c21-700b77a6ca49,74ba499d-84cf-49bd-9012-fde4bc87ff1b
d394c2f3-e15e-4e3f-b329-e6873d08b428,7.0,Finished,5.0,1:36.531,2.0,1:33.441,17.0,1:31.947,6.0,1:32.974,5.0,91.462,8.0,1:31.462,90.643,3.0,1:30.643,90.216,5.0,1:30.215,7.0,-2.0,101.31048214285714,100.7520075987842,101.4639741883117,-0.1534920454545556,-0.2801089480836698,0.2801089480836698,65.0,332.0,19.0,12.0,2.0,10.0,14.0,14.0,15.285714285714286,05ea6da9-8328-4f0d-af72-db45b55c3b4a,9218ccac-0d8c-4836-9f4b-082a2c542f68,74ba499d-84cf-49bd-9012-fde4bc87ff1b
b5056543-6995-4896-8d27-6ed4db8de69b,13.0,Finished,12.0,1:36.951,12.0,1:34.667,6.0,1:31.237,7.0,1:33.022,12.0,91.591,11.0,1:31.590,91.271,12.0,1:31.271,,,,13.0,-1.0,101.5649285714286,103.71778403361344,101.4639741883117,0.1009543831168997,0.1842325182100913,-0.1842325182100913,19.999999999999996,335.0,17.666666666666668,8.0,12.0,-4.0,14.0,14.75,14.75,05ea6da9-8328-4f0d-af72-db45b55c3b4a,5933eb18-734c-4a98-806c-dd676c9ae731,871d7bb6-5c31-4735-8150-fb52d48e1cde
75ee5457-32e4-45a4-9d72-9279cbe83f68,5.0,Finished,9.0,1:36.234,3.0,1:33.799,8.0,1:31.575,10.0,1:33.111,9.0,91.219,2.0,1:31.218,91.009,8.0,1:31.009,90.772,9.0,1:30.772,5.0,4.0,101.12250000000002,100.2858627232143,101.4639741883117,-0.3414741883116789,-0.6231591702517799,0.6231591702517799,75.0,337.0,16.666666666666668,6.0,18.0,-12.0,7.333333333333333,6.6,6.857142857142857,05ea6da9-8328-4f0d-af72-db45b55c3b4a,d71626b8-a508-4371-a966-503f36ebb8d0,f75df3f3-ce57-4ad4-a349-b6528762787f
c3fb2703-a5a6-4c0e-8c54-f7e0e280f497,20.0,Disqualified,16.0,1:37.337,6.0,1:34.262,20.0,1:32.495,19.0,1:34.635,16.0,92.067,16.0,1:32.066,,,,,,,20.0,-4.0,101.48973214285716,104.970375,101.4639741883117,0.0257579545454689,0.0470059118122472,-0.0470059118122472,35.0,342.0,17.0,1.0,17.0,-16.0,10.666666666666666,10.4,10.142857142857142,05ea6da9-8328-4f0d-af72-db45b55c3b4a,d54daa60-c444-4ecb-a83e-c157cdf43e67,d4c5726f-839a-49c0-97db-88b3fc09b451
bf94b857-883b-4858-b2ae-96adb6543d03,16.0,Finished,17.0,1:37.379,8.0,1:34.397,12.0,1:31.706,13.0,1:33.370,17.0,92.165,17.0,1:32.165,,,,,,,16.0,1.0,101.43576785714286,104.01625595238094,101.4639741883117,-0.0282063311688318,-0.0514739752773724,0.0514739752773724,44.99999999999999,339.0,18.0,3.0,10.0,-7.0,8.666666666666666,12.0,13.285714285714286,05ea6da9-8328-4f0d-af72-db45b55c3b4a,4d8edae8-dd9a-4376-a1f0-91e4dcaaee1a,871d7bb6-5c31-4735-8150-fb52d48e1cde
50082511-16ea-4bce-bec3-b5b8824cc791,4.0,Finished,3.0,1:36.132,,,4.0,1:31.045,3.0,1:32.480,3.0,91.454,7.0,1:31.453,90.724,6.0,1:30.724,90.175,3.0,1:30.174,4.0,-1.0,101.03182142857142,97.43382638888887,101.4639741883117,-0.4321527597402763,-0.7886392717213669,0.7886392717213669,80.0,328.0,17.333333333333332,15.0,14.0,1.0,6.666666666666667,5.8,5.285714285714286,05ea6da9-8328-4f0d-af72-db45b55c3b4a,a1402642-75cf-4196-9db4-b0d5b458a6ae,f75df3f3-ce57-4ad4-a349-b6528762787f
cd4a49dd-6d4c-4f75-a3e1-67ef1e1d29b5,3.0,Finished,6.0,1:35.727,1.0,1:33.203,2.0,1:30.659,2.0,1:32.313,6.0,91.107,1.0,1:31.106,90.56,2.0,1:30.560,90.267,6.0,1:30.266,3.0,3.0,100.98721428571427,103.27400000000002,101.4639741883117,-0.476759902597422,-0.8700432286868921,0.8700432286868921,90.0,331.0,18.666666666666668,13.0,4.0,9.0,3.0,2.8,3.2857142857142856,05ea6da9-8328-4f0d-af72-db45b55c3b4a,b34c803f-2e33-48a4-bffb-499598604cf9,28d5702d-754e-48e3-8648-3414fb816016
7d5a8aae-80fb-4d47-b615-92f382272977,8.0,Finished,14.0,1:37.097,5.0,1:34.183,16.0,1:31.870,11.0,1:33.239,14.0,91.594,12.0,1:31.593,,,,,,,8.0,6.0,101.38433928571428,102.78545102040816,101.4639741883117,-0.0796349025974194,-0.1453264156539821,0.1453264156539821,60.0,328.0,17.333333333333332,15.0,14.0,1.0,12.333333333333334,10.8,11.428571428571429,05ea6da9-8328-4f0d-af72-db45b55c3b4a,93895c43-2842-47df-b7de-f86110fd54b7,3c5e6866-d5da-4c64-b255-52d8cc08394b
41cac2d9-e195-4d7b-8048-334e6d1a4cb2,1.0,Finished,1.0,1:35.140,10.0,1:34.507,1.0,1:30.504,1.0,1:31.646,1.0,91.392,4.0,1:31.391,90.454,1.0,1:30.453,89.841,1.0,1:29.840,1.0,0.0,100.72753571428572,104.884,101.4639741883117,-0.7364384740259737,-1.343932877282769,1.343932877282769,95.0,303.0,19.333333333333332,20.0,1.0,19.0,10.333333333333334,8.0,6.714285714285714,05ea6da9-8328-4f0d-af72-db45b55c3b4a,d31df4d0-71a1-40fc-bf79-61af13e1acd7,28d5702d-754e-48e3-8648-3414fb816016
734992a4-49b6-42f8-b9a2-1416446d5a10,2.0,Finished,2.0,1:35.518,,,3.0,1:31.031,4.0,1:32.826,2.0,91.494,9.0,1:31.493,90.664,4.0,1:30.664,90.009,2.0,1:30.009,2.0,0.0,100.98842857142856,98.2696193877551,101.4639741883117,-0.4755456168831244,-0.8678272682890901,0.8678272682890901,85.0,321.0,19.0,19.0,2.0,17.0,3.3333333333333335,3.8,4.142857142857143,05ea6da9-8328-4f0d-af72-db45b55c3b4a,36fa31f7-12df-4f79-8de7-63098bfb8a5b,9fa8a5b1-2cd5-4b03-aa5c-136e61562269
8e50e808-1d6d-4363-a66b-9160e3fd20d9,19.0,Retired,8.0,1:36.953,,,10.0,1:31.623,9.0,1:33.091,8.0,91.591,10.0,1:31.590,90.844,7.0,1:30.843,90.68,8.0,1:30.680,19.0,-11.0,103.49484090909093,104.2447840909091,101.4639741883117,2.0308667207792155,3.7061460688138497,-3.7061460688138497,0.0,328.0,11.5,15.0,20.0,-5.0,13.666666666666666,12.0,10.571428571428571,05ea6da9-8328-4f0d-af72-db45b55c3b4a,258793ad-e101-47d1-8409-93edc1c8bdd5,5329d1c7-092d-448b-8683-771f533b0846
19c1a356-0300-423d-9a97-45f924f1ce28,17.0,Finished,19.0,1:38.063,15.0,1:35.115,19.0,1:32.382,17.0,1:34.362,19.0,92.283,19.0,1:32.283,,,,,,,17.0,2.0,101.71582142857145,100.4225061728395,101.4639741883117,0.2518472402597353,0.459598185287171,-0.459598185287171,9.999999999999998,335.0,18.666666666666668,8.0,4.0,4.0,12.333333333333334,12.2,13.428571428571429,05ea6da9-8328-4f0d-af72-db45b55c3b4a,bbe763bf-f205-4c4a-b485-51cc69248b5a,152926ec-a176-4064-8f15-f33ab14007fe
6c402a26-e931-43b2-8b69-d0b484556cb2,9.0,Finished,10.0,1:37.224,9.0,1:34.483,18.0,1:32.024,20.0,1:34.965,10.0,91.751,14.0,1:31.751,91.228,10.0,1:31.227,91.303,10.0,1:31.302,9.0,1.0,101.42073214285712,97.80563043478264,101.4639741883117,-0.0432420454545621,-0.0789127790263878,0.0789127790263878,55.00000000000001,330.0,18.666666666666668,14.0,4.0,10.0,11.333333333333334,13.4,13.428571428571429,05ea6da9-8328-4f0d-af72-db45b55c3b4a,329fcd08-b140-4524-8bbd-d944b5c5dd1b,b0a535d7-2578-48eb-8346-156775b72370
3504a2d4-2d74-458f-bdcb-8db422bef2d7,6.0,Finished,7.0,1:36.167,,,7.0,1:31.329,8.0,1:33.027,7.0,91.303,3.0,1:31.302,91.019,9.0,1:31.019,90.423,7.0,1:30.423,6.0,1.0,101.24916071428572,97.90905,101.4639741883117,-0.2148134740259877,-0.3920149481715847,0.3920149481715847,70.0,335.0,18.666666666666668,8.0,4.0,4.0,7.0,4.6,3.7142857142857144,05ea6da9-8328-4f0d-af72-db45b55c3b4a,4e5380ac-3832-409c-a269-05f3091fe4e2,b0a535d7-2578-48eb-8346-156775b72370
5b290795-3499-4c92-91cf-cee3ec3d4006,6.0,Finished,,,,,,,,,,,,,,,,,,,,,115.61002325581394,107.05626666666667,115.88290636766337,-0.2728831118494099,-0.4152961406569025,0.4152961406569025,65.0,328.0,23.5,16.0,4.0,12.0,,,,df0ac51c-ba87-4f01-94da-0ff5e4c31e22,00572d64-eb7e-4295-89f6-63bf98e32dd4,5329d1c7-092d-448b-8683-771f533b0846
f6516bbb-c613-4e07-be43-c717e8a759ea,17.0,Finished,,,,,,,,,,,,,,,,,,,,,116.0894418604651,131.69623255813954,115.88290636766337,0.2065354928017484,0.3143228340073001,-0.3143228340073001,40.0,343.0,18.0,8.0,15.0,-7.0,,,,df0ac51c-ba87-4f01-94da-0ff5e4c31e22,5d03531f-db77-4857-b87a-f8bcff470727,152926ec-a176-4064-8f15-f33ab14007fe
c3aba980-b447-4b55-84b7-18834fd203d0,16.0,Finished,,,,,,,,,,,,,,,,,,,,,116.11448837209304,120.56533333333334,115.88290636766337,0.2315820044296828,0.3524406916698863,-0.3524406916698863,35.0,356.0,13.0,1.0,20.0,-19.0,,,,df0ac51c-ba87-4f01-94da-0ff5e4c31e22,7aae5ebe-ca8b-4929-8455-5398e8298f8c,9fa8a5b1-2cd5-4b03-aa5c-136e61562269
fc1cc129-87ae-450d-b1f2-1d8e67a79685,11.0,Finished,,,,,,,,,,,,,,,,,,,,,116.13427906976744,122.741,115.88290636766337,0.2513727021040779,0.3825598159695955,-0.3825598159695955,25.0,346.0,20.5,5.0,10.0,-5.0,,,,df0ac51c-ba87-4f01-94da-0ff5e4c31e22,d8ecbab8-5e75-4e30-a814-ab881049ebe8,3c5e6866-d5da-4c64-b255-52d8cc08394b
1e9231a4-2bdd-4afb-b95a-7d76b86b2812,9.0,Finished,,,,,,,,,,,,,,,,,,,,,115.80286046511628,107.12420000000002,115.88290636766337,-0.0800459025470701,-0.1218204900182379,0.1218204900182379,55.00000000000001,336.0,18.0,13.0,15.0,-2.0,,,,df0ac51c-ba87-4f01-94da-0ff5e4c31e22,0b21b2b3-8d74-445c-acc7-e2dac1e323dd,d4c5726f-839a-49c0-97db-88b3fc09b451
f6310a40-61ea-4214-983b-b0fd4a7112b5,19.0,Finished,,,,,,,,,,,,,,,,,,,,,116.52118604651164,114.91344444444444,115.88290636766337,0.6382796788482779,0.9713869263983556,-0.9713869263983556,5.000000000000004,348.0,19.0,3.0,13.0,-10.0,,,,df0ac51c-ba87-4f01-94da-0ff5e4c31e22,217ff409-a898-4f8b-9323-7763902509c9,74ba499d-84cf-49bd-9012-fde4bc87ff1b
78e7bfb7-1388-4450-8914-218f00c83710,10.0,Finished,,,,,,,,,,,,,,,,,,,,,116.0666976744186,113.8190581395349,115.88290636766337,0.1837913067552392,0.2797088462691716,-0.2797088462691716,44.99999999999999,347.0,19.5,4.0,12.0,-8.0,,,,df0ac51c-ba87-4f01-94da-0ff5e4c31e22,9218ccac-0d8c-4836-9f4b-082a2c542f68,74ba499d-84cf-49bd-9012-fde4bc87ff1b
f4f246a4-729b-47e8-a519-4aca80ef03a0,20.0,Lapped,,,,,,,,,,,,,,,,,,,,,117.5874761904762,128.0839047619048,115.88290636766337,1.704569822812843,2.5941556591638695,-2.5941556591638695,0.0,334.0,23.0,14.0,5.0,9.0,,,,df0ac51c-ba87-4f01-94da-0ff5e4c31e22,5933eb18-734c-4a98-806c-dd676c9ae731,871d7bb6-5c31-4735-8150-fb52d48e1cde
e6d70c49-cb31-49b9-9042-b92e9144e836,7.0,Finished,,,,,,,,,,,,,,,,,,,,,115.10623255813954,121.632,115.88290636766337,-0.7766738095238139,-1.18200658684416,1.18200658684416,85.0,345.0,13.5,6.0,19.0,-13.0,,,,df0ac51c-ba87-4f01-94da-0ff5e4c31e22,d71626b8-a508-4371-a966-503f36ebb8d0,f75df3f3-ce57-4ad4-a349-b6528762787f
8823213b-4afb-46ac-9812-45c1f624239e,12.0,Finished,,,,,,,,,,,,,,,,,,,,,116.04048837209304,107.53999999999998,115.88290636766337,0.1575820044296847,0.2398213573317124,-0.2398213573317124,50.0,344.0,21.5,7.0,9.0,-2.0,,,,df0ac51c-ba87-4f01-94da-0ff5e4c31e22,d54daa60-c444-4ecb-a83e-c157cdf43e67,d4c5726f-839a-49c0-97db-88b3fc09b451
6a485c60-1a13-4f9e-986e-667e9a1afc95,8.0,Finished,,,,,,,,,,,,,,,,,,,,,115.7270930232558,107.56245161290322,115.88290636766337,-0.155813344407548,-0.2371296638943667,0.2371296638943667,60.0,326.0,26.0,17.0,1.0,16.0,,,,df0ac51c-ba87-4f01-94da-0ff5e4c31e22,4d8edae8-dd9a-4376-a1f0-91e4dcaaee1a,871d7bb6-5c31-4735-8150-fb52d48e1cde
cbf0085e-5f3a-4c65-8463-98e47e7d016f,3.0,Finished,,,,,,,,,,,,,,,,,,,,,115.21697674418604,111.14641425356336,115.88290636766337,-0.6659296234773109,-1.013466904217398,1.013466904217398,75.0,333.0,23.0,15.0,5.0,10.0,,,,df0ac51c-ba87-4f01-94da-0ff5e4c31e22,a1402642-75cf-4196-9db4-b0d5b458a6ae,f75df3f3-ce57-4ad4-a349-b6528762787f
ad182a2d-5100-494a-a035-4d4d330f6d77,2.0,Finished,,,,,,,,,,,,,,,,,,,,,114.9162093023256,107.20448387096774,115.88290636766337,-0.9666970653377548,-1.4711997297973909,1.4711997297973909,90.0,326.0,22.5,17.0,7.0,10.0,,,,df0ac51c-ba87-4f01-94da-0ff5e4c31e22,b34c803f-2e33-48a4-bffb-499598604cf9,28d5702d-754e-48e3-8648-3414fb816016
30a91e0c-e828-4057-8fb6-3a0a6c07280a,15.0,Finished,,,,,,,,,,,,,,,,,,,,,116.44527906976744,113.74896201550388,115.88290636766337,0.562372702104085,0.8558653967692411,-0.8558653967692411,9.999999999999998,343.0,20.0,8.0,11.0,-3.0,,,,df0ac51c-ba87-4f01-94da-0ff5e4c31e22,93895c43-2842-47df-b7de-f86110fd54b7,3c5e6866-d5da-4c64-b255-52d8cc08394b
447b04f9-1d23-441b-b04f-dd202e88686b,1.0,Finished,,,,,,,,,,,,,,,,,,,,,114.81495348837208,130.324,115.88290636766337,-1.0679528792912691,-1.6252992212205677,1.6252992212205677,95.0,326.0,24.0,17.0,2.0,15.0,,,,df0ac51c-ba87-4f01-94da-0ff5e4c31e22,d31df4d0-71a1-40fc-bf79-61af13e1acd7,28d5702d-754e-48e3-8648-3414fb816016
b911cab0-fb3a-43b3-b21e-77bb84dd7005,5.0,Finished,,,,,,,,,,,,,,,,,,,,,115.43620930232557,112.0540401691332,115.88290636766337,-0.4466970653377871,-0.679820623637279,0.679820623637279,70.0,339.0,24.0,12.0,2.0,10.0,,,,df0ac51c-ba87-4f01-94da-0ff5e4c31e22,36fa31f7-12df-4f79-8de7-63098bfb8a5b,9fa8a5b1-2cd5-4b03-aa5c-136e61562269
90636456-1768-41f7-9eaa-71b3d9ce50f8,18.0,Finished,,,,,,,,,,,,,,,,,,,,,116.35597674418604,107.72794444444445,115.88290636766337,0.4730703765226849,0.7199577148526409,-0.7199577148526409,15.000000000000002,343.0,17.0,8.0,18.0,-10.0,,,,df0ac51c-ba87-4f01-94da-0ff5e4c31e22,258793ad-e101-47d1-8409-93edc1c8bdd5,5329d1c7-092d-448b-8683-771f533b0846
0e4037aa-52c5-4ae7-b2c4-2573c4f1ec9d,14.0,Finished,,,,,,,,,,,,,,,,,,,,,116.12362790697674,107.69857142857144,115.88290636766337,0.2407215393133839,0.3663499934910074,-0.3663499934910074,30.000000000000004,349.0,17.5,2.0,17.0,-15.0,,,,df0ac51c-ba87-4f01-94da-0ff5e4c31e22,bbe763bf-f205-4c4a-b485-51cc69248b5a,152926ec-a176-4064-8f15-f33ab14007fe
d1ab3735-371a-4639-96a4-e5a98eaff1f3,13.0,Finished,,,,,,,,,,,,,,,,,,,,,116.33302325581396,118.3362093023256,115.88290636766337,0.4501168881506174,0.6850251934850556,-0.6850251934850556,19.999999999999996,341.0,19.0,11.0,13.0,-2.0,,,,df0ac51c-ba87-4f01-94da-0ff5e4c31e22,329fcd08-b140-4524-8bbd-d944b5c5dd1b,b0a535d7-2578-48eb-8346-156775b72370
c767b03b-fed8-4a05-a5fc-29677cef32a3,4.0,Finished,,,,,,,,,,,,,,,,,,,,,115.2156046511628,,115.88290636766337,-0.6673017165005461,-1.0155550691218145,1.0155550691218145,80.0,325.0,22.0,20.0,8.0,12.0,,,,df0ac51c-ba87-4f01-94da-0ff5e4c31e22,4e5380ac-3832-409c-a269-05f3091fe4e2,b0a535d7-2578-48eb-8346-156775b72370
4f08ab20-0049-4881-99b2-337cc160a5cc,8.0,Finished,14.0,1:30.046,7.0,1:27.304,11.0,1:26.840,7.0,1:26.118,14.0,86.093,4.0,1:26.093,85.889,14.0,1:25.888,,,,8.0,6.0,113.4841176470588,127.88824999999996,116.42292729847492,-2.938809651416136,-0.404714420878785,0.404714420878785,44.44444444444444,334.0,17.666666666666668,5.0,4.0,1.0,14.0,12.6,14.428571428571429,2f6471c6-f0a0-4623-b920-0b095c6b4367,00572d64-eb7e-4295-89f6-63bf98e32dd4,5329d1c7-092d-448b-8683-771f533b0846
889d5961-f046-4034-8e3b-248da0ebd704,9.0,Finished,9.0,1:30.352,11.0,1:27.677,12.0,1:26.876,17.0,1:26.894,9.0,86.108,5.0,1:26.108,85.593,7.0,1:25.593,85.621,9.0,1:25.620,9.0,0.0,113.55147058823532,98.11990909090908,116.42292729847492,-2.871456710239613,-0.395438996534917,0.395438996534917,33.333333333333336,336.0,17.0,2.0,5.0,-3.0,12.333333333333334,12.0,11.428571428571429,2f6471c6-f0a0-4623-b920-0b095c6b4367,5d03531f-db77-4857-b87a-f8bcff470727,152926ec-a176-4064-8f15-f33ab14007fe
b794f394-6590-40db-b401-64f9ba668e22,16.0,Retired,7.0,1:39.335,9.0,1:27.367,6.0,1:26.382,14.0,1:26.421,7.0,86.265,12.0,1:26.265,85.62,8.0,1:25.620,85.374,7.0,1:25.373,16.0,-9.0,131.2505,115.74375,116.42292729847492,14.827572701525057,2.041960252867722,-2.041960252867722,5.555555555555558,312.0,16.0,17.0,8.0,9.0,11.333333333333334,10.6,10.6,2f6471c6-f0a0-4623-b920-0b095c6b4367,7aae5ebe-ca8b-4929-8455-5398e8298f8c,9fa8a5b1-2cd5-4b03-aa5c-136e61562269
0936521b-fa03-44c5-9f70-83ecbf1cf66a,11.0,Finished,8.0,1:30.921,18.0,1:28.147,19.0,1:27.225,6.0,1:26.111,8.0,86.005,3.0,1:26.004,85.534,6.0,1:25.534,85.471,8.0,1:25.471,11.0,-3.0,113.16643137254898,111.38179166666669,116.42292729847492,-3.2564959259259467,-0.4484641807679364,0.4484641807679364,72.22222222222221,346.0,12.0,1.0,17.0,-16.0,11.0,11.8,10.857142857142858,2f6471c6-f0a0-4623-b920-0b095c6b4367,d8ecbab8-5e75-4e30-a814-ab881049ebe8,3c5e6866-d5da-4c64-b255-52d8cc08394b
a0b49c1d-7812-4d98-8ca2-952fabef5a96,18.0,Retired,17.0,2:15.201,20.0,1:28.397,13.0,1:26.903,16.0,1:26.501,17.0,86.446,17.0,1:26.445,,,,,,,18.0,-1.0,136.9505,,116.42292729847492,20.527572701525074,2.8269284789988225,-2.8269284789988225,0.0,267.0,63.0,18.0,1.0,17.0,12.333333333333334,12.8,12.8,2f6471c6-f0a0-4623-b920-0b095c6b4367,0b21b2b3-8d74-445c-acc7-e2dac1e323dd,d4c5726f-839a-49c0-97db-88b3fc09b451
ad563127-6fef-48f4-a482-0c49f7b76c85,,,20.0,,16.0,1:28.085,20.0,1:27.289,18.0,1:27.596,20.0,87.06,20.0,1:27.060,,,,,,,20.0,0.0,,,,,,,,,,,,,18.0,15.2,14.571428571428571,2f6471c6-f0a0-4623-b920-0b095c6b4367,217ff409-a898-4f8b-9323-7763902509c9,66d63632-f433-4a72-b96e-9c2d3ea9f236
842d8cd4-98ee-4fec-8e2a-6f9917308088,6.0,Finished,10.0,1:30.751,19.0,1:28.331,18.0,1:27.174,20.0,1:27.878,10.0,86.328,15.0,1:26.328,85.711,10.0,1:25.710,85.785,10.0,1:25.784,6.0,4.0,113.46145098039214,115.13642156862744,116.42292729847492,-2.961476318082788,-0.4078359319534563,0.4078359319534563,55.55555555555556,335.0,15.333333333333334,3.0,13.0,-10.0,12.666666666666666,13.6,13.428571428571429,2f6471c6-f0a0-4623-b920-0b095c6b4367,9218ccac-0d8c-4836-9f4b-082a2c542f68,74ba499d-84cf-49bd-9012-fde4bc87ff1b
b79c7339-2428-4c3c-a7d2-d09d5fde3e28,17.0,Retired,13.0,1:41.704,6.0,1:27.216,9.0,1:26.524,9.0,1:26.129,13.0,86.177,9.0,1:26.177,85.864,13.0,1:25.864,,,,17.0,-4.0,126.8885,113.87971875,116.42292729847492,10.465572701525062,1.4412529892916088,-1.4412529892916088,11.111111111111116,316.0,27.0,16.0,2.0,14.0,11.666666666666666,14.4,14.4,2f6471c6-f0a0-4623-b920-0b095c6b4367,5933eb18-734c-4a98-806c-dd676c9ae731,871d7bb6-5c31-4735-8150-fb52d48e1cde
673e9cbe-33c6-48bd-97f8-188d0e2a710b,4.0,Finished,5.0,1:30.016,1.0,1:26.891,3.0,1:26.117,11.0,1:26.331,5.0,86.296,14.0,1:26.296,85.084,1.0,1:25.084,85.095,5.0,1:25.094,4.0,1.0,113.07294117647056,103.46748823529413,116.42292729847492,-3.349986122004367,-0.4613390638164147,0.4613390638164147,77.77777777777779,325.0,13.666666666666666,9.0,15.0,-6.0,5.666666666666667,7.0,6.285714285714286,2f6471c6-f0a0-4623-b920-0b095c6b4367,d71626b8-a508-4371-a966-503f36ebb8d0,f75df3f3-ce57-4ad4-a349-b6528762787f
07b29dde-2a64-453e-b5fd-d67e805c3718,3.0,Finished,19.0,1:30.933,,,17.0,1:27.165,15.0,1:26.498,19.0,86.574,19.0,1:26.573,,,,,,,3.0,16.0,112.88321568627453,101.38137209302324,116.42292729847492,-3.5397116122004206,-0.4874668675867742,0.4874668675867742,83.33333333333334,325.0,16.0,9.0,8.0,1.0,15.0,12.2,11.571428571428571,2f6471c6-f0a0-4623-b920-0b095c6b4367,d54daa60-c444-4ecb-a83e-c157cdf43e67,d4c5726f-839a-49c0-97db-88b3fc09b451
b1b12f75-dd72-4cd3-9faa-7afe676a4bab,,,16.0,,8.0,1:27.350,10.0,1:26.623,10.0,1:26.256,16.0,86.44,16.0,1:26.439,,,,,,,19.0,-3.0,,,,,,,,,,,,,9.0,12.0,13.142857142857142,2f6471c6-f0a0-4623-b920-0b095c6b4367,4d8edae8-dd9a-4376-a1f0-91e4dcaaee1a,66d63632-f433-4a72-b96e-9c2d3ea9f236
44a516b6-8eb7-49ab-849a-6d867a3b98f0,14.0,Finished,6.0,1:30.819,4.0,1:27.094,2.0,1:26.037,1.0,1:25.498,6.0,86.186,10.0,1:26.186,85.133,2.0,1:25.132,85.121,6.0,1:25.120,14.0,-8.0,113.4947843137255,105.3260862745098,116.42292729847492,-2.928142984749428,-0.4032454744906977,0.4032454744906977,38.888888888888886,332.0,17.0,6.0,5.0,1.0,5.333333333333333,5.6,5.428571428571429,2f6471c6-f0a0-4623-b920-0b095c6b4367,a1402642-75cf-4196-9db4-b0d5b458a6ae,f75df3f3-ce57-4ad4-a349-b6528762787f
3e94c999-d1b7-4e42-b265-deeea9920956,1.0,Finished,3.0,1:29.733,2.0,1:26.915,1.0,1:25.816,4.0,1:25.605,3.0,86.123,6.0,1:26.123,85.231,3.0,1:25.230,85.01,3.0,1:25.010,1.0,2.0,112.30468627450982,109.5355968992248,116.42292729847492,-4.118241023965112,-0.5671383072565281,0.5671383072565281,94.44444444444444,319.0,15.333333333333334,14.0,13.0,1.0,3.6666666666666665,3.0,2.5714285714285716,2f6471c6-f0a0-4623-b920-0b095c6b4367,b34c803f-2e33-48a4-bffb-499598604cf9,28d5702d-754e-48e3-8648-3414fb816016
0f6453fe-e81a-4571-910f-79bcaa85b2c7,13.0,Finished,15.0,1:30.817,15.0,1:28.057,14.0,1:26.941,13.0,1:26.376,15.0,86.136,7.0,1:26.135,85.95,15.0,1:25.950,,,,13.0,2.0,113.69392156862745,133.99317647058822,116.42292729847492,-2.7290057298474864,-0.3758215415543831,0.3758215415543831,27.77777777777778,335.0,13.0,3.0,16.0,-13.0,10.666666666666666,10.4,10.714285714285714,2f6471c6-f0a0-4623-b920-0b095c6b4367,93895c43-2842-47df-b7de-f86110fd54b7,3c5e6866-d5da-4c64-b255-52d8cc08394b
a54de994-2286-4d6b-93c5-aa6387ad42e4,2.0,Finished,2.0,1:29.337,3.0,1:27.042,4.0,1:26.286,2.0,1:25.566,2.0,85.963,2.0,1:25.962,85.316,5.0,1:25.316,84.995,2.0,1:24.995,2.0,0.0,112.47045098039216,95.46411111111112,116.42292729847492,-3.9524763180827738,-0.5443102323211593,0.5443102323211593,88.88888888888889,319.0,15.666666666666666,14.0,10.0,4.0,7.666666666666667,6.8,6.285714285714286,2f6471c6-f0a0-4623-b920-0b095c6b4367,d31df4d0-71a1-40fc-bf79-61af13e1acd7,28d5702d-754e-48e3-8648-3414fb816016
3c2402a9-9af5-445f-8e4e-f73105fecccd,10.0,Finished,4.0,1:30.868,5.0,1:27.162,8.0,1:26.522,8.0,1:26.125,4.0,86.236,11.0,1:26.236,85.637,9.0,1:25.637,85.029,4.0,1:25.028,10.0,-6.0,113.25180392156862,117.7952769607843,116.42292729847492,-3.1711233769063085,-0.4367072091250881,0.4367072091250881,66.66666666666667,332.0,18.0,6.0,3.0,3.0,3.0,3.4,3.5714285714285716,2f6471c6-f0a0-4623-b920-0b095c6b4367,36fa31f7-12df-4f79-8de7-63098bfb8a5b,9fa8a5b1-2cd5-4b03-aa5c-136e61562269
ac4a5b6d-2d91-4d3c-b9d5-9c100414ee93,12.0,Finished,11.0,1:30.644,13.0,1:27.909,16.0,1:27.159,12.0,1:26.331,11.0,86.175,8.0,1:26.174,85.746,11.0,1:25.745,,,,12.0,-1.0,113.7465294117647,101.19561358885022,116.42292729847492,-2.676397886710234,-0.3685767195705178,0.3685767195705178,22.22222222222222,325.0,16.666666666666668,9.0,7.0,2.0,14.0,14.6,12.285714285714286,2f6471c6-f0a0-4623-b920-0b095c6b4367,258793ad-e101-47d1-8409-93edc1c8bdd5,5329d1c7-092d-448b-8683-771f533b0846
10fe9488-8e7e-4200-b9ed-5e1dd1826323,7.0,Finished,18.0,1:32.087,12.0,1:27.843,7.0,1:26.430,19.0,1:27.599,18.0,86.504,18.0,1:26.504,,,,,,,7.0,11.0,113.37499999999996,107.91670531400965,116.42292729847492,-3.047927298474974,-0.4197414183965701,0.4197414183965701,61.111111111111114,321.0,10.75,13.0,18.0,-5.0,16.0,12.8,13.142857142857142,2f6471c6-f0a0-4623-b920-0b095c6b4367,bbe763bf-f205-4c4a-b485-51cc69248b5a,152926ec-a176-4064-8f15-f33ab14007fe
ab7369d4-d94f-4c39-b66b-24929135b57c,15.0,Lapped,12.0,1:30.873,,,15.0,1:26.980,5.0,1:26.103,12.0,86.275,13.0,1:26.275,85.826,12.0,1:25.825,,,,15.0,-3.0,115.10175999999996,105.79587764705884,116.42292729847492,-1.3211672984749754,-0.1819428685449677,0.1819428685449677,16.666666666666664,323.0,15.666666666666666,12.0,10.0,2.0,10.333333333333334,11.4,12.571428571428571,2f6471c6-f0a0-4623-b920-0b095c6b4367,329fcd08-b140-4524-8bbd-d944b5c5dd1b,b0a535d7-2578-48eb-8346-156775b72370
4aa0d16e-9cf1-4a2a-95c4-2573e1b02c75,5.0,Finished,1.0,1:30.179,10.0,1:27.432,5.0,1:26.313,3.0,1:25.584,1.0,85.886,1.0,1:25.885,85.316,4.0,1:25.316,84.892,1.0,1:24.891,5.0,-4.0,113.4646274509804,108.26033529411764,116.42292729847492,-2.958299847494544,-0.4073984883599456,0.4073984883599456,50.0,332.0,15.666666666666666,6.0,10.0,-4.0,8.333333333333334,5.6,4.428571428571429,2f6471c6-f0a0-4623-b920-0b095c6b4367,4e5380ac-3832-409c-a269-05f3091fe4e2,b0a535d7-2578-48eb-8346-156775b72370
35fa7b1a-e47a-4abf-b631-258fcc1f240c,20.0,Retired,10.0,1:16.197,2.0,1:13.231,4.0,1:12.444,10.0,1:12.572,10.0,72.09,8.0,1:12.090,71.892,8.0,1:11.891,71.907,10.0,1:11.906,20.0,-10.0,78.08082222222221,79.55286666666666,79.03864943100095,-0.9578272087787384,-1.0396241650307905,1.0396241650307905,90.0,340.0,25.5,7.0,15.0,-8.0,11.0,11.0,12.714285714285714,41a7cb94-6eb4-4185-8a24-4ee7c56518c0,00572d64-eb7e-4295-89f6-63bf98e32dd4,5329d1c7-092d-448b-8683-771f533b0846
dbfddb80-5a4e-47d6-b106-34d1a8a5e72e,7.0,Finished,6.0,1:15.024,12.0,1:13.971,5.0,1:12.457,6.0,1:12.246,6.0,72.073,6.0,1:12.072,71.805,6.0,1:11.805,71.586,6.0,1:11.585,7.0,-1.0,78.81636231884059,78.72228502415459,79.03864943100095,-0.2222871121603589,-0.2412700863566746,0.2412700863566746,55.00000000000001,334.0,37.285714285714285,17.0,3.0,14.0,13.0,12.6,11.571428571428571,41a7cb94-6eb4-4185-8a24-4ee7c56518c0,5d03531f-db77-4857-b87a-f8bcff470727,152926ec-a176-4064-8f15-f33ab14007fe
ff181a80-2fd7-4f4d-8f7e-6ca8b9e4061a,3.0,Finished,4.0,1:14.454,13.0,1:14.001,3.0,1:12.411,7.0,1:12.347,4.0,72.279,11.0,1:12.278,71.974,9.0,1:11.974,71.391,4.0,1:11.391,3.0,1.0,78.70120289855072,83.66433572567782,79.03864943100095,-0.3374465324502296,-0.3662639423121104,0.3662639423121104,70.0,335.0,33.166666666666664,16.0,9.0,7.0,10.333333333333334,10.8,11.5,41a7cb94-6eb4-4185-8a24-4ee7c56518c0,7aae5ebe-ca8b-4929-8455-5398e8298f8c,9fa8a5b1-2cd5-4b03-aa5c-136e61562269
abcf4419-f576-4499-8e20-559ab930e9d8,11.0,Lapped,14.0,1:15.397,17.0,1:14.519,16.0,1:13.079,15.0,1:12.825,14.0,72.306,12.0,1:12.305,72.34,14.0,1:12.340,,,,11.0,3.0,79.80098529411765,79.26117307692309,79.03864943100095,0.7623358631167036,0.8274381620211526,-0.8274381620211526,25.0,343.0,19.0,3.0,19.0,-16.0,11.0,11.6,11.0,41a7cb94-6eb4-4185-8a24-4ee7c56518c0,d8ecbab8-5e75-4e30-a814-ab881049ebe8,3c5e6866-d5da-4c64-b255-52d8cc08394b
44ef6cae-09f1-475f-a5ce-df83bdc7962c,14.0,Lapped,16.0,1:15.414,16.0,1:14.323,13.0,1:12.896,19.0,1:13.171,16.0,72.385,16.0,1:12.385,,,,,,,14.0,2.0,79.85182352941176,77.62830177556819,79.03864943100095,0.813174098410812,0.8826179036643924,-0.8826179036643924,15.000000000000002,344.0,34.8,2.0,6.0,-4.0,15.666666666666666,14.2,13.666666666666666,41a7cb94-6eb4-4185-8a24-4ee7c56518c0,0b21b2b3-8d74-445c-acc7-e2dac1e323dd,d4c5726f-839a-49c0-97db-88b3fc09b451
51e41d51-f622-4eaf-9a91-3a9397b277ef,13.0,Lapped,12.0,1:16.075,19.0,1:14.644,18.0,1:13.897,17.0,1:13.060,12.0,72.234,10.0,1:12.233,72.142,12.0,1:12.141,,,,13.0,-1.0,79.86572058823529,78.4779074074074,79.03864943100095,0.827071157234343,0.8977017497311778,-0.8977017497311778,5.000000000000004,332.0,37.0,19.0,4.0,15.0,18.0,17.0,15.428571428571429,41a7cb94-6eb4-4185-8a24-4ee7c56518c0,217ff409-a898-4f8b-9323-7763902509c9,74ba499d-84cf-49bd-9012-fde4bc87ff1b
b55042a0-d86e-4199-bbf5-d9bfa667fdcc,15.0,Lapped,20.0,1:14.992,9.0,1:13.816,12.0,1:12.873,12.0,1:12.683,20.0,72.667,20.0,1:12.667,,,,,,,15.0,5.0,79.79869117647058,76.01066666666667,79.03864943100095,0.7600417454696355,0.824948130289483,-0.824948130289483,30.000000000000004,345.0,34.8,1.0,6.0,-5.0,10.333333333333334,11.0,11.857142857142858,41a7cb94-6eb4-4185-8a24-4ee7c56518c0,9218ccac-0d8c-4836-9f4b-082a2c542f68,74ba499d-84cf-49bd-9012-fde4bc87ff1b
6de4eab5-96b2-4dcc-a630-ba2872b569a4,16.0,Lapped,9.0,1:16.292,6.0,1:13.631,11.0,1:12.799,11.0,1:12.650,9.0,72.211,9.0,1:12.210,72.003,10.0,1:12.003,71.867,9.0,1:11.867,16.0,-7.0,79.88473529411765,80.20474642857144,79.03864943100095,0.8460858631166985,0.9183402819685894,-0.9183402819685894,0.0,341.0,24.4,5.0,16.0,-11.0,13.333333333333334,14.4,14.833333333333334,41a7cb94-6eb4-4185-8a24-4ee7c56518c0,5933eb18-734c-4a98-806c-dd676c9ae731,871d7bb6-5c31-4735-8150-fb52d48e1cde
20f3e156-71e9-4e38-b0df-1ed6ba43d6c8,6.0,Finished,5.0,1:14.805,5.0,1:13.620,8.0,1:12.653,4.0,1:12.049,5.0,71.952,3.0,1:11.951,71.885,7.0,1:11.885,71.526,5.0,1:11.525,6.0,-1.0,78.82182608695653,79.26097077922078,79.03864943100095,-0.216823344044414,-0.2353397209281298,0.2353397209281298,50.0,337.0,34.0,13.0,8.0,5.0,5.666666666666667,6.2,6.0,41a7cb94-6eb4-4185-8a24-4ee7c56518c0,d71626b8-a508-4371-a966-503f36ebb8d0,f75df3f3-ce57-4ad4-a349-b6528762787f
a1a4196f-388d-4528-badb-f01a2b50fca2,8.0,Finished,13.0,1:15.371,20.0,1:14.820,14.0,1:12.914,18.0,1:13.072,13.0,72.323,13.0,1:12.322,72.183,13.0,1:12.183,,,,8.0,5.0,78.84189855072465,77.24465959595959,79.03864943100095,-0.1967508802762978,-0.2135530999240702,0.2135530999240702,44.99999999999999,342.0,42.833333333333336,4.0,1.0,3.0,13.0,11.0,10.714285714285714,41a7cb94-6eb4-4185-8a24-4ee7c56518c0,d54daa60-c444-4ecb-a83e-c157cdf43e67,d4c5726f-839a-49c0-97db-88b3fc09b451
68cfdc7f-8a6d-4cf6-a75b-c8c63a9e1869,19.0,Retired,19.0,1:16.319,8.0,1:13.736,10.0,1:12.751,13.0,1:12.790,19.0,72.525,19.0,1:12.525,,,,,,,19.0,0.0,78.1341153846154,77.87351648351648,79.03864943100095,-0.9045340463855496,-0.9817798493263826,0.9817798493263826,85.0,340.0,27.0,7.0,13.0,-6.0,13.333333333333334,12.2,13.571428571428571,41a7cb94-6eb4-4185-8a24-4ee7c56518c0,4d8edae8-dd9a-4376-a1f0-91e4dcaaee1a,871d7bb6-5c31-4735-8150-fb52d48e1cde
4dc095a6-086c-4799-a15a-af27487558bd,5.0,Finished,8.0,1:14.260,10.0,1:13.885,,,2.0,1:11.876,8.0,72.038,4.0,1:12.037,71.626,3.0,1:11.626,71.682,8.0,1:11.682,5.0,3.0,78.69275362318841,76.97474181291346,79.03864943100095,-0.3458958078125391,-0.3754347726697656,0.3754347726697656,80.0,336.0,32.0,14.0,10.0,4.0,9.0,7.6,6.714285714285714,41a7cb94-6eb4-4185-8a24-4ee7c56518c0,a1402642-75cf-4196-9db4-b0d5b458a6ae,f75df3f3-ce57-4ad4-a349-b6528762787f
c2e7719d-6f71-49c0-936f-3b361bb65f2d,18.0,Retired,7.0,1:14.228,7.0,1:13.650,2.0,1:12.150,1.0,1:11.799,7.0,71.826,1.0,1:11.825,71.599,2.0,1:11.599,71.625,7.0,1:11.625,18.0,-11.0,76.18044615384616,75.77454285714288,79.03864943100095,-2.858203277154786,-3.102289398616083,3.102289398616083,95.0,338.0,18.0,11.0,20.0,-9.0,3.6666666666666665,2.6,2.5714285714285716,41a7cb94-6eb4-4185-8a24-4ee7c56518c0,b34c803f-2e33-48a4-bffb-499598604cf9,28d5702d-754e-48e3-8648-3414fb816016
a4937741-4f29-46dc-9a20-b082dde02f16,9.0,Lapped,15.0,1:14.593,18.0,1:14.605,17.0,1:13.174,16.0,1:12.826,15.0,72.378,15.0,1:12.378,72.634,15.0,1:12.634,,,,9.0,6.0,79.7647794117647,79.54169971537002,79.03864943100095,0.7261299807637585,0.7881403535381627,-0.7881403535381627,35.0,336.0,36.6,14.0,5.0,9.0,11.666666666666666,11.6,10.714285714285714,41a7cb94-6eb4-4185-8a24-4ee7c56518c0,93895c43-2842-47df-b7de-f86110fd54b7,3c5e6866-d5da-4c64-b255-52d8cc08394b
61fa303e-7951-4eda-96ba-815b32e10862,4.0,Finished,3.0,1:14.254,14.0,1:14.197,6.0,1:12.561,9.0,1:12.519,3.0,71.939,2.0,1:11.938,71.715,5.0,1:11.715,71.12,3.0,1:11.120,4.0,-1.0,78.70808695652174,81.01623232323234,79.03864943100095,-0.3305624744792084,-0.358791996480386,0.358791996480386,60.0,339.0,21.333333333333332,10.0,17.0,-7.0,7.666666666666667,6.8,6.142857142857143,41a7cb94-6eb4-4185-8a24-4ee7c56518c0,d31df4d0-71a1-40fc-bf79-61af13e1acd7,28d5702d-754e-48e3-8648-3414fb816016
c31f8b24-7379-49a9-a566-ade5a613c529,1.0,Finished,1.0,1:14.118,4.0,1:13.534,1.0,1:12.123,3.0,1:11.950,1.0,72.075,7.0,1:12.075,71.57,1.0,1:11.569,70.899,1.0,1:10.899,1.0,0.0,78.70776811594203,76.2202638888889,79.03864943100095,-0.3308813150589174,-0.3591380655504853,0.3591380655504853,65.0,330.0,32.0,20.0,10.0,10.0,4.666666666666667,4.4,4.428571428571429,41a7cb94-6eb4-4185-8a24-4ee7c56518c0,36fa31f7-12df-4f79-8de7-63098bfb8a5b,9fa8a5b1-2cd5-4b03-aa5c-136e61562269
8044859d-48a1-4485-8124-21ba67153988,10.0,Lapped,17.0,1:14.388,3.0,1:13.275,7.0,1:12.631,8.0,1:12.519,17.0,72.398,17.0,1:12.397,,,,,,,10.0,7.0,79.75883823529412,77.03555555555556,79.03864943100095,0.7201888042931728,0.781691809822842,-0.781691809822842,40.0,334.0,30.6,17.0,12.0,5.0,11.333333333333334,14.4,13.0,41a7cb94-6eb4-4185-8a24-4ee7c56518c0,258793ad-e101-47d1-8409-93edc1c8bdd5,5329d1c7-092d-448b-8683-771f533b0846
93586a06-381f-4527-a942-9293d33c85a6,17.0,Lapped,18.0,1:14.902,15.0,1:14.203,,,14.0,1:12.793,18.0,72.517,18.0,1:12.516,,,,,,,17.0,1.0,79.85513235294118,77.43035795454546,79.03864943100095,0.816482921940235,0.8862092955850673,-0.8862092955850673,9.999999999999998,340.0,19.333333333333332,7.0,18.0,-11.0,13.666666666666666,12.2,12.142857142857142,41a7cb94-6eb4-4185-8a24-4ee7c56518c0,bbe763bf-f205-4c4a-b485-51cc69248b5a,152926ec-a176-4064-8f15-f33ab14007fe
cc2cee5e-544f-4209-9b60-41ac53a6686a,12.0,Lapped,11.0,1:15.358,11.0,1:13.927,15.0,1:12.938,20.0,1:13.572,11.0,72.334,14.0,1:12.334,72.102,11.0,1:12.102,,,,12.0,-1.0,79.8060294117647,79.20409014925373,79.03864943100095,0.7673799807637494,0.8329130394824155,-0.8329130394824155,19.999999999999996,341.0,39.6,5.0,2.0,3.0,10.0,11.6,13.0,41a7cb94-6eb4-4185-8a24-4ee7c56518c0,329fcd08-b140-4524-8bbd-d944b5c5dd1b,b0a535d7-2578-48eb-8346-156775b72370
ae978232-26fb-4018-adae-91c888bb1c62,2.0,Finished,2.0,1:14.287,1.0,1:13.192,9.0,1:12.665,5.0,1:12.072,2.0,72.054,5.0,1:12.054,71.638,4.0,1:11.638,71.059,2.0,1:11.058,2.0,0.0,78.70097101449274,78.08686504723347,79.03864943100095,-0.3376784165082114,-0.3665156289085589,0.3665156289085589,75.0,338.0,26.666666666666668,11.0,14.0,-3.0,4.0,6.4,4.857142857142857,41a7cb94-6eb4-4185-8a24-4ee7c56518c0,4e5380ac-3832-409c-a269-05f3091fe4e2,b0a535d7-2578-48eb-8346-156775b72370
a38e7134-1944-446d-859c-a1aec3cf7125,7.0,Finished,,,,,,,,,,,,,,,,,,,,,98.29225454545454,97.8414681818182,99.0778413973064,-0.7855868518518605,-0.2315932352487369,0.2315932352487369,55.00000000000001,339.0,26.5,11.0,11.0,0.0,,,,9b723eaa-c85a-447a-b462-ff3ca2970b36,00572d64-eb7e-4295-89f6-63bf98e32dd4,5329d1c7-092d-448b-8683-771f533b0846
7833eadc-60cb-403f-bee6-6a182aed560a,17.0,Retired,,,,,,,,,,,,,,,,,,,,,113.271,140.966,99.0778413973064,14.1931586026936,4.184183469272339,-4.184183469272339,0.0,336.0,57.0,19.0,1.0,18.0,,,,9b723eaa-c85a-447a-b462-ff3ca2970b36,5d03531f-db77-4857-b87a-f8bcff470727,152926ec-a176-4064-8f15-f33ab14007fe
020e0aa3-67df-41d7-8de3-23a047b52953,6.0,Finished,,,,,,,,,,,,,,,,,,,,,98.28665454545455,96.34566666666666,99.0778413973064,-0.7911868518518475,-0.233244131154559,0.233244131154559,60.0,344.0,29.5,7.0,4.0,3.0,,,,9b723eaa-c85a-447a-b462-ff3ca2970b36,7aae5ebe-ca8b-4929-8455-5398e8298f8c,9fa8a5b1-2cd5-4b03-aa5c-136e61562269
062cddc8-26fb-4581-9b7d-70a07ff84a95,8.0,Finished,,,,,,,,,,,,,,,,,,,,,98.33894545454548,97.775,99.0778413973064,-0.7388959427609336,-0.2178286226313257,0.2178286226313257,50.0,345.0,24.5,6.0,13.0,-7.0,,,,9b723eaa-c85a-447a-b462-ff3ca2970b36,d8ecbab8-5e75-4e30-a814-ab881049ebe8,3c5e6866-d5da-4c64-b255-52d8cc08394b
d705ff36-e939-44c6-bb40-dfbc7fc5236e,14.0,Lapped,,,,,,,,,,,,,,,,,,,,,98.92824074074076,98.9667575617284,99.0778413973064,-0.1496006565656529,-0.044102698470198,0.044102698470198,15.000000000000002,337.0,0.0,16.0,20.0,-4.0,,,,9b723eaa-c85a-447a-b462-ff3ca2970b36,0b21b2b3-8d74-445c-acc7-e2dac1e323dd,d4c5726f-839a-49c0-97db-88b3fc09b451
10cc9ead-76de-46ea-9b3f-9484a5d1e2cd,13.0,Finished,,,,,,,,,,,,,,,,,,,,,98.6458727272727,99.01066666666668,99.0778413973064,-0.4319686700336973,-0.1273455908578049,0.1273455908578049,30.000000000000004,346.0,28.5,3.0,7.0,-4.0,,,,9b723eaa-c85a-447a-b462-ff3ca2970b36,17f18f6c-4cb4-4c5b-9c21-700b77a6ca49,74ba499d-84cf-49bd-9012-fde4bc87ff1b
b8aab8d1-8def-4097-858f-1191f82bc79a,20.0,Disqualified,,,,,,,,,,,,,,,,,,,,,98.4760181818182,98.0635625,99.0778413973064,-0.6018232154882099,-0.1774191933000873,0.1774191933000873,44.99999999999999,337.0,27.0,16.0,9.0,7.0,,,,9b723eaa-c85a-447a-b462-ff3ca2970b36,9218ccac-0d8c-4836-9f4b-082a2c542f68,74ba499d-84cf-49bd-9012-fde4bc87ff1b
c62f6abb-f54f-49ff-8fe8-1c437e6bd269,11.0,Finished,,,,,,,,,,,,,,,,,,,,,98.7219090909091,104.8265,99.0778413973064,-0.3559323063973068,-0.1049298548897318,0.1049298548897318,19.999999999999996,344.0,18.666666666666668,7.0,17.0,-10.0,,,,9b723eaa-c85a-447a-b462-ff3ca2970b36,5933eb18-734c-4a98-806c-dd676c9ae731,871d7bb6-5c31-4735-8150-fb52d48e1cde
b94e943f-3426-4e22-af8c-51126769e60b,19.0,Disqualified,,,,,,,,,,,,,,,,,,,,,97.8111818181818,97.59085012919896,99.0778413973064,-1.2666595791245925,-0.3734148416521427,0.3734148416521427,70.0,351.0,19.333333333333332,1.0,16.0,-15.0,,,,9b723eaa-c85a-447a-b462-ff3ca2970b36,d71626b8-a508-4371-a966-503f36ebb8d0,f75df3f3-ce57-4ad4-a349-b6528762787f
ac771c3d-a787-42e5-a84e-c1657280a9b2,15.0,Lapped,,,,,,,,,,,,,,,,,,,,,99.35846296296296,99.17106848050398,99.0778413973064,0.2806215656565598,0.0827280346123,-0.0827280346123,9.999999999999998,333.0,22.0,20.0,15.0,5.0,,,,9b723eaa-c85a-447a-b462-ff3ca2970b36,d54daa60-c444-4ecb-a83e-c157cdf43e67,d4c5726f-839a-49c0-97db-88b3fc09b451
63c82158-6810-45d7-842d-0ac96d5d5faa,12.0,Finished,,,,,,,,,,,,,,,,,,,,,98.67718181818184,97.70097932330827,99.0778413973064,-0.4006595791245644,-0.1181155819297657,0.1181155819297657,25.0,337.0,18.0,16.0,18.0,-2.0,,,,9b723eaa-c85a-447a-b462-ff3ca2970b36,4d8edae8-dd9a-4376-a1f0-91e4dcaaee1a,b0a535d7-2578-48eb-8346-156775b72370
8c378d28-2068-45ef-9fb8-431bb852a664,18.0,Disqualified,,,,,,,,,,,,,,,,,,,,,97.75407272727271,97.6336057416268,99.0778413973064,-1.3237686700336724,-0.3902507638605787,0.3902507638605787,75.0,349.0,29.0,2.0,5.0,-3.0,,,,9b723eaa-c85a-447a-b462-ff3ca2970b36,a1402642-75cf-4196-9db4-b0d5b458a6ae,f75df3f3-ce57-4ad4-a349-b6528762787f
e8da6d16-8390-40bf-bba0-232dca282088,2.0,Finished,,,,,,,,,,,,,,,,,,,,,97.55465454545455,96.89344444444444,99.0778413973064,-1.5231868518518468,-0.4490398102732353,0.4490398102732353,90.0,341.0,29.0,10.0,5.0,5.0,,,,9b723eaa-c85a-447a-b462-ff3ca2970b36,b34c803f-2e33-48a4-bffb-499598604cf9,28d5702d-754e-48e3-8648-3414fb816016
374ba6e6-bb3c-4ce2-857c-f73a75182df2,5.0,Finished,,,,,,,,,,,,,,,,,,,,,98.1848,96.7074,99.0778413973064,-0.8930413973063906,-0.2632711404546782,0.2632711404546782,65.0,346.0,26.5,3.0,11.0,-8.0,,,,9b723eaa-c85a-447a-b462-ff3ca2970b36,93895c43-2842-47df-b7de-f86110fd54b7,3c5e6866-d5da-4c64-b255-52d8cc08394b
7dfd4cc6-f396-441d-b95e-0268cb7e5d12,1.0,Finished,,,,,,,,,,,,,,,,,,,,,97.39421818181816,117.53,99.0778413973064,-1.6836232154882396,-0.4963369059648287,0.4963369059648287,95.0,339.0,30.5,11.0,2.0,9.0,,,,9b723eaa-c85a-447a-b462-ff3ca2970b36,d31df4d0-71a1-40fc-bf79-61af13e1acd7,28d5702d-754e-48e3-8648-3414fb816016
22c775d2-cbc3-4149-9178-b336ce15e84b,3.0,Finished,,,,,,,,,,,,,,,,,,,,,97.56074545454544,96.4895925925926,99.0778413973064,-1.5170959427609605,-0.4472441929730742,0.4472441929730742,85.0,346.0,28.5,3.0,7.0,-4.0,,,,9b723eaa-c85a-447a-b462-ff3ca2970b36,36fa31f7-12df-4f79-8de7-63098bfb8a5b,9fa8a5b1-2cd5-4b03-aa5c-136e61562269
aa66d0b0-0de4-4960-b395-98210a8deaf4,10.0,Finished,,,,,,,,,,,,,,,,,,,,,98.6200181818182,98.4228125,99.0778413973064,-0.4578232154882045,-0.1349675842931329,0.1349675842931329,35.0,339.0,22.5,11.0,14.0,-3.0,,,,9b723eaa-c85a-447a-b462-ff3ca2970b36,258793ad-e101-47d1-8409-93edc1c8bdd5,5329d1c7-092d-448b-8683-771f533b0846
8f2b28fd-8f34-47b6-8db4-b5d8a5523575,9.0,Finished,,,,,,,,,,,,,,,,,,,,,98.51970909090907,99.19694474153296,99.0778413973064,-0.5581323063973258,-0.1645389892036669,0.1645389892036669,40.0,339.0,27.0,11.0,9.0,2.0,,,,9b723eaa-c85a-447a-b462-ff3ca2970b36,bbe763bf-f205-4c4a-b485-51cc69248b5a,152926ec-a176-4064-8f15-f33ab14007fe
5f0aca58-befe-4111-ba98-83d361255a17,16.0,Lapped,,,,,,,,,,,,,,,,,,,,,99.53483333333332,103.45779545454546,99.0778413973064,0.4569919360269239,0.1347225207468426,-0.1347225207468426,5.000000000000004,339.0,14.75,11.0,19.0,-8.0,,,,9b723eaa-c85a-447a-b462-ff3ca2970b36,329fcd08-b140-4524-8bbd-d944b5c5dd1b,871d7bb6-5c31-4735-8150-fb52d48e1cde
56d665a3-b11c-4a5d-84c5-518432cc55a3,4.0,Finished,,,,,,,,,,,,,,,,,,,,,97.62605454545456,97.41316948051949,99.0778413973064,-1.4517868518518355,-0.4279908874739513,0.4279908874739513,80.0,342.0,30.0,9.0,3.0,6.0,,,,9b723eaa-c85a-447a-b462-ff3ca2970b36,4e5380ac-3832-409c-a269-05f3091fe4e2,b0a535d7-2578-48eb-8346-156775b72370
e1912d3a-00dd-445f-b516-caa4daaa1e6e,5.0,Finished,15.0,1:13.686,5.0,1:11.171,17.0,1:11.756,7.0,1:10.099,15.0,69.792,6.0,1:09.792,69.652,15.0,1:09.652,,,,5.0,10.0,82.13588732394365,86.65913186813185,81.66087693744164,0.4750103865020065,0.315263987880259,-0.315263987880259,50.0,332.0,25.666666666666668,14.0,5.0,9.0,13.333333333333334,14.0,13.0,0fd58e36-3037-4257-b861-382e603b312f,00572d64-eb7e-4295-89f6-63bf98e32dd4,5329d1c7-092d-448b-8683-771f533b0846
a6185919-f2d9-4657-b396-22fa2edc2d8e,8.0,Finished,10.0,1:13.718,4.0,1:10.840,2.0,1:09.977,10.0,1:10.231,10.0,69.95,11.0,1:09.950,69.366,7.0,1:09.365,69.63,10.0,1:09.629,8.0,2.0,82.1919014084507,83.0572962962963,81.66087693744164,0.5310244710090615,0.352440487933656,-0.352440487933656,40.0,338.0,24.0,5.0,10.0,-5.0,10.333333333333334,10.6,10.857142857142858,0fd58e36-3037-4257-b861-382e603b312f,5d03531f-db77-4857-b87a-f8bcff470727,152926ec-a176-4064-8f15-f33ab14007fe
75033f99-e1ff-4b1a-92af-c7700a87a27a,16.0,Finished,11.0,1:13.480,20.0,1:14.275,12.0,1:11.185,17.0,1:10.697,11.0,69.845,7.0,1:09.844,69.493,11.0,1:09.492,,,,16.0,-5.0,82.13261971830987,84.91183098591549,81.66087693744164,0.4717427808682259,0.313095280811532,-0.313095280811532,65.0,336.0,16.75,8.0,19.0,-11.0,10.0,10.6,10.285714285714286,0fd58e36-3037-4257-b861-382e603b312f,7aae5ebe-ca8b-4929-8455-5398e8298f8c,9fa8a5b1-2cd5-4b03-aa5c-136e61562269
5d074b33-44a3-4705-b289-225785ff987e,6.0,Finished,19.0,1:13.950,19.0,1:12.563,11.0,1:11.112,15.0,1:10.594,19.0,70.262,19.0,1:10.262,,,,,,,6.0,13.0,82.07705633802819,100.17115727699527,81.66087693744164,0.4161794005865431,0.2762179127676299,-0.2762179127676299,80.0,336.0,21.5,8.0,15.0,-7.0,10.666666666666666,11.0,11.571428571428571,0fd58e36-3037-4257-b861-382e603b312f,d8ecbab8-5e75-4e30-a814-ab881049ebe8,3c5e6866-d5da-4c64-b255-52d8cc08394b
5b56a9f3-706d-4b6d-8e37-9559c809ec19,15.0,Finished,13.0,1:14.307,9.0,1:11.509,13.0,1:11.319,13.0,1:10.361,13.0,70.037,15.0,1:10.037,69.622,13.0,1:09.621,,,,15.0,-2.0,82.30560563380283,109.2286,81.66087693744164,0.6447286963611845,0.4279058852006998,-0.4279058852006998,5.000000000000004,337.0,25.666666666666668,7.0,5.0,2.0,16.666666666666668,13.8,13.714285714285714,0fd58e36-3037-4257-b861-382e603b312f,0b21b2b3-8d74-445c-acc7-e2dac1e323dd,d4c5726f-839a-49c0-97db-88b3fc09b451
a2d3738e-d552-4815-8c24-158b01ae6319,11.0,Finished,16.0,1:13.049,18.0,1:12.275,9.0,1:10.956,20.0,1:11.054,16.0,70.104,16.0,1:10.103,,,,,,,11.0,5.0,82.21957746478873,89.40524647887322,81.66087693744164,0.5587005273470851,0.3708090628908842,-0.3708090628908842,30.000000000000004,338.0,19.75,5.0,16.0,-11.0,17.333333333333332,17.4,15.571428571428571,0fd58e36-3037-4257-b861-382e603b312f,217ff409-a898-4f8b-9323-7763902509c9,74ba499d-84cf-49bd-9012-fde4bc87ff1b
b8a2fb16-f84d-4c16-8036-569902458f5d,17.0,Finished,14.0,1:15.248,10.0,1:11.612,19.0,1:12.121,19.0,1:10.962,14.0,69.894,8.0,1:09.894,69.637,14.0,1:09.637,,,,17.0,-3.0,82.3534647887324,84.38998169014084,81.66087693744164,0.6925878512907531,0.4596699654575243,-0.4596699654575243,0.0,335.0,27.0,11.0,3.0,8.0,9.333333333333334,11.8,12.714285714285714,0fd58e36-3037-4257-b861-382e603b312f,9218ccac-0d8c-4836-9f4b-082a2c542f68,74ba499d-84cf-49bd-9012-fde4bc87ff1b
eaa9ea81-89cf-4e7e-8249-881c1259b567,3.0,Finished,4.0,1:13.326,12.0,1:11.772,,,9.0,1:10.165,4.0,69.966,13.0,1:09.965,69.439,9.0,1:09.438,69.208,4.0,1:09.207,3.0,1.0,82.13507042253521,103.6959268292683,81.66087693744164,0.4741934850935649,0.3147218111130797,-0.3147218111130797,55.00000000000001,326.0,24.0,17.0,10.0,7.0,15.333333333333334,13.6,15.0,0fd58e36-3037-4257-b861-382e603b312f,5933eb18-734c-4a98-806c-dd676c9ae731,871d7bb6-5c31-4735-8150-fb52d48e1cde
0993a472-c837-40a3-8101-c2f4287faf18,20.0,Retired,7.0,1:15.683,15.0,1:11.959,6.0,1:10.737,14.0,1:10.373,7.0,69.9,9.0,1:09.900,69.261,4.0,1:09.260,69.39,7.0,1:09.390,20.0,-13.0,76.30671428571428,,81.66087693744164,-5.354162651727364,-3.5535531796965896,3.5535531796965896,95.0,329.0,87.0,16.0,1.0,15.0,5.0,5.4,6.428571428571429,0fd58e36-3037-4257-b861-382e603b312f,d71626b8-a508-4371-a966-503f36ebb8d0,f75df3f3-ce57-4ad4-a349-b6528762787f
49f5fc0e-ef13-40ad-8052-5f70bcf2f846,14.0,Finished,17.0,1:14.912,13.0,1:11.875,10.0,1:11.079,16.0,1:10.599,17.0,70.195,17.0,1:10.194,,,,,,,14.0,3.0,82.28342253521126,80.37811111111111,81.66087693744164,0.6225455977696157,0.413182981609013,-0.413182981609013,19.999999999999996,342.0,24.666666666666668,1.0,8.0,-7.0,10.333333333333334,11.2,10.285714285714286,0fd58e36-3037-4257-b861-382e603b312f,d54daa60-c444-4ecb-a83e-c157cdf43e67,d4c5726f-839a-49c0-97db-88b3fc09b451
ba9874c8-035b-4031-8259-daa7ac485d64,12.0,Finished,8.0,1:13.879,11.0,1:11.753,14.0,1:11.338,11.0,1:10.299,8.0,69.779,5.0,1:09.778,69.383,8.0,1:09.382,69.5,8.0,1:09.500,12.0,-4.0,82.30115492957746,87.40093108651911,81.66087693744164,0.6402779921358217,0.4249519566070617,-0.4249519566070617,9.999999999999998,334.0,18.25,13.0,18.0,-5.0,18.0,13.0,14.0,0fd58e36-3037-4257-b861-382e603b312f,4d8edae8-dd9a-4376-a1f0-91e4dcaaee1a,871d7bb6-5c31-4735-8150-fb52d48e1cde
5e2fc005-5be0-46ed-8d86-86219e3a244f,19.0,Retired,6.0,1:14.557,14.0,1:11.950,8.0,1:10.834,6.0,1:09.938,6.0,69.906,10.0,1:09.906,69.304,5.0,1:09.304,69.34,6.0,1:09.340,19.0,-13.0,78.73174509803923,105.46233333333332,81.66087693744164,-2.929131839402416,-1.944062300442231,1.944062300442231,90.0,331.0,37.5,15.0,2.0,13.0,7.666666666666667,7.0,6.714285714285714,0fd58e36-3037-4257-b861-382e603b312f,a1402642-75cf-4196-9db4-b0d5b458a6ae,f75df3f3-ce57-4ad4-a349-b6528762787f
7bf6c906-4a37-4c5a-b36f-bf19924ca57b,18.0,Retired,2.0,1:12.379,1.0,1:10.278,1.0,1:09.890,1.0,1:08.971,2.0,69.469,2.0,1:09.468,68.874,1.0,1:08.873,68.674,2.0,1:08.674,18.0,-16.0,80.75807936507937,108.03149206349208,81.66087693744164,-0.9027975723622744,-0.5991859778214452,0.5991859778214452,85.0,325.0,23.333333333333332,18.0,12.0,6.0,7.333333333333333,6.0,4.857142857142857,0fd58e36-3037-4257-b861-382e603b312f,b34c803f-2e33-48a4-bffb-499598604cf9,28d5702d-754e-48e3-8648-3414fb816016
049a7b1e-26c9-4958-b645-e650a0ec4207,10.0,Finished,18.0,1:13.986,17.0,1:12.144,15.0,1:11.361,18.0,1:10.801,18.0,70.197,18.0,1:10.197,,,,,,,10.0,8.0,82.20722535211267,83.153125,81.66087693744164,0.54634841467103,0.3626109762560292,-0.3626109762560292,35.0,340.0,18.5,3.0,17.0,-14.0,10.0,10.8,10.571428571428571,0fd58e36-3037-4257-b861-382e603b312f,93895c43-2842-47df-b7de-f86110fd54b7,3c5e6866-d5da-4c64-b255-52d8cc08394b
157a90a8-fd88-471e-985c-1fce2c4815a4,1.0,Finished,1.0,1:12.271,2.0,1:10.569,3.0,1:09.978,2.0,1:09.213,1.0,69.338,1.0,1:09.337,68.964,2.0,1:08.963,68.662,1.0,1:08.662,1.0,0.0,82.1299577464789,,81.66087693744164,0.4690808090372513,0.3113285323805386,-0.3113285323805386,70.0,304.0,26.333333333333332,20.0,4.0,16.0,2.3333333333333335,5.8,5.714285714285714,0fd58e36-3037-4257-b861-382e603b312f,d31df4d0-71a1-40fc-bf79-61af13e1acd7,28d5702d-754e-48e3-8648-3414fb816016
1e49ed1b-7999-44b4-96d8-8d191a2627ed,4.0,Finished,5.0,1:13.727,7.0,1:11.385,4.0,1:10.274,3.0,1:09.858,5.0,69.676,3.0,1:09.676,69.313,6.0,1:09.313,69.255,5.0,1:09.254,4.0,1.0,82.15659154929578,92.52385211267608,81.66087693744164,0.4957146118541402,0.3290053645658353,-0.3290053645658353,44.99999999999999,335.0,22.666666666666668,11.0,13.0,-2.0,4.333333333333333,4.0,4.0,0fd58e36-3037-4257-b861-382e603b312f,36fa31f7-12df-4f79-8de7-63098bfb8a5b,9fa8a5b1-2cd5-4b03-aa5c-136e61562269
3c7e86d4-f4e7-4e14-8f38-5e9d8dcd9c18,13.0,Finished,9.0,1:13.808,8.0,1:11.457,16.0,1:11.682,4.0,1:09.912,9.0,69.98,14.0,1:09.980,69.472,10.0,1:09.471,69.505,9.0,1:09.504,13.0,-4.0,82.29732394366197,90.19526666666668,81.66087693744164,0.6364470062203225,0.4224093345264637,-0.4224093345264637,15.000000000000002,342.0,16.0,1.0,20.0,-19.0,13.666666666666666,12.8,13.571428571428571,0fd58e36-3037-4257-b861-382e603b312f,258793ad-e101-47d1-8409-93edc1c8bdd5,5329d1c7-092d-448b-8683-771f533b0846
56d33b61-bb27-4799-8c30-22b69b28fdfd,7.0,Finished,20.0,1:13.822,3.0,1:10.778,18.0,1:11.974,8.0,1:10.102,20.0,,,,,,,,,,7.0,13.0,82.12776056338028,85.65661029411764,81.66087693744164,0.4668836259386353,0.3098702638342994,-0.3098702638342994,75.0,339.0,24.666666666666668,4.0,8.0,-4.0,13.666666666666666,14.4,12.571428571428571,0fd58e36-3037-4257-b861-382e603b312f,bbe763bf-f205-4c4a-b485-51cc69248b5a,152926ec-a176-4064-8f15-f33ab14007fe
7c7f126c-c948-4001-ab00-d25bc3695b4f,9.0,Finished,12.0,1:14.353,16.0,1:12.126,7.0,1:10.795,12.0,1:10.349,12.0,69.954,12.0,1:09.953,69.622,12.0,1:09.621,,,,9.0,3.0,82.23342253521128,96.55189295774647,81.66087693744164,0.5725455977696328,0.3799980243071563,-0.3799980243071563,25.0,336.0,25.0,8.0,7.0,1.0,12.0,11.6,12.0,0fd58e36-3037-4257-b861-382e603b312f,329fcd08-b140-4524-8bbd-d944b5c5dd1b,b0a535d7-2578-48eb-8346-156775b72370
c59a8db0-2d94-406d-91de-d7b02df60e32,2.0,Finished,3.0,1:12.921,6.0,1:11.218,5.0,1:10.477,5.0,1:09.924,3.0,69.696,4.0,1:09.695,69.122,3.0,1:09.121,68.925,3.0,1:08.924,2.0,1.0,82.13295774647887,79.71364542253521,81.66087693744164,0.472080809037223,0.3133196298186319,-0.3133196298186319,60.0,311.0,21.666666666666668,19.0,14.0,5.0,4.333333333333333,6.4,5.0,0fd58e36-3037-4257-b861-382e603b312f,4e5380ac-3832-409c-a269-05f3091fe4e2,b0a535d7-2578-48eb-8346-156775b72370
14341885-78c5-4cee-b2ac-825d421271f8,5.0,Finished,7.0,1:18.289,8.0,1:16.921,9.0,1:15.915,9.0,1:15.731,7.0,76.123,11.0,1:16.123,75.521,10.0,1:15.521,75.473,7.0,1:15.472,5.0,2.0,87.47969354838709,88.50030875576037,87.12275898174948,0.3569345666376051,0.2787246232242695,-0.2787246232242695,63.1578947368421,336.0,25.333333333333332,11.0,11.0,0.0,11.0,11.6,11.428571428571429,371c0280-c24f-4e5c-ab29-a11ccef1e0c1,00572d64-eb7e-4295-89f6-63bf98e32dd4,5329d1c7-092d-448b-8683-771f533b0846
997b9f6b-4b21-467b-9994-0ef8d113a687,11.0,Finished,5.0,1:19.894,14.0,1:17.120,14.0,1:16.219,11.0,1:15.819,5.0,75.695,3.0,1:15.694,75.442,6.0,1:15.441,75.431,5.0,1:15.430,11.0,-6.0,87.64659677419357,92.32946153846152,87.12275898174948,0.523837792444084,0.4090567431028625,-0.4090567431028625,21.052631578947366,336.0,24.666666666666668,11.0,13.0,-2.0,8.0,10.8,11.142857142857142,371c0280-c24f-4e5c-ab29-a11ccef1e0c1,5d03531f-db77-4857-b87a-f8bcff470727,152926ec-a176-4064-8f15-f33ab14007fe
160b79b9-8d1b-4483-9abf-54602422df0b,19.0,Retired,13.0,1:20.620,13.0,1:17.093,18.0,1:16.406,4.0,1:15.399,13.0,75.943,8.0,1:15.942,75.772,13.0,1:15.772,,,,19.0,-6.0,83.72581395348837,,87.12275898174948,-3.396945028261115,-2.6526212690320103,2.6526212690320103,89.47368421052632,337.0,36.0,10.0,1.0,9.0,11.666666666666666,10.0,10.428571428571429,371c0280-c24f-4e5c-ab29-a11ccef1e0c1,7aae5ebe-ca8b-4929-8455-5398e8298f8c,9fa8a5b1-2cd5-4b03-aa5c-136e61562269
883cfdd9-f87d-40ad-9314-518f8f117358,17.0,Finished,19.0,1:19.521,18.0,1:17.445,12.0,1:16.009,12.0,1:15.944,19.0,76.918,19.0,1:16.918,,,,,,,17.0,2.0,87.64445161290323,88.2907303030303,87.12275898174948,0.5216926311537406,0.4073816201859686,-0.4073816201859686,26.315789473684216,347.0,17.0,3.0,18.0,-15.0,9.333333333333334,10.0,10.714285714285714,371c0280-c24f-4e5c-ab29-a11ccef1e0c1,d8ecbab8-5e75-4e30-a814-ab881049ebe8,3c5e6866-d5da-4c64-b255-52d8cc08394b
42e20c1c-a3f9-4b84-876c-61d352659c71,18.0,Finished,14.0,1:20.629,9.0,1:16.924,16.0,1:16.338,16.0,1:16.046,14.0,76.34,15.0,1:16.340,76.26,14.0,1:16.260,,,,18.0,-4.0,87.76379032258065,81.38206666666667,87.12275898174948,0.6410313408311623,0.5005713529827961,-0.5005713529827961,0.0,340.0,18.0,7.0,17.0,-10.0,15.666666666666666,15.2,14.285714285714286,371c0280-c24f-4e5c-ab29-a11ccef1e0c1,0b21b2b3-8d74-445c-acc7-e2dac1e323dd,d4c5726f-839a-49c0-97db-88b3fc09b451
c2a23571-d417-4dd9-9428-059c28bc2c97,,,15.0,1:20.344,17.0,1:17.373,13.0,1:16.043,18.0,1:16.209,15.0,76.256,14.0,1:16.256,,,,,,,16.0,-1.0,,,,,,,,,,,,,14.666666666666666,15.6,15.571428571428571,371c0280-c24f-4e5c-ab29-a11ccef1e0c1,217ff409-a898-4f8b-9323-7763902509c9,66d63632-f433-4a72-b96e-9c2d3ea9f236
da4de210-6c6e-44e3-a705-a9ffdc5d3a8b,13.0,Finished,10.0,1:20.397,6.0,1:16.695,3.0,1:15.569,15.0,1:15.989,10.0,75.937,7.0,1:15.936,75.505,8.0,1:15.504,75.787,10.0,1:15.787,13.0,-3.0,87.68366129032256,90.42294444444444,87.12275898174948,0.5609023085730769,0.4379998443282819,-0.4379998443282819,10.526315789473683,333.0,26.0,16.0,6.0,10.0,12.666666666666666,12.6,12.428571428571429,371c0280-c24f-4e5c-ab29-a11ccef1e0c1,9218ccac-0d8c-4836-9f4b-082a2c542f68,74ba499d-84cf-49bd-9012-fde4bc87ff1b
57fdec0f-d83c-4c0f-b183-5b75a8211e0c,9.0,Finished,9.0,1:19.472,19.0,1:17.641,7.0,1:15.792,7.0,1:15.507,9.0,76.253,13.0,1:16.253,75.51,9.0,1:15.510,75.746,9.0,1:15.745,9.0,0.0,87.5441935483871,93.53953830645162,87.12275898174948,0.4214345666376147,0.3290916649129519,-0.3290916649129519,47.36842105263158,349.0,22.0,1.0,15.0,-14.0,12.0,11.8,13.0,371c0280-c24f-4e5c-ab29-a11ccef1e0c1,5933eb18-734c-4a98-806c-dd676c9ae731,871d7bb6-5c31-4735-8150-fb52d48e1cde
217200ef-4bf6-43c9-a34a-2c9679f12d41,4.0,Finished,12.0,1:18.265,5.0,1:16.641,11.0,1:15.942,10.0,1:15.787,12.0,76.163,12.0,1:16.162,75.765,12.0,1:15.765,,,,4.0,8.0,87.3802258064516,94.11063636363636,87.12275898174948,0.2574668247021208,0.2010518184995733,-0.2010518184995733,73.6842105263158,347.0,19.666666666666668,3.0,16.0,-13.0,10.0,8.6,8.142857142857142,371c0280-c24f-4e5c-ab29-a11ccef1e0c1,d71626b8-a508-4371-a966-503f36ebb8d0,f75df3f3-ce57-4ad4-a349-b6528762787f
aabf356c-1f08-4619-ab36-0f123d4e4460,12.0,Finished,17.0,1:20.400,10.0,1:16.998,19.0,1:16.418,19.0,1:16.237,17.0,76.518,17.0,1:16.518,,,,,,,12.0,5.0,87.60579032258063,89.67248316199928,87.12275898174948,0.4830313408311468,0.3771916229547121,-0.3771916229547121,31.57894736842105,335.0,25.0,14.0,12.0,2.0,8.333333333333334,12.2,11.0,371c0280-c24f-4e5c-ab29-a11ccef1e0c1,d54daa60-c444-4ecb-a83e-c157cdf43e67,d4c5726f-839a-49c0-97db-88b3fc09b451
642dc7d8-b0d6-4297-aab5-f701268a14b7,14.0,Finished,16.0,1:20.472,15.0,1:17.286,15.0,1:16.254,14.0,1:15.977,16.0,76.379,16.0,1:16.379,,,,,,,14.0,2.0,87.65749999999998,105.15672327044028,87.12275898174948,0.5347410182505001,0.4175709016878671,-0.4175709016878671,15.789473684210533,338.0,26.666666666666668,9.0,3.0,6.0,16.666666666666668,14.2,13.142857142857142,371c0280-c24f-4e5c-ab29-a11ccef1e0c1,4d8edae8-dd9a-4376-a1f0-91e4dcaaee1a,871d7bb6-5c31-4735-8150-fb52d48e1cde
1dd7cf21-02e6-4148-83af-ffbbbd12e633,6.0,Finished,11.0,1:19.048,12.0,1:17.076,6.0,1:15.768,5.0,1:15.450,11.0,76.108,10.0,1:16.108,75.604,11.0,1:15.603,,,,6.0,5.0,87.50648387096776,88.10199485420242,87.12275898174948,0.3837248892182714,0.2996447673215325,-0.2996447673215325,52.63157894736843,342.0,24.0,6.0,14.0,-8.0,12.666666666666666,10.2,8.857142857142858,371c0280-c24f-4e5c-ab29-a11ccef1e0c1,a1402642-75cf-4196-9db4-b0d5b458a6ae,f75df3f3-ce57-4ad4-a349-b6528762787f
f3a069df-165e-4463-a79f-57bbe6ff7312,2.0,Finished,4.0,1:18.311,2.0,1:16.576,2.0,1:15.317,1.0,1:14.897,4.0,75.894,6.0,1:15.894,75.261,3.0,1:15.260,74.962,4.0,1:14.962,2.0,2.0,87.31454838709678,84.82683325426945,87.12275898174948,0.1917894053472935,0.149765348442997,-0.149765348442997,78.94736842105263,331.0,25.666666666666668,17.0,9.0,8.0,12.333333333333334,9.4,7.0,371c0280-c24f-4e5c-ab29-a11ccef1e0c1,b34c803f-2e33-48a4-bffb-499598604cf9,28d5702d-754e-48e3-8648-3414fb816016
ec66f947-4d79-42a9-b5b0-af36392a8c2c,20.0,Retired,18.0,1:21.412,20.0,1:17.662,20.0,1:16.420,20.0,1:16.387,18.0,76.613,18.0,1:16.612,,,,,,,20.0,-2.0,83.30146153846152,83.3382105263158,87.12275898174948,-3.821297443287961,-2.9839914361381656,2.9839914361381656,94.73684210526316,310.0,0.0,19.0,19.0,0.0,10.666666666666666,10.8,11.0,371c0280-c24f-4e5c-ab29-a11ccef1e0c1,93895c43-2842-47df-b7de-f86110fd54b7,3c5e6866-d5da-4c64-b255-52d8cc08394b
2b2a26bc-6fa6-4964-9f2e-fe9e583500b5,3.0,Finished,1.0,1:18.894,1.0,1:16.545,1.0,1:15.293,2.0,1:14.996,1.0,75.5,2.0,1:15.500,75.214,2.0,1:15.213,74.67,1.0,1:14.670,3.0,-2.0,87.45466129032258,88.25327771428569,87.12275898174948,0.3319023085730919,0.2591773242243159,-0.2591773242243159,68.42105263157895,336.0,25.666666666666668,11.0,9.0,2.0,2.3333333333333335,5.6,5.571428571428571,371c0280-c24f-4e5c-ab29-a11ccef1e0c1,d31df4d0-71a1-40fc-bf79-61af13e1acd7,28d5702d-754e-48e3-8648-3414fb816016
b4c1311d-05fe-4bdd-aa09-df3607bf834a,7.0,Finished,3.0,1:19.733,4.0,1:16.599,4.0,1:15.692,8.0,1:15.662,3.0,75.852,5.0,1:15.852,75.334,4.0,1:15.334,74.807,3.0,1:14.807,7.0,-4.0,87.5849193548387,86.82972183622829,87.12275898174948,0.462160373089219,0.3608938105153218,-0.3608938105153218,36.8421052631579,344.0,26.333333333333332,5.0,4.0,1.0,5.0,3.8,3.857142857142857,371c0280-c24f-4e5c-ab29-a11ccef1e0c1,36fa31f7-12df-4f79-8de7-63098bfb8a5b,9fa8a5b1-2cd5-4b03-aa5c-136e61562269
c051a39b-3011-448f-a811-53167b6e84ca,8.0,Finished,6.0,1:19.835,3.0,1:16.596,10.0,1:15.933,6.0,1:15.456,6.0,75.987,9.0,1:15.986,75.198,1.0,1:15.197,75.432,6.0,1:15.432,8.0,-2.0,87.56716129032257,87.37877777777777,87.12275898174948,0.444402308573089,0.3470268155417699,-0.3470268155417699,42.10526315789473,335.0,26.333333333333332,14.0,4.0,10.0,11.666666666666666,11.4,13.571428571428571,371c0280-c24f-4e5c-ab29-a11ccef1e0c1,258793ad-e101-47d1-8409-93edc1c8bdd5,5329d1c7-092d-448b-8683-771f533b0846
f36b396d-4ce5-4540-a442-af59c2623551,15.0,Finished,8.0,1:20.501,11.0,1:17.031,17.0,1:16.340,13.0,1:15.974,8.0,75.817,4.0,1:15.816,75.497,7.0,1:15.496,75.581,8.0,1:15.581,15.0,-7.0,87.71669354838708,85.7329469387755,87.12275898174948,0.5939345666375999,0.4637942182663733,-0.4637942182663733,5.263157894736848,349.0,26.0,1.0,6.0,-5.0,10.333333333333334,13.0,12.142857142857142,371c0280-c24f-4e5c-ab29-a11ccef1e0c1,bbe763bf-f205-4c4a-b485-51cc69248b5a,152926ec-a176-4064-8f15-f33ab14007fe
099ae0db-8e7a-4fa6-8e4c-f6c4bbfda9af,10.0,Finished,20.0,1:20.039,16.0,1:17.355,8.0,1:15.826,17.0,1:16.109,20.0,,,,,,,,,,10.0,10.0,87.49337096774194,85.8044677419355,87.12275898174948,0.3706119859924541,0.2894051061830163,-0.2894051061830163,57.89473684210527,340.0,34.0,7.0,2.0,5.0,12.0,10.2,11.285714285714286,371c0280-c24f-4e5c-ab29-a11ccef1e0c1,329fcd08-b140-4524-8bbd-d944b5c5dd1b,b0a535d7-2578-48eb-8346-156775b72370
8eed91fe-962c-4c5e-9538-4a6d380bf20d,1.0,Finished,2.0,1:17.987,7.0,1:16.905,5.0,1:15.734,3.0,1:15.078,2.0,75.175,1.0,1:15.174,75.394,5.0,1:15.394,74.704,2.0,1:14.703,1.0,1.0,87.26140322580646,,87.12275898174948,0.1386442440569766,0.1082651227955436,-0.1082651227955436,84.21052631578947,311.0,26.0,18.0,6.0,12.0,3.0,3.2,5.142857142857143,371c0280-c24f-4e5c-ab29-a11ccef1e0c1,4e5380ac-3832-409c-a269-05f3091fe4e2,b0a535d7-2578-48eb-8346-156775b72370
3699598b-3b6e-49ae-a91a-7cf3321f2a5b,15.0,Lapped,20.0,1:20.778,11.0,1:16.983,18.0,1:17.021,16.0,1:16.530,20.0,76.223,20.0,1:16.222,,,,,,,15.0,5.0,83.28444117647058,84.67945454545456,82.80689124063593,0.4775499358346451,0.7602100967334414,-0.7602100967334414,25.0,323.0,25.333333333333332,8.0,18.0,-10.0,10.0,10.0,11.428571428571429,330007bf-f559-4c55-9333-3a916743f434,00572d64-eb7e-4295-89f6-63bf98e32dd4,5329d1c7-092d-448b-8683-771f533b0846
202b47f8-53fd-412e-8f7d-37079c316690,5.0,Finished,5.0,1:20.112,,,5.0,1:16.233,6.0,1:15.793,5.0,75.281,2.0,1:15.281,75.395,5.0,1:15.394,75.481,5.0,1:15.480,5.0,0.0,82.47437681159418,82.38501073537304,82.80689124063593,-0.3325144290417512,-0.5293285734093822,0.5293285734093822,75.0,298.0,39.0,20.0,1.0,19.0,8.666666666666666,10.0,10.285714285714286,330007bf-f559-4c55-9333-3a916743f434,5d03531f-db77-4857-b87a-f8bcff470727,152926ec-a176-4064-8f15-f33ab14007fe
659a6a7e-864b-4c21-bc5c-f547206783ed,10.0,Lapped,15.0,1:20.745,7.0,1:16.879,10.0,1:16.519,5.0,1:15.745,15.0,75.782,13.0,1:15.781,76.386,15.0,1:16.385,,,,10.0,5.0,82.8597794117647,82.21496153846154,82.80689124063593,0.0528881711287709,0.0841924973135781,-0.0841924973135781,50.0,326.0,36.5,4.0,6.0,-2.0,12.666666666666666,13.0,12.571428571428571,330007bf-f559-4c55-9333-3a916743f434,7aae5ebe-ca8b-4929-8455-5398e8298f8c,9fa8a5b1-2cd5-4b03-aa5c-136e61562269
33069ac2-df88-43f8-b8bc-058dde98b9e9,20.0,Retired,11.0,1:21.989,6.0,1:16.878,11.0,1:16.566,11.0,1:16.126,11.0,75.75,12.0,1:15.750,75.694,11.0,1:15.694,,,,20.0,-9.0,83.97487234042553,84.18692111292962,82.80689124063593,1.1679810997896,1.8593050867068448,-1.8593050867068448,0.0,320.0,38.5,12.0,2.0,10.0,11.333333333333334,11.0,11.142857142857142,330007bf-f559-4c55-9333-3a916743f434,d8ecbab8-5e75-4e30-a814-ab881049ebe8,3c5e6866-d5da-4c64-b255-52d8cc08394b
59bd060d-90d8-405a-a33b-ae88c37a7d9b,6.0,Finished,7.0,1:20.704,19.0,1:17.652,17.0,1:16.945,9.0,1:15.977,7.0,75.586,6.0,1:15.585,75.687,10.0,1:15.686,75.725,7.0,1:15.724,6.0,1.0,82.56036231884059,82.66010671936759,82.80689124063593,-0.2465289217953454,-0.392448540817151,0.392448540817151,70.0,315.0,36.5,19.0,6.0,13.0,15.666666666666666,16.6,14.571428571428571,330007bf-f559-4c55-9333-3a916743f434,0b21b2b3-8d74-445c-acc7-e2dac1e323dd,d4c5726f-839a-49c0-97db-88b3fc09b451
85978e2b-de18-46e7-ac54-caac7fd8c8ef,18.0,Lapped,14.0,1:20.826,18.0,1:17.463,20.0,1:17.159,13.0,1:16.246,14.0,75.875,15.0,1:15.875,76.159,14.0,1:16.159,,,,18.0,-4.0,83.40610294117647,84.15902500000001,82.80689124063593,0.5992117005405362,0.9538830405988372,-0.9538830405988372,5.000000000000004,321.0,23.666666666666668,11.0,20.0,-9.0,13.333333333333334,15.8,16.285714285714285,330007bf-f559-4c55-9333-3a916743f434,217ff409-a898-4f8b-9323-7763902509c9,74ba499d-84cf-49bd-9012-fde4bc87ff1b
48a69919-f756-457c-ada7-da9836031ab1,19.0,Lapped,17.0,1:21.433,13.0,1:17.123,19.0,1:17.043,18.0,1:16.569,17.0,75.966,17.0,1:15.965,,,,,,,19.0,-2.0,83.38772058823531,85.68679999999999,82.80689124063593,0.5808293475993764,0.9246202363160492,-0.9246202363160492,19.999999999999996,322.0,38.5,10.0,2.0,8.0,15.0,11.6,12.714285714285714,330007bf-f559-4c55-9333-3a916743f434,9218ccac-0d8c-4836-9f4b-082a2c542f68,74ba499d-84cf-49bd-9012-fde4bc87ff1b
ff1a0a63-77fa-477b-b2aa-ffded6f9780a,11.0,Lapped,10.0,1:20.802,4.0,1:16.680,8.0,1:16.427,20.0,1:16.956,10.0,75.516,3.0,1:15.516,75.469,7.0,1:15.468,75.915,10.0,1:15.915,11.0,-1.0,82.8860882352941,84.6604,82.80689124063593,0.0791969946581616,0.1260734228031092,-0.1260734228031092,40.0,318.0,37.5,14.0,5.0,9.0,9.333333333333334,11.6,11.428571428571429,330007bf-f559-4c55-9333-3a916743f434,5933eb18-734c-4a98-806c-dd676c9ae731,871d7bb6-5c31-4735-8150-fb52d48e1cde
9e566dcf-28d8-42cd-ab8a-954f57c8c060,12.0,Lapped,12.0,1:20.022,5.0,1:16.733,6.0,1:16.328,4.0,1:15.683,12.0,75.733,10.0,1:15.733,75.702,12.0,1:15.701,,,,12.0,0.0,82.8838823529412,82.61705392156864,82.80689124063593,0.0769911123052651,0.1225618862892425,-0.1225618862892425,44.99999999999999,323.0,36.0,8.0,9.0,-1.0,10.0,7.8,7.285714285714286,330007bf-f559-4c55-9333-3a916743f434,d71626b8-a508-4371-a966-503f36ebb8d0,f75df3f3-ce57-4ad4-a349-b6528762787f
50c34ae4-2b39-442c-9beb-79b791ccfec6,13.0,Lapped,19.0,1:20.013,,,12.0,1:16.680,10.0,1:16.025,19.0,76.081,19.0,1:16.081,,,,,,,13.0,6.0,83.17933823529414,83.44653365384616,82.80689124063593,0.3724469946582047,0.5928970869660671,-0.5928970869660671,35.0,331.0,26.0,1.0,13.0,-12.0,11.333333333333334,11.4,11.714285714285714,330007bf-f559-4c55-9333-3a916743f434,d54daa60-c444-4ecb-a83e-c157cdf43e67,d4c5726f-839a-49c0-97db-88b3fc09b451
0081d0dd-4856-4bcb-b139-5f55edde79b5,8.0,Finished,9.0,1:20.456,14.0,1:17.183,15.0,1:16.811,14.0,1:16.370,9.0,75.849,14.0,1:15.849,75.63,9.0,1:15.629,75.821,9.0,1:15.820,8.0,1.0,82.59111594202899,82.29074275362319,82.80689124063593,-0.2157752986069425,-0.3434919540717289,0.3434919540717289,60.0,316.0,34.0,17.0,11.0,6.0,15.0,16.0,13.0,330007bf-f559-4c55-9333-3a916743f434,4d8edae8-dd9a-4376-a1f0-91e4dcaaee1a,871d7bb6-5c31-4735-8150-fb52d48e1cde
8dbd55e0-7a37-4f8e-8630-3538331c2cdb,4.0,Finished,1.0,1:20.439,3.0,1:16.269,3.0,1:16.022,3.0,1:15.314,1.0,75.582,5.0,1:15.581,75.455,6.0,1:15.454,75.372,1.0,1:15.371,4.0,-3.0,82.19415942028984,81.71575927601812,82.80689124063593,-0.6127318203460987,-0.9754056727132584,0.9754056727132584,80.0,316.0,25.666666666666668,17.0,16.0,1.0,10.0,9.6,8.571428571428571,330007bf-f559-4c55-9333-3a916743f434,a1402642-75cf-4196-9db4-b0d5b458a6ae,f75df3f3-ce57-4ad4-a349-b6528762787f
7bebd51f-24d6-4593-8467-53f448a65345,1.0,Finished,3.0,1:19.918,1.0,1:16.052,1.0,1:15.623,2.0,1:14.947,3.0,75.523,4.0,1:15.522,74.89,1.0,1:14.890,75.413,3.0,1:15.412,1.0,2.0,81.61030434782607,82.39754545454547,82.80689124063593,-1.1965868928098615,-1.9048425500112056,1.9048425500112056,95.0,318.0,36.5,14.0,6.0,8.0,12.666666666666666,8.4,7.142857142857143,330007bf-f559-4c55-9333-3a916743f434,b34c803f-2e33-48a4-bffb-499598604cf9,28d5702d-754e-48e3-8648-3414fb816016
cf7770b9-0b3c-4466-b919-985fcdb895e8,16.0,Lapped,18.0,1:21.915,12.0,1:17.004,13.0,1:16.703,17.0,1:16.531,18.0,76.023,18.0,1:16.022,,,,,,,16.0,2.0,83.39842647058822,82.69864705882352,82.80689124063593,0.5915352299522851,0.9416628935303089,-0.9416628935303089,9.999999999999998,318.0,38.0,14.0,4.0,10.0,13.0,12.0,12.0,330007bf-f559-4c55-9333-3a916743f434,93895c43-2842-47df-b7de-f86110fd54b7,3c5e6866-d5da-4c64-b255-52d8cc08394b
d0101011-37ba-44e2-a5e0-e2f3adcab8cb,2.0,Finished,2.0,1:19.412,2.0,1:16.070,2.0,1:15.915,1.0,1:14.915,2.0,75.211,1.0,1:15.210,74.941,2.0,1:14.941,75.398,2.0,1:15.397,2.0,0.0,81.65085507246377,88.2721950947603,82.80689124063593,-1.1560361681721645,-1.8402899912394064,1.8402899912394064,90.0,329.0,26.0,3.0,13.0,-10.0,2.6666666666666665,2.2,4.714285714285714,330007bf-f559-4c55-9333-3a916743f434,d31df4d0-71a1-40fc-bf79-61af13e1acd7,28d5702d-754e-48e3-8648-3414fb816016
a52d55f6-de37-412d-a627-7384e3c6212a,3.0,Finished,4.0,1:19.409,8.0,1:16.924,7.0,1:16.417,8.0,1:15.840,4.0,75.627,7.0,1:15.626,75.201,4.0,1:15.200,75.425,4.0,1:15.424,3.0,1.0,81.95137681159422,81.73784596273293,82.80689124063593,-0.8555144290417189,-1.3618904706205537,1.3618904706205537,85.0,326.0,26.333333333333332,4.0,12.0,-8.0,4.0,4.8,4.428571428571429,330007bf-f559-4c55-9333-3a916743f434,36fa31f7-12df-4f79-8de7-63098bfb8a5b,9fa8a5b1-2cd5-4b03-aa5c-136e61562269
5fefa7ea-10ec-42c5-b3e3-1e50cea24c02,14.0,Lapped,13.0,1:19.790,15.0,1:17.194,16.0,1:16.873,15.0,1:16.441,13.0,75.652,8.0,1:15.652,75.781,13.0,1:15.781,,,,14.0,-1.0,83.24416176470586,82.61302222222221,82.80689124063593,0.4372705240699304,0.6960894399889234,-0.6960894399889234,30.000000000000004,330.0,25.0,2.0,19.0,-17.0,10.333333333333334,12.4,12.142857142857142,330007bf-f559-4c55-9333-3a916743f434,258793ad-e101-47d1-8409-93edc1c8bdd5,5329d1c7-092d-448b-8683-771f533b0846
eaccc3da-b91f-4237-b471-206b5adab9cc,7.0,Finished,6.0,1:20.707,10.0,1:16.957,4.0,1:16.118,7.0,1:15.828,6.0,75.673,9.0,1:15.673,75.129,3.0,1:15.129,75.498,6.0,1:15.498,7.0,-1.0,82.58113043478261,86.98191304347827,82.80689124063593,-0.2257608058533264,-0.3593878486370555,0.3593878486370555,65.0,320.0,35.5,12.0,10.0,2.0,13.0,12.6,13.428571428571429,330007bf-f559-4c55-9333-3a916743f434,bbe763bf-f205-4c4a-b485-51cc69248b5a,152926ec-a176-4064-8f15-f33ab14007fe
ce1fe54e-b033-4900-8449-4931e81f2175,17.0,Lapped,16.0,1:21.180,17.0,1:17.393,9.0,1:16.484,19.0,1:16.878,16.0,75.899,16.0,1:15.899,,,,,,,17.0,-1.0,83.3887794117647,84.10040874635568,82.80689124063593,0.5818881711287673,0.926305773842706,-0.926305773842706,15.000000000000002,324.0,26.0,7.0,13.0,-6.0,10.333333333333334,11.0,11.0,330007bf-f559-4c55-9333-3a916743f434,329fcd08-b140-4524-8bbd-d944b5c5dd1b,b0a535d7-2578-48eb-8346-156775b72370
5193dd73-6bab-4e34-9e19-2c25b0f15dec,9.0,Finished,8.0,1:19.575,9.0,1:16.939,14.0,1:16.790,12.0,1:16.162,8.0,75.736,11.0,1:15.736,75.547,8.0,1:15.546,75.728,8.0,1:15.727,9.0,-1.0,82.63055072463769,85.46414539400666,82.80689124063593,-0.1763405159982483,-0.2807158595692305,0.2807158595692305,55.00000000000001,325.0,25.666666666666668,6.0,16.0,-10.0,1.6666666666666667,3.2,5.0,330007bf-f559-4c55-9333-3a916743f434,4e5380ac-3832-409c-a269-05f3091fe4e2,b0a535d7-2578-48eb-8346-156775b72370
5499f9cf-18b8-4509-a52d-63a006eab2ce,7.0,Finished,14.0,1:21.367,,,7.0,1:20.179,10.0,1:19.719,14.0,79.837,15.0,1:19.837,79.583,14.0,1:19.582,,,,7.0,7.0,83.88482692307693,82.88135384615384,84.16934451353151,-0.284517590454584,-0.3704842055887768,0.3704842055887768,63.1578947368421,363.0,0.0,2.0,19.0,-17.0,8.333333333333334,10.6,11.142857142857142,0cad6a04-f6d4-4b88-b2e1-04aeef40e7f3,00572d64-eb7e-4295-89f6-63bf98e32dd4,5329d1c7-092d-448b-8683-771f533b0846
9b4ddb1b-7fea-4f02-99df-fda270369869,19.0,Retired,9.0,1:23.757,9.0,1:21.114,15.0,1:20.644,12.0,1:19.861,9.0,79.658,6.0,1:19.658,79.362,8.0,1:19.361,79.424,9.0,1:19.424,19.0,-10.0,86.60247826086956,95.111,84.16934451353151,2.433133747338047,3.168301903701352,-3.168301903701352,0.0,351.0,29.0,14.0,7.0,7.0,8.0,8.0,10.0,0cad6a04-f6d4-4b88-b2e1-04aeef40e7f3,5d03531f-db77-4857-b87a-f8bcff470727,152926ec-a176-4064-8f15-f33ab14007fe
2561169f-c703-45a7-a1e6-4d03f23d0396,9.0,Finished,7.0,1:21.968,5.0,1:20.939,19.0,1:21.367,9.0,1:19.695,7.0,79.747,11.0,1:19.746,79.245,2.0,1:19.245,79.2,7.0,1:19.200,9.0,-2.0,83.98848076923076,84.0900376602564,84.16934451353151,-0.1808637443007512,-0.2355114863724796,0.2355114863724796,57.89473684210527,358.0,28.0,6.0,11.0,-5.0,15.0,12.8,11.285714285714286,0cad6a04-f6d4-4b88-b2e1-04aeef40e7f3,7aae5ebe-ca8b-4929-8455-5398e8298f8c,9fa8a5b1-2cd5-4b03-aa5c-136e61562269
cb2532cf-4f79-4477-a74b-4d3a19c8af9a,12.0,Finished,11.0,1:21.819,19.0,1:22.058,14.0,1:20.606,17.0,1:20.209,11.0,79.688,8.0,1:19.688,79.446,11.0,1:19.445,,,,12.0,-1.0,84.26344230769232,83.64847115384616,84.16934451353151,0.0940977941608025,0.1225293187026549,-0.1225293187026549,36.8421052631579,363.0,30.0,2.0,3.0,-1.0,14.333333333333334,13.0,12.428571428571429,0cad6a04-f6d4-4b88-b2e1-04aeef40e7f3,d8ecbab8-5e75-4e30-a814-ab881049ebe8,3c5e6866-d5da-4c64-b255-52d8cc08394b
947355f9-4d3e-4cc8-ae22-3a19156ed2ff,8.0,Finished,8.0,1:22.138,,,12.0,1:20.474,6.0,1:19.558,8.0,79.688,7.0,1:19.688,79.323,7.0,1:19.322,79.39,8.0,1:19.390,8.0,0.0,84.08961538461539,83.70016826923074,84.16934451353151,-0.0797291289161279,-0.1038191801834898,0.1038191801834898,52.63157894736843,359.0,26.0,5.0,13.0,-8.0,13.0,14.2,14.285714285714286,0cad6a04-f6d4-4b88-b2e1-04aeef40e7f3,0b21b2b3-8d74-445c-acc7-e2dac1e323dd,d4c5726f-839a-49c0-97db-88b3fc09b451
05fc28e7-e207-4ba9-adb8-477f4f2faca6,17.0,Lapped,18.0,1:22.239,,,20.0,1:21.563,14.0,1:20.034,18.0,79.992,18.0,1:19.992,,,,,,,17.0,1.0,84.65590196078432,84.37602723311548,84.16934451353151,0.4865574472528067,0.6335701389525633,-0.6335701389525633,10.526315789473683,350.0,30.0,15.0,3.0,12.0,15.0,15.6,16.0,0cad6a04-f6d4-4b88-b2e1-04aeef40e7f3,217ff409-a898-4f8b-9323-7763902509c9,74ba499d-84cf-49bd-9012-fde4bc87ff1b
b205887b-aee1-49d0-bcc6-2357eabc974f,16.0,Lapped,19.0,1:22.185,18.0,1:21.653,18.0,1:21.102,18.0,1:20.246,19.0,80.103,19.0,1:20.102,,,,,,,16.0,3.0,84.59776470588237,83.78474331550802,84.16934451353151,0.4284201923508561,0.5578667890716373,-0.5578667890716373,15.789473684210533,345.0,31.0,18.0,1.0,17.0,16.333333333333332,14.0,13.571428571428571,0cad6a04-f6d4-4b88-b2e1-04aeef40e7f3,9218ccac-0d8c-4836-9f4b-082a2c542f68,74ba499d-84cf-49bd-9012-fde4bc87ff1b
5b47f75d-4ca6-42ee-ad37-acfd32114057,10.0,Finished,16.0,1:22.132,10.0,1:21.158,11.0,1:20.382,8.0,1:19.602,16.0,79.917,16.0,1:19.917,,,,,,,10.0,6.0,84.10265384615384,84.9236955128205,84.16934451353151,-0.0666906673776708,-0.086841164667974,0.086841164667974,47.36842105263158,361.0,26.0,4.0,13.0,-9.0,7.666666666666667,11.2,11.285714285714286,0cad6a04-f6d4-4b88-b2e1-04aeef40e7f3,5933eb18-734c-4a98-806c-dd676c9ae731,871d7bb6-5c31-4735-8150-fb52d48e1cde
370b24d6-4993-4ae9-a3c4-5ae5aab9f801,6.0,Finished,5.0,1:21.546,1.0,1:20.117,5.0,1:20.069,7.0,1:19.597,5.0,79.765,12.0,1:19.765,79.371,9.0,1:19.370,79.124,5.0,1:19.123,6.0,-1.0,83.67853846153847,83.04493575174827,84.16934451353151,-0.4908060519930473,-0.6391024540179827,0.6391024540179827,68.42105263157895,365.0,30.0,1.0,3.0,-2.0,12.0,9.2,8.428571428571429,0cad6a04-f6d4-4b88-b2e1-04aeef40e7f3,d71626b8-a508-4371-a966-503f36ebb8d0,f75df3f3-ce57-4ad4-a349-b6528762787f
95e6aab2-8ad2-408f-9e81-d97c793d0e52,,,12.0,,,,8.0,1:20.240,11.0,1:19.736,12.0,79.777,13.0,1:19.777,79.498,12.0,1:19.498,,,,20.0,-8.0,,,,,,,,,,,,,13.0,10.0,12.285714285714286,0cad6a04-f6d4-4b88-b2e1-04aeef40e7f3,d54daa60-c444-4ecb-a83e-c157cdf43e67,66d63632-f433-4a72-b96e-9c2d3ea9f236
39a1bf1f-68ac-4e5e-9896-42a819eaea47,14.0,Finished,20.0,1:22.777,13.0,1:21.200,17.0,1:20.811,16.0,1:20.132,20.0,80.279,20.0,1:20.278,,,,,,,14.0,6.0,84.48311538461539,85.97466666666666,84.16934451353151,0.3137708710838751,0.4085763264221229,-0.4085763264221229,31.57894736842105,352.0,23.5,12.0,18.0,-6.0,11.333333333333334,14.4,13.285714285714286,0cad6a04-f6d4-4b88-b2e1-04aeef40e7f3,4d8edae8-dd9a-4376-a1f0-91e4dcaaee1a,871d7bb6-5c31-4735-8150-fb52d48e1cde
a4d7f283-559e-49f1-8fa2-34691d07c516,4.0,Finished,4.0,1:21.293,2.0,1:20.286,2.0,1:19.960,2.0,1:19.352,4.0,79.689,9.0,1:19.688,79.31,6.0,1:19.310,79.007,4.0,1:19.007,4.0,0.0,83.49363461538464,83.50767455621302,84.16934451353151,-0.6757098981468772,-0.8798747536960443,0.8798747536960443,78.94736842105263,355.0,26.0,10.0,13.0,-3.0,9.666666666666666,9.6,8.714285714285714,0cad6a04-f6d4-4b88-b2e1-04aeef40e7f3,a1402642-75cf-4196-9db4-b0d5b458a6ae,f75df3f3-ce57-4ad4-a349-b6528762787f
e66562b0-2b01-45ba-b39c-e72ce23816f2,2.0,Finished,2.0,1:20.900,6.0,1:21.021,1.0,1:19.878,1.0,1:19.331,2.0,79.517,3.0,1:19.516,79.293,5.0,1:19.293,78.869,2.0,1:18.868,2.0,0.0,83.38657692307692,82.73018205128204,84.16934451353151,-0.782767590454597,-1.0192797866974204,1.0192797866974204,89.47368421052632,340.0,25.5,19.0,16.0,3.0,7.0,8.0,7.142857142857143,0cad6a04-f6d4-4b88-b2e1-04aeef40e7f3,b34c803f-2e33-48a4-bffb-499598604cf9,28d5702d-754e-48e3-8648-3414fb816016
153d5410-eaab-46df-8b2c-25dee2a278bc,15.0,Lapped,15.0,1:22.891,,,16.0,1:20.653,20.0,1:20.304,15.0,79.816,14.0,1:19.816,79.707,15.0,1:19.706,,,,15.0,0.0,84.57403921568627,84.14950980392157,84.16934451353151,0.4046947021547566,0.5269726732685959,-0.5269726732685959,21.052631578947366,350.0,26.5,15.0,12.0,3.0,15.333333333333334,13.6,12.857142857142858,0cad6a04-f6d4-4b88-b2e1-04aeef40e7f3,93895c43-2842-47df-b7de-f86110fd54b7,3c5e6866-d5da-4c64-b255-52d8cc08394b
655c32f1-34f1-4b2e-a022-61548a35ad07,3.0,Finished,3.0,1:21.245,,,4.0,1:20.058,3.0,1:19.495,3.0,79.711,10.0,1:19.710,79.286,3.0,1:19.286,78.982,3.0,1:18.981,3.0,0.0,83.41699999999999,83.88069935897435,84.16934451353151,-0.7523445135315256,-0.9796644171612106,0.9796644171612106,84.21052631578947,354.0,29.0,11.0,7.0,4.0,2.0,2.4,4.714285714285714,0cad6a04-f6d4-4b88-b2e1-04aeef40e7f3,d31df4d0-71a1-40fc-bf79-61af13e1acd7,28d5702d-754e-48e3-8648-3414fb816016
76cf5781-6894-4f50-b7d9-ebe2670f0259,5.0,Finished,6.0,1:21.799,8.0,1:21.109,10.0,1:20.275,5.0,1:19.515,6.0,79.414,1.0,1:19.414,79.287,4.0,1:19.287,79.157,6.0,1:19.156,5.0,1.0,83.62113461538462,84.20497727272726,84.16934451353151,-0.5482098981468937,-0.713850796663753,0.713850796663753,73.6842105263158,350.0,25.0,15.0,17.0,-2.0,4.666666666666667,5.0,4.142857142857143,0cad6a04-f6d4-4b88-b2e1-04aeef40e7f3,36fa31f7-12df-4f79-8de7-63098bfb8a5b,9fa8a5b1-2cd5-4b03-aa5c-136e61562269
f4030960-333c-4146-bed9-83c15ce96411,11.0,Finished,13.0,1:21.739,3.0,1:20.650,3.0,1:19.974,13.0,1:19.906,13.0,79.644,5.0,1:19.644,79.528,13.0,1:19.528,,,,11.0,2.0,84.16096153846154,83.78866666666666,84.16934451353151,-0.0083829750699777,-0.0109158799436936,0.0109158799436936,42.10526315789473,358.0,29.0,6.0,7.0,-1.0,11.666666666666666,11.4,11.285714285714286,0cad6a04-f6d4-4b88-b2e1-04aeef40e7f3,258793ad-e101-47d1-8409-93edc1c8bdd5,5329d1c7-092d-448b-8683-771f533b0846
ae07fb25-ed43-426f-b5bc-ee752bd087b9,18.0,Lapped,17.0,1:22.164,15.0,1:21.295,13.0,1:20.528,19.0,1:20.246,17.0,79.948,17.0,1:19.947,,,,,,,18.0,-1.0,84.69980392156862,99.596,84.16934451353151,0.5304594080371032,0.6907370193516718,-0.6907370193516718,5.263157894736848,358.0,30.5,6.0,2.0,4.0,9.666666666666666,10.6,12.428571428571429,0cad6a04-f6d4-4b88-b2e1-04aeef40e7f3,bbe763bf-f205-4c4a-b485-51cc69248b5a,152926ec-a176-4064-8f15-f33ab14007fe
2b21c383-14ad-45cc-8278-95ff82dd0995,13.0,Finished,10.0,1:22.712,14.0,1:21.292,9.0,1:20.269,15.0,1:20.058,10.0,79.619,4.0,1:19.618,79.433,10.0,1:19.433,79.519,10.0,1:19.519,13.0,-3.0,84.49515384615384,83.37425,84.16934451353151,0.3258093326223275,0.4242521932550261,-0.4242521932550261,26.315789473684216,356.0,29.5,9.0,6.0,3.0,12.0,12.6,11.142857142857142,0cad6a04-f6d4-4b88-b2e1-04aeef40e7f3,329fcd08-b140-4524-8bbd-d944b5c5dd1b,b0a535d7-2578-48eb-8346-156775b72370
0ceba1c7-7f80-429f-a6b9-53b67ad0897a,1.0,Finished,1.0,1:21.003,,,6.0,1:20.076,4.0,1:19.498,1.0,79.455,2.0,1:19.454,79.14,1.0,1:19.140,78.792,1.0,1:18.792,1.0,0.0,83.02242307692306,83.71844444444446,84.16934451353151,-1.1469214366084517,-1.4934622377327067,1.4934622377327067,94.73684210526316,352.0,29.0,12.0,7.0,5.0,4.0,3.8,3.7142857142857144,0cad6a04-f6d4-4b88-b2e1-04aeef40e7f3,4e5380ac-3832-409c-a269-05f3091fe4e2,b0a535d7-2578-48eb-8346-156775b72370
f3ad4f03-6b27-46b9-b9dc-a9de222a916c,9.0,Finished,9.0,1:31.125,11.0,1:29.391,11.0,1:29.022,7.0,1:28.554,9.0,88.218,11.0,1:28.218,87.783,10.0,1:27.783,87.615,9.0,1:27.614,9.0,0.0,93.58776923076924,93.39580944055945,93.75395535444947,-0.1661861236802195,-0.2930784374410182,0.2930784374410182,55.00000000000001,336.0,31.0,6.0,13.0,-7.0,9.0,10.4,10.285714285714286,ecdf8fa9-aa91-4b4a-b226-98075a415cde,00572d64-eb7e-4295-89f6-63bf98e32dd4,5329d1c7-092d-448b-8683-771f533b0846
70f4564f-637d-4142-ab3a-325c93f2be19,11.0,Finished,13.0,1:31.769,7.0,1:29.221,17.0,1:29.977,15.0,1:29.772,13.0,88.337,14.0,1:28.337,87.897,13.0,1:27.897,,,,11.0,2.0,93.88976923076922,93.30067857142856,93.75395535444947,0.1358138763197445,0.2395152963022997,-0.2395152963022997,44.99999999999999,322.0,31.5,18.0,11.0,7.0,11.666666666666666,10.0,10.571428571428571,ecdf8fa9-aa91-4b4a-b226-98075a415cde,5d03531f-db77-4857-b87a-f8bcff470727,152926ec-a176-4064-8f15-f33ab14007fe
3b955e94-649c-4d45-aa20-c11f5d8ff4ab,6.0,Finished,6.0,1:30.965,9.0,1:29.284,16.0,1:29.733,13.0,1:29.126,6.0,87.968,8.0,1:27.968,87.639,7.0,1:27.638,87.555,6.0,1:27.555,6.0,0.0,93.20555769230768,93.15047624434388,93.75395535444947,-0.548397662141781,-0.9671296637623592,0.9671296637623592,70.0,318.0,32.5,20.0,5.0,15.0,12.666666666666666,11.4,12.0,ecdf8fa9-aa91-4b4a-b226-98075a415cde,7aae5ebe-ca8b-4929-8455-5398e8298f8c,9fa8a5b1-2cd5-4b03-aa5c-136e61562269
a6814d65-940e-4adf-802e-6e6a34e5926a,10.0,Finished,10.0,1:32.006,18.0,1:30.076,15.0,1:29.653,16.0,1:30.084,10.0,88.228,12.0,1:28.227,87.711,8.0,1:27.710,87.867,10.0,1:27.867,10.0,0.0,93.85071153846155,93.6818846153846,93.75395535444947,0.0967561840120794,0.1706348917409107,-0.1706348917409107,50.0,333.0,30.0,10.0,18.0,-8.0,16.333333333333332,13.2,12.428571428571429,ecdf8fa9-aa91-4b4a-b226-98075a415cde,d8ecbab8-5e75-4e30-a814-ab881049ebe8,3c5e6866-d5da-4c64-b255-52d8cc08394b
6d8b2c10-7b8a-48a8-b4ab-a51273508ef6,19.0,Finished,17.0,1:32.034,20.0,1:30.147,13.0,1:29.334,17.0,1:30.134,17.0,88.622,17.0,1:28.621,,,,,,,19.0,-2.0,94.30750000000002,114.68399999999998,93.75395535444947,0.5535446455505451,0.9762066541967594,-0.9762066541967594,19.999999999999996,343.0,32.0,1.0,7.0,-6.0,10.666666666666666,12.2,13.857142857142858,ecdf8fa9-aa91-4b4a-b226-98075a415cde,0b21b2b3-8d74-445c-acc7-e2dac1e323dd,d4c5726f-839a-49c0-97db-88b3fc09b451
17e7e637-221b-48fa-9376-c982f7cab66e,15.0,Finished,19.0,1:32.685,,,20.0,1:31.659,14.0,1:29.766,19.0,88.877,19.0,1:28.876,,,,,,,15.0,4.0,94.2883653846154,93.98385185185188,93.75395535444947,0.5344100301659154,0.9424616997217812,-0.9424616997217812,25.0,333.0,32.5,10.0,5.0,5.0,16.0,16.0,16.0,ecdf8fa9-aa91-4b4a-b226-98075a415cde,17f18f6c-4cb4-4c5b-9c21-700b77a6ca49,74ba499d-84cf-49bd-9012-fde4bc87ff1b
636553c1-cce1-4996-a077-2570fc0baa84,13.0,Finished,11.0,1:31.819,14.0,1:29.546,9.0,1:28.757,8.0,1:28.602,11.0,88.186,9.0,1:28.186,87.822,11.0,1:27.822,,,,13.0,-2.0,93.97457692307692,94.44835714285712,93.75395535444947,0.2206215686274504,0.3890783608596538,-0.3890783608596538,35.0,325.0,32.0,16.0,7.0,9.0,16.0,16.0,13.285714285714286,ecdf8fa9-aa91-4b4a-b226-98075a415cde,9218ccac-0d8c-4836-9f4b-082a2c542f68,74ba499d-84cf-49bd-9012-fde4bc87ff1b
8b23b7a2-76b3-431a-aa2a-3dc273f7c51e,8.0,Finished,7.0,1:31.316,8.0,1:29.224,3.0,1:28.518,10.0,1:28.786,7.0,88.278,13.0,1:28.278,87.775,9.0,1:27.775,87.569,7.0,1:27.569,8.0,-1.0,93.54217307692306,93.653381270903,93.75395535444947,-0.2117822775264102,-0.3734897812200921,0.3734897812200921,60.0,334.0,33.5,8.0,2.0,6.0,10.0,9.8,11.285714285714286,ecdf8fa9-aa91-4b4a-b226-98075a415cde,5933eb18-734c-4a98-806c-dd676c9ae731,871d7bb6-5c31-4735-8150-fb52d48e1cde
3d2425d2-96e5-4cc6-972d-a20b93ef9869,7.0,Finished,8.0,1:31.406,4.0,1:29.051,4.0,1:28.543,6.0,1:28.524,8.0,87.942,5.0,1:27.941,87.61,6.0,1:27.609,87.61,8.0,1:27.609,7.0,1.0,93.38242307692308,93.4826304945055,93.75395535444947,-0.3715322775263843,-0.6552177579270171,0.6552177579270171,65.0,333.0,33.5,10.0,2.0,8.0,7.333333333333333,9.6,8.142857142857142,ecdf8fa9-aa91-4b4a-b226-98075a415cde,d71626b8-a508-4371-a966-503f36ebb8d0,f75df3f3-ce57-4ad4-a349-b6528762787f
9a7ea20a-6089-42c0-a23f-7e4b485be2af,16.0,Finished,16.0,1:32.572,17.0,1:30.022,12.0,1:29.061,20.0,1:30.620,16.0,88.57,16.0,1:28.569,,,,,,,16.0,0.0,94.3285,,93.75395535444947,0.5745446455505316,1.013241317801408,-1.013241317801408,15.000000000000002,337.0,31.0,5.0,13.0,-8.0,15.0,13.4,12.857142857142858,ecdf8fa9-aa91-4b4a-b226-98075a415cde,d54daa60-c444-4ecb-a83e-c157cdf43e67,d4c5726f-839a-49c0-97db-88b3fc09b451
35182d7f-5ca8-4b86-b246-b0c218ed8f36,17.0,Finished,14.0,1:32.043,13.0,1:29.536,5.0,1:28.558,12.0,1:29.103,14.0,88.554,15.0,1:28.554,87.906,14.0,1:27.906,,,,17.0,-3.0,94.35103846153848,97.83487449392712,93.75395535444947,0.5970831070889915,1.0529891435749177,-1.0529891435749177,5.000000000000004,338.0,30.5,3.0,15.0,-12.0,12.0,13.4,14.571428571428571,ecdf8fa9-aa91-4b4a-b226-98075a415cde,4d8edae8-dd9a-4376-a1f0-91e4dcaaee1a,871d7bb6-5c31-4735-8150-fb52d48e1cde
c4783cad-54a4-4d49-a581-d2e1b9816580,4.0,Finished,4.0,1:31.468,3.0,1:28.965,7.0,1:28.585,4.0,1:28.414,4.0,87.92,4.0,1:27.920,87.555,5.0,1:27.555,87.299,4.0,1:27.299,4.0,0.0,93.18671153846157,92.98929487179488,93.75395535444947,-0.5672438159879221,-1.0003659003306322,1.0003659003306322,80.0,319.0,30.5,19.0,15.0,4.0,4.666666666666667,7.6,8.0,ecdf8fa9-aa91-4b4a-b226-98075a415cde,a1402642-75cf-4196-9db4-b0d5b458a6ae,f75df3f3-ce57-4ad4-a349-b6528762787f
ba8e1525-7472-48d5-ab70-e47e695f9d59,2.0,Finished,2.0,1:31.115,1.0,1:28.549,2.0,1:28.162,1.0,1:27.965,2.0,87.845,3.0,1:27.844,87.146,1.0,1:27.146,86.995,2.0,1:26.995,2.0,0.0,92.93548076923078,,93.75395535444947,-0.818474585218695,-1.443425282502285,1.443425282502285,85.0,324.0,32.0,17.0,7.0,10.0,1.6666666666666667,8.2,6.428571428571429,ecdf8fa9-aa91-4b4a-b226-98075a415cde,b34c803f-2e33-48a4-bffb-499598604cf9,28d5702d-754e-48e3-8648-3414fb816016
cd465755-5b1d-4b24-8b45-319086af6dae,18.0,Finished,18.0,1:31.966,19.0,1:30.123,14.0,1:29.507,18.0,1:30.183,18.0,88.696,18.0,1:28.695,,,,,,,18.0,0.0,94.33957692307692,94.83351923076924,93.75395535444947,0.5856215686274595,1.0327760854170678,-1.0327760854170678,9.999999999999998,338.0,31.5,3.0,11.0,-8.0,17.0,14.0,13.0,ecdf8fa9-aa91-4b4a-b226-98075a415cde,93895c43-2842-47df-b7de-f86110fd54b7,3c5e6866-d5da-4c64-b255-52d8cc08394b
706dd60d-fe4d-4b4a-8d8e-e4419ac891b2,3.0,Finished,3.0,1:31.039,15.0,1:29.707,1.0,1:28.114,2.0,1:27.990,3.0,87.687,1.0,1:27.686,87.507,4.0,1:27.507,87.027,3.0,1:27.027,3.0,0.0,92.93519230769232,105.91913461538462,93.75395535444947,-0.818763046757141,-1.4439340004089152,1.4439340004089152,90.0,335.0,32.0,7.0,7.0,0.0,2.6666666666666665,2.6,2.2857142857142856,ecdf8fa9-aa91-4b4a-b226-98075a415cde,d31df4d0-71a1-40fc-bf79-61af13e1acd7,28d5702d-754e-48e3-8648-3414fb816016
84dc019d-fc6c-4d8b-867f-85344fbb068d,5.0,Finished,5.0,1:31.356,2.0,1:28.712,6.0,1:28.566,3.0,1:28.076,5.0,87.843,2.0,1:27.843,87.4,2.0,1:27.400,87.318,5.0,1:27.317,5.0,0.0,93.19923076923077,92.66284615384616,93.75395535444947,-0.5547245852187075,-0.9782875431817216,0.9782875431817216,75.0,330.0,33.0,15.0,4.0,11.0,5.0,4.0,4.571428571428571,ecdf8fa9-aa91-4b4a-b226-98075a415cde,36fa31f7-12df-4f79-8de7-63098bfb8a5b,9fa8a5b1-2cd5-4b03-aa5c-136e61562269
872839a7-344e-4b8f-8261-5f68784631e5,14.0,Finished,12.0,1:31.105,10.0,1:29.332,10.0,1:28.831,11.0,1:28.846,12.0,88.209,10.0,1:28.209,87.836,12.0,1:27.835,,,,14.0,-2.0,94.17126923076924,93.29916346153848,93.75395535444947,0.4173138763197528,0.7359561441458966,-0.7359561441458966,30.000000000000004,341.0,30.0,2.0,18.0,-16.0,11.0,11.2,12.428571428571429,ecdf8fa9-aa91-4b4a-b226-98075a415cde,258793ad-e101-47d1-8409-93edc1c8bdd5,5329d1c7-092d-448b-8683-771f533b0846
acd6c3fc-d809-427d-9e03-15010cab4703,20.0,Lapped,20.0,1:32.052,16.0,1:29.757,19.0,1:30.844,19.0,1:30.266,20.0,89.271,20.0,1:29.271,,,,,,,20.0,0.0,94.78056862745096,94.8894794275492,93.75395535444947,1.0266132730014874,1.810489391319124,-1.810489391319124,0.0,334.0,21.0,8.0,20.0,-12.0,13.333333333333334,12.8,12.571428571428571,ecdf8fa9-aa91-4b4a-b226-98075a415cde,bbe763bf-f205-4c4a-b485-51cc69248b5a,152926ec-a176-4064-8f15-f33ab14007fe
5020aeae-e33e-45da-9276-4f88e2a3649f,12.0,Finished,15.0,1:31.870,6.0,1:29.171,18.0,1:30.625,9.0,1:28.784,15.0,87.967,7.0,1:27.966,88.0,15.0,1:28.000,,,,12.0,3.0,93.89465384615386,106.3196923076923,93.75395535444947,0.1406984917043843,0.2481295861884112,-0.2481295861884112,40.0,333.0,30.5,10.0,15.0,-5.0,13.333333333333334,12.2,12.142857142857142,ecdf8fa9-aa91-4b4a-b226-98075a415cde,329fcd08-b140-4524-8bbd-d944b5c5dd1b,b0a535d7-2578-48eb-8346-156775b72370
21ac5758-f4ca-4356-9df4-f8272b12779e,1.0,Finished,1.0,1:31.040,5.0,1:29.064,8.0,1:28.670,5.0,1:28.496,1.0,87.943,6.0,1:27.942,87.502,3.0,1:27.501,86.983,1.0,1:26.983,1.0,0.0,92.92803846153848,92.24774999999998,93.75395535444947,-0.8259168929109961,-1.456550204494039,1.456550204494039,95.0,333.0,34.0,10.0,1.0,9.0,3.6666666666666665,3.0,3.7142857142857144,ecdf8fa9-aa91-4b4a-b226-98075a415cde,4e5380ac-3832-409c-a269-05f3091fe4e2,b0a535d7-2578-48eb-8346-156775b72370
3b5bc39b-a214-4eac-9545-44f07da62408,16.0,Retired,16.0,1:35.183,2.0,1:34.968,8.0,1:34.066,3.0,1:34.875,16.0,116.22,16.0,1:56.219,,,,,,,16.0,0.0,101.648,101.09002040816328,101.76906988453275,-0.1210698845327584,-0.008334051043737,0.008334051043737,5.263157894736848,,,,,,10.333333333333334,8.2,9.857142857142858,8264fcec-c87f-4508-9184-d2706b947a62,00572d64-eb7e-4295-89f6-63bf98e32dd4,5329d1c7-092d-448b-8683-771f533b0846
c11c2bc7-23c1-4f88-8c5e-ad671d66016e,11.0,Finished,7.0,1:35.629,14.0,1:35.745,18.0,1:35.012,9.0,1:35.540,7.0,113.739,3.0,1:53.739,111.865,8.0,1:51.864,109.466,7.0,1:49.465,11.0,-4.0,98.87808163265308,97.1179607535322,101.76906988453275,-2.8909882518796906,-0.1990060843866614,0.1990060843866614,21.052631578947366,,,,,,11.666666666666666,10.8,10.0,8264fcec-c87f-4508-9184-d2706b947a62,5d03531f-db77-4857-b87a-f8bcff470727,152926ec-a176-4064-8f15-f33ab14007fe
dd2414ba-ca0f-4717-87d9-757ad95c813d,3.0,Finished,17.0,1:33.998,10.0,1:35.537,2.0,1:33.631,6.0,1:35.385,17.0,116.314,17.0,1:56.313,,,,,,,3.0,14.0,97.60957142857144,97.75106666666666,101.76906988453275,-4.159498455961327,-0.2863261378509661,0.2863261378509661,89.47368421052632,,,,,,8.333333333333334,12.0,11.285714285714286,8264fcec-c87f-4508-9184-d2706b947a62,7aae5ebe-ca8b-4929-8455-5398e8298f8c,9fa8a5b1-2cd5-4b03-aa5c-136e61562269
70414594-bd12-4a28-8746-15cc88338ea5,10.0,Finished,14.0,1:34.519,16.0,1:35.989,17.0,1:34.986,11.0,1:35.585,14.0,116.016,15.0,1:56.016,113.094,14.0,1:53.093,,,,10.0,4.0,98.60144897959184,97.09199748822606,101.76906988453275,-3.167620904940918,-0.2180485627030001,0.2180485627030001,36.8421052631579,,,,,,14.0,13.0,12.428571428571429,8264fcec-c87f-4508-9184-d2706b947a62,d8ecbab8-5e75-4e30-a814-ab881049ebe8,3c5e6866-d5da-4c64-b255-52d8cc08394b
a59bfe67-ebda-46f7-87d7-32f5b3555951,17.0,Retired,18.0,2:10.426,19.0,1:36.397,20.0,1:35.498,13.0,1:35.737,18.0,116.674,18.0,1:56.674,,,,,,,17.0,1.0,161.626,161.626,101.76906988453275,59.85693011546723,4.120353404390413,-4.120353404390413,0.0,,,,,,11.0,13.2,14.0,8264fcec-c87f-4508-9184-d2706b947a62,0b21b2b3-8d74-445c-acc7-e2dac1e323dd,d4c5726f-839a-49c0-97db-88b3fc09b451
7b6808fb-2d10-4bef-a8ea-81e0eab7c0ca,15.0,Lapped,15.0,1:35.780,20.0,1:36.757,16.0,1:34.823,16.0,1:36.305,15.0,114.847,11.0,1:54.846,113.683,15.0,1:53.683,,,,15.0,0.0,99.29522916666669,98.45863541666664,101.76906988453275,-2.4738407178660964,-0.1702910256860176,0.1702910256860176,10.526315789473683,,,,,,17.0,15.0,16.285714285714285,8264fcec-c87f-4508-9184-d2706b947a62,217ff409-a898-4f8b-9323-7763902509c9,74ba499d-84cf-49bd-9012-fde4bc87ff1b
86051aa6-ebab-4e8d-a60c-1d4178289eba,13.0,Finished,10.0,1:35.674,12.0,1:35.588,12.0,1:34.373,10.0,1:35.561,10.0,114.432,5.0,1:54.432,111.76,7.0,1:51.760,111.54,10.0,1:51.540,13.0,-3.0,98.86936734693876,97.53857692307692,101.76906988453275,-2.8997025375939955,-0.1996059470381623,0.1996059470381623,26.315789473684216,,,,,,16.0,15.6,14.142857142857142,8264fcec-c87f-4508-9184-d2706b947a62,9218ccac-0d8c-4836-9f4b-082a2c542f68,74ba499d-84cf-49bd-9012-fde4bc87ff1b
1086d48a-3eaa-4ae9-9cc0-9d9eef273a9d,6.0,Finished,8.0,1:34.620,7.0,1:35.299,5.0,1:33.893,4.0,1:35.168,8.0,115.613,14.0,1:55.612,111.12,2.0,1:51.120,109.554,8.0,1:49.554,6.0,2.0,98.1270612244898,98.45,101.76906988453275,-3.6420086600429618,-0.2507038491997385,0.2507038491997385,57.89473684210527,,,,,,9.666666666666666,8.2,10.571428571428571,8264fcec-c87f-4508-9184-d2706b947a62,5933eb18-734c-4a98-806c-dd676c9ae731,871d7bb6-5c31-4735-8150-fb52d48e1cde
e1ee663e-f223-4836-97f4-302cb3c15911,8.0,Finished,20.0,1:34.552,11.0,1:35.561,10.0,1:34.126,5.0,1:35.269,20.0,117.115,20.0,1:57.114,,,,,,,8.0,12.0,98.31987755102038,96.28976190476187,101.76906988453275,-3.4491923335123857,-0.2374310100162098,0.2374310100162098,47.36842105263158,,,,,,8.333333333333334,9.8,8.428571428571429,8264fcec-c87f-4508-9184-d2706b947a62,d71626b8-a508-4371-a966-503f36ebb8d0,f75df3f3-ce57-4ad4-a349-b6528762787f
e151a50b-ae1e-4c9f-83ff-8654b7b44cf6,7.0,Finished,11.0,1:34.591,18.0,1:36.170,4.0,1:33.879,17.0,1:36.650,11.0,114.555,7.0,1:54.555,112.781,11.0,1:52.781,,,,7.0,4.0,98.1747142857143,96.34758843537418,101.76906988453275,-3.594355598818467,-0.2474235698291258,0.2474235698291258,52.63157894736843,,,,,,16.333333333333332,15.0,12.285714285714286,8264fcec-c87f-4508-9184-d2706b947a62,d54daa60-c444-4ecb-a83e-c157cdf43e67,d4c5726f-839a-49c0-97db-88b3fc09b451
8d6e4260-8cd7-470c-9eae-cc307253b01b,14.0,Lapped,6.0,1:34.837,13.0,1:35.709,6.0,1:33.900,7.0,1:35.438,6.0,114.828,10.0,1:54.828,111.621,6.0,1:51.620,109.062,6.0,1:49.061,14.0,-8.0,99.28283333333331,120.97252127659574,101.76906988453275,-2.48623655119944,-0.1711443139180865,0.1711443139180865,15.789473684210533,,,,,,13.0,13.0,14.714285714285714,8264fcec-c87f-4508-9184-d2706b947a62,4d8edae8-dd9a-4376-a1f0-91e4dcaaee1a,871d7bb6-5c31-4735-8150-fb52d48e1cde
c7517f8d-e3f1-4c6c-956c-8a197800ce73,4.0,Finished,9.0,1:34.304,1.0,1:34.802,3.0,1:33.763,15.0,1:35.908,9.0,114.814,9.0,1:54.813,111.952,9.0,1:51.951,109.872,9.0,1:49.871,4.0,5.0,97.77051020408166,96.58809183673468,101.76906988453275,-3.998559680451109,-0.2752476440108586,0.2752476440108586,68.42105263157895,,,,,,4.0,7.4,8.0,8264fcec-c87f-4508-9184-d2706b947a62,a1402642-75cf-4196-9db4-b0d5b458a6ae,f75df3f3-ce57-4ad4-a349-b6528762787f
0849493a-39f7-46dc-b575-df49410328e0,19.0,Disqualified,1.0,1:33.965,6.0,1:35.257,1.0,1:33.602,20.0,1:37.111,1.0,115.473,13.0,1:55.472,111.379,4.0,1:51.379,107.934,1.0,1:47.933,19.0,-18.0,97.65316326530612,96.71707142857144,101.76906988453275,-4.115906619226649,-0.2833254197629039,0.2833254197629039,84.21052631578947,,,,,,1.6666666666666667,5.0,6.285714285714286,8264fcec-c87f-4508-9184-d2706b947a62,b34c803f-2e33-48a4-bffb-499598604cf9,28d5702d-754e-48e3-8648-3414fb816016
4c44cc5e-ae9a-4667-939b-8589dc8a2ef2,9.0,Finished,13.0,1:34.557,17.0,1:36.123,19.0,1:35.227,14.0,1:35.816,13.0,114.635,8.0,1:54.635,112.987,13.0,1:52.986,,,,9.0,4.0,98.35232653061225,98.1589246467818,101.76906988453275,-3.4167433539205234,-0.2351973294169473,0.2351973294169473,42.10526315789473,,,,,,16.333333333333332,15.8,14.428571428571429,8264fcec-c87f-4508-9184-d2706b947a62,93895c43-2842-47df-b7de-f86110fd54b7,3c5e6866-d5da-4c64-b255-52d8cc08394b
0594d4a3-e5c9-4b15-9a0d-a0333fa6c936,20.0,Disqualified,5.0,1:34.085,8.0,1:35.450,14.0,1:34.492,19.0,1:37.022,5.0,114.544,6.0,1:54.543,112.126,10.0,1:52.126,108.961,5.0,1:48.960,20.0,-15.0,97.74085714285714,96.8589,101.76906988453275,-4.028212741675631,-0.277288862822638,0.277288862822638,73.6842105263158,,,,,,2.6666666666666665,2.4,2.5714285714285716,8264fcec-c87f-4508-9184-d2706b947a62,d31df4d0-71a1-40fc-bf79-61af13e1acd7,28d5702d-754e-48e3-8648-3414fb816016
355cc1c0-f401-4e9e-9dea-eb7beb8516c9,2.0,Finished,4.0,1:34.591,9.0,1:35.534,7.0,1:34.037,1.0,1:34.054,4.0,113.144,1.0,1:53.144,110.935,1.0,1:50.935,108.803,4.0,1:48.802,2.0,2.0,97.73265306122448,95.8505212121212,101.76906988453275,-4.036416823308286,-0.2778536047099984,0.2778536047099984,78.94736842105263,,,,,,4.333333333333333,4.8,5.0,8264fcec-c87f-4508-9184-d2706b947a62,36fa31f7-12df-4f79-8de7-63098bfb8a5b,9fa8a5b1-2cd5-4b03-aa5c-136e61562269
209b67c2-a4ac-48be-8894-24857f4ed55d,5.0,Finished,3.0,1:34.495,5.0,1:35.179,13.0,1:34.435,12.0,1:35.662,3.0,114.873,12.0,1:54.873,111.144,3.0,1:51.144,108.296,3.0,1:48.296,5.0,-2.0,97.92916326530612,96.64063273568536,101.76906988453275,-3.839906619226639,-0.2643264911940975,0.2643264911940975,63.1578947368421,,,,,,13.0,12.0,11.714285714285714,8264fcec-c87f-4508-9184-d2706b947a62,258793ad-e101-47d1-8409-93edc1c8bdd5,5329d1c7-092d-448b-8683-771f533b0846
33651bd5-3f7c-4a04-be74-3bd826190244,,,12.0,,15.0,1:35.894,11.0,1:34.191,8.0,1:35.533,12.0,114.416,4.0,1:54.415,112.85,12.0,1:52.849,,,,18.0,-6.0,,,,,,,,,,,,,15.0,13.4,13.0,8264fcec-c87f-4508-9184-d2706b947a62,bbe763bf-f205-4c4a-b485-51cc69248b5a,66d63632-f433-4a72-b96e-9c2d3ea9f236
b72f94e3-791a-40f8-ab52-148e66010fc9,12.0,Finished,19.0,1:34.966,3.0,1:35.070,15.0,1:34.691,18.0,1:36.667,19.0,116.798,19.0,1:56.798,,,,,,,12.0,7.0,98.72867346938776,100.01001275510204,101.76906988453275,-3.040396415145011,-0.2092908489572204,0.2092908489572204,31.57894736842105,,,,,,14.0,12.2,12.571428571428571,8264fcec-c87f-4508-9184-d2706b947a62,329fcd08-b140-4524-8bbd-d944b5c5dd1b,b0a535d7-2578-48eb-8346-156775b72370
ef0a9a24-c6be-457c-a14b-53376bba317e,1.0,Finished,2.0,1:33.364,4.0,1:35.108,9.0,1:34.105,2.0,1:34.281,2.0,113.458,2.0,1:53.457,111.593,5.0,1:51.593,108.257,2.0,1:48.257,1.0,1.0,97.27279591836732,,101.76906988453275,-4.496273966165461,-0.309508651844051,0.309508651844051,94.73684210526316,,,,,,3.6666666666666665,2.8,3.0,8264fcec-c87f-4508-9184-d2706b947a62,4e5380ac-3832-409c-a269-05f3091fe4e2,b0a535d7-2578-48eb-8346-156775b72370
a44ef8eb-a450-40e6-8ae2-76ad1dce7e1d,12.0,Lapped,17.0,1:20.480,10.0,1:19.384,19.0,1:18.855,16.0,1:17.993,17.0,77.49,17.0,1:17.489,,,,,,,12.0,5.0,83.85124637681157,83.44655416483677,84.3786354700734,-0.5273890932618315,-0.1744565660817863,0.1744565660817863,35.0,358.0,28.0,2.0,7.0,-5.0,10.666666666666666,10.4,11.0,b29ac769-910e-4809-b3f9-6933f2c3aa92,00572d64-eb7e-4295-89f6-63bf98e32dd4,5329d1c7-092d-448b-8683-771f533b0846
f3413c10-f5b9-4946-a6cd-1e801ecfdc7e,18.0,Retired,14.0,1:21.707,12.0,1:19.471,8.0,1:17.938,20.0,1:18.611,14.0,77.232,12.0,1:17.231,77.103,14.0,1:17.102,,,,18.0,-4.0,84.60769696969697,84.2029191919192,84.3786354700734,0.2290614996235689,0.0757719170844376,-0.0757719170844376,5.000000000000004,353.0,26.5,13.0,12.0,1.0,13.666666666666666,11.4,10.285714285714286,b29ac769-910e-4809-b3f9-6933f2c3aa92,5d03531f-db77-4857-b87a-f8bcff470727,152926ec-a176-4064-8f15-f33ab14007fe
277f2099-7169-404c-bb87-301178af9451,6.0,Finished,6.0,1:20.825,2.0,1:18.486,3.0,1:17.566,7.0,1:17.253,6.0,77.291,15.0,1:17.290,76.773,8.0,1:16.772,76.118,6.0,1:16.117,6.0,0.0,83.39713043478261,83.08353333333335,84.3786354700734,-0.9815050352907946,-0.324674894184443,0.324674894184443,65.0,356.0,20.0,3.0,15.0,-12.0,6.0,9.4,9.428571428571429,b29ac769-910e-4809-b3f9-6933f2c3aa92,7aae5ebe-ca8b-4929-8455-5398e8298f8c,9fa8a5b1-2cd5-4b03-aa5c-136e61562269
6d7b8d62-c657-4527-a187-4df5aa37cec9,4.0,Finished,10.0,1:20.704,,,17.0,1:18.441,17.0,1:18.046,10.0,77.04,8.0,1:17.040,76.787,9.0,1:16.787,76.46,10.0,1:16.459,4.0,6.0,83.2935,83.02657500000001,84.3786354700734,-1.0851354700734106,-0.3589551059383901,0.3589551059383901,70.0,350.0,18.333333333333332,16.0,18.0,-2.0,10.666666666666666,13.8,12.285714285714286,b29ac769-910e-4809-b3f9-6933f2c3aa92,d8ecbab8-5e75-4e30-a814-ab881049ebe8,3c5e6866-d5da-4c64-b255-52d8cc08394b
c1f76797-7379-4949-9a34-98588572ac55,10.0,Finished,16.0,1:21.120,5.0,1:18.915,15.0,1:18.322,10.0,1:17.525,16.0,77.412,16.0,1:17.412,,,,,,,10.0,6.0,83.73078260869563,83.4783043478261,84.3786354700734,-0.6478528613777712,-0.21430512493764,0.21430512493764,50.0,354.0,28.5,9.0,6.0,3.0,14.666666666666666,13.6,13.857142857142858,b29ac769-910e-4809-b3f9-6933f2c3aa92,0b21b2b3-8d74-445c-acc7-e2dac1e323dd,d4c5726f-839a-49c0-97db-88b3fc09b451
eaa4cb03-c059-41ae-91ca-70a71dcfeec5,16.0,Lapped,20.0,1:21.341,9.0,1:19.331,18.0,1:18.721,19.0,1:18.581,20.0,77.67,20.0,1:17.670,,,,,,,16.0,4.0,84.39126086956522,83.94343731884058,84.3786354700734,0.0126253994918101,0.0041763924754856,-0.0041763924754856,19.999999999999996,355.0,29.5,6.0,3.0,3.0,16.666666666666668,15.4,15.714285714285714,b29ac769-910e-4809-b3f9-6933f2c3aa92,217ff409-a898-4f8b-9323-7763902509c9,74ba499d-84cf-49bd-9012-fde4bc87ff1b
ce0e4f50-312b-4cd9-a8ab-db75b75c9b18,15.0,Lapped,18.0,1:22.271,,,20.0,1:19.194,18.0,1:18.412,18.0,77.546,18.0,1:17.546,,,,,,,15.0,3.0,84.46879710144927,84.46354066022545,84.3786354700734,0.0901616313758637,0.0298248272539757,-0.0298248272539757,15.000000000000002,341.0,27.0,18.0,10.0,8.0,14.0,14.8,15.142857142857142,b29ac769-910e-4809-b3f9-6933f2c3aa92,9218ccac-0d8c-4836-9f4b-082a2c542f68,74ba499d-84cf-49bd-9012-fde4bc87ff1b
8073d56b-94a0-4fe3-ad87-f7459ff3a9d3,13.0,Lapped,9.0,1:21.713,11.0,1:19.409,14.0,1:18.281,8.0,1:17.396,9.0,76.733,1.0,1:16.733,76.804,10.0,1:16.804,76.252,9.0,1:16.251,13.0,-4.0,83.96537681159418,84.85831594202898,84.3786354700734,-0.4132586584792221,-0.1367030289078383,0.1367030289078383,25.0,356.0,27.0,3.0,10.0,-7.0,8.0,8.8,9.0,b29ac769-910e-4809-b3f9-6933f2c3aa92,5933eb18-734c-4a98-806c-dd676c9ae731,871d7bb6-5c31-4735-8150-fb52d48e1cde
f136f9f4-5771-4f07-95be-211dbb6c95e2,8.0,Finished,3.0,1:20.600,,,5.0,1:17.691,2.0,1:16.977,3.0,76.736,2.0,1:16.736,76.458,2.0,1:16.457,75.938,3.0,1:15.938,8.0,-5.0,83.54047142857142,83.91149802197802,84.3786354700734,-0.8381640415019831,-0.2772587115696622,0.2772587115696622,60.0,354.0,17.333333333333332,9.0,20.0,-11.0,7.0,7.4,9.0,b29ac769-910e-4809-b3f9-6933f2c3aa92,d71626b8-a508-4371-a966-503f36ebb8d0,f75df3f3-ce57-4ad4-a349-b6528762787f
911fe3b7-12c8-40cb-81aa-137f37fbfa75,19.0,Retired,13.0,1:23.090,3.0,1:18.760,16.0,1:18.347,14.0,1:17.664,13.0,77.251,14.0,1:17.251,77.016,13.0,1:17.016,,,,19.0,-6.0,84.59025,84.08574999999999,84.3786354700734,0.2116145299265923,0.0700005834320057,-0.0700005834320057,9.999999999999998,351.0,60.0,15.0,1.0,14.0,14.333333333333334,13.6,12.857142857142858,b29ac769-910e-4809-b3f9-6933f2c3aa92,d54daa60-c444-4ecb-a83e-c157cdf43e67,d4c5726f-839a-49c0-97db-88b3fc09b451
ea4985c2-aacc-49be-9874-232bde287615,20.0,Retired,15.0,1:25.123,,,11.0,1:18.218,11.0,1:17.552,15.0,76.961,6.0,1:16.960,78.072,15.0,1:18.072,,,,20.0,-5.0,97.037,99.024,84.3786354700734,12.6583645299266,4.187297075948656,-4.187297075948656,0.0,329.0,29.0,20.0,4.0,16.0,15.0,13.4,14.0,b29ac769-910e-4809-b3f9-6933f2c3aa92,4d8edae8-dd9a-4376-a1f0-91e4dcaaee1a,871d7bb6-5c31-4735-8150-fb52d48e1cde
bd86700d-81ae-43a1-908a-750cbcf9b010,2.0,Finished,2.0,1:21.587,1.0,1:18.379,2.0,1:17.545,4.0,1:17.198,2.0,77.024,7.0,1:17.024,76.658,6.0,1:16.658,75.848,2.0,1:15.847,2.0,0.0,83.17850000000001,83.26837959183673,84.3786354700734,-1.2001354700733913,-0.3969962891098473,0.3969962891098473,85.0,331.0,29.0,19.0,4.0,15.0,4.0,4.4,6.571428571428571,b29ac769-910e-4809-b3f9-6933f2c3aa92,a1402642-75cf-4196-9db4-b0d5b458a6ae,f75df3f3-ce57-4ad4-a349-b6528762787f
7ec2ded3-dae6-4c5a-831c-0a0d74410f49,1.0,Finished,1.0,1:20.763,,,4.0,1:17.643,1.0,1:16.632,1.0,76.899,4.0,1:16.899,76.252,1.0,1:16.251,75.586,1.0,1:15.585,1.0,0.0,82.76912857142857,,84.3786354700734,-1.6095068986448382,-0.5324134499746311,0.5324134499746311,95.0,345.0,30.0,17.0,2.0,15.0,7.666666666666667,5.2,8.857142857142858,b29ac769-910e-4809-b3f9-6933f2c3aa92,b34c803f-2e33-48a4-bffb-499598604cf9,28d5702d-754e-48e3-8648-3414fb816016
eee6939b-b37f-483c-bba2-02040eb4499b,9.0,Finished,12.0,1:21.868,7.0,1:19.037,13.0,1:18.266,12.0,1:17.573,12.0,76.948,5.0,1:16.947,76.837,12.0,1:16.837,,,,9.0,3.0,83.75671428571428,83.629,84.3786354700734,-0.6219211843591239,-0.2057271103688609,0.2057271103688609,44.99999999999999,354.0,25.0,9.0,13.0,-4.0,14.0,15.6,13.857142857142858,b29ac769-910e-4809-b3f9-6933f2c3aa92,93895c43-2842-47df-b7de-f86110fd54b7,3c5e6866-d5da-4c64-b255-52d8cc08394b
8be07593-d12a-4368-8b0d-ece1d7fe4dea,5.0,Finished,8.0,1:20.421,4.0,1:18.784,12.0,1:18.231,5.0,1:17.231,8.0,77.158,10.0,1:17.158,76.737,7.0,1:16.736,76.174,8.0,1:16.174,5.0,3.0,83.28557142857143,80.698,84.3786354700734,-1.0930640415019752,-0.3615778210514515,0.3615778210514515,75.0,363.0,19.333333333333332,1.0,16.0,-15.0,8.666666666666666,6.2,5.142857142857143,b29ac769-910e-4809-b3f9-6933f2c3aa92,d31df4d0-71a1-40fc-bf79-61af13e1acd7,28d5702d-754e-48e3-8648-3414fb816016
53207446-39c5-4f1b-88ff-90060a7b6561,7.0,Finished,4.0,1:20.052,,,6.0,1:17.828,3.0,1:17.144,4.0,76.895,3.0,1:16.894,76.537,3.0,1:16.537,76.034,4.0,1:16.034,7.0,-3.0,83.1813623188406,102.554,84.3786354700734,-1.1972731512328068,-0.3960494543680229,0.3960494543680229,80.0,355.0,17.666666666666668,6.0,19.0,-13.0,4.0,4.4,3.857142857142857,b29ac769-910e-4809-b3f9-6933f2c3aa92,36fa31f7-12df-4f79-8de7-63098bfb8a5b,9fa8a5b1-2cd5-4b03-aa5c-136e61562269
0b3ede7a-6703-4389-9992-92426fd362f6,17.0,Retired,7.0,1:20.097,,,9.0,1:17.938,15.0,1:17.801,7.0,77.171,11.0,1:17.171,76.607,5.0,1:16.606,76.172,7.0,1:16.171,17.0,-10.0,83.66687878787877,83.35348789473683,84.3786354700734,-0.7117566821946326,-0.2354440549641671,0.2354440549641671,55.00000000000001,355.0,27.5,6.0,9.0,-3.0,10.0,10.4,10.714285714285714,b29ac769-910e-4809-b3f9-6933f2c3aa92,258793ad-e101-47d1-8409-93edc1c8bdd5,5329d1c7-092d-448b-8683-771f533b0846
df3e0546-3dc4-494f-9d60-f49f8a6545cb,14.0,Lapped,19.0,1:20.593,,,10.0,1:17.953,13.0,1:17.597,19.0,77.606,19.0,1:17.605,,,,,,,14.0,5.0,83.87189855072462,82.9185473084886,84.3786354700734,-0.5067369193487821,-0.1676249736407842,0.1676249736407842,30.000000000000004,354.0,18.666666666666668,9.0,17.0,-8.0,18.666666666666668,15.6,14.571428571428571,b29ac769-910e-4809-b3f9-6933f2c3aa92,bbe763bf-f205-4c4a-b485-51cc69248b5a,152926ec-a176-4064-8f15-f33ab14007fe
6fd10879-43ed-49f2-9d97-2aaab7d867e7,11.0,Finished,11.0,1:21.486,8.0,1:19.090,7.0,1:17.882,9.0,1:17.415,11.0,77.234,13.0,1:17.233,76.816,11.0,1:16.816,,,,11.0,0.0,83.82048571428571,84.20718333333332,84.3786354700734,-0.5581497557876958,-0.18463197475676,0.18463197475676,40.0,356.0,28.0,3.0,7.0,-4.0,12.333333333333334,12.8,12.142857142857142,b29ac769-910e-4809-b3f9-6933f2c3aa92,329fcd08-b140-4524-8bbd-d944b5c5dd1b,b0a535d7-2578-48eb-8346-156775b72370
b69fcd2a-5fbd-4a7a-bc17-7358d116fd30,3.0,Finished,5.0,1:21.108,,,1.0,1:17.391,6.0,1:17.242,5.0,77.076,9.0,1:17.075,76.605,4.0,1:16.605,76.07,5.0,1:16.069,3.0,2.0,83.16865714285716,82.96726564739608,84.3786354700734,-1.2099783272162483,-0.4002522363402992,0.4002522363402992,90.0,353.0,24.0,13.0,14.0,-1.0,1.0,2.6,2.4285714285714284,b29ac769-910e-4809-b3f9-6933f2c3aa92,4e5380ac-3832-409c-a269-05f3091fe4e2,b0a535d7-2578-48eb-8346-156775b72370
a19f006c-b562-4aeb-8a60-8ec29c0b6d9b,20.0,Retired,10.0,1:14.596,4.0,1:12.313,8.0,1:11.918,6.0,1:11.668,10.0,71.629,7.0,1:11.629,70.732,3.0,1:10.731,71.213,10.0,1:11.212,9.0,1.0,79.38977333333334,77.60811897860593,79.68058942210564,-0.2908160887723028,-0.1021013345930645,0.1021013345930645,50.0,340.0,17.333333333333332,6.0,15.0,-9.0,12.333333333333334,11.8,9.857142857142858,b3ee27a7-e15c-4f9a-82f8-99c9150ce5e7,00572d64-eb7e-4295-89f6-63bf98e32dd4,5329d1c7-092d-448b-8683-771f533b0846
2f92ae6c-e3ec-4029-bda2-a865a9263d26,7.0,Finished,7.0,1:15.593,10.0,1:12.727,7.0,1:11.890,12.0,1:12.100,7.0,71.674,8.0,1:11.674,71.182,8.0,1:11.182,70.924,7.0,1:10.924,19.0,-12.0,80.53628571428573,77.60657894736842,79.68058942210564,0.8556962921800846,0.3004226272581808,-0.3004226272581808,5.000000000000004,334.0,25.5,16.0,10.0,6.0,13.333333333333334,12.8,11.857142857142858,b3ee27a7-e15c-4f9a-82f8-99c9150ce5e7,5d03531f-db77-4857-b87a-f8bcff470727,152926ec-a176-4064-8f15-f33ab14007fe
1335f83f-56d1-45ab-9b53-e72ae348e277,3.0,Finished,15.0,1:13.518,11.0,1:12.765,9.0,1:12.001,10.0,1:12.013,15.0,71.88,15.0,1:11.879,,,,,,,18.0,-3.0,80.37204054054055,78.23476013513513,79.68058942210564,0.6914511184349124,0.242758515514412,-0.242758515514412,9.999999999999998,335.0,18.5,15.0,13.0,2.0,5.0,6.8,9.857142857142858,b3ee27a7-e15c-4f9a-82f8-99c9150ce5e7,7aae5ebe-ca8b-4929-8455-5398e8298f8c,9fa8a5b1-2cd5-4b03-aa5c-136e61562269
a193ee36-204d-4ddd-8587-8d3c3f8678b0,11.0,Lapped,17.0,1:14.855,15.0,1:13.328,15.0,1:12.259,16.0,1:12.251,17.0,71.979,17.0,1:11.978,,,,,,,12.0,5.0,79.31472,78.38291000000001,79.68058942210564,-0.3658694221056464,-0.1284514775007094,0.1284514775007094,55.00000000000001,343.0,26.5,2.0,9.0,-7.0,8.0,11.2,11.285714285714286,b3ee27a7-e15c-4f9a-82f8-99c9150ce5e7,d8ecbab8-5e75-4e30-a814-ab881049ebe8,3c5e6866-d5da-4c64-b255-52d8cc08394b
4f81b6ca-7463-4f2a-a82b-c725540095a2,14.0,Lapped,16.0,1:14.884,18.0,1:13.469,14.0,1:12.233,19.0,1:12.600,16.0,71.902,16.0,1:11.902,,,,,,,14.0,2.0,79.42270666666666,78.96414914438503,79.68058942210564,-0.2578827554389846,-0.0905389162271303,0.0905389162271303,40.0,344.0,33.666666666666664,1.0,4.0,-3.0,15.333333333333334,12.0,13.285714285714286,b3ee27a7-e15c-4f9a-82f8-99c9150ce5e7,0b21b2b3-8d74-445c-acc7-e2dac1e323dd,d4c5726f-839a-49c0-97db-88b3fc09b451
42c7d69a-798a-41c2-89c0-fba7fbba7620,13.0,Lapped,20.0,1:15.298,19.0,1:13.819,20.0,1:13.415,20.0,1:12.850,20.0,72.597,20.0,1:12.596,,,,,,,13.0,7.0,79.92506666666667,75.95388169642857,79.68058942210564,0.2444772445610255,0.085832434693321,-0.085832434693321,30.000000000000004,332.0,31.333333333333332,18.0,7.0,11.0,16.0,16.4,15.142857142857142,b3ee27a7-e15c-4f9a-82f8-99c9150ce5e7,217ff409-a898-4f8b-9323-7763902509c9,74ba499d-84cf-49bd-9012-fde4bc87ff1b
d622f4df-bcb0-4a61-9438-5e77dff05e3b,15.0,Lapped,18.0,1:18.054,8.0,1:12.668,17.0,1:12.403,14.0,1:12.194,18.0,71.994,18.0,1:11.993,,,,,,,20.0,-2.0,90.89766666666668,108.723,79.68058942210564,11.21707724456104,3.938154046903107,-3.938154046903107,0.0,326.0,55.0,20.0,1.0,19.0,13.666666666666666,15.2,15.142857142857142,b3ee27a7-e15c-4f9a-82f8-99c9150ce5e7,9218ccac-0d8c-4836-9f4b-082a2c542f68,74ba499d-84cf-49bd-9012-fde4bc87ff1b
592568de-8180-4c8c-ac29-4d05aa684e15,16.0,Lapped,6.0,1:15.980,13.0,1:13.186,6.0,1:11.841,17.0,1:12.271,6.0,71.811,11.0,1:11.811,71.04,7.0,1:11.040,70.923,6.0,1:10.923,6.0,0.0,79.09681578947368,77.35501549030172,79.68058942210564,-0.58377363263196,-0.204954503183048,0.204954503183048,60.0,341.0,19.666666666666668,4.0,11.0,-7.0,9.0,9.6,8.571428571428571,b3ee27a7-e15c-4f9a-82f8-99c9150ce5e7,5933eb18-734c-4a98-806c-dd676c9ae731,871d7bb6-5c31-4735-8150-fb52d48e1cde
e35400a8-3db8-495f-8ae7-7d79cf61868e,6.0,Finished,4.0,1:14.090,9.0,1:12.689,3.0,1:11.459,5.0,1:11.516,4.0,71.575,6.0,1:11.575,70.883,6.0,1:10.882,70.382,4.0,1:10.382,5.0,-1.0,77.86784415584417,76.1261507936508,79.68058942210564,-1.812745266261473,-0.6364287194147281,0.6364287194147281,75.0,337.0,14.666666666666666,12.0,17.0,-5.0,7.666666666666667,8.2,9.285714285714286,b3ee27a7-e15c-4f9a-82f8-99c9150ce5e7,d71626b8-a508-4371-a966-503f36ebb8d0,f75df3f3-ce57-4ad4-a349-b6528762787f
f0c9c5ae-4681-4c6f-840d-c1dabf6a7380,8.0,Finished,13.0,1:15.222,12.0,1:12.978,16.0,1:12.262,13.0,1:12.125,13.0,71.871,14.0,1:11.870,71.596,13.0,1:11.596,,,,16.0,-3.0,80.16798666666666,77.79161538461538,79.68058942210564,0.4873972445610235,0.1711181432799816,-0.1711181432799816,15.000000000000002,342.0,33.666666666666664,3.0,4.0,-1.0,14.0,15.0,14.428571428571429,b3ee27a7-e15c-4f9a-82f8-99c9150ce5e7,d54daa60-c444-4ecb-a83e-c157cdf43e67,d4c5726f-839a-49c0-97db-88b3fc09b451
62bd43af-5507-4634-8598-c8072f7c6e81,19.0,Retired,9.0,1:15.320,17.0,1:13.429,5.0,1:11.822,7.0,1:11.813,9.0,71.818,12.0,1:11.817,71.25,9.0,1:11.250,71.129,9.0,1:11.129,8.0,1.0,79.07981578947367,78.13890820802006,79.68058942210564,-0.6007736326319701,-0.210922958007575,0.210922958007575,65.0,340.0,37.0,6.0,2.0,4.0,17.0,14.6,14.142857142857142,b3ee27a7-e15c-4f9a-82f8-99c9150ce5e7,4d8edae8-dd9a-4376-a1f0-91e4dcaaee1a,871d7bb6-5c31-4735-8150-fb52d48e1cde
1af6a4c7-a1b3-4634-9470-29b060cd652e,5.0,Finished,2.0,1:14.055,1.0,1:11.963,1.0,1:11.355,1.0,1:10.953,2.0,71.229,1.0,1:11.228,70.581,2.0,1:10.581,70.063,2.0,1:10.063,2.0,0.0,77.3051038961039,77.44809174159174,79.68058942210564,-2.3754855260017393,-0.8339987087206332,0.8339987087206332,85.0,336.0,17.333333333333332,13.0,15.0,-2.0,3.3333333333333335,3.6,6.142857142857143,b3ee27a7-e15c-4f9a-82f8-99c9150ce5e7,a1402642-75cf-4196-9db4-b0d5b458a6ae,f75df3f3-ce57-4ad4-a349-b6528762787f
00d713f9-cd65-4130-aa37-7818d344e91c,18.0,Retired,1.0,1:13.221,3.0,1:12.290,4.0,1:11.677,3.0,1:11.246,1.0,71.285,2.0,1:11.284,70.57,1.0,1:10.569,69.954,1.0,1:09.953,1.0,0.0,77.27925974025975,75.78153333333333,79.68058942210564,-2.401329681845894,-0.8430722191108556,0.8430722191108556,95.0,338.0,18.666666666666668,10.0,12.0,-2.0,7.333333333333333,5.0,6.428571428571429,b3ee27a7-e15c-4f9a-82f8-99c9150ce5e7,b34c803f-2e33-48a4-bffb-499598604cf9,28d5702d-754e-48e3-8648-3414fb816016
0b2f3b8d-fc33-4aa7-a433-4e2221980dad,9.0,Lapped,8.0,1:15.156,16.0,1:13.394,19.0,1:12.540,18.0,1:12.498,8.0,71.839,13.0,1:11.838,71.262,10.0,1:11.262,70.942,8.0,1:10.941,7.0,1.0,79.07823684210526,78.4341529605263,79.68058942210564,-0.6023525800003853,-0.2114773036569095,0.2114773036569095,70.0,336.0,35.666666666666664,13.0,3.0,10.0,12.0,13.4,13.857142857142858,b3ee27a7-e15c-4f9a-82f8-99c9150ce5e7,93895c43-2842-47df-b7de-f86110fd54b7,3c5e6866-d5da-4c64-b255-52d8cc08394b
0430dc84-40f0-4e9a-a0e6-147961f20537,4.0,Finished,3.0,1:13.745,5.0,1:12.341,2.0,1:11.393,4.0,1:11.397,3.0,71.308,3.0,1:11.308,70.858,4.0,1:10.858,70.129,3.0,1:10.129,3.0,0.0,77.29038961038962,76.28008926862611,79.68058942210564,-2.390199811716016,-0.8391646822242093,0.8391646822242093,90.0,339.0,0.0,9.0,18.0,-9.0,9.333333333333334,6.6,5.285714285714286,b3ee27a7-e15c-4f9a-82f8-99c9150ce5e7,d31df4d0-71a1-40fc-bf79-61af13e1acd7,28d5702d-754e-48e3-8648-3414fb816016
f1d6d5a2-54c3-4b0e-9bd1-7a0dea326bcb,1.0,Finished,14.0,1:13.405,6.0,1:12.481,12.0,1:12.091,11.0,1:12.066,14.0,71.507,5.0,1:11.507,,,,,,,11.0,3.0,79.64813333333335,78.32675282051282,79.68058942210564,-0.0324560887722924,-0.0113948646834206,0.0113948646834206,35.0,330.0,31.0,19.0,8.0,11.0,4.666666666666667,4.4,4.714285714285714,b3ee27a7-e15c-4f9a-82f8-99c9150ce5e7,36fa31f7-12df-4f79-8de7-63098bfb8a5b,9fa8a5b1-2cd5-4b03-aa5c-136e61562269
e7e69898-5433-4cbf-a643-c4bffb0dcc81,10.0,Lapped,11.0,1:13.987,7.0,1:12.534,13.0,1:12.150,8.0,1:11.893,11.0,71.707,9.0,1:11.706,71.362,11.0,1:11.361,,,,10.0,1.0,79.42216,78.1264925490196,79.68058942210564,-0.2584294221056353,-0.0907308430097172,0.0907308430097172,44.99999999999999,334.0,33.666666666666664,16.0,4.0,12.0,12.0,12.2,11.714285714285714,b3ee27a7-e15c-4f9a-82f8-99c9150ce5e7,258793ad-e101-47d1-8409-93edc1c8bdd5,5329d1c7-092d-448b-8683-771f533b0846
9bdafef4-841f-4449-876a-929cd581e7be,17.0,Lapped,19.0,1:14.876,20.0,1:15.635,18.0,1:12.512,15.0,1:12.201,19.0,72.563,19.0,1:12.563,,,,,,,15.0,4.0,80.08293333333334,76.9618025,79.68058942210564,0.4023439112277032,0.1412571445932135,-0.1412571445932135,19.999999999999996,340.0,18.333333333333332,6.0,14.0,-8.0,17.333333333333332,15.4,14.142857142857142,b3ee27a7-e15c-4f9a-82f8-99c9150ce5e7,bbe763bf-f205-4c4a-b485-51cc69248b5a,152926ec-a176-4064-8f15-f33ab14007fe
9ed5a765-c794-4bd2-a1ec-05dfcf9391cb,12.0,Lapped,12.0,1:14.912,14.0,1:13.231,11.0,1:12.072,9.0,1:11.951,12.0,71.8,10.0,1:11.799,71.415,12.0,1:11.415,,,,17.0,-5.0,79.93621333333336,83.56865714285715,79.68058942210564,0.2556239112277154,0.089745868601801,-0.089745868601801,25.0,341.0,0.0,4.0,18.0,-14.0,11.666666666666666,13.0,12.0,b3ee27a7-e15c-4f9a-82f8-99c9150ce5e7,329fcd08-b140-4524-8bbd-d944b5c5dd1b,b0a535d7-2578-48eb-8346-156775b72370
9dfb31da-77d5-4576-81d7-b83ba49b02d0,2.0,Finished,5.0,1:14.230,2.0,1:12.126,10.0,1:12.067,2.0,1:11.233,5.0,71.431,4.0,1:11.430,70.875,5.0,1:10.875,70.669,5.0,1:10.668,4.0,1.0,77.49863636363635,75.79841125541125,79.68058942210564,-2.18195305846929,-0.7660522505120461,0.7660522505120461,80.0,338.0,0.0,10.0,18.0,-8.0,1.6666666666666667,3.0,2.5714285714285716,b3ee27a7-e15c-4f9a-82f8-99c9150ce5e7,4e5380ac-3832-409c-a269-05f3091fe4e2,b0a535d7-2578-48eb-8346-156775b72370
1d7b300c-4774-4c5b-b14b-9503e5322821,,,19.0,1:35.647,,,13.0,1:32.060,11.0,1:30.668,19.0,,,,,,,,,,14.0,5.0,,,,,,,,,,,,,12.333333333333334,10.6,10.428571428571429,d0567348-7c01-4717-a7ee-86af8bc68b73,00572d64-eb7e-4295-89f6-63bf98e32dd4,66d63632-f433-4a72-b96e-9c2d3ea9f236
b96eac5c-ac6a-4933-b245-6c8933722ca6,,,10.0,1:35.861,1.0,1:31.115,4.0,1:30.876,15.0,1:30.923,10.0,90.745,13.0,1:30.745,90.054,9.0,1:30.054,89.955,10.0,1:29.954,7.0,3.0,,,,,,,,,,,,,16.0,15.6,13.428571428571429,d0567348-7c01-4717-a7ee-86af8bc68b73,5d03531f-db77-4857-b87a-f8bcff470727,66d63632-f433-4a72-b96e-9c2d3ea9f236
d387e4ac-b166-4121-9121-5dc640d8f462,,,4.0,1:35.302,14.0,1:32.399,18.0,1:32.718,4.0,1:30.236,4.0,90.036,5.0,1:30.036,89.649,3.0,1:29.649,89.537,4.0,1:29.537,5.0,-1.0,,,,,,,,,,,,,9.0,8.4,10.142857142857142,d0567348-7c01-4717-a7ee-86af8bc68b73,7aae5ebe-ca8b-4929-8455-5398e8298f8c,66d63632-f433-4a72-b96e-9c2d3ea9f236
0b1ba4c8-c2cb-4ebb-8df6-dbafaaba2ccd,,,9.0,1:36.200,16.0,1:32.537,12.0,1:31.710,14.0,1:30.799,9.0,90.42,9.0,1:30.420,90.076,10.0,1:30.075,89.868,9.0,1:29.867,9.0,0.0,,,,,,,,,,,,,8.666666666666666,9.6,12.142857142857142,d0567348-7c01-4717-a7ee-86af8bc68b73,d8ecbab8-5e75-4e30-a814-ab881049ebe8,66d63632-f433-4a72-b96e-9c2d3ea9f236
ad326748-b953-4a2e-bb0d-4c8d333f0d5d,,,14.0,1:37.126,17.0,1:32.611,15.0,1:32.319,12.0,1:30.697,14.0,90.82,14.0,1:30.819,,,,,,,17.0,-3.0,,,,,,,,,,,,,13.666666666666666,13.6,13.142857142857142,d0567348-7c01-4717-a7ee-86af8bc68b73,0b21b2b3-8d74-445c-acc7-e2dac1e323dd,66d63632-f433-4a72-b96e-9c2d3ea9f236
13be0027-3b18-4ed4-97f3-f95b39082d90,,,16.0,1:37.182,19.0,1:33.323,19.0,1:33.138,16.0,1:31.046,16.0,90.982,16.0,1:30.981,,,,,,,16.0,0.0,,,,,,,,,,,,,14.666666666666666,15.8,15.142857142857142,d0567348-7c01-4717-a7ee-86af8bc68b73,217ff409-a898-4f8b-9323-7763902509c9,66d63632-f433-4a72-b96e-9c2d3ea9f236
bced6017-ce85-48b8-b3ad-22e389b76269,,,18.0,1:34.572,13.0,1:32.378,16.0,1:32.457,19.0,1:31.643,18.0,91.261,18.0,1:31.260,,,,,,,19.0,-1.0,,,,,,,,,,,,,16.0,15.4,15.571428571428571,d0567348-7c01-4717-a7ee-86af8bc68b73,9218ccac-0d8c-4836-9f4b-082a2c542f68,66d63632-f433-4a72-b96e-9c2d3ea9f236
240be105-db97-485c-82eb-e406170a7d69,,,8.0,1:36.938,7.0,1:31.754,2.0,1:30.846,7.0,1:30.489,8.0,90.214,6.0,1:30.213,90.016,8.0,1:30.016,89.846,8.0,1:29.846,11.0,-3.0,,,,,,,,,,,,,8.333333333333334,8.6,9.0,d0567348-7c01-4717-a7ee-86af8bc68b73,5933eb18-734c-4a98-806c-dd676c9ae731,66d63632-f433-4a72-b96e-9c2d3ea9f236
b55978e8-1861-4888-86de-6b3c6fc4b396,,,6.0,1:33.808,4.0,1:31.480,10.0,1:31.490,8.0,1:30.558,6.0,89.765,1.0,1:29.765,89.936,7.0,1:29.936,89.688,6.0,1:29.688,8.0,-2.0,,,,,,,,,,,,,7.0,6.8,7.142857142857143,d0567348-7c01-4717-a7ee-86af8bc68b73,d71626b8-a508-4371-a966-503f36ebb8d0,66d63632-f433-4a72-b96e-9c2d3ea9f236
3c391916-2d87-4aef-afed-b7b41c912e79,,,11.0,1:35.403,12.0,1:32.314,14.0,1:32.069,9.0,1:30.637,11.0,90.715,12.0,1:30.715,90.141,11.0,1:30.141,,,,20.0,-9.0,,,,,,,,,,,,,14.0,15.6,14.714285714285714,d0567348-7c01-4717-a7ee-86af8bc68b73,d54daa60-c444-4ecb-a83e-c157cdf43e67,66d63632-f433-4a72-b96e-9c2d3ea9f236
bd1aef1b-9fb7-49ed-b127-027da3ce61d1,,,12.0,1:35.641,15.0,1:32.460,17.0,1:32.644,20.0,1:33.628,12.0,90.681,11.0,1:30.680,90.32,12.0,1:30.319,,,,15.0,-3.0,,,,,,,,,,,,,14.0,14.6,13.571428571428571,d0567348-7c01-4717-a7ee-86af8bc68b73,4d8edae8-dd9a-4376-a1f0-91e4dcaaee1a,66d63632-f433-4a72-b96e-9c2d3ea9f236
9242bd88-ffbc-4456-aded-4f517a34a470,,,7.0,1:35.983,2.0,1:31.266,9.0,1:31.465,10.0,1:30.650,7.0,90.37,8.0,1:30.370,89.914,6.0,1:29.914,89.784,7.0,1:29.784,6.0,1.0,,,,,,,,,,,,,2.6666666666666665,3.2,3.7142857142857144,d0567348-7c01-4717-a7ee-86af8bc68b73,a1402642-75cf-4196-9db4-b0d5b458a6ae,66d63632-f433-4a72-b96e-9c2d3ea9f236
9e295e79-610f-4134-82aa-36c64e9c0f3a,,,5.0,1:35.555,6.0,1:31.697,5.0,1:31.197,5.0,1:30.236,5.0,89.932,3.0,1:29.932,89.809,4.0,1:29.808,89.586,5.0,1:29.585,3.0,2.0,,,,,,,,,,,,,7.0,5.0,4.0,d0567348-7c01-4717-a7ee-86af8bc68b73,b34c803f-2e33-48a4-bffb-499598604cf9,66d63632-f433-4a72-b96e-9c2d3ea9f236
ab492864-6037-42d2-9924-d0a83506ed1b,,,17.0,1:36.646,10.0,1:32.128,7.0,1:31.298,13.0,1:30.784,17.0,90.989,17.0,1:30.989,,,,,,,18.0,-1.0,,,,,,,,,,,,,8.333333333333334,11.6,13.428571428571429,d0567348-7c01-4717-a7ee-86af8bc68b73,93895c43-2842-47df-b7de-f86110fd54b7,66d63632-f433-4a72-b96e-9c2d3ea9f236
96d12d23-3203-4bcd-916c-507c96777826,,,3.0,1:35.408,5.0,1:31.480,1.0,1:30.713,2.0,1:30.165,3.0,90.313,7.0,1:30.313,89.813,5.0,1:29.813,89.524,3.0,1:29.524,4.0,-1.0,,,,,,,,,,,,,9.333333333333334,6.8,5.571428571428571,d0567348-7c01-4717-a7ee-86af8bc68b73,d31df4d0-71a1-40fc-bf79-61af13e1acd7,66d63632-f433-4a72-b96e-9c2d3ea9f236
28e8473b-d33a-4252-aadf-7a64d934fb0c,,,1.0,1:35.676,11.0,1:32.138,20.0,1:33.230,3.0,1:30.197,1.0,89.928,2.0,1:29.927,89.562,1.0,1:29.561,89.158,1.0,1:29.158,1.0,0.0,,,,,,,,,,,,,6.666666666666667,6.0,5.714285714285714,d0567348-7c01-4717-a7ee-86af8bc68b73,36fa31f7-12df-4f79-8de7-63098bfb8a5b,66d63632-f433-4a72-b96e-9c2d3ea9f236
09242931-b378-446a-8183-9ee06b6a64e6,,,20.0,1:34.962,8.0,1:31.811,8.0,1:31.299,6.0,1:30.391,20.0,,,,,,,,,,10.0,10.0,,,,,,,,,,,,,10.666666666666666,11.4,11.285714285714286,d0567348-7c01-4717-a7ee-86af8bc68b73,258793ad-e101-47d1-8409-93edc1c8bdd5,66d63632-f433-4a72-b96e-9c2d3ea9f236
527e6e52-c2c4-4cc0-b2e3-3507f1ecc2b2,,,15.0,1:35.850,18.0,1:33.034,6.0,1:31.221,17.0,1:31.260,15.0,90.949,15.0,1:30.948,,,,,,,13.0,2.0,,,,,,,,,,,,,15.666666666666666,17.0,15.285714285714286,d0567348-7c01-4717-a7ee-86af8bc68b73,bbe763bf-f205-4c4a-b485-51cc69248b5a,66d63632-f433-4a72-b96e-9c2d3ea9f236
cea71e80-2b51-4193-8771-49fe1c0f1809,,,13.0,1:36.831,9.0,1:31.859,11.0,1:31.707,18.0,1:31.439,13.0,90.574,10.0,1:30.573,90.353,13.0,1:30.352,,,,12.0,1.0,,,,,,,,,,,,,13.333333333333334,13.0,13.142857142857142,d0567348-7c01-4717-a7ee-86af8bc68b73,329fcd08-b140-4524-8bbd-d944b5c5dd1b,66d63632-f433-4a72-b96e-9c2d3ea9f236
59452331-f23c-45bf-833b-bc095fd77568,,,2.0,1:35.649,3.0,1:31.391,3.0,1:30.856,1.0,1:30.147,2.0,90.028,4.0,1:30.028,89.572,2.0,1:29.572,89.34,2.0,1:29.340,2.0,0.0,,,,,,,,,,,,,2.6666666666666665,2.0,2.857142857142857,d0567348-7c01-4717-a7ee-86af8bc68b73,4e5380ac-3832-409c-a269-05f3091fe4e2,66d63632-f433-4a72-b96e-9c2d3ea9f236
1017f610-e543-4066-bfa4-85770829767c,11.0,Finished,,,,,,,,,,,,,,,,,,,,,90.145125,84.60171428571428,90.210585494228,-0.0654604942279917,-0.0626222866248967,0.0626222866248967,40.0,338.0,13.333333333333334,3.0,19.0,-16.0,,,,d2d07edc-1204-48f3-a4e7-86bbd0a3df8a,00572d64-eb7e-4295-89f6-63bf98e32dd4,5329d1c7-092d-448b-8683-771f533b0846
ece3b5fc-0ba7-4e22-8dd8-49746eeeb901,7.0,Finished,,,,,,,,,,,,,,,,,,,,,90.00416071428572,86.94260714285713,90.210585494228,-0.2064247799422816,-0.1974747042239584,0.1974747042239584,60.0,331.0,25.333333333333332,17.0,5.0,12.0,,,,d2d07edc-1204-48f3-a4e7-86bbd0a3df8a,5d03531f-db77-4857-b87a-f8bcff470727,152926ec-a176-4064-8f15-f33ab14007fe
14da4309-424d-4032-9931-fc4790a5b466,5.0,Finished,,,,,,,,,,,,,,,,,,,,,89.56860714285715,101.88504315476187,90.210585494228,-0.6419783513708524,-0.6141437335701213,0.6141437335701213,70.0,331.0,26.333333333333332,17.0,2.0,15.0,,,,d2d07edc-1204-48f3-a4e7-86bbd0a3df8a,7aae5ebe-ca8b-4929-8455-5398e8298f8c,9fa8a5b1-2cd5-4b03-aa5c-136e61562269
753eac43-1c73-418b-b793-d642ef27e277,19.0,Retired,,,,,,,,,,,,,,,,,,,,,93.47265,92.74717647058824,90.210585494228,3.2620645057720026,3.120629333440089,-3.120629333440089,0.0,334.0,18.25,11.0,13.0,-2.0,,,,d2d07edc-1204-48f3-a4e7-86bbd0a3df8a,d8ecbab8-5e75-4e30-a814-ab881049ebe8,3c5e6866-d5da-4c64-b255-52d8cc08394b
f616a4d6-bef7-4929-bc38-8e44b654c9be,13.0,Finished,,,,,,,,,,,,,,,,,,,,,90.44466071428572,86.81409523809523,90.210585494228,0.2340752200577185,0.2239262885976219,-0.2239262885976219,30.000000000000004,343.0,21.333333333333332,2.0,8.0,-6.0,,,,d2d07edc-1204-48f3-a4e7-86bbd0a3df8a,0b21b2b3-8d74-445c-acc7-e2dac1e323dd,d4c5726f-839a-49c0-97db-88b3fc09b451
0f517a30-31f7-408d-8eec-35d510d0cfba,14.0,Lapped,,,,,,,,,,,,,,,,,,,,,90.59545454545454,86.3455,90.210585494228,0.3848690512265449,0.3681820664998085,-0.3681820664998085,25.0,333.0,22.0,14.0,7.0,7.0,,,,d2d07edc-1204-48f3-a4e7-86bbd0a3df8a,217ff409-a898-4f8b-9323-7763902509c9,74ba499d-84cf-49bd-9012-fde4bc87ff1b
d8403ef0-07c7-46ab-8870-8fc4c111ddf7,16.0,Lapped,,,,,,,,,,,,,,,,,,,,,90.71834545454546,94.83227272727272,90.210585494228,0.5077599603174576,0.4857447250688372,-0.4857447250688372,15.000000000000002,333.0,21.333333333333332,14.0,8.0,6.0,,,,d2d07edc-1204-48f3-a4e7-86bbd0a3df8a,9218ccac-0d8c-4836-9f4b-082a2c542f68,74ba499d-84cf-49bd-9012-fde4bc87ff1b
d84c9705-00e0-4f9b-9cd6-aeb527ad44ca,18.0,Retired,,,,,,,,,,,,,,,,,,,,,91.46675925925926,97.70095386904762,90.210585494228,1.2561737650312637,1.2017091299446014,-1.2017091299446014,5.000000000000004,329.0,23.333333333333332,19.0,6.0,13.0,,,,d2d07edc-1204-48f3-a4e7-86bbd0a3df8a,5933eb18-734c-4a98-806c-dd676c9ae731,871d7bb6-5c31-4735-8150-fb52d48e1cde
03e3b6af-039a-476c-9cde-a49aa28c71fe,12.0,Finished,,,,,,,,,,,,,,,,,,,,,90.35898214285716,85.56130000000002,90.210585494228,0.1483966486291592,0.1419625313591893,-0.1419625313591893,35.0,338.0,20.333333333333332,3.0,11.0,-8.0,,,,d2d07edc-1204-48f3-a4e7-86bbd0a3df8a,d71626b8-a508-4371-a966-503f36ebb8d0,f75df3f3-ce57-4ad4-a349-b6528762787f
936a805a-b5b2-4f84-89ef-3314cce74b90,20.0,Retired,,,,,,,,,,,,,,,,,,,,,88.40400000000001,,90.210585494228,-1.8065854942279884,-1.7282563470709182,1.7282563470709182,95.0,336.0,85.0,8.0,1.0,7.0,,,,d2d07edc-1204-48f3-a4e7-86bbd0a3df8a,d54daa60-c444-4ecb-a83e-c157cdf43e67,d4c5726f-839a-49c0-97db-88b3fc09b451
291a76eb-5d3f-4607-b0a4-c51bcab95d09,9.0,Finished,,,,,,,,,,,,,,,,,,,,,90.05141071428571,85.8284375,90.210585494228,-0.1591747799422904,-0.1522733491483263,0.1522733491483263,50.0,334.0,17.333333333333332,11.0,14.0,-3.0,,,,d2d07edc-1204-48f3-a4e7-86bbd0a3df8a,4d8edae8-dd9a-4376-a1f0-91e4dcaaee1a,871d7bb6-5c31-4735-8150-fb52d48e1cde
41365e83-46b0-4167-a9f5-52b1cedd4556,8.0,Finished,,,,,,,,,,,,,,,,,,,,,90.01257142857142,93.29793548387096,90.210585494228,-0.1980140656565794,-0.1894286580256983,0.1894286580256983,55.00000000000001,338.0,21.333333333333332,3.0,8.0,-5.0,,,,d2d07edc-1204-48f3-a4e7-86bbd0a3df8a,a1402642-75cf-4196-9db4-b0d5b458a6ae,f75df3f3-ce57-4ad4-a349-b6528762787f
cab72718-5f37-404f-af0b-d6f291493ffe,4.0,Finished,,,,,,,,,,,,,,,,,,,,,89.49117857142856,88.35903698979591,90.210585494228,-0.7194069227994362,-0.6882151907160052,0.6882151907160052,75.0,334.0,13.333333333333334,11.0,19.0,-8.0,,,,d2d07edc-1204-48f3-a4e7-86bbd0a3df8a,b34c803f-2e33-48a4-bffb-499598604cf9,28d5702d-754e-48e3-8648-3414fb816016
fe5c26b7-069e-4ced-b23d-fe793d090adf,15.0,Lapped,,,,,,,,,,,,,,,,,,,,,90.6581090909091,114.37735185185186,90.210585494228,0.4475235966810942,0.428120063456294,-0.428120063456294,19.999999999999996,335.0,13.75,10.0,18.0,-8.0,,,,d2d07edc-1204-48f3-a4e7-86bbd0a3df8a,93895c43-2842-47df-b7de-f86110fd54b7,3c5e6866-d5da-4c64-b255-52d8cc08394b
fa605ce1-9352-48c9-8b1b-e14edd83774b,2.0,Finished,,,,,,,,,,,,,,,,,,,,,89.26108928571429,89.15269696969698,90.210585494228,-0.9494962085137076,-0.908328365375715,0.908328365375715,85.0,338.0,14.333333333333334,3.0,16.0,-13.0,,,,d2d07edc-1204-48f3-a4e7-86bbd0a3df8a,d31df4d0-71a1-40fc-bf79-61af13e1acd7,28d5702d-754e-48e3-8648-3414fb816016
b15dc523-3eca-49a6-9f96-a0af15b946ac,6.0,Finished,,,,,,,,,,,,,,,,,,,,,89.89739285714283,115.713875,90.210585494228,-0.3131926370851658,-0.299613367110324,0.299613367110324,65.0,337.0,25.666666666666668,7.0,3.0,4.0,,,,d2d07edc-1204-48f3-a4e7-86bbd0a3df8a,36fa31f7-12df-4f79-8de7-63098bfb8a5b,9fa8a5b1-2cd5-4b03-aa5c-136e61562269
78782ac5-45dd-4edc-8571-a03bb1179c3d,3.0,Finished,,,,,,,,,,,,,,,,,,,,,89.45598214285714,89.51460924369748,90.210585494228,-0.7546033513708608,-0.7218855878641827,0.7218855878641827,80.0,327.0,25.666666666666668,20.0,3.0,17.0,,,,d2d07edc-1204-48f3-a4e7-86bbd0a3df8a,258793ad-e101-47d1-8409-93edc1c8bdd5,5329d1c7-092d-448b-8683-771f533b0846
416dd744-92a7-4fa6-aa7a-9a757f05ac97,17.0,Retired,,,,,,,,,,,,,,,,,,,,,91.05646296296295,87.83661436950148,90.210585494228,0.8458774687349688,0.8092022817941453,-0.8092022817941453,9.999999999999998,336.0,14.0,8.0,17.0,-9.0,,,,d2d07edc-1204-48f3-a4e7-86bbd0a3df8a,bbe763bf-f205-4c4a-b485-51cc69248b5a,152926ec-a176-4064-8f15-f33ab14007fe
262ee56a-f121-4d87-a03c-08f31693f9c6,10.0,Finished,,,,,,,,,,,,,,,,,,,,,90.05410714285713,,90.210585494228,-0.1564783513708647,-0.1496938311527048,0.1496938311527048,44.99999999999999,345.0,15.0,1.0,15.0,-14.0,,,,d2d07edc-1204-48f3-a4e7-86bbd0a3df8a,329fcd08-b140-4524-8bbd-d944b5c5dd1b,b0a535d7-2578-48eb-8346-156775b72370
0b73af0a-5d62-47e2-901c-0ba97edc9a8d,1.0,Finished,,,,,,,,,,,,,,,,,,,,,89.09466071428571,88.12875,90.210585494228,-1.11592477994229,-1.0675409992778306,1.0675409992778306,90.0,332.0,19.666666666666668,16.0,12.0,4.0,,,,d2d07edc-1204-48f3-a4e7-86bbd0a3df8a,4e5380ac-3832-409c-a269-05f3091fe4e2,b0a535d7-2578-48eb-8346-156775b72370
3718b23f-79ba-4b65-8d6b-96d72ee679a9,9.0,Finished,11.0,1:33.477,5.0,1:29.605,10.0,1:29.219,6.0,1:28.388,11.0,88.279,6.0,1:28.278,88.109,11.0,1:28.108,,,,9.0,2.0,97.87718367346936,98.088,97.7420383361678,0.1351453373015516,0.2073488242972718,-0.2073488242972718,44.44444444444444,337.0,22.0,9.0,7.0,2.0,11.666666666666666,12.0,11.714285714285714,dc598e33-9452-45f0-9656-6c4d6836aa12,00572d64-eb7e-4295-89f6-63bf98e32dd4,5329d1c7-092d-448b-8683-771f533b0846
45b15d05-80a3-4d2a-803c-d4e22ee72699,11.0,Finished,13.0,1:33.009,14.0,1:29.975,15.0,1:29.662,14.0,1:28.888,13.0,88.548,12.0,1:28.548,88.303,13.0,1:28.302,,,,11.0,2.0,98.05197959183673,95.49491051805336,97.7420383361678,0.3099412556689316,0.4755321659435101,-0.4755321659435101,27.77777777777778,340.0,21.0,2.0,11.0,-9.0,14.666666666666666,13.2,12.857142857142858,dc598e33-9452-45f0-9656-6c4d6836aa12,5d03531f-db77-4857-b87a-f8bcff470727,152926ec-a176-4064-8f15-f33ab14007fe
5a5afb92-12a4-4065-8913-7707060aa47d,6.0,Finished,5.0,1:32.396,13.0,1:29.933,11.0,1:29.242,10.0,1:28.679,5.0,88.128,4.0,1:28.128,87.798,5.0,1:27.798,87.866,5.0,1:27.865,6.0,-1.0,97.3921224489796,94.43356037414964,97.7420383361678,-0.3499158871882031,-0.5368638627133583,0.5368638627133583,66.66666666666667,331.0,27.0,17.0,1.0,16.0,9.666666666666666,7.6,8.142857142857142,dc598e33-9452-45f0-9656-6c4d6836aa12,7aae5ebe-ca8b-4929-8455-5398e8298f8c,9fa8a5b1-2cd5-4b03-aa5c-136e61562269
6dae3b2f-1330-439e-8f14-9cc1f16b17bc,13.0,Finished,15.0,1:33.237,18.0,1:30.594,16.0,1:29.754,16.0,1:28.989,15.0,88.536,11.0,1:28.536,88.648,15.0,1:28.647,,,,13.0,2.0,97.99616326530612,96.9910589569161,97.7420383361678,0.254124929138328,0.3898951035497905,-0.3898951035497905,33.333333333333336,338.0,18.0,8.0,13.0,-5.0,8.333333333333334,9.0,11.0,dc598e33-9452-45f0-9656-6c4d6836aa12,d8ecbab8-5e75-4e30-a814-ab881049ebe8,3c5e6866-d5da-4c64-b255-52d8cc08394b
422cd5c9-0a8e-4d33-8b90-ea49f11f6da9,18.0,Lapped,20.0,1:34.447,20.0,1:31.037,,,19.0,1:29.409,20.0,89.462,20.0,1:29.462,,,,,,,18.0,2.0,98.66899999999998,95.6445625,97.7420383361678,0.9269616638321878,1.4222052717614575,-1.4222052717614575,5.555555555555558,335.0,0.0,12.0,16.0,-4.0,13.666666666666666,15.4,13.0,dc598e33-9452-45f0-9656-6c4d6836aa12,0b21b2b3-8d74-445c-acc7-e2dac1e323dd,d4c5726f-839a-49c0-97db-88b3fc09b451
e9e9278d-e40c-4954-8412-82200a0f2995,17.0,Lapped,17.0,1:33.150,16.0,1:30.183,17.0,1:29.912,15.0,1:28.897,17.0,88.739,17.0,1:28.739,,,,,,,17.0,0.0,98.7008125,96.10316666666668,97.7420383361678,0.9587741638322028,1.4710140919891337,-1.4710140919891337,0.0,336.0,0.0,10.0,16.0,-6.0,16.0,15.75,15.75,dc598e33-9452-45f0-9656-6c4d6836aa12,17f18f6c-4cb4-4c5b-9c21-700b77a6ca49,74ba499d-84cf-49bd-9012-fde4bc87ff1b
6f7fa2d0-87cb-4765-b2c7-597283ed7f98,,,9.0,,1.0,1:29.239,8.0,1:29.105,8.0,1:28.625,9.0,88.421,10.0,1:28.421,88.025,9.0,1:28.025,88.367,9.0,1:28.367,20.0,-11.0,,,,,,,,,,,,,18.0,16.0,16.428571428571427,dc598e33-9452-45f0-9656-6c4d6836aa12,9218ccac-0d8c-4836-9f4b-082a2c542f68,66d63632-f433-4a72-b96e-9c2d3ea9f236
65e09b31-5f6d-4641-bc8e-e4c2d9ec8000,10.0,Finished,14.0,1:33.257,15.0,1:30.010,12.0,1:29.305,11.0,1:28.769,14.0,88.571,15.0,1:28.570,88.418,14.0,1:28.418,,,,10.0,4.0,97.81283673469387,99.84416326530614,97.7420383361678,0.0707983985260796,0.1086235381081383,-0.1086235381081383,50.0,343.0,21.0,1.0,11.0,-10.0,10.0,8.8,9.285714285714286,dc598e33-9452-45f0-9656-6c4d6836aa12,5933eb18-734c-4a98-806c-dd676c9ae731,871d7bb6-5c31-4735-8150-fb52d48e1cde
cf72570b-0e27-467e-ae79-060ba1bd5ec4,7.0,Finished,7.0,1:32.599,8.0,1:29.814,13.0,1:29.370,12.0,1:28.780,7.0,88.372,9.0,1:28.371,88.102,10.0,1:28.102,88.201,7.0,1:28.200,7.0,0.0,97.41544897959186,94.83914650912998,97.7420383361678,-0.326589356575937,-0.5010747722869869,0.5010747722869869,61.111111111111114,335.0,22.5,12.0,5.0,7.0,7.0,7.2,7.714285714285714,dc598e33-9452-45f0-9656-6c4d6836aa12,d71626b8-a508-4371-a966-503f36ebb8d0,f75df3f3-ce57-4ad4-a349-b6528762787f
1319d89e-de97-4933-8b1d-1b2082863ea4,15.0,Lapped,18.0,1:33.445,12.0,1:29.915,9.0,1:29.192,17.0,1:29.219,18.0,88.782,18.0,1:28.781,,,,,,,15.0,3.0,98.42120833333333,95.92091452991453,97.7420383361678,0.6791699971655305,1.0420270741270876,-1.0420270741270876,16.666666666666664,339.0,18.0,5.0,13.0,-8.0,18.333333333333332,15.6,15.857142857142858,dc598e33-9452-45f0-9656-6c4d6836aa12,d54daa60-c444-4ecb-a83e-c157cdf43e67,d4c5726f-839a-49c0-97db-88b3fc09b451
a56d74a6-5369-492b-9742-4e5642fde686,12.0,Finished,12.0,1:32.998,11.0,1:29.906,14.0,1:29.487,13.0,1:28.861,12.0,88.561,14.0,1:28.561,88.191,12.0,1:28.191,,,,12.0,0.0,97.7984285714286,95.54476530612244,97.7420383361678,0.0563902352608067,0.0865175907407395,-0.0865175907407395,55.55555555555556,336.0,22.0,10.0,7.0,3.0,14.333333333333334,14.8,13.714285714285714,dc598e33-9452-45f0-9656-6c4d6836aa12,4d8edae8-dd9a-4376-a1f0-91e4dcaaee1a,871d7bb6-5c31-4735-8150-fb52d48e1cde
192c0486-aa1f-41a2-91c6-2d152928b628,3.0,Finished,4.0,1:32.191,3.0,1:29.308,4.0,1:28.748,5.0,1:28.371,4.0,88.552,13.0,1:28.552,87.866,6.0,1:27.865,87.67,4.0,1:27.670,3.0,1.0,96.87748979591836,93.94204464285716,97.7420383361678,-0.8645485402494444,-1.3264469714456566,1.3264469714456566,77.77777777777779,340.0,26.0,2.0,2.0,0.0,3.3333333333333335,3.6,3.7142857142857144,dc598e33-9452-45f0-9656-6c4d6836aa12,a1402642-75cf-4196-9db4-b0d5b458a6ae,f75df3f3-ce57-4ad4-a349-b6528762787f
1b29dd12-315d-4374-90bf-869705caa517,4.0,Finished,10.0,1:31.778,2.0,1:29.245,1.0,1:28.266,1.0,1:27.489,10.0,87.805,2.0,1:27.805,87.481,1.0,1:27.480,,,,4.0,6.0,96.73326530612246,93.82005612244896,97.7420383361678,-1.008773030045333,-1.547725625901374,1.547725625901374,94.44444444444444,334.0,23.0,15.0,4.0,11.0,1.6666666666666667,5.2,4.142857142857143,dc598e33-9452-45f0-9656-6c4d6836aa12,b34c803f-2e33-48a4-bffb-499598604cf9,28d5702d-754e-48e3-8648-3414fb816016
44aeda3a-8118-43d1-9600-23119f886ae1,14.0,Finished,19.0,1:34.308,19.0,1:31.028,19.0,1:30.019,18.0,1:29.335,19.0,89.092,19.0,1:29.091,,,,,,,14.0,5.0,98.30761224489795,95.61088888888888,97.7420383361678,0.5655739087301583,0.8677405182447567,-0.8677405182447567,22.22222222222222,340.0,0.0,2.0,16.0,-14.0,11.333333333333334,12.2,13.142857142857142,dc598e33-9452-45f0-9656-6c4d6836aa12,93895c43-2842-47df-b7de-f86110fd54b7,3c5e6866-d5da-4c64-b255-52d8cc08394b
8d2d1f6b-cb14-412e-972e-ffcfd398df3e,1.0,Finished,2.0,1:32.227,4.0,1:29.340,2.0,1:28.430,2.0,1:27.513,2.0,87.901,3.0,1:27.900,87.545,3.0,1:27.545,87.304,2.0,1:27.304,1.0,1.0,96.77085714285714,92.99363636363636,97.7420383361678,-0.971181193310656,-1.4900497688888743,1.4900497688888743,88.88888888888889,339.0,22.5,5.0,5.0,0.0,4.0,7.0,5.714285714285714,dc598e33-9452-45f0-9656-6c4d6836aa12,d31df4d0-71a1-40fc-bf79-61af13e1acd7,28d5702d-754e-48e3-8648-3414fb816016
c304a17a-cbd8-41c0-9a33-1dd4a7f5bce1,5.0,Finished,3.0,1:32.893,6.0,1:29.617,7.0,1:28.972,3.0,1:28.115,3.0,88.282,7.0,1:28.281,87.599,4.0,1:27.599,87.407,3.0,1:27.406,5.0,-2.0,97.28251020408162,93.92595918367348,97.7420383361678,-0.4595281320861772,-0.7050381450229755,0.7050381450229755,72.22222222222221,335.0,22.0,12.0,7.0,5.0,6.333333333333333,5.2,4.857142857142857,dc598e33-9452-45f0-9656-6c4d6836aa12,36fa31f7-12df-4f79-8de7-63098bfb8a5b,9fa8a5b1-2cd5-4b03-aa5c-136e61562269
e696c3f7-c2b0-43eb-9e38-d89c8b8f17dc,8.0,Finished,6.0,1:32.465,7.0,1:29.778,5.0,1:28.941,7.0,1:28.569,6.0,88.354,8.0,1:28.353,88.024,8.0,1:28.024,88.164,6.0,1:28.164,8.0,-2.0,97.917,94.57440349854228,97.7420383361678,0.1749616638321924,0.2684376391895179,-0.2684376391895179,38.888888888888886,339.0,22.0,5.0,7.0,-2.0,12.333333333333334,11.2,11.571428571428571,dc598e33-9452-45f0-9656-6c4d6836aa12,258793ad-e101-47d1-8409-93edc1c8bdd5,5329d1c7-092d-448b-8683-771f533b0846
47a6fb7b-8956-4610-a9dc-b20226394d1b,16.0,Lapped,16.0,1:32.745,17.0,1:30.582,18.0,1:30.007,20.0,1:29.477,16.0,88.645,16.0,1:28.644,,,,,,,16.0,0.0,98.46779166666664,95.54557280219778,97.7420383361678,0.725753330498847,1.1134982738841228,-1.1134982738841228,11.111111111111116,333.0,17.5,16.0,15.0,1.0,14.0,16.0,15.0,dc598e33-9452-45f0-9656-6c4d6836aa12,bbe763bf-f205-4c4a-b485-51cc69248b5a,152926ec-a176-4064-8f15-f33ab14007fe
dfbc6f60-c132-4bea-aaf8-e173f51a552f,,,8.0,2:45.662,10.0,1:29.820,6.0,1:28.962,9.0,1:28.670,8.0,88.226,5.0,1:28.225,87.99,7.0,1:27.989,88.204,8.0,1:28.203,19.0,-11.0,,,,,,,,,,,,,13.333333333333334,12.8,13.428571428571429,dc598e33-9452-45f0-9656-6c4d6836aa12,329fcd08-b140-4524-8bbd-d944b5c5dd1b,66d63632-f433-4a72-b96e-9c2d3ea9f236
3852feb6-2255-48d1-add0-e6656513a1d9,2.0,Finished,1.0,1:32.280,9.0,1:29.817,3.0,1:28.546,4.0,1:28.334,1.0,87.778,1.0,1:27.778,87.529,2.0,1:27.528,87.294,1.0,1:27.293,2.0,-1.0,96.86497959183671,92.78776000000002,97.7420383361678,-0.877058744331066,-1.345640945576301,1.345640945576301,83.33333333333334,331.0,24.0,17.0,3.0,14.0,3.0,2.2,3.0,dc598e33-9452-45f0-9656-6c4d6836aa12,4e5380ac-3832-409c-a269-05f3091fe4e2,b0a535d7-2578-48eb-8346-156775b72370
cffb3802-a950-4065-987d-0017c254c3a4,14.0,Lapped,19.0,1:35.647,,,13.0,1:32.060,11.0,1:30.668,19.0,,,,,,,,,,14.0,5.0,98.84878333333332,99.76902708333334,98.38422140710382,0.4645619262295071,0.5612347976809146,-0.5612347976809146,35.0,323.0,27.0,1.0,13.0,-12.0,10.666666666666666,12.0,10.857142857142858,4192a32e-8214-41ca-8b60-826742b95a9c,00572d64-eb7e-4295-89f6-63bf98e32dd4,5329d1c7-092d-448b-8683-771f533b0846
fb405844-8cff-4b0f-88c8-99708a9a80dd,7.0,Finished,10.0,1:35.861,1.0,1:31.115,4.0,1:30.876,15.0,1:30.923,10.0,90.745,13.0,1:30.745,90.054,9.0,1:30.054,89.955,10.0,1:29.954,7.0,3.0,98.24368852459015,97.45546174863388,98.38422140710382,-0.1405328825136536,-0.1697770295667774,0.1697770295667774,65.0,320.0,25.0,3.0,16.0,-13.0,12.333333333333334,13.2,13.714285714285714,4192a32e-8214-41ca-8b60-826742b95a9c,5d03531f-db77-4857-b87a-f8bcff470727,152926ec-a176-4064-8f15-f33ab14007fe
b230c792-b70d-4ce2-9cd5-63d0b6879c46,5.0,Finished,4.0,1:35.302,14.0,1:32.399,18.0,1:32.718,4.0,1:30.236,4.0,90.036,5.0,1:30.036,89.649,3.0,1:29.649,89.537,4.0,1:29.537,5.0,-1.0,97.51124590163931,98.5954868852459,98.38422140710382,-0.8729755054644954,-1.0546370753330172,1.0546370753330172,75.0,316.0,29.0,10.0,7.0,3.0,9.666666666666666,7.6,7.571428571428571,4192a32e-8214-41ca-8b60-826742b95a9c,7aae5ebe-ca8b-4929-8455-5398e8298f8c,9fa8a5b1-2cd5-4b03-aa5c-136e61562269
d75b8586-aa26-43da-91b5-82ce1a825bff,9.0,Finished,9.0,1:36.200,16.0,1:32.537,12.0,1:31.710,14.0,1:30.799,9.0,90.42,9.0,1:30.420,90.076,10.0,1:30.075,89.868,9.0,1:29.867,9.0,0.0,98.4467213114754,97.58269398907105,98.38422140710382,0.0624999043715917,0.0755058027887926,-0.0755058027887926,55.00000000000001,314.0,29.0,12.0,7.0,5.0,11.333333333333334,9.6,10.0,4192a32e-8214-41ca-8b60-826742b95a9c,d8ecbab8-5e75-4e30-a814-ab881049ebe8,3c5e6866-d5da-4c64-b255-52d8cc08394b
8bc093a6-b3df-40f7-b8e0-e285c9855441,17.0,Lapped,14.0,1:37.126,17.0,1:32.611,15.0,1:32.319,12.0,1:30.697,14.0,90.82,14.0,1:30.819,,,,,,,17.0,-3.0,99.25105000000002,99.40452380952382,98.38422140710382,0.8668285928961978,1.0472110228804827,-1.0472110228804827,5.000000000000004,313.0,30.0,16.0,1.0,15.0,16.333333333333332,15.2,14.714285714285714,4192a32e-8214-41ca-8b60-826742b95a9c,0b21b2b3-8d74-445c-acc7-e2dac1e323dd,d4c5726f-839a-49c0-97db-88b3fc09b451
c1ba8769-4a2a-437c-9461-1ec640203f53,16.0,Lapped,16.0,1:37.182,19.0,1:33.323,19.0,1:33.138,16.0,1:31.046,16.0,90.982,16.0,1:30.981,,,,,,,16.0,0.0,99.21383333333333,99.11136296296296,98.38422140710382,0.8296119262294894,1.0022497653866234,-1.0022497653866234,19.999999999999996,314.0,29.0,12.0,7.0,5.0,15.0,15.4,15.857142857142858,4192a32e-8214-41ca-8b60-826742b95a9c,217ff409-a898-4f8b-9323-7763902509c9,74ba499d-84cf-49bd-9012-fde4bc87ff1b
2a9cddb9-0649-4444-ad91-e852c1ddd39a,19.0,Lapped,18.0,1:34.572,13.0,1:32.378,16.0,1:32.457,19.0,1:31.643,18.0,91.261,18.0,1:31.260,,,,,,,19.0,-1.0,99.22478333333332,100.13770595238095,98.38422140710382,0.8405619262295119,1.0154784022757828,-1.0154784022757828,15.000000000000002,321.0,18.333333333333332,2.0,20.0,-18.0,19.666666666666668,17.4,16.571428571428573,4192a32e-8214-41ca-8b60-826742b95a9c,9218ccac-0d8c-4836-9f4b-082a2c542f68,74ba499d-84cf-49bd-9012-fde4bc87ff1b
8fe3ef5f-9bcf-4c6f-ba7a-00ed108a3210,11.0,Lapped,8.0,1:36.938,7.0,1:31.754,2.0,1:30.846,7.0,1:30.489,8.0,90.214,6.0,1:30.213,90.016,8.0,1:30.016,89.846,8.0,1:29.846,11.0,-3.0,98.83808333333334,99.349188,98.38422140710382,0.4538619262295214,0.5483081844650675,-0.5483081844650675,40.0,303.0,24.0,20.0,17.0,3.0,9.0,9.2,9.142857142857142,4192a32e-8214-41ca-8b60-826742b95a9c,5933eb18-734c-4a98-806c-dd676c9ae731,871d7bb6-5c31-4735-8150-fb52d48e1cde
4bc92ecc-0a90-43b6-b5c6-fb592a511520,8.0,Finished,6.0,1:33.808,4.0,1:31.480,10.0,1:31.490,8.0,1:30.558,6.0,89.765,1.0,1:29.765,89.936,7.0,1:29.936,89.688,6.0,1:29.688,8.0,-2.0,98.26254098360656,99.15020667134216,98.38422140710382,-0.121680423497267,-0.147001473877734,0.147001473877734,60.0,317.0,19.0,8.0,19.0,-11.0,6.666666666666667,7.2,7.0,4192a32e-8214-41ca-8b60-826742b95a9c,d71626b8-a508-4371-a966-503f36ebb8d0,f75df3f3-ce57-4ad4-a349-b6528762787f
5ba4de87-64a3-43ba-8611-1760a3156f78,20.0,Lapped,11.0,1:35.403,12.0,1:32.314,14.0,1:32.069,9.0,1:30.637,11.0,90.715,12.0,1:30.715,90.141,11.0,1:30.141,,,,20.0,-9.0,99.33223333333332,106.54782638888892,98.38422140710382,0.9480119262294976,1.1452881770462922,-1.1452881770462922,0.0,320.0,19.333333333333332,3.0,18.0,-15.0,17.0,15.4,16.142857142857142,4192a32e-8214-41ca-8b60-826742b95a9c,d54daa60-c444-4ecb-a83e-c157cdf43e67,d4c5726f-839a-49c0-97db-88b3fc09b451
8290e50f-1312-4a74-9820-850b012eeede,15.0,Lapped,12.0,1:35.641,15.0,1:32.460,17.0,1:32.644,20.0,1:33.628,12.0,90.681,11.0,1:30.680,90.32,12.0,1:30.319,,,,15.0,-3.0,98.95951666666666,98.76735714285714,98.38422140710382,0.5752952595628358,0.6950111500270201,-0.6950111500270201,25.0,314.0,27.5,12.0,12.0,0.0,11.666666666666666,13.8,14.285714285714286,4192a32e-8214-41ca-8b60-826742b95a9c,4d8edae8-dd9a-4376-a1f0-91e4dcaaee1a,871d7bb6-5c31-4735-8150-fb52d48e1cde
e492530a-f72d-4d1c-b772-e29d4c04ad34,6.0,Finished,7.0,1:35.983,2.0,1:31.266,9.0,1:31.465,10.0,1:30.650,7.0,90.37,8.0,1:30.370,89.914,6.0,1:29.914,89.784,7.0,1:29.784,6.0,1.0,97.71801639344262,97.9409199063232,98.38422140710382,-0.6662050136611981,-0.8048387415016814,0.8048387415016814,70.0,319.0,29.5,5.0,4.0,1.0,3.6666666666666665,3.4,3.5714285714285716,4192a32e-8214-41ca-8b60-826742b95a9c,a1402642-75cf-4196-9db4-b0d5b458a6ae,f75df3f3-ce57-4ad4-a349-b6528762787f
d4485957-9b32-4bdd-8e30-679818c9fc44,3.0,Finished,5.0,1:35.555,6.0,1:31.697,5.0,1:31.197,5.0,1:30.236,5.0,89.932,3.0,1:29.932,89.809,4.0,1:29.808,89.586,5.0,1:29.585,3.0,2.0,97.09618032786884,97.15545792349728,98.38422140710382,-1.288041079234972,-1.5560755922817835,1.5560755922817835,90.0,314.0,30.0,12.0,1.0,11.0,2.6666666666666665,5.6,4.571428571428571,4192a32e-8214-41ca-8b60-826742b95a9c,b34c803f-2e33-48a4-bffb-499598604cf9,28d5702d-754e-48e3-8648-3414fb816016
42dcc6a0-65a4-486b-96c2-649a015c701e,18.0,Lapped,17.0,1:36.646,10.0,1:32.128,7.0,1:31.298,13.0,1:30.784,17.0,90.989,17.0,1:30.989,,,,,,,18.0,-1.0,99.23395,102.29863888888887,98.38422140710382,0.8497285928961702,1.0265526036289276,-1.0265526036289276,9.999999999999998,319.0,28.0,5.0,11.0,-6.0,13.0,11.4,12.857142857142858,4192a32e-8214-41ca-8b60-826742b95a9c,93895c43-2842-47df-b7de-f86110fd54b7,3c5e6866-d5da-4c64-b255-52d8cc08394b
c72fda5a-983d-4b8e-96ff-b8acbc08cd6f,4.0,Finished,3.0,1:35.408,5.0,1:31.480,1.0,1:30.713,2.0,1:30.165,3.0,90.313,7.0,1:30.313,89.813,5.0,1:29.813,89.524,3.0,1:29.524,4.0,-1.0,97.10706557377048,96.97327509726334,98.38422140710382,-1.2771558333333388,-1.5429251844752427,1.5429251844752427,80.0,312.0,30.0,17.0,1.0,16.0,2.6666666666666665,6.6,5.571428571428571,4192a32e-8214-41ca-8b60-826742b95a9c,d31df4d0-71a1-40fc-bf79-61af13e1acd7,28d5702d-754e-48e3-8648-3414fb816016
544ae42e-76cb-4137-96a5-42b4b8303343,1.0,Finished,1.0,1:35.676,11.0,1:32.138,20.0,1:33.230,3.0,1:30.197,1.0,89.928,2.0,1:29.927,89.562,1.0,1:29.561,89.158,1.0,1:29.158,1.0,0.0,97.02396721311476,104.387,98.38422140710382,-1.36025419398905,-1.6433158729863442,1.6433158729863442,95.0,311.0,28.5,18.0,10.0,8.0,5.666666666666667,5.2,5.142857142857143,4192a32e-8214-41ca-8b60-826742b95a9c,36fa31f7-12df-4f79-8de7-63098bfb8a5b,9fa8a5b1-2cd5-4b03-aa5c-136e61562269
57dbdcb9-130e-4234-a406-3ec7772abc64,10.0,Lapped,20.0,1:34.962,8.0,1:31.811,8.0,1:31.299,6.0,1:30.391,20.0,,,,,,,,,,10.0,10.0,98.61748333333333,98.26967916666668,98.38422140710382,0.2332619262294883,0.2818024951734673,-0.2818024951734673,50.0,319.0,26.0,5.0,15.0,-10.0,9.333333333333334,10.0,10.714285714285714,4192a32e-8214-41ca-8b60-826742b95a9c,258793ad-e101-47d1-8409-93edc1c8bdd5,5329d1c7-092d-448b-8683-771f533b0846
576fc194-7721-4b60-a9d4-ce8bae923d9f,13.0,Lapped,15.0,1:35.850,18.0,1:33.034,6.0,1:31.221,17.0,1:31.260,15.0,90.949,15.0,1:30.948,,,,,,,13.0,2.0,98.88391666666666,99.70601212121213,98.38422140710382,0.4996952595628414,0.6036791912308258,-0.6036791912308258,30.000000000000004,317.0,26.5,8.0,14.0,-6.0,14.666666666666666,15.2,16.285714285714285,4192a32e-8214-41ca-8b60-826742b95a9c,bbe763bf-f205-4c4a-b485-51cc69248b5a,152926ec-a176-4064-8f15-f33ab14007fe
2b70c00e-1020-4288-9783-18ec9299454b,12.0,Lapped,13.0,1:36.831,9.0,1:31.859,11.0,1:31.707,18.0,1:31.439,13.0,90.574,10.0,1:30.573,90.353,13.0,1:30.352,,,,12.0,1.0,98.77448333333336,98.6755,98.38422140710382,0.3902619262295275,0.471473361985731,-0.471473361985731,44.99999999999999,316.0,29.5,10.0,4.0,6.0,16.0,14.2,13.714285714285714,4192a32e-8214-41ca-8b60-826742b95a9c,329fcd08-b140-4524-8bbd-d944b5c5dd1b,b0a535d7-2578-48eb-8346-156775b72370
177d3a9d-1d7d-41f7-bb38-f5b83ad2a00e,2.0,Finished,2.0,1:35.649,3.0,1:31.391,3.0,1:30.856,1.0,1:30.147,2.0,90.028,4.0,1:30.028,89.572,2.0,1:29.572,89.34,2.0,1:29.340,2.0,0.0,97.09688524590165,97.07108653095536,98.38422140710382,-1.287336161202191,-1.55522398454733,1.55522398454733,85.0,308.0,29.5,19.0,4.0,15.0,2.6666666666666665,2.4,2.0,4192a32e-8214-41ca-8b60-826742b95a9c,4e5380ac-3832-409c-a269-05f3091fe4e2,b0a535d7-2578-48eb-8346-156775b72370
bb3469dd-e58e-4616-ad67-7cb61f9943f7,5.0,Finished,11.0,1:20.507,,,16.0,1:13.838,19.0,1:14.289,11.0,73.044,9.0,1:13.043,72.641,11.0,1:12.641,,,,19.0,-8.0,85.10630769230768,91.11868253968254,84.610454048583,0.4958536437246863,0.759622866155476,-0.759622866155476,0.0,312.0,60.0,13.0,1.0,12.0,12.333333333333334,11.6,11.857142857142858,9f569781-bdaa-484c-b3e9-880343610b9c,00572d64-eb7e-4295-89f6-63bf98e32dd4,5329d1c7-092d-448b-8683-771f533b0846
dc0105f3-38ae-4b36-ae15-3251a52f1933,17.0,Retired,10.0,1:18.128,13.0,1:14.798,7.0,1:13.301,8.0,1:13.414,10.0,73.102,14.0,1:13.102,72.523,8.0,1:12.522,72.284,10.0,1:12.284,9.0,1.0,84.77196923076923,80.80486764705881,84.610454048583,0.1615151821862355,0.2474331431716852,-0.2474331431716852,42.10526315789473,328.0,17.5,5.0,13.0,-8.0,8.333333333333334,12.4,12.0,9f569781-bdaa-484c-b3e9-880343610b9c,5d03531f-db77-4857-b87a-f8bcff470727,152926ec-a176-4064-8f15-f33ab14007fe
32297c8c-addc-477e-ac87-4ded6fc8dc87,4.0,Finished,6.0,1:18.254,18.0,1:15.368,6.0,1:13.298,7.0,1:13.405,6.0,72.815,5.0,1:12.814,72.585,9.0,1:12.584,72.111,6.0,1:12.111,18.0,-12.0,81.9721346153846,82.06676153846153,84.610454048583,-2.63831943319839,-4.041772799379906,4.041772799379906,94.73684210526316,332.0,18.333333333333332,2.0,12.0,-10.0,5.333333333333333,8.0,7.0,9f569781-bdaa-484c-b3e9-880343610b9c,7aae5ebe-ca8b-4929-8455-5398e8298f8c,9fa8a5b1-2cd5-4b03-aa5c-136e61562269
b6ea91f5-7ab0-4dcc-b713-0ad05b0b11b2,14.0,Finished,15.0,1:18.906,7.0,1:14.596,19.0,1:14.126,20.0,1:14.459,15.0,73.074,12.0,1:13.073,73.315,15.0,1:13.314,,,,17.0,-2.0,84.82466153846154,95.13499304549408,84.610454048583,0.2142074898785466,0.3281551108331823,-0.3281551108331823,26.315789473684216,313.0,25.25,12.0,11.0,1.0,10.333333333333334,9.4,9.571428571428571,9f569781-bdaa-484c-b3e9-880343610b9c,d8ecbab8-5e75-4e30-a814-ab881049ebe8,3c5e6866-d5da-4c64-b255-52d8cc08394b
8335b6ce-fa73-4794-a38e-03bc13c7be3c,16.0,Retired,12.0,1:18.296,16.0,1:15.155,17.0,1:13.959,11.0,1:13.721,12.0,73.045,10.0,1:13.045,72.756,12.0,1:12.756,,,,12.0,0.0,84.83093846153847,85.71564263736263,84.610454048583,0.2204844129554715,0.3377710415794299,-0.3377710415794299,21.052631578947366,310.0,14.0,14.0,14.0,0.0,17.333333333333332,15.2,16.0,9f569781-bdaa-484c-b3e9-880343610b9c,0b21b2b3-8d74-445c-acc7-e2dac1e323dd,d4c5726f-839a-49c0-97db-88b3fc09b451
d6816251-c50d-4918-9138-84d164d149c3,,,19.0,1:18.352,20.0,1:15.530,20.0,1:14.302,17.0,1:14.084,19.0,73.334,19.0,1:13.334,,,,,,,15.0,4.0,84.86827692307692,87.94205244755246,84.610454048583,0.2578228744939252,0.3949716884449481,-0.3949716884449481,10.526315789473683,,,,,,15.0,15.2,15.857142857142858,9f569781-bdaa-484c-b3e9-880343610b9c,217ff409-a898-4f8b-9323-7763902509c9,74ba499d-84cf-49bd-9012-fde4bc87ff1b
bf4fe4b2-b855-40a2-bdca-c66ffba56e5f,11.0,Finished,8.0,1:17.896,10.0,1:14.745,8.0,1:13.385,16.0,1:13.953,8.0,73.081,13.0,1:13.081,72.611,10.0,1:12.611,72.199,8.0,1:12.198,8.0,0.0,84.72804615384615,86.67063684210527,84.610454048583,0.1175921052631565,0.1801451964056794,-0.1801451964056794,52.63157894736843,320.0,44.0,10.0,3.0,7.0,19.333333333333332,18.6,17.0,9f569781-bdaa-484c-b3e9-880343610b9c,9218ccac-0d8c-4836-9f4b-082a2c542f68,74ba499d-84cf-49bd-9012-fde4bc87ff1b
6a663fe1-12db-4686-a241-8e669eefb1f6,20.0,Retired,9.0,1:17.769,8.0,1:14.605,9.0,1:13.400,6.0,1:13.382,9.0,73.139,15.0,1:13.138,72.461,6.0,1:12.460,72.252,9.0,1:12.251,7.0,2.0,84.6920923076923,85.6010020979021,84.610454048583,0.0816382591093116,0.1250657107341758,-0.1250657107341758,63.1578947368421,,,,,,10.666666666666666,10.2,9.285714285714286,9f569781-bdaa-484c-b3e9-880343610b9c,5933eb18-734c-4a98-806c-dd676c9ae731,871d7bb6-5c31-4735-8150-fb52d48e1cde
7ecda866-74b2-4c67-889f-45d648f79a17,10.0,Finished,5.0,1:17.706,3.0,1:14.096,11.0,1:13.533,9.0,1:13.527,5.0,73.058,11.0,1:13.058,72.447,5.0,1:12.447,72.045,5.0,1:12.045,6.0,-1.0,84.73129230769229,85.93480329670328,84.610454048583,0.1208382591092913,0.1851181409827524,-0.1851181409827524,47.36842105263158,329.0,26.75,4.0,10.0,-6.0,7.666666666666667,7.2,7.285714285714286,9f569781-bdaa-484c-b3e9-880343610b9c,d71626b8-a508-4371-a966-503f36ebb8d0,f75df3f3-ce57-4ad4-a349-b6528762787f
e9d25b12-f7ab-4e48-b376-8acb7a45da32,7.0,Finished,16.0,1:17.575,14.0,1:14.864,12.0,1:13.591,12.0,1:13.733,16.0,73.19,16.0,1:13.189,,,,,,,5.0,11.0,84.64803076923076,86.84861598440547,84.610454048583,0.0375767206477632,0.0575656478487555,-0.0575656478487555,68.42105263157895,316.0,34.25,11.0,7.0,4.0,18.333333333333332,18.0,16.142857142857142,9f569781-bdaa-484c-b3e9-880343610b9c,d54daa60-c444-4ecb-a83e-c157cdf43e67,d4c5726f-839a-49c0-97db-88b3fc09b451
8b982db8-df11-499f-86c6-c3e8a313fdbb,15.0,Retired,13.0,1:19.424,6.0,1:14.338,10.0,1:13.493,10.0,1:13.637,13.0,73.039,8.0,1:13.039,72.763,13.0,1:12.763,,,,11.0,2.0,84.81467692307692,87.82564649572649,84.610454048583,0.2042228744939223,0.31285918177848,-0.31285918177848,31.57894736842105,326.0,0.0,7.0,15.0,-8.0,14.0,14.0,14.428571428571429,9f569781-bdaa-484c-b3e9-880343610b9c,4d8edae8-dd9a-4376-a1f0-91e4dcaaee1a,871d7bb6-5c31-4735-8150-fb52d48e1cde
1416bdd3-8dce-4500-a98a-79ae4cd6ba8c,8.0,Finished,7.0,1:17.259,4.0,1:14.237,5.0,1:13.260,3.0,1:13.129,7.0,73.014,6.0,1:13.013,72.495,7.0,1:12.495,72.131,7.0,1:12.131,3.0,4.0,84.6393076923077,84.65329523809525,84.610454048583,0.0288536437247017,0.0442023323264242,-0.0442023323264242,78.94736842105263,333.0,28.0,1.0,8.0,-7.0,5.0,3.8,3.857142857142857,9f569781-bdaa-484c-b3e9-880343610b9c,a1402642-75cf-4196-9db4-b0d5b458a6ae,f75df3f3-ce57-4ad4-a349-b6528762787f
20e4f4bc-6f26-4c05-b969-7166d2cfd799,1.0,Finished,2.0,1:16.186,1.0,1:13.718,4.0,1:13.069,2.0,1:12.912,2.0,72.799,3.0,1:12.799,72.056,2.0,1:12.055,71.755,2.0,1:11.754,2.0,0.0,84.54135384615385,92.6619215073815,84.610454048583,-0.0691002024291407,-0.1058580379219551,0.1058580379219551,84.21052631578947,322.0,45.5,9.0,2.0,7.0,3.3333333333333335,2.4,4.714285714285714,9f569781-bdaa-484c-b3e9-880343610b9c,b34c803f-2e33-48a4-bffb-499598604cf9,28d5702d-754e-48e3-8648-3414fb816016
e354f5ea-c972-4e97-8a0e-54122cf89a33,13.0,Finished,17.0,1:18.623,,,18.0,1:14.004,18.0,1:14.138,17.0,73.201,17.0,1:13.200,,,,,,,16.0,1.0,84.8976,85.52993846153846,84.610454048583,0.2871459514170027,0.4398931688428477,-0.4398931688428477,5.263157894736848,307.0,0.0,16.0,15.0,1.0,16.666666666666668,13.2,13.285714285714286,9f569781-bdaa-484c-b3e9-880343610b9c,93895c43-2842-47df-b7de-f86110fd54b7,3c5e6866-d5da-4c64-b255-52d8cc08394b
886a6061-3414-4ab3-8bd8-87ebdee2cdfd,9.0,Finished,1.0,1:15.742,5.0,1:14.293,1.0,1:12.760,1.0,1:12.387,1.0,72.551,1.0,1:12.551,71.998,1.0,1:11.998,71.546,1.0,1:11.546,1.0,0.0,84.53070769230771,83.01333333333334,84.610454048583,-0.0797463562752796,-0.1221674106582102,0.1221674106582102,89.47368421052632,332.0,42.5,2.0,4.0,-2.0,3.0,3.4,5.714285714285714,9f569781-bdaa-484c-b3e9-880343610b9c,d31df4d0-71a1-40fc-bf79-61af13e1acd7,28d5702d-754e-48e3-8648-3414fb816016
2c1ff754-cc1d-4b79-8892-8c2751dc2948,3.0,Finished,4.0,1:17.243,11.0,1:14.751,2.0,1:13.046,4.0,1:13.138,4.0,72.806,4.0,1:12.805,72.407,4.0,1:12.406,71.848,4.0,1:11.847,4.0,0.0,84.64795384615385,91.69431025641026,84.610454048583,0.0374997975708595,0.0574478055602282,-0.0574478055602282,73.6842105263158,308.0,27.25,15.0,9.0,6.0,2.3333333333333335,5.0,4.571428571428571,9f569781-bdaa-484c-b3e9-880343610b9c,36fa31f7-12df-4f79-8de7-63098bfb8a5b,9fa8a5b1-2cd5-4b03-aa5c-136e61562269
d21fd500-63bb-4a0a-b1e0-cae784e94cfe,18.0,Retired,18.0,1:19.316,15.0,1:14.935,14.0,1:13.721,13.0,1:13.757,18.0,73.203,18.0,1:13.203,,,,,,,14.0,4.0,84.84423076923076,84.64955964912279,84.610454048583,0.2337767206477679,0.3581341890420487,-0.3581341890420487,15.789473684210533,,,,,,9.333333333333334,11.0,10.571428571428571,9f569781-bdaa-484c-b3e9-880343610b9c,258793ad-e101-47d1-8409-93edc1c8bdd5,5329d1c7-092d-448b-8683-771f533b0846
d08a4a3b-ba6e-4d2c-bf9f-0cc788592224,,,14.0,,12.0,1:14.786,15.0,1:13.838,15.0,1:13.903,14.0,73.038,7.0,1:13.037,73.058,14.0,1:13.058,,,,,,,,,,,,,,,,,,14.0,14.2,15.571428571428571,9f569781-bdaa-484c-b3e9-880343610b9c,bbe763bf-f205-4c4a-b485-51cc69248b5a,66d63632-f433-4a72-b96e-9c2d3ea9f236
446f3c03-941c-4bbd-bd01-ed62297363b9,12.0,Finished,20.0,1:17.998,9.0,1:14.643,13.0,1:13.683,14.0,1:13.891,20.0,73.385,20.0,1:13.385,,,,,,,13.0,7.0,84.80896923076922,92.69581149425288,84.610454048583,0.1985151821862274,0.3041152839675525,-0.3041152839675525,36.8421052631579,327.0,35.6,6.0,6.0,0.0,14.333333333333334,14.2,13.571428571428571,9f569781-bdaa-484c-b3e9-880343610b9c,329fcd08-b140-4524-8bbd-d944b5c5dd1b,b0a535d7-2578-48eb-8346-156775b72370
61c2dbe1-fd72-43a2-a5b3-76f05367e4a3,2.0,Finished,3.0,1:17.019,2.0,1:14.084,3.0,1:13.069,5.0,1:13.375,3.0,72.798,2.0,1:12.798,72.358,3.0,1:12.358,71.848,3.0,1:11.847,10.0,-7.0,84.70007692307692,94.45028884615384,84.610454048583,0.0896228744939264,0.1372977402863835,-0.1372977402863835,57.89473684210527,326.0,39.2,7.0,5.0,2.0,2.0,2.6,2.142857142857143,9f569781-bdaa-484c-b3e9-880343610b9c,4e5380ac-3832-409c-a269-05f3091fe4e2,b0a535d7-2578-48eb-8346-156775b72370
2ad78e18-8db7-4e6a-a4b9-49d476f40bc8,5.0,Finished,,,,,,,,,,,,,,,,,,,,,78.64611940298508,76.71153067993366,80.37506968488078,-1.728950281895706,-0.2222677767486381,0.2222677767486381,21.052631578947366,332.0,11.666666666666666,13.0,17.0,-4.0,,,,79e45d23-5aaa-4cdc-a1be-470e27bb41ff,00572d64-eb7e-4295-89f6-63bf98e32dd4,5329d1c7-092d-448b-8683-771f533b0846
e0ecfa8a-a218-476d-a483-55e78d4ddd1c,8.0,Finished,,,,,,,,,,,,,,,,,,,,,78.6354328358209,76.69904975124378,80.37506968488078,-1.7396368490598917,-0.2236416042956362,0.2236416042956362,26.315789473684216,338.0,29.666666666666668,5.0,11.0,-6.0,,,,79e45d23-5aaa-4cdc-a1be-470e27bb41ff,5d03531f-db77-4857-b87a-f8bcff470727,152926ec-a176-4064-8f15-f33ab14007fe
13111cee-db67-4b01-9c34-9ff13c1fd058,16.0,Finished,,,,,,,,,,,,,,,,,,,,,78.10228787878788,75.71654214876034,80.37506968488078,-2.272781806092908,-0.29218084774603,0.29218084774603,78.94736842105263,336.0,27.333333333333332,7.0,14.0,-7.0,,,,79e45d23-5aaa-4cdc-a1be-470e27bb41ff,7aae5ebe-ca8b-4929-8455-5398e8298f8c,9fa8a5b1-2cd5-4b03-aa5c-136e61562269
0867b985-5929-48de-b068-6dbc2a16a08e,6.0,Finished,,,,,,,,,,,,,,,,,,,,,78.26911940298508,74.49569397759103,80.37506968488078,-2.1059502818957014,-0.2707335728514379,0.2707335728514379,68.42105263157895,336.0,42.666666666666664,7.0,4.0,3.0,,,,79e45d23-5aaa-4cdc-a1be-470e27bb41ff,d8ecbab8-5e75-4e30-a814-ab881049ebe8,3c5e6866-d5da-4c64-b255-52d8cc08394b
9e652b10-f1b7-4708-9335-aa8acd2c090f,11.0,Finished,,,,,,,,,,,,,,,,,,,,,78.61707462686569,82.7041794871795,80.37506968488078,-1.7579950580150978,-0.2260016711710623,0.2260016711710623,42.10526315789473,338.0,17.0,5.0,16.0,-11.0,,,,79e45d23-5aaa-4cdc-a1be-470e27bb41ff,217ff409-a898-4f8b-9323-7763902509c9,74ba499d-84cf-49bd-9012-fde4bc87ff1b
964c7820-4a48-4bb7-9a5d-086421612fc4,17.0,Finished,,,,,,,,,,,,,,,,,,,,,78.29905970149254,74.0915,80.37506968488078,-2.0760099833882464,-0.2668845532155777,0.2668845532155777,63.1578947368421,335.0,40.0,10.0,6.0,4.0,,,,79e45d23-5aaa-4cdc-a1be-470e27bb41ff,9218ccac-0d8c-4836-9f4b-082a2c542f68,74ba499d-84cf-49bd-9012-fde4bc87ff1b
65914009-7e8b-40bb-a4a9-06431c2331d9,3.0,Finished,,,,,,,,,,,,,,,,,,,,,78.39376119402986,75.43973586612393,80.37506968488078,-1.981308490850921,-0.2547100618947689,0.2547100618947689,52.63157894736843,326.0,29.333333333333332,15.0,12.0,3.0,,,,79e45d23-5aaa-4cdc-a1be-470e27bb41ff,5933eb18-734c-4a98-806c-dd676c9ae731,871d7bb6-5c31-4735-8150-fb52d48e1cde
59ac9702-75c4-4abb-adbc-ad9961666fb5,20.0,Retired,,,,,,,,,,,,,,,,,,,,,82.65055555555556,92.61656734693878,80.37506968488078,2.275485870674771,0.292528472792909,-0.292528472792909,5.263157894736848,329.0,58.333333333333336,14.0,2.0,12.0,,,,79e45d23-5aaa-4cdc-a1be-470e27bb41ff,d71626b8-a508-4371-a966-503f36ebb8d0,f75df3f3-ce57-4ad4-a349-b6528762787f
72eff0d7-2501-41b9-8cca-5a6b53a47f8f,14.0,Finished,,,,,,,,,,,,,,,,,,,,,78.62941791044777,75.77211940298506,80.37506968488078,-1.7456517744330142,-0.22441486197921,0.22441486197921,36.8421052631579,342.0,0.0,1.0,19.0,-18.0,,,,79e45d23-5aaa-4cdc-a1be-470e27bb41ff,d54daa60-c444-4ecb-a83e-c157cdf43e67,d4c5726f-839a-49c0-97db-88b3fc09b451
7ed64c4d-af88-4cd6-876e-09d5c5cf7883,12.0,Finished,,,,,,,,,,,,,,,,,,,,,78.63086567164179,76.5148263229308,80.37506968488078,-1.744204013238999,-0.2242287428841578,0.2242287428841578,31.57894736842105,334.0,43.5,12.0,3.0,9.0,,,,79e45d23-5aaa-4cdc-a1be-470e27bb41ff,4d8edae8-dd9a-4376-a1f0-91e4dcaaee1a,871d7bb6-5c31-4735-8150-fb52d48e1cde
19c0bc09-428e-4c50-8f0d-181cea8b39c5,19.0,Retired,,,,,,,,,,,,,,,,,,,,,112.216,,80.37506968488078,31.84093031511921,4.093358186673855,-4.093358186673855,0.0,325.0,88.0,16.0,1.0,15.0,,,,79e45d23-5aaa-4cdc-a1be-470e27bb41ff,a1402642-75cf-4196-9db4-b0d5b458a6ae,f75df3f3-ce57-4ad4-a349-b6528762787f
76555a8f-96ac-4345-8e1e-c4a0ec8ea068,18.0,Retired,,,,,,,,,,,,,,,,,,,,,77.9160447761194,76.43495394736843,80.37506968488078,-2.4590249087613785,-0.3161236070019531,0.3161236070019531,89.47368421052632,325.0,26.0,16.0,15.0,1.0,,,,79e45d23-5aaa-4cdc-a1be-470e27bb41ff,b34c803f-2e33-48a4-bffb-499598604cf9,28d5702d-754e-48e3-8648-3414fb816016
8ce30d23-d4d4-45a9-974d-8ad99cb52e73,10.0,Finished,,,,,,,,,,,,,,,,,,,,,78.53788059701493,75.524055,80.37506968488078,-1.837189087865852,-0.2361825775458785,0.2361825775458785,47.36842105263158,340.0,40.666666666666664,3.0,5.0,-2.0,,,,79e45d23-5aaa-4cdc-a1be-470e27bb41ff,93895c43-2842-47df-b7de-f86110fd54b7,3c5e6866-d5da-4c64-b255-52d8cc08394b
61f6c00b-0480-49ae-9b13-a4f8115a0c7f,1.0,Finished,,,,,,,,,,,,,,,,,,,,,77.6375588235294,74.32724642857141,80.37506968488078,-2.7375108613513817,-0.3519247831179245,0.3519247831179245,94.73684210526316,304.0,30.0,19.0,9.0,10.0,,,,79e45d23-5aaa-4cdc-a1be-470e27bb41ff,d31df4d0-71a1-40fc-bf79-61af13e1acd7,28d5702d-754e-48e3-8648-3414fb816016
25a602cc-21b2-4ae8-b489-c50b9663310e,4.0,Finished,,,,,,,,,,,,,,,,,,,,,78.18075757575758,74.8551554001554,80.37506968488078,-2.194312109123203,-0.2820930590627879,0.2820930590627879,73.6842105263158,335.0,30.0,10.0,9.0,1.0,,,,79e45d23-5aaa-4cdc-a1be-470e27bb41ff,36fa31f7-12df-4f79-8de7-63098bfb8a5b,9fa8a5b1-2cd5-4b03-aa5c-136e61562269
1ed1980a-c7d6-4594-b246-059b1aed0dcb,13.0,Finished,,,,,,,,,,,,,,,,,,,,,78.34162686567163,,80.37506968488078,-2.0334428192091565,-0.2614122680702774,0.2614122680702774,57.89473684210527,342.0,29.0,1.0,13.0,-12.0,,,,79e45d23-5aaa-4cdc-a1be-470e27bb41ff,258793ad-e101-47d1-8409-93edc1c8bdd5,5329d1c7-092d-448b-8683-771f533b0846
4bc9b0b3-b872-48c4-b11e-4cb46c1f1d1e,7.0,Finished,,,,,,,,,,,,,,,,,,,,,78.6550895522388,78.3606933901919,80.37506968488078,-1.7199801326419788,-0.221114605860726,0.221114605860726,15.789473684210533,339.0,11.0,4.0,18.0,-14.0,,,,79e45d23-5aaa-4cdc-a1be-470e27bb41ff,bbe763bf-f205-4c4a-b485-51cc69248b5a,152926ec-a176-4064-8f15-f33ab14007fe
da9387ba-58bd-4cc3-841f-969cf6440c45,9.0,Finished,,,,,,,,,,,,,,,,,,,,,78.79210447761194,89.2736936026936,80.37506968488078,-1.5829652072688418,-0.2035004482050898,0.2035004482050898,10.526315789473683,336.0,32.75,7.0,7.0,0.0,,,,79e45d23-5aaa-4cdc-a1be-470e27bb41ff,329fcd08-b140-4524-8bbd-d944b5c5dd1b,b0a535d7-2578-48eb-8346-156775b72370
400240bf-e27d-47ff-b04d-cd296f5b236c,2.0,Finished,,,,,,,,,,,,,,,,,,,,,77.9755671641791,75.11335857403071,80.37506968488078,-2.399502520701688,-0.3084716178156063,0.3084716178156063,84.21052631578947,311.0,30.5,18.0,8.0,10.0,,,,79e45d23-5aaa-4cdc-a1be-470e27bb41ff,4e5380ac-3832-409c-a269-05f3091fe4e2,b0a535d7-2578-48eb-8346-156775b72370
d5cfbfa3-887a-4c2a-84c2-115b80fa4f21,14.0,Finished,,,,,,,,,,,,,,,,,,,,,101.87674545454546,99.9541064935065,101.66453244949494,0.2122130050505148,0.3669220818203334,-0.3669220818203334,40.0,337.0,20.666666666666668,6.0,18.0,-12.0,,,,2eb19531-f1f2-4a8f-a71e-076285271571,00572d64-eb7e-4295-89f6-63bf98e32dd4,5329d1c7-092d-448b-8683-771f533b0846
5551079d-c868-4fda-873a-d901fee70a9f,10.0,Finished,,,,,,,,,,,,,,,,,,,,,101.86292727272728,100.35359053030304,101.66453244949494,0.1983948232323342,0.3430300680462868,-0.3430300680462868,44.99999999999999,330.0,30.0,17.0,4.0,13.0,,,,2eb19531-f1f2-4a8f-a71e-076285271571,5d03531f-db77-4857-b87a-f8bcff470727,152926ec-a176-4064-8f15-f33ab14007fe
bb047658-069f-4e4e-b1da-cc85d9cd5b24,13.0,Finished,,,,,,,,,,,,,,,,,,,,,102.0116,104.85878181818182,101.66453244949494,0.3470675505050451,0.6000892741388844,-0.6000892741388844,25.0,336.0,0.0,7.0,20.0,-13.0,,,,2eb19531-f1f2-4a8f-a71e-076285271571,7aae5ebe-ca8b-4929-8455-5398e8298f8c,9fa8a5b1-2cd5-4b03-aa5c-136e61562269
5ea51413-96b6-4e81-be3e-0222ce0e26e2,9.0,Finished,,,,,,,,,,,,,,,,,,,,,101.79892727272728,110.4285220779221,101.66453244949494,0.1343948232323413,0.232372320040179,-0.232372320040179,50.0,335.0,21.0,11.0,16.0,-5.0,,,,2eb19531-f1f2-4a8f-a71e-076285271571,d8ecbab8-5e75-4e30-a814-ab881049ebe8,3c5e6866-d5da-4c64-b255-52d8cc08394b
1816b8fc-6f9f-4167-ad97-96301d41b73a,18.0,Lapped,,,,,,,,,,,,,,,,,,,,,102.48624074074074,104.12922154471543,101.66453244949494,0.8217082912457983,1.420756078550265,-1.420756078550265,5.000000000000004,336.0,20.333333333333332,7.0,19.0,-12.0,,,,2eb19531-f1f2-4a8f-a71e-076285271571,0b21b2b3-8d74-445c-acc7-e2dac1e323dd,d4c5726f-839a-49c0-97db-88b3fc09b451
27f876c1-f928-44f7-a9d8-ea11e3a4ebc0,17.0,Lapped,,,,,,,,,,,,,,,,,,,,,102.45187037037036,102.68866129785248,101.66453244949494,0.7873379208754301,1.3613287694358711,-1.3613287694358711,9.999999999999998,339.0,29.0,3.0,8.0,-5.0,,,,2eb19531-f1f2-4a8f-a71e-076285271571,217ff409-a898-4f8b-9323-7763902509c9,74ba499d-84cf-49bd-9012-fde4bc87ff1b
e9cb77b8-09d7-40ed-a67e-e3ee17e24d84,19.0,Lapped,,,,,,,,,,,,,,,,,,,,,102.54783333333332,101.1769990503324,101.66453244949494,0.8833008838383734,1.5272513533964025,-1.5272513533964025,0.0,329.0,30.5,18.0,2.0,16.0,,,,2eb19531-f1f2-4a8f-a71e-076285271571,9218ccac-0d8c-4836-9f4b-082a2c542f68,74ba499d-84cf-49bd-9012-fde4bc87ff1b
d4c28a1b-d782-46bc-8d17-4eb4d0fefa3b,16.0,Finished,,,,,,,,,,,,,,,,,,,,,102.21674545454546,101.11025454545454,101.66453244949494,0.5522130050505183,0.9547913681028516,-0.9547913681028516,15.000000000000002,333.0,29.0,13.0,8.0,5.0,,,,2eb19531-f1f2-4a8f-a71e-076285271571,5933eb18-734c-4a98-806c-dd676c9ae731,871d7bb6-5c31-4735-8150-fb52d48e1cde
830fe6dc-db3e-4eac-bf8b-da4cd3e2bfb2,4.0,Finished,,,,,,,,,,,,,,,,,,,,,101.19120000000002,101.62225,101.66453244949494,-0.4733324494949187,-0.8184047331145033,0.8184047331145033,75.0,332.0,29.5,15.0,6.0,9.0,,,,2eb19531-f1f2-4a8f-a71e-076285271571,d71626b8-a508-4371-a966-503f36ebb8d0,f75df3f3-ce57-4ad4-a349-b6528762787f
fdd86852-6fdd-4e39-8465-884006893491,8.0,Finished,,,,,,,,,,,,,,,,,,,,,101.63809090909088,101.9582935064935,101.66453244949494,-0.0264415404040505,-0.0457181455457041,0.0457181455457041,55.00000000000001,338.0,21.0,4.0,16.0,-12.0,,,,2eb19531-f1f2-4a8f-a71e-076285271571,d54daa60-c444-4ecb-a83e-c157cdf43e67,d4c5726f-839a-49c0-97db-88b3fc09b451
29938006-5f47-4213-9b71-6e3b459ec39f,11.0,Finished,,,,,,,,,,,,,,,,,,,,,101.91183636363635,100.38227757575758,101.66453244949494,0.2473039141414119,0.4275952220623045,-0.4275952220623045,30.000000000000004,336.0,29.0,7.0,8.0,-1.0,,,,2eb19531-f1f2-4a8f-a71e-076285271571,4d8edae8-dd9a-4376-a1f0-91e4dcaaee1a,871d7bb6-5c31-4735-8150-fb52d48e1cde
af804bb8-b3b1-44cf-89ef-961a1589fa19,3.0,Finished,,,,,,,,,,,,,,,,,,,,,100.97921818181818,101.5949033929034,101.66453244949494,-0.685314267676759,-1.184927086524585,1.184927086524585,80.0,331.0,23.5,16.0,14.0,2.0,,,,2eb19531-f1f2-4a8f-a71e-076285271571,a1402642-75cf-4196-9db4-b0d5b458a6ae,f75df3f3-ce57-4ad4-a349-b6528762787f
1767ea33-396d-4b84-847c-66cd915ec6b9,2.0,Finished,,,,,,,,,,,,,,,,,,,,,100.8304181818182,101.60807424242424,101.66453244949494,-0.8341142676767532,-1.442206350638804,1.442206350638804,85.0,336.0,30.0,7.0,4.0,3.0,,,,2eb19531-f1f2-4a8f-a71e-076285271571,b34c803f-2e33-48a4-bffb-499598604cf9,28d5702d-754e-48e3-8648-3414fb816016
c8a36ff7-6497-401e-bd49-c61b562fe623,15.0,Finished,,,,,,,,,,,,,,,,,,,,,102.07134545454544,100.693,101.66453244949494,0.406813005050509,0.7033907968514317,-0.7033907968514317,19.999999999999996,338.0,30.5,4.0,2.0,2.0,,,,2eb19531-f1f2-4a8f-a71e-076285271571,93895c43-2842-47df-b7de-f86110fd54b7,3c5e6866-d5da-4c64-b255-52d8cc08394b
7a7be618-6436-406a-bf9d-f4adb9659867,5.0,Finished,,,,,,,,,,,,,,,,,,,,,101.19561818181818,100.78233994258376,101.66453244949494,-0.4689142676767659,-0.8107655760789039,0.8107655760789039,70.0,333.0,29.5,13.0,6.0,7.0,,,,2eb19531-f1f2-4a8f-a71e-076285271571,d31df4d0-71a1-40fc-bf79-61af13e1acd7,28d5702d-754e-48e3-8648-3414fb816016
01b47487-d4bc-4640-a923-d5993c286fb5,6.0,Finished,,,,,,,,,,,,,,,,,,,,,101.25890909090909,100.62012380952382,101.66453244949494,-0.4056233585858564,-0.7013338656217146,0.7013338656217146,65.0,326.0,27.0,20.0,13.0,7.0,,,,2eb19531-f1f2-4a8f-a71e-076285271571,36fa31f7-12df-4f79-8de7-63098bfb8a5b,9fa8a5b1-2cd5-4b03-aa5c-136e61562269
a88ce4dc-ada0-410f-9302-93af6c951d61,20.0,Retired,,,,,,,,,,,,,,,,,,,,,100.76725,,101.66453244949494,-0.8972824494949379,-1.5514258622894517,1.5514258622894517,90.0,341.0,68.0,2.0,1.0,1.0,,,,2eb19531-f1f2-4a8f-a71e-076285271571,258793ad-e101-47d1-8409-93edc1c8bdd5,5329d1c7-092d-448b-8683-771f533b0846
08b2f821-02ca-413a-931d-a391ebaf15d8,12.0,Finished,,,,,,,,,,,,,,,,,,,,,101.90141818181816,105.42016363636364,101.66453244949494,0.2368857323232305,0.4095819011510817,-0.4095819011510817,35.0,342.0,28.0,1.0,12.0,-11.0,,,,2eb19531-f1f2-4a8f-a71e-076285271571,bbe763bf-f205-4c4a-b485-51cc69248b5a,152926ec-a176-4064-8f15-f33ab14007fe
8975f11f-76a9-4a21-b3df-717dd9a7901b,7.0,Finished,,,,,,,,,,,,,,,,,,,,,101.56610909090908,101.93501258741256,101.66453244949494,-0.0984233585858618,-0.1701766751923481,0.1701766751923481,60.0,335.0,28.5,11.0,11.0,0.0,,,,2eb19531-f1f2-4a8f-a71e-076285271571,329fcd08-b140-4524-8bbd-d944b5c5dd1b,b0a535d7-2578-48eb-8346-156775b72370
73ed7162-4ce3-4ca2-810e-a3a79bbe8000,1.0,Finished,,,,,,,,,,,,,,,,,,,,,100.72634545454548,,101.66453244949494,-0.9381869949494756,-1.6221509385896564,1.6221509385896564,95.0,329.0,21.5,18.0,15.0,3.0,,,,2eb19531-f1f2-4a8f-a71e-076285271571,4e5380ac-3832-409c-a269-05f3091fe4e2,b0a535d7-2578-48eb-8346-156775b72370
