season,race_name,driver,team,fp1_pos,fp1_time_fastest_lap,fp2_pos,fp2_time_fastest_lap,fp3_pos,fp3_time_fastest_lap,Qualifying_Final_Grid_Position,Q1_time_seconds,Q1_position,Q1_fastest_lap,Q2_time_seconds,Q2_position,Q2_fastest_lap,Q3_time_seconds,Q3_position,Q3_fastest_lap,Race_Finishing_Position,fastest_lap
2024,Abu Dhabi Grand Prix,ALB,Williams,,,9.0,1:24.269,12.0,1:24.378,16,83.821,16.0,1:23.820,,,,,,,11.0,1:29.438
2024,Abu Dhabi Grand Prix,ALO,Aston Martin,11.0,1:25.504,16.0,1:24.573,15.0,1:24.453,8,83.794,15.0,1:23.793,83.268,7.0,1:23.268,83.196,8.0,1:23.195,9.0,1:27.947
2024,Abu Dhabi Grand Prix,BOT,Sauber,13.0,1:25.611,7.0,1:24.230,16.0,1:24.478,9,83.481,2.0,1:23.480,83.341,9.0,1:23.340,83.204,9.0,1:23.203,18.0,1:29.481
2024,Abu Dhabi Grand Prix,COL,Williams,7.0,1:25.382,20.0,1:25.265,20.0,1:24.766,19,83.912,19.0,1:23.912,,,,,,,19.0,1:29.411
2024,Abu Dhabi Grand Prix,DOO,Alpine,19.0,1:26.304,19.0,1:24.960,14.0,1:24.433,20,84.105,20.0,1:24.105,,,,,,,15.0,1:29.120
2024,Abu Dhabi Grand Prix,GAS,Alpine,5.0,1:25.332,12.0,1:24.516,13.0,1:24.408,6,83.548,5.0,1:23.548,83.086,4.0,1:23.085,82.984,6.0,1:22.983,7.0,1:29.212
2024,Abu Dhabi Grand Prix,HAM,Mercedes,3.0,1:24.805,5.0,1:24.118,3.0,1:23.822,18,83.887,18.0,1:23.887,,,,,,,4.0,1:27.278
2024,Abu Dhabi Grand Prix,HUL,Haas,6.0,1:25.373,3.0,1:23.978,7.0,1:24.093,4,83.722,11.0,1:23.721,83.04,3.0,1:23.040,82.886,4.0,1:22.885,8.0,1:29.152
2024,Abu Dhabi Grand Prix,LAW,RB,12.0,1:25.563,11.0,1:24.503,17.0,1:24.519,12,83.733,13.0,1:23.733,83.472,12.0,1:23.471,,,,17.0,1:28.751
2024,Abu Dhabi Grand Prix,LEC,Ferrari,1.0,1:24.320,6.0,1:24.200,9.0,1:24.097,14,83.302,1.0,1:23.302,83.833,14.0,1:23.832,,,,3.0,1:28.018
2024,Abu Dhabi Grand Prix,MAG,Haas,8.0,1:25.444,8.0,1:24.234,8.0,1:24.093,15,83.632,7.0,1:23.632,83.877,15.0,1:23.876,,,,16.0,1:25.637
2024,Abu Dhabi Grand Prix,NOR,McLaren,2.0,1:24.542,1.0,1:23.516,2.0,1:23.626,1,83.682,10.0,1:23.682,83.098,5.0,1:23.097,82.595,1.0,1:22.594,1.0,1:27.438
2024,Abu Dhabi Grand Prix,PER,Red Bull,10.0,1:25.483,14.0,1:24.555,10.0,1:24.283,10,83.559,6.0,1:23.558,83.379,10.0,1:23.379,83.264,10.0,1:23.263,20.0,
2024,Abu Dhabi Grand Prix,PIA,McLaren,,,2.0,1:23.751,1.0,1:23.433,2,83.64,8.0,1:23.640,83.199,6.0,1:23.198,82.804,2.0,1:22.804,10.0,1:27.689
2024,Abu Dhabi Grand Prix,RUS,Mercedes,4.0,1:25.165,13.0,1:24.534,6.0,1:24.075,7,83.678,9.0,1:23.677,83.283,8.0,1:23.283,83.132,7.0,1:23.132,5.0,1:28.194
2024,Abu Dhabi Grand Prix,SAI,Ferrari,,,4.0,1:24.099,5.0,1:23.870,3,83.487,3.0,1:23.486,82.985,1.0,1:22.984,82.824,3.0,1:22.823,2.0,1:27.765
2024,Abu Dhabi Grand Prix,STR,Aston Martin,,,18.0,1:24.686,18.0,1:24.531,13,83.729,12.0,1:23.728,83.784,13.0,1:23.784,,,,14.0,1:28.603
2024,Abu Dhabi Grand Prix,TSU,RB,,,10.0,1:24.496,11.0,1:24.343,11,83.735,14.0,1:23.734,83.419,11.0,1:23.418,,,,12.0,1:29.200
2024,Abu Dhabi Grand Prix,VER,Red Bull,,,17.0,1:24.597,4.0,1:23.843,5,83.516,4.0,1:23.516,82.998,2.0,1:22.998,82.945,5.0,1:22.944,6.0,1:27.765
2024,Abu Dhabi Grand Prix,ZHO,Sauber,16.0,1:25.921,15.0,1:24.557,19.0,1:24.668,17,83.88,17.0,1:23.879,,,,,,,13.0,1:27.981
2024,Australian Grand Prix,ALB,Williams,12.0,1:19.442,,,13.0,1:17.759,12,77.13,7.0,1:17.129,77.167,12.0,1:17.167,,,,11.0,1:21.617
2024,Australian Grand Prix,ALO,Aston Martin,18.0,1:19.715,5.0,1:17.912,6.0,1:16.996,10,76.991,5.0,1:16.990,76.71,6.0,1:16.709,77.552,10.0,1:17.552,8.0,1:20.492
2024,Australian Grand Prix,BOT,Sauber,20.0,1:20.013,14.0,1:18.584,12.0,1:17.751,13,77.543,13.0,1:17.543,77.34,13.0,1:17.340,,,,14.0,1:21.421
2024,Australian Grand Prix,GAS,Alpine,17.0,1:19.621,15.0,1:18.691,19.0,1:18.390,17,77.982,17.0,1:17.981,,,,,,,13.0,1:21.090
2024,Australian Grand Prix,HAM,Mercedes,9.0,1:18.771,18.0,1:18.834,4.0,1:16.805,11,77.499,12.0,1:17.498,76.96,11.0,1:16.959,,,,18.0,1:22.444
2024,Australian Grand Prix,HUL,Haas,16.0,1:19.603,16.0,1:18.701,16.0,1:17.941,16,77.976,16.0,1:17.975,,,,,,,9.0,1:21.144
2024,Australian Grand Prix,LEC,Ferrari,4.0,1:18.599,1.0,1:17.277,1.0,1:16.713,5,76.984,4.0,1:16.983,76.304,2.0,1:16.304,76.435,5.0,1:16.435,2.0,1:19.813
2024,Australian Grand Prix,MAG,Haas,13.0,1:19.489,19.0,1:19.275,17.0,1:17.960,14,77.709,15.0,1:17.709,77.427,14.0,1:17.427,,,,10.0,1:21.081
2024,Australian Grand Prix,NOR,McLaren,1.0,1:18.563,9.0,1:18.155,10.0,1:17.489,4,77.43,11.0,1:17.430,76.75,7.0,1:16.750,76.315,4.0,1:16.314,3.0,1:19.915
2024,Australian Grand Prix,OCO,Alpine,15.0,1:19.561,17.0,1:18.704,15.0,1:17.920,15,77.617,14.0,1:17.617,77.697,15.0,1:17.697,,,,16.0,1:21.353
2024,Australian Grand Prix,PER,Red Bull,6.0,1:18.641,8.0,1:18.090,7.0,1:17.013,3,76.805,2.0,1:16.805,76.631,5.0,1:16.631,76.274,3.0,1:16.274,5.0,1:20.388
2024,Australian Grand Prix,PIA,McLaren,10.0,1:18.918,7.0,1:18.076,8.0,1:17.087,6,77.369,9.0,1:17.368,76.601,4.0,1:16.600,76.572,6.0,1:16.572,4.0,1:20.198
2024,Australian Grand Prix,RIC,RB,11.0,1:19.274,12.0,1:18.534,18.0,1:17.962,18,78.085,18.0,1:18.084,,,,,,,12.0,1:21.239
2024,Australian Grand Prix,RUS,Mercedes,3.0,1:18.596,6.0,1:17.950,5.0,1:16.885,7,77.062,6.0,1:17.061,76.901,10.0,1:16.900,76.724,7.0,1:16.724,17.0,1:20.284
2024,Australian Grand Prix,SAI,Ferrari,8.0,1:18.686,3.0,1:17.706,3.0,1:16.790,2,76.731,1.0,1:16.730,76.189,1.0,1:16.188,76.185,2.0,1:16.185,1.0,1:20.031
2024,Australian Grand Prix,STR,Aston Martin,7.0,1:18.667,4.0,1:17.822,9.0,1:17.340,9,77.376,10.0,1:17.376,76.78,8.0,1:16.780,77.072,9.0,1:17.072,6.0,1:20.930
2024,Australian Grand Prix,TSU,RB,5.0,1:18.620,10.0,1:18.188,11.0,1:17.673,8,77.356,8.0,1:17.355,76.791,9.0,1:16.790,76.788,8.0,1:16.787,7.0,1:21.134
2024,Australian Grand Prix,VER,Red Bull,2.0,1:18.581,2.0,1:17.658,2.0,1:16.733,1,76.819,3.0,1:16.819,76.387,3.0,1:16.387,75.915,1.0,1:15.915,19.0,1:23.114
2024,Australian Grand Prix,ZHO,Sauber,19.0,1:19.989,11.0,1:18.421,14.0,1:17.876,19,78.188,19.0,1:18.188,,,,,,,15.0,1:21.326
2024,Azerbaijan Grand Prix,ALB,Williams,17.0,1:47.954,13.0,1:44.736,8.0,1:43.194,10,102.899,2.0,1:42.899,102.84,10.0,1:42.840,102.859,10.0,1:42.858,7.0,1:46.947
2024,Azerbaijan Grand Prix,ALO,Aston Martin,7.0,1:46.451,12.0,1:44.683,11.0,1:43.474,8,103.472,14.0,1:43.471,102.426,5.0,1:42.426,102.369,8.0,1:42.368,6.0,1:47.057
2024,Azerbaijan Grand Prix,BEA,Haas F1 Team,,,,,,,11,103.471,13.0,1:43.471,102.968,11.0,1:42.968,,,,10.0,1:47.048
2024,Azerbaijan Grand Prix,BOT,Sauber,14.0,1:47.640,15.0,1:44.784,17.0,1:44.186,17,103.618,17.0,1:43.617,,,,,,,16.0,1:48.418
2024,Azerbaijan Grand Prix,COL,Williams,16.0,1:47.900,14.0,1:44.748,9.0,1:43.237,9,103.138,7.0,1:43.138,102.473,6.0,1:42.472,102.53,9.0,1:42.530,8.0,1:47.274
2024,Azerbaijan Grand Prix,GAS,Alpine,18.0,1:48.712,18.0,1:45.391,15.0,1:43.876,15,,,,103.179,13.0,1:43.179,,,,12.0,1:48.018
2024,Azerbaijan Grand Prix,HAM,Mercedes,2.0,1:45.858,3.0,1:43.549,10.0,1:43.301,7,103.089,4.0,1:43.088,102.765,9.0,1:42.765,102.289,7.0,1:42.289,9.0,1:47.236
2024,Azerbaijan Grand Prix,HUL,Haas,12.0,1:47.135,8.0,1:44.474,16.0,1:44.164,13,103.101,6.0,1:43.100,103.191,14.0,1:43.191,,,,11.0,1:47.691
2024,Azerbaijan Grand Prix,LEC,Ferrari,9.0,1:46.608,1.0,1:43.483,2.0,1:42.527,1,102.775,1.0,1:42.775,102.056,2.0,1:42.055,101.365,1.0,1:41.364,2.0,1:47.066
2024,Azerbaijan Grand Prix,NOR,McLaren,4.0,1:46.027,17.0,1:45.156,3.0,1:42.736,16,103.609,16.0,1:43.608,,,,,,,4.0,1:45.254
2024,Azerbaijan Grand Prix,OCO,Alpine,,,,,,,19,104.504,19.0,1:44.504,,,,,,,15.0,1:48.831
2024,Azerbaijan Grand Prix,PER,Red Bull,3.0,1:45.921,2.0,1:43.489,7.0,1:43.024,4,103.213,9.0,1:43.212,102.263,3.0,1:42.263,101.813,4.0,1:41.813,17.0,1:47.013
2024,Azerbaijan Grand Prix,PIA,McLaren,6.0,1:46.281,5.0,1:43.983,4.0,1:42.748,2,103.033,3.0,1:43.033,102.598,8.0,1:42.597,101.686,2.0,1:41.686,1.0,1:47.060
2024,Azerbaijan Grand Prix,RIC,RB,10.0,1:46.686,16.0,1:45.055,14.0,1:43.870,15,103.547,15.0,1:43.546,,,,,,,13.0,1:48.379
2024,Azerbaijan Grand Prix,RUS,Mercedes,8.0,1:46.516,9.0,1:44.536,1.0,1:42.513,5,103.139,8.0,1:43.138,102.329,4.0,1:42.328,101.874,5.0,1:41.873,3.0,1:46.628
2024,Azerbaijan Grand Prix,SAI,Ferrari,5.0,1:46.173,4.0,1:43.950,6.0,1:42.968,3,103.357,11.0,1:43.356,102.503,7.0,1:42.503,101.805,3.0,1:41.805,18.0,1:46.865
2024,Azerbaijan Grand Prix,STR,Aston Martin,13.0,1:47.183,7.0,1:44.093,13.0,1:43.570,14,103.37,12.0,1:43.370,103.404,15.0,1:43.403,,,,19.0,1:48.147
2024,Azerbaijan Grand Prix,TSU,RB,15.0,1:47.707,11.0,1:44.644,12.0,1:43.503,12,103.337,10.0,1:43.337,103.035,12.0,1:43.034,,,,20.0,1:50.887
2024,Azerbaijan Grand Prix,VER,Red Bull,1.0,1:45.546,6.0,1:44.028,5.0,1:42.861,6,103.097,5.0,1:43.096,102.042,1.0,1:42.042,102.023,6.0,1:42.022,5.0,1:46.798
2024,Azerbaijan Grand Prix,ZHO,Sauber,19.0,1:49.052,20.0,1:45.947,18.0,1:44.868,18,104.246,18.0,1:44.245,,,,,,,14.0,1:47.644
2024,Bahrain Grand Prix,ALB,Williams,13.0,1:33.582,11.0,1:31.332,15.0,1:31.965,13,90.397,9.0,1:30.397,90.221,13.0,1:30.221,,,,15.0,1:35.722
2024,Bahrain Grand Prix,ALO,Aston Martin,5.0,1:33.192,3.0,1:30.659,2.0,1:30.965,6,90.179,5.0,1:30.179,89.801,5.0,1:29.801,89.542,6.0,1:29.542,9.0,1:34.198
2024,Bahrain Grand Prix,BOT,Sauber,10.0,1:33.353,17.0,1:32.001,17.0,1:32.096,16,90.756,16.0,1:30.756,,,,,,,19.0,1:36.201
2024,Bahrain Grand Prix,GAS,Alpine,18.0,1:35.144,16.0,1:31.950,20.0,1:32.382,20,90.948,20.0,1:30.947,,,,,,,18.0,1:34.805
2024,Bahrain Grand Prix,HAM,Mercedes,9.0,1:33.302,1.0,1:30.373,12.0,1:31.451,9,90.451,10.0,1:30.450,89.718,4.0,1:29.718,89.71,9.0,1:29.709,7.0,1:34.721
2024,Bahrain Grand Prix,HUL,Haas,20.0,1:37.938,7.0,1:30.884,9.0,1:31.278,10,90.566,14.0,1:30.566,89.851,6.0,1:29.850,90.502,10.0,1:30.501,16.0,1:34.834
2024,Bahrain Grand Prix,LEC,Ferrari,8.0,1:33.268,9.0,1:31.112,4.0,1:31.093,2,90.243,7.0,1:30.242,89.165,1.0,1:29.165,89.407,2.0,1:29.406,4.0,1:34.090
2024,Bahrain Grand Prix,MAG,Haas,19.0,1:37.477,14.0,1:31.763,14.0,1:31.671,15,90.646,15.0,1:30.646,90.529,15.0,1:30.528,,,,12.0,1:35.569
2024,Bahrain Grand Prix,NOR,McLaren,2.0,1:32.900,20.0,1:32.608,5.0,1:31.117,7,90.143,4.0,1:30.143,89.941,9.0,1:29.941,89.614,7.0,1:29.614,6.0,1:34.475
2024,Bahrain Grand Prix,OCO,Alpine,17.0,1:34.807,18.0,1:32.027,18.0,1:32.123,19,90.793,19.0,1:30.793,,,,,,,17.0,1:36.225
2024,Bahrain Grand Prix,PER,Red Bull,12.0,1:33.412,10.0,1:31.114,8.0,1:31.248,5,90.221,6.0,1:30.221,89.932,8.0,1:29.932,89.537,5.0,1:29.537,2.0,1:34.364
2024,Bahrain Grand Prix,PIA,McLaren,3.0,1:33.112,5.0,1:30.784,7.0,1:31.209,8,90.531,12.0,1:30.531,90.122,10.0,1:30.121,89.683,8.0,1:29.683,8.0,1:34.774
2024,Bahrain Grand Prix,RIC,RB,1.0,1:32.868,12.0,1:31.516,11.0,1:31.448,14,90.562,13.0,1:30.561,90.278,14.0,1:30.278,,,,13.0,1:35.162
2024,Bahrain Grand Prix,RUS,Mercedes,7.0,1:33.251,2.0,1:30.579,6.0,1:31.189,3,90.35,8.0,1:30.349,89.922,7.0,1:29.921,89.485,3.0,1:29.484,5.0,1:35.064
2024,Bahrain Grand Prix,SAI,Ferrari,11.0,1:33.385,4.0,1:30.769,1.0,1:30.823,4,89.909,1.0,1:29.909,89.573,3.0,1:29.572,89.507,4.0,1:29.507,3.0,1:34.507
2024,Bahrain Grand Prix,SAR,Williams,16.0,1:34.212,13.0,1:31.715,19.0,1:32.125,18,90.77,18.0,1:30.769,,,,,,,20.0,1:34.734
2024,Bahrain Grand Prix,STR,Aston Martin,14.0,1:33.867,8.0,1:30.891,10.0,1:31.396,12,89.965,2.0,1:29.965,90.2,12.0,1:30.200,,,,10.0,1:35.632
2024,Bahrain Grand Prix,TSU,RB,4.0,1:33.183,15.0,1:31.881,13.0,1:31.631,11,90.481,11.0,1:30.480,90.129,11.0,1:30.129,,,,14.0,1:35.832
2024,Bahrain Grand Prix,VER,Red Bull,6.0,1:33.237,6.0,1:30.850,3.0,1:31.061,1,90.031,3.0,1:30.031,89.374,2.0,1:29.373,89.179,1.0,1:29.179,1.0,1:32.608
2024,Bahrain Grand Prix,ZHO,Sauber,15.0,1:33.923,19.0,1:32.048,16.0,1:32.000,17,90.757,17.0,1:30.757,,,,,,,11.0,1:35.457
2024,Belgian Grand Prix,ALB,Williams,3.0,1:44.099,17.0,1:43.891,11.0,2:07.442,11,115.722,14.0,1:55.721,114.473,11.0,1:54.472,,,,12.0,1:47.995
2024,Belgian Grand Prix,ALO,Aston Martin,12.0,1:44.921,12.0,1:43.537,13.0,2:08.070,9,115.489,10.0,1:55.489,114.258,7.0,1:54.257,114.765,9.0,1:54.765,8.0,1:48.051
2024,Belgian Grand Prix,BOT,Sauber,14.0,1:45.155,13.0,1:43.674,8.0,2:06.492,14,115.531,11.0,1:55.531,114.764,14.0,1:54.763,,,,15.0,1:47.019
2024,Belgian Grand Prix,GAS,Alpine,11.0,1:44.832,15.0,1:43.828,3.0,2:03.174,12,114.911,2.0,1:54.911,114.635,12.0,1:54.635,,,,13.0,1:47.418
2024,Belgian Grand Prix,HAM,Mercedes,5.0,1:44.278,10.0,1:43.519,9.0,2:06.751,4,115.692,13.0,1:55.691,114.037,2.0,1:54.037,113.835,4.0,1:53.834,1.0,1:46.653
2024,Belgian Grand Prix,HUL,Haas,17.0,1:45.644,16.0,1:43.846,12.0,2:08.039,16,116.308,16.0,1:56.308,,,,,,,18.0,1:48.953
2024,Belgian Grand Prix,LEC,Ferrari,6.0,1:44.305,4.0,1:42.837,6.0,2:06.033,2,115.349,6.0,1:55.349,114.193,6.0,1:54.192,113.754,2.0,1:53.754,3.0,1:47.013
2024,Belgian Grand Prix,MAG,Haas F1 Team,,,,,,,17,116.5,17.0,1:56.500,,,,,,,14.0,1:47.847
2024,Belgian Grand Prix,NOR,McLaren,8.0,1:44.415,1.0,1:42.260,4.0,2:03.371,5,115.582,12.0,1:55.581,114.358,8.0,1:54.358,113.981,5.0,1:53.980,5.0,1:45.563
2024,Belgian Grand Prix,OCO,Alpine,,,7.0,1:43.400,5.0,2:05.250,10,115.417,8.0,1:55.417,114.46,9.0,1:54.459,114.81,10.0,1:54.810,9.0,1:46.956
2024,Belgian Grand Prix,PER,Red Bull,7.0,1:44.328,9.0,1:43.504,10.0,2:07.102,3,115.139,4.0,1:55.138,114.47,10.0,1:54.469,113.765,3.0,1:53.765,7.0,1:44.700
2024,Belgian Grand Prix,PIA,McLaren,2.0,1:43.903,2.0,1:42.474,2.0,2:02.998,6,114.835,1.0,1:54.834,114.136,5.0,1:54.135,114.027,6.0,1:54.027,2.0,1:45.840
2024,Belgian Grand Prix,RIC,RB,13.0,1:44.950,14.0,1:43.822,14.0,2:08.409,13,115.451,9.0,1:55.450,114.682,13.0,1:54.682,,,,10.0,1:47.435
2024,Belgian Grand Prix,RUS,Mercedes,,,,,,,7,115.353,7.0,1:55.352,114.095,3.0,1:54.094,114.184,7.0,1:54.183,20.0,1:47.112
2024,Belgian Grand Prix,SAI,Ferrari,,,,,,,8,115.169,5.0,1:55.168,114.112,4.0,1:54.111,114.477,8.0,1:54.477,6.0,1:46.364
2024,Belgian Grand Prix,SAR,Williams,,,,,,,19,117.23,19.0,1:57.230,,,,,,,17.0,1:47.489
2024,Belgian Grand Prix,STR,Aston Martin,10.0,1:44.698,11.0,1:43.531,7.0,2:06.037,15,116.072,15.0,1:56.072,115.716,15.0,1:55.715,,,,11.0,1:48.105
2024,Belgian Grand Prix,TSU,RB,16.0,1:45.563,20.0,1:44.347,15.0,2:09.443,18,116.593,18.0,1:56.593,,,,,,,16.0,1:47.968
2024,Belgian Grand Prix,VER,Red Bull,1.0,1:43.371,3.0,1:42.477,1.0,2:01.564,1,114.938,3.0,1:54.938,113.837,1.0,1:53.837,113.159,1.0,1:53.159,4.0,1:46.128
2024,Belgian Grand Prix,ZHO,Kick Sauber,,,,,,,20,117.775,20.0,1:57.775,,,,,,,19.0,1:52.099
2024,British Grand Prix,ALB,Williams,16.0,1:28.649,13.0,1:27.644,11.0,1:39.602,9,91.135,7.0,1:31.135,86.933,9.0,1:26.933,86.64,9.0,1:26.640,9.0,1:29.718
2024,British Grand Prix,ALO,Aston Martin,6.0,1:27.793,11.0,1:27.371,8.0,1:38.939,10,91.264,9.0,1:31.263,86.73,3.0,1:26.730,86.917,10.0,1:26.917,8.0,1:29.709
2024,British Grand Prix,BOT,Sauber,12.0,1:28.254,12.0,1:27.381,15.0,1:40.242,16,92.431,16.0,1:32.430,,,,,,,15.0,1:31.277
2024,British Grand Prix,GAS,Alpine,,,,,,,20,99.804,20.0,1:39.804,,,,,,,20.0,
2024,British Grand Prix,HAM,Mercedes,7.0,1:27.858,6.0,1:27.201,3.0,1:37.563,2,89.547,1.0,1:29.546,86.77,5.0,1:26.769,85.99,2.0,1:25.989,1.0,1:29.438
2024,British Grand Prix,HUL,Haas,11.0,1:28.081,4.0,1:26.989,10.0,1:39.340,6,91.929,15.0,1:31.929,86.847,8.0,1:26.846,86.338,6.0,1:26.337,6.0,1:29.835
2024,British Grand Prix,LEC,Ferrari,8.0,1:27.903,5.0,1:27.150,7.0,1:38.453,11,90.496,3.0,1:30.495,87.097,11.0,1:27.096,,,,14.0,1:29.748
2024,British Grand Prix,MAG,Haas,,,20.0,1:28.121,17.0,1:40.539,17,92.905,17.0,1:32.905,,,,,,,12.0,1:30.093
2024,British Grand Prix,NOR,McLaren,1.0,1:27.420,1.0,1:26.549,4.0,1:37.713,3,91.596,13.0,1:31.596,86.559,1.0,1:26.558,86.03,3.0,1:26.030,3.0,1:29.262
2024,British Grand Prix,OCO,Alpine,10.0,1:27.974,15.0,1:27.742,16.0,1:40.430,18,94.557,18.0,1:34.557,,,,,,,16.0,1:30.875
2024,British Grand Prix,PER,Red Bull,,,3.0,1:26.983,9.0,1:39.284,19,98.348,19.0,1:38.347,,,,,,,17.0,1:29.706
2024,British Grand Prix,PIA,McLaren,3.0,1:27.631,2.0,1:26.879,1.0,1:36.653,5,90.895,5.0,1:30.894,86.733,4.0,1:26.733,86.237,5.0,1:26.236,4.0,1:28.748
2024,British Grand Prix,RIC,RB,13.0,1:28.477,19.0,1:27.915,18.0,1:40.822,15,91.291,10.0,1:31.290,87.949,15.0,1:27.948,,,,13.0,1:30.734
2024,British Grand Prix,RUS,Mercedes,5.0,1:27.737,10.0,1:27.293,2.0,1:37.528,1,90.106,2.0,1:30.105,86.723,2.0,1:26.722,85.819,1.0,1:25.819,19.0,1:31.298
2024,British Grand Prix,SAI,Ferrari,9.0,1:27.924,8.0,1:27.248,5.0,1:38.138,7,90.557,4.0,1:30.557,86.843,7.0,1:26.843,86.509,7.0,1:26.509,5.0,1:28.293
2024,British Grand Prix,SAR,Williams,,,17.0,1:27.808,13.0,1:39.701,12,91.608,14.0,1:31.608,87.175,12.0,1:27.174,,,,11.0,1:29.971
2024,British Grand Prix,STR,Aston Martin,2.0,1:27.554,9.0,1:27.274,12.0,1:39.700,8,91.41,12.0,1:31.409,86.938,10.0,1:26.938,86.585,8.0,1:26.584,7.0,1:29.897
2024,British Grand Prix,TSU,RB,20.0,1:29.864,16.0,1:27.745,14.0,1:39.819,13,90.994,6.0,1:30.993,87.269,13.0,1:27.269,,,,10.0,1:30.228
2024,British Grand Prix,VER,Red Bull,4.0,1:27.728,7.0,1:27.233,6.0,1:38.393,4,91.342,11.0,1:31.341,86.796,6.0,1:26.796,86.203,4.0,1:26.203,2.0,1:28.951
2024,British Grand Prix,ZHO,Sauber,15.0,1:28.590,18.0,1:27.813,19.0,1:41.784,14,91.19,8.0,1:31.189,87.867,14.0,1:27.867,,,,18.0,1:31.013
2024,Canadian Grand Prix,ALB,Williams,,,9.0,1:16.977,18.0,1:13.879,10,72.896,4.0,1:12.896,72.485,6.0,1:12.484,72.796,10.0,1:12.796,17.0,1:19.358
2024,Canadian Grand Prix,ALO,Aston Martin,,,1.0,1:15.810,8.0,1:13.340,6,73.117,12.0,1:13.117,72.635,9.0,1:12.635,72.228,6.0,1:12.227,6.0,1:16.302
2024,Canadian Grand Prix,BOT,Sauber,8.0,1:27.670,14.0,1:17.816,13.0,1:13.641,17,73.366,17.0,1:13.365,,,,,,,13.0,1:17.250
2024,Canadian Grand Prix,GAS,Alpine,7.0,1:27.584,19.0,1:20.789,16.0,1:13.736,15,73.289,15.0,1:13.289,72.94,15.0,1:12.939,,,,9.0,1:17.013
2024,Canadian Grand Prix,HAM,Mercedes,4.0,1:25.969,7.0,1:16.908,1.0,1:12.549,7,72.851,3.0,1:12.850,71.979,2.0,1:11.978,72.28,7.0,1:12.280,4.0,1:14.855
2024,Canadian Grand Prix,HUL,Haas,,,15.0,1:17.903,17.0,1:13.777,19,73.978,19.0,1:13.977,,,,,,,11.0,1:16.683
2024,Canadian Grand Prix,LEC,Ferrari,3.0,1:25.305,4.0,1:16.555,10.0,1:13.349,11,73.107,11.0,1:13.106,72.691,11.0,1:12.691,,,,19.0,1:26.012
2024,Canadian Grand Prix,MAG,Haas,13.0,1:29.052,6.0,1:16.772,11.0,1:13.438,14,73.217,13.0,1:13.216,72.916,14.0,1:12.915,,,,12.0,1:16.498
2024,Canadian Grand Prix,NOR,McLaren,1.0,1:24.435,20.0,1:20.843,7.0,1:13.293,3,72.959,6.0,1:12.959,72.201,3.0,1:12.200,72.021,3.0,1:12.021,2.0,1:15.558
2024,Canadian Grand Prix,OCO,Alpine,,,11.0,1:17.417,19.0,1:14.075,18,73.435,18.0,1:13.435,,,,,,,10.0,1:17.012
2024,Canadian Grand Prix,PER,Red Bull,9.0,1:28.058,10.0,1:17.040,9.0,1:13.341,16,73.326,16.0,1:13.325,,,,,,,18.0,1:18.819
2024,Canadian Grand Prix,PIA,McLaren,6.0,1:26.754,16.0,1:19.007,5.0,1:13.266,4,72.907,5.0,1:12.906,72.462,5.0,1:12.462,72.103,4.0,1:12.102,5.0,1:16.246
2024,Canadian Grand Prix,RIC,RB,11.0,1:28.581,5.0,1:16.730,6.0,1:13.278,5,73.24,14.0,1:13.239,72.572,8.0,1:12.572,72.178,5.0,1:12.177,8.0,1:17.075
2024,Canadian Grand Prix,RUS,Mercedes,10.0,1:28.540,2.0,1:16.272,3.0,1:12.956,1,73.013,7.0,1:13.013,71.742,1.0,1:11.742,72.0,1.0,1:12.000,3.0,1:14.894
2024,Canadian Grand Prix,SAI,Ferrari,2.0,1:24.763,13.0,1:17.721,12.0,1:13.569,12,73.038,8.0,1:13.037,72.728,12.0,1:12.727,,,,16.0,1:18.956
2024,Canadian Grand Prix,SAR,Williams,,,12.0,1:17.495,14.0,1:13.662,13,73.063,9.0,1:13.063,72.736,13.0,1:12.736,,,,20.0,1:26.483
2024,Canadian Grand Prix,STR,Aston Martin,,,3.0,1:16.463,4.0,1:13.025,9,73.088,10.0,1:13.087,72.659,10.0,1:12.659,72.701,9.0,1:12.700,7.0,1:16.762
2024,Canadian Grand Prix,TSU,RB,12.0,1:28.722,8.0,1:16.950,15.0,1:13.715,8,72.748,2.0,1:12.748,72.303,4.0,1:12.302,72.414,8.0,1:12.414,14.0,1:17.308
2024,Canadian Grand Prix,VER,Red Bull,5.0,1:26.501,18.0,1:19.311,2.0,1:12.923,2,72.36,1.0,1:12.359,72.549,7.0,1:12.549,72.0,2.0,1:12.000,1.0,1:15.569
2024,Canadian Grand Prix,ZHO,Kick Sauber,,,,,,,20,74.292,20.0,1:14.292,,,,,,,15.0,1:17.325
2024,Dutch Grand Prix,ALB,Williams,6.0,1:13.159,10.0,1:11.549,14.0,1:24.007,10,,,,70.768,7.0,1:10.768,70.653,8.0,1:10.653,14.0,1:14.433
2024,Dutch Grand Prix,ALO,Aston Martin,15.0,1:14.466,6.0,1:11.356,5.0,1:21.460,7,71.493,8.0,1:11.492,70.845,10.0,1:10.844,70.633,7.0,1:10.632,10.0,1:14.757
2024,Dutch Grand Prix,BOT,Sauber,,,18.0,1:12.206,3.0,1:21.155,17,72.168,17.0,1:12.168,,,,,,,19.0,1:15.822
2024,Dutch Grand Prix,GAS,Alpine,,,14.0,1:11.644,1.0,1:20.311,9,71.718,13.0,1:11.718,70.815,9.0,1:10.814,70.977,10.0,1:10.977,9.0,1:14.855
2024,Dutch Grand Prix,HAM,Mercedes,3.0,1:13.006,3.0,1:10.813,15.0,1:24.097,11,71.375,5.0,1:11.375,70.948,12.0,1:10.947,,,,8.0,1:13.878
2024,Dutch Grand Prix,HUL,Haas,8.0,1:13.563,20.0,1:13.296,9.0,1:22.353,13,71.832,14.0,1:11.831,71.215,14.0,1:11.215,,,,11.0,1:15.656
2024,Dutch Grand Prix,LEC,Ferrari,13.0,1:14.305,9.0,1:11.442,16.0,1:24.158,6,71.37,4.0,1:11.370,70.689,6.0,1:10.688,70.582,6.0,1:10.581,3.0,1:14.584
2024,Dutch Grand Prix,MAG,Haas,9.0,1:13.596,8.0,1:11.430,2.0,1:20.450,14,71.63,12.0,1:11.629,71.295,15.0,1:11.295,,,,18.0,1:14.953
2024,Dutch Grand Prix,NOR,McLaren,1.0,1:12.322,4.0,1:10.960,4.0,1:21.387,1,71.377,6.0,1:11.376,70.496,1.0,1:10.495,69.673,1.0,1:09.673,1.0,1:13.816
2024,Dutch Grand Prix,OCO,Alpine,18.0,1:15.796,17.0,1:12.061,6.0,1:21.643,16,71.995,16.0,1:11.995,,,,,,,15.0,1:15.390
2024,Dutch Grand Prix,PER,Red Bull Racing,,,,,,,5,71.006,1.0,1:11.006,70.678,5.0,1:10.677,70.416,5.0,1:10.415,6.0,1:14.587
2024,Dutch Grand Prix,PIA,McLaren,7.0,1:13.230,2.0,1:10.763,7.0,1:21.849,3,71.541,10.0,1:11.540,70.505,2.0,1:10.504,70.172,3.0,1:10.171,4.0,1:14.236
2024,Dutch Grand Prix,RIC,RB,19.0,1:16.230,13.0,1:11.629,18.0,1:25.433,15,71.943,15.0,1:11.942,,,,,,,12.0,1:15.221
2024,Dutch Grand Prix,RUS,Mercedes,5.0,1:13.141,1.0,1:10.701,13.0,1:23.957,4,71.049,2.0,1:11.049,70.552,3.0,1:10.552,70.244,4.0,1:10.243,7.0,1:13.927
2024,Dutch Grand Prix,SAI,Ferrari,4.0,1:13.073,19.0,1:13.108,10.0,1:22.588,10,71.327,3.0,1:11.326,70.914,11.0,1:10.914,,,,5.0,1:14.117
2024,Dutch Grand Prix,SAR,Williams,17.0,1:15.605,15.0,1:11.817,12.0,1:23.287,20,,,,,,,,,,16.0,1:15.539
2024,Dutch Grand Prix,STR,Aston Martin,11.0,1:14.150,11.0,1:11.575,8.0,1:21.941,8,71.518,9.0,1:11.518,70.661,4.0,1:10.661,70.857,9.0,1:10.856,13.0,1:15.254
2024,Dutch Grand Prix,TSU,RB,,,,,,,12,71.603,11.0,1:11.602,70.955,13.0,1:10.954,,,,17.0,1:15.552
2024,Dutch Grand Prix,VER,Red Bull,2.0,1:12.522,5.0,1:10.986,17.0,1:24.359,2,71.393,7.0,1:11.393,70.811,8.0,1:10.811,70.029,2.0,1:10.028,2.0,1:14.751
2024,Dutch Grand Prix,ZHO,Sauber,10.0,1:13.965,16.0,1:11.933,11.0,1:23.239,18,73.261,18.0,1:13.260,,,,,,,20.0,1:15.724
2024,Emilia Romagna Grand Prix,ALB,Williams,19.0,1:20.049,18.0,1:17.135,7.0,1:16.469,14,76.524,14.0,1:16.524,76.2,14.0,1:16.200,,,,20.0,1:21.274
2024,Emilia Romagna Grand Prix,ALO,Aston Martin,10.0,1:17.867,10.0,1:16.837,18.0,1:17.338,19,76.917,19.0,1:16.917,,,,,,,19.0,1:19.004
2024,Emilia Romagna Grand Prix,BOT,Sauber,16.0,1:18.826,16.0,1:17.087,14.0,1:16.694,16,76.626,16.0,1:16.626,,,,,,,18.0,1:21.454
2024,Emilia Romagna Grand Prix,GAS,Alpine,11.0,1:17.905,15.0,1:17.063,19.0,1:17.361,15,76.015,8.0,1:16.015,76.381,15.0,1:16.381,,,,16.0,1:21.370
2024,Emilia Romagna Grand Prix,HAM,Mercedes,7.0,1:17.408,4.0,1:16.296,17.0,1:16.959,8,76.604,15.0,1:16.603,75.677,9.0,1:15.677,75.504,8.0,1:15.504,6.0,1:20.331
2024,Emilia Romagna Grand Prix,HUL,Haas,20.0,1:21.058,9.0,1:16.825,10.0,1:16.546,10,75.841,3.0,1:15.840,75.569,7.0,1:15.569,75.98,10.0,1:15.980,11.0,1:21.700
2024,Emilia Romagna Grand Prix,LEC,Ferrari,1.0,1:16.989,1.0,1:15.906,4.0,1:16.087,4,75.823,2.0,1:15.822,75.328,2.0,1:15.328,74.97,4.0,1:14.969,3.0,1:19.935
2024,Emilia Romagna Grand Prix,MAG,Haas,,,17.0,1:17.129,16.0,1:16.923,18,76.854,18.0,1:16.853,,,,,,,12.0,1:21.009
2024,Emilia Romagna Grand Prix,NOR,McLaren,8.0,1:17.602,12.0,1:16.980,2.0,1:15.828,3,75.915,5.0,1:15.915,75.371,4.0,1:15.370,74.837,3.0,1:14.837,2.0,1:19.993
2024,Emilia Romagna Grand Prix,OCO,Alpine,14.0,1:18.611,14.0,1:17.007,8.0,1:16.480,12,76.361,11.0,1:16.361,75.906,12.0,1:15.906,,,,14.0,1:21.304
2024,Emilia Romagna Grand Prix,PER,Red Bull,4.0,1:17.233,8.0,1:16.552,12.0,1:16.631,11,76.404,12.0,1:16.403,75.706,11.0,1:15.706,,,,8.0,1:19.686
2024,Emilia Romagna Grand Prix,PIA,McLaren,9.0,1:17.807,2.0,1:16.097,1.0,1:15.528,2,75.94,6.0,1:15.939,75.407,5.0,1:15.406,74.82,2.0,1:14.819,4.0,1:19.906
2024,Emilia Romagna Grand Prix,RIC,RB,13.0,1:18.141,11.0,1:16.966,11.0,1:16.560,9,76.06,9.0,1:16.060,75.691,10.0,1:15.691,75.674,9.0,1:15.674,13.0,1:21.569
2024,Emilia Romagna Grand Prix,RUS,Mercedes,2.0,1:17.093,5.0,1:16.311,5.0,1:16.094,6,76.107,10.0,1:16.106,75.671,8.0,1:15.671,75.234,6.0,1:15.233,7.0,1:18.588
2024,Emilia Romagna Grand Prix,SAI,Ferrari,3.0,1:17.120,6.0,1:16.423,3.0,1:16.066,5,76.015,7.0,1:16.015,75.512,6.0,1:15.512,75.233,5.0,1:15.233,5.0,1:20.219
2024,Emilia Romagna Grand Prix,SAR,Williams,18.0,1:19.900,20.0,1:17.847,15.0,1:16.793,20,,,,,,,,,,17.0,1:21.228
2024,Emilia Romagna Grand Prix,STR,Aston Martin,12.0,1:18.072,13.0,1:16.990,9.0,1:16.543,13,76.458,13.0,1:16.457,75.992,13.0,1:15.992,,,,9.0,1:20.569
2024,Emilia Romagna Grand Prix,TSU,RB,6.0,1:17.388,3.0,1:16.286,13.0,1:16.668,7,75.894,4.0,1:15.894,75.358,3.0,1:15.358,75.465,7.0,1:15.465,10.0,1:20.936
2024,Emilia Romagna Grand Prix,VER,Red Bull,5.0,1:17.239,7.0,1:16.447,6.0,1:16.365,1,75.762,1.0,1:15.762,75.176,1.0,1:15.176,74.746,1.0,1:14.745,1.0,1:20.365
2024,Emilia Romagna Grand Prix,ZHO,Sauber,17.0,1:19.129,19.0,1:17.605,20.0,1:17.891,17,76.834,17.0,1:16.834,,,,,,,15.0,1:21.016
2024,Hungarian Grand Prix,ALB,Williams,14.0,1:19.793,9.0,1:18.513,7.0,1:16.661,13,77.28,5.0,1:17.280,76.429,13.0,1:16.429,,,,14.0,1:23.930
2024,Hungarian Grand Prix,ALO,Aston Martin,13.0,1:19.686,10.0,1:18.519,14.0,1:17.001,7,77.624,12.0,1:17.623,76.117,7.0,1:16.117,76.043,7.0,1:16.043,11.0,1:23.063
2024,Hungarian Grand Prix,BOT,Sauber,15.0,1:19.804,11.0,1:18.585,12.0,1:16.804,12,77.487,10.0,1:17.486,76.384,12.0,1:16.384,,,,16.0,1:22.792
2024,Hungarian Grand Prix,GAS,Alpine,17.0,1:19.975,16.0,1:18.888,18.0,1:17.498,20,78.166,20.0,1:18.165,,,,,,,20.0,1:23.340
2024,Hungarian Grand Prix,HAM,Mercedes,10.0,1:19.287,7.0,1:18.362,10.0,1:16.786,5,77.087,3.0,1:17.087,76.307,10.0,1:16.307,75.854,5.0,1:15.853,3.0,1:22.153
2024,Hungarian Grand Prix,HUL,Haas,,,15.0,1:18.790,8.0,1:16.695,11,77.362,6.0,1:17.361,76.317,11.0,1:16.316,,,,13.0,1:23.460
2024,Hungarian Grand Prix,LEC,Ferrari,3.0,1:19.010,18.0,1:19.286,11.0,1:16.802,6,77.437,9.0,1:17.436,75.891,5.0,1:15.891,75.905,6.0,1:15.905,4.0,1:22.182
2024,Hungarian Grand Prix,MAG,Haas,19.0,1:20.295,6.0,1:18.314,19.0,1:17.507,15,77.851,15.0,1:17.850,76.548,15.0,1:16.548,,,,15.0,1:23.552
2024,Hungarian Grand Prix,NOR,McLaren,6.0,1:19.210,1.0,1:17.787,1.0,1:16.097,1,77.755,13.0,1:17.754,75.54,1.0,1:15.540,75.227,1.0,1:15.227,2.0,1:21.712
2024,Hungarian Grand Prix,OCO,Alpine,18.0,1:20.022,14.0,1:18.754,20.0,1:17.575,19,78.049,19.0,1:18.049,,,,,,,18.0,1:21.609
2024,Hungarian Grand Prix,PER,Red Bull,11.0,1:19.439,4.0,1:18.254,13.0,1:16.953,16,77.886,16.0,1:17.885,,,,,,,7.0,1:21.096
2024,Hungarian Grand Prix,PIA,McLaren,7.0,1:19.248,13.0,1:18.617,2.0,1:16.141,2,77.504,11.0,1:17.504,75.785,3.0,1:15.784,75.249,2.0,1:15.248,1.0,1:21.715
2024,Hungarian Grand Prix,RIC,RB,12.0,1:19.578,8.0,1:18.370,6.0,1:16.652,9,77.05,1.0,1:17.049,76.202,9.0,1:16.201,76.447,9.0,1:16.447,12.0,1:22.640
2024,Hungarian Grand Prix,RUS,Mercedes,4.0,1:19.137,5.0,1:18.293,4.0,1:16.563,17,77.968,17.0,1:17.968,,,,,,,8.0,1:20.305
2024,Hungarian Grand Prix,SAI,Ferrari,1.0,1:18.712,3.0,1:18.185,5.0,1:16.638,4,77.244,4.0,1:17.243,75.885,4.0,1:15.885,75.696,4.0,1:15.695,6.0,1:21.441
2024,Hungarian Grand Prix,SAR,Williams,16.0,1:19.885,12.0,1:18.611,16.0,1:17.168,14,77.77,14.0,1:17.769,76.543,14.0,1:16.543,,,,17.0,1:20.561
2024,Hungarian Grand Prix,STR,Aston Martin,9.0,1:19.265,17.0,1:19.179,15.0,1:17.084,8,77.405,7.0,1:17.405,76.075,6.0,1:16.075,76.244,8.0,1:16.243,10.0,1:22.337
2024,Hungarian Grand Prix,TSU,RB,8.0,1:19.260,19.0,1:19.605,9.0,1:16.743,10,77.436,8.0,1:17.436,76.121,8.0,1:16.120,76.477,10.0,1:16.477,9.0,1:23.533
2024,Hungarian Grand Prix,VER,Red Bull,2.0,1:18.989,2.0,1:18.031,3.0,1:16.379,3,77.087,2.0,1:17.087,75.77,2.0,1:15.769,75.273,3.0,1:15.272,5.0,1:20.908
2024,Hungarian Grand Prix,ZHO,Sauber,5.0,1:19.180,20.0,1:20.066,17.0,1:17.290,18,78.037,18.0,1:18.037,,,,,,,19.0,1:23.486
2024,Italian Grand Prix,ALB,Williams,8.0,1:22.219,13.0,1:21.591,8.0,1:20.596,9,80.542,8.0,1:20.542,80.314,9.0,1:20.313,80.299,9.0,1:20.299,9.0,1:23.918
2024,Italian Grand Prix,ALO,Aston Martin,10.0,1:22.314,9.0,1:21.316,11.0,1:20.968,11,80.617,10.0,1:20.617,80.421,11.0,1:20.421,,,,11.0,1:22.944
2024,Italian Grand Prix,BOT,Sauber,5.0,1:22.126,11.0,1:21.460,19.0,1:21.356,19,81.101,19.0,1:21.100,,,,,,,16.0,1:23.608
2024,Italian Grand Prix,COL,Williams,18.0,1:22.879,17.0,1:21.784,9.0,1:20.905,18,81.061,18.0,1:21.061,,,,,,,12.0,1:23.727
2024,Italian Grand Prix,GAS,Alpine,14.0,1:22.763,18.0,1:21.819,14.0,1:21.155,14,80.748,11.0,1:20.748,80.738,14.0,1:20.737,,,,15.0,1:23.754
2024,Italian Grand Prix,HAM,Mercedes,7.0,1:22.213,1.0,1:20.737,1.0,1:20.117,6,80.477,7.0,1:20.477,79.641,1.0,1:19.641,79.513,6.0,1:19.513,5.0,1:21.512
2024,Italian Grand Prix,HUL,Haas,19.0,1:23.156,7.0,1:21.140,10.0,1:20.942,10,80.781,13.0,1:20.781,80.411,10.0,1:20.411,80.339,10.0,1:20.338,17.0,1:23.275
2024,Italian Grand Prix,LEC,Ferrari,2.0,1:21.903,5.0,1:20.891,3.0,1:20.225,4,80.074,2.0,1:20.073,80.007,7.0,1:20.007,79.461,4.0,1:19.460,1.0,1:23.225
2024,Italian Grand Prix,MAG,Haas,11.0,1:22.572,12.0,1:21.498,16.0,1:21.207,13,80.856,14.0,1:20.855,80.698,13.0,1:20.697,,,,10.0,1:23.436
2024,Italian Grand Prix,NOR,McLaren,3.0,1:21.917,2.0,1:20.740,5.0,1:20.262,1,79.911,1.0,1:19.911,79.727,3.0,1:19.727,79.327,1.0,1:19.326,3.0,1:21.432
2024,Italian Grand Prix,OCO,Alpine,17.0,1:22.879,19.0,1:21.867,17.0,1:21.257,15,80.764,12.0,1:20.763,80.766,15.0,1:20.766,,,,14.0,1:24.343
2024,Italian Grand Prix,PER,Red Bull,9.0,1:22.311,15.0,1:21.677,18.0,1:21.287,8,80.598,9.0,1:20.597,80.216,8.0,1:20.215,80.062,8.0,1:20.061,8.0,1:22.971
2024,Italian Grand Prix,PIA,McLaren,6.0,1:22.198,4.0,1:20.858,4.0,1:20.251,2,80.076,3.0,1:20.075,79.808,5.0,1:19.808,79.436,2.0,1:19.436,2.0,1:21.942
2024,Italian Grand Prix,RIC,RB,12.0,1:22.605,8.0,1:21.299,12.0,1:21.076,12,80.901,15.0,1:20.900,80.479,12.0,1:20.478,,,,13.0,1:24.218
2024,Italian Grand Prix,RUS,Mercedes,,,6.0,1:21.085,2.0,1:20.209,3,80.169,5.0,1:20.168,79.877,6.0,1:19.876,79.44,3.0,1:19.439,7.0,1:22.036
2024,Italian Grand Prix,SAI,Ferrari,4.0,1:22.126,3.0,1:20.840,7.0,1:20.462,5,80.149,4.0,1:20.149,79.799,4.0,1:19.799,79.467,5.0,1:19.466,4.0,1:23.218
2024,Italian Grand Prix,STR,Aston Martin,16.0,1:22.864,10.0,1:21.362,15.0,1:21.156,17,81.013,17.0,1:21.013,,,,,,,19.0,1:22.231
2024,Italian Grand Prix,TSU,RB,13.0,1:22.713,16.0,1:21.734,13.0,1:21.141,16,80.945,16.0,1:20.944,,,,,,,20.0,1:26.197
2024,Italian Grand Prix,VER,Red Bull,1.0,1:21.676,14.0,1:21.609,6.0,1:20.367,7,80.226,6.0,1:20.225,79.662,2.0,1:19.662,80.022,7.0,1:20.022,6.0,1:21.745
2024,Italian Grand Prix,ZHO,Sauber,15.0,1:22.853,20.0,1:22.222,20.0,1:22.034,20,81.445,20.0,1:21.444,,,,,,,18.0,1:25.091
2024,Japanese Grand Prix,ALB,Williams,12.0,1:31.942,,,11.0,1:30.533,14,89.963,15.0,1:29.962,89.714,14.0,1:29.713,,,,20.0,
2024,Japanese Grand Prix,ALO,Aston Martin,7.0,1:30.599,,,5.0,1:30.081,5,89.254,2.0,1:29.254,89.082,5.0,1:29.081,88.686,5.0,1:28.686,6.0,1:34.725
2024,Japanese Grand Prix,BOT,Sauber,14.0,1:32.054,,,12.0,1:30.546,13,89.602,8.0,1:29.602,89.593,13.0,1:29.593,,,,14.0,1:36.608
2024,Japanese Grand Prix,GAS,Alpine,17.0,1:32.277,,,17.0,1:31.141,17,90.119,17.0,1:30.118,,,,,,,16.0,1:36.641
2024,Japanese Grand Prix,HAM,Mercedes,5.0,1:30.543,2.0,1:35.225,4.0,1:30.037,7,89.661,9.0,1:29.661,88.887,3.0,1:28.887,88.766,7.0,1:28.766,9.0,1:33.951
2024,Japanese Grand Prix,HUL,Haas,13.0,1:31.957,,,16.0,1:31.138,12,89.821,14.0,1:29.820,89.494,12.0,1:29.493,,,,11.0,1:35.325
2024,Japanese Grand Prix,LEC,Ferrari,6.0,1:30.558,3.0,1:38.760,10.0,1:30.382,8,89.338,4.0,1:29.337,89.196,9.0,1:29.195,88.786,8.0,1:28.786,4.0,1:35.043
2024,Japanese Grand Prix,MAG,Haas,19.0,1:32.802,,,20.0,1:31.462,18,90.131,18.0,1:30.131,,,,,,,13.0,1:36.653
2024,Japanese Grand Prix,NOR,McLaren,10.0,1:31.239,,,6.0,1:30.137,3,89.536,7.0,1:29.536,88.94,4.0,1:28.939,88.489,3.0,1:28.489,5.0,1:35.186
2024,Japanese Grand Prix,OCO,Alpine,11.0,1:31.935,,,14.0,1:31.022,15,89.811,13.0,1:29.811,89.816,15.0,1:29.816,,,,15.0,1:36.231
2024,Japanese Grand Prix,PER,Red Bull,2.0,1:30.236,,,2.0,1:29.831,2,89.303,3.0,1:29.302,88.752,2.0,1:28.751,88.263,2.0,1:28.263,2.0,1:33.944
2024,Japanese Grand Prix,PIA,McLaren,8.0,1:31.165,1.0,1:34.724,8.0,1:30.225,6,89.425,5.0,1:29.424,89.148,8.0,1:29.147,88.76,6.0,1:28.760,8.0,1:34.802
2024,Japanese Grand Prix,RIC,RB,,,,,13.0,1:30.682,11,89.727,10.0,1:29.727,89.472,11.0,1:29.471,,,,19.0,
2024,Japanese Grand Prix,RUS,Mercedes,4.0,1:30.530,,,3.0,1:29.918,9,89.799,12.0,1:29.799,89.14,7.0,1:29.140,89.008,9.0,1:29.007,7.0,1:34.403
2024,Japanese Grand Prix,SAI,Ferrari,3.0,1:30.269,,,7.0,1:30.171,4,89.513,6.0,1:29.513,89.099,6.0,1:29.099,88.682,4.0,1:28.682,3.0,1:33.840
2024,Japanese Grand Prix,SAR,Williams,20.0,1:33.203,,,19.0,1:31.451,19,90.139,19.0,1:30.138,,,,,,,17.0,1:34.900
2024,Japanese Grand Prix,STR,Aston Martin,15.0,1:32.055,,,18.0,1:31.341,16,90.024,16.0,1:30.024,,,,,,,12.0,1:35.798
2024,Japanese Grand Prix,TSU,RB,9.0,1:31.230,4.0,1:40.945,9.0,1:30.340,10,89.775,11.0,1:29.775,89.417,10.0,1:29.417,89.413,10.0,1:29.412,10.0,1:36.341
2024,Japanese Grand Prix,VER,Red Bull,1.0,1:30.055,,,1.0,1:29.563,1,88.866,1.0,1:28.865,88.74,1.0,1:28.739,88.197,1.0,1:28.197,1.0,1:33.706
2024,Japanese Grand Prix,ZHO,Sauber,18.0,1:32.638,,,15.0,1:31.066,20,90.143,20.0,1:30.143,,,,,,,18.0,1:37.159
2024,Las Vegas Grand Prix,ALB,Williams,13.0,1:36.947,20.0,1:39.629,7.0,1:34.406,18,94.425,18.0,1:34.424,,,,,,,19.0,1:38.007
2024,Las Vegas Grand Prix,ALO,Aston Martin,7.0,1:36.262,14.0,1:35.439,15.0,1:35.938,17,94.258,17.0,1:34.257,,,,,,,11.0,1:36.552
2024,Las Vegas Grand Prix,BOT,Sauber,16.0,1:37.765,11.0,1:35.019,17.0,1:36.412,19,94.43,19.0,1:34.430,,,,,,,18.0,1:36.600
2024,Las Vegas Grand Prix,COL,Williams,17.0,1:38.025,18.0,1:35.867,8.0,1:34.722,14,93.746,9.0,1:33.745,93.749,14.0,1:33.748,,,,14.0,1:36.867
2024,Las Vegas Grand Prix,GAS,Alpine,9.0,1:36.477,6.0,1:34.650,10.0,1:34.905,3,93.691,8.0,1:33.691,92.879,4.0,1:32.879,92.664,3.0,1:32.664,20.0,1:38.313
2024,Las Vegas Grand Prix,HAM,Mercedes,1.0,1:35.001,1.0,1:33.825,6.0,1:34.340,10,93.225,2.0,1:33.224,92.567,1.0,1:32.566,108.106,10.0,1:48.105,2.0,1:35.480
2024,Las Vegas Grand Prix,HUL,Haas,15.0,1:37.200,9.0,1:34.817,11.0,1:34.908,9,93.92,11.0,1:33.920,93.114,10.0,1:33.114,93.062,9.0,1:33.061,8.0,1:36.584
2024,Las Vegas Grand Prix,LAW,RB,20.0,1:38.730,15.0,1:35.671,18.0,1:36.543,15,94.087,15.0,1:34.087,94.257,15.0,1:34.257,,,,16.0,1:36.980
2024,Las Vegas Grand Prix,LEC,Ferrari,4.0,1:36.007,5.0,1:34.313,12.0,1:34.941,4,93.446,4.0,1:33.445,93.016,5.0,1:33.016,92.783,4.0,1:32.783,4.0,1:35.674
2024,Las Vegas Grand Prix,MAG,Haas,11.0,1:36.811,7.0,1:34.686,9.0,1:34.882,12,93.991,13.0,1:33.990,93.297,12.0,1:33.296,,,,12.0,1:36.557
2024,Las Vegas Grand Prix,NOR,McLaren,3.0,1:35.953,2.0,1:33.835,4.0,1:34.007,6,93.592,7.0,1:33.591,93.099,9.0,1:33.099,93.008,6.0,1:33.007,6.0,1:34.876
2024,Las Vegas Grand Prix,OCO,Alpine,14.0,1:37.152,12.0,1:35.221,14.0,1:35.459,11,93.968,12.0,1:33.968,93.221,11.0,1:33.221,,,,17.0,1:36.510
2024,Las Vegas Grand Prix,PER,Red Bull,10.0,1:36.536,19.0,1:36.055,13.0,1:35.061,16,94.155,16.0,1:34.155,,,,,,,10.0,1:36.325
2024,Las Vegas Grand Prix,PIA,McLaren,8.0,1:36.450,8.0,1:34.798,2.0,1:33.784,8,93.45,5.0,1:33.450,93.024,6.0,1:33.024,93.033,8.0,1:33.033,7.0,1:36.597
2024,Las Vegas Grand Prix,RUS,Mercedes,2.0,1:35.397,3.0,1:34.015,1.0,1:33.569,1,93.186,1.0,1:33.186,92.779,3.0,1:32.778,92.312,1.0,1:32.311,1.0,1:35.716
2024,Las Vegas Grand Prix,SAI,Ferrari,6.0,1:36.218,4.0,1:34.105,3.0,1:33.918,2,93.484,6.0,1:33.483,92.711,2.0,1:32.710,92.41,2.0,1:32.409,3.0,1:35.875
2024,Las Vegas Grand Prix,STR,Aston Martin,12.0,1:36.816,13.0,1:35.251,19.0,1:36.950,20,94.484,20.0,1:34.483,,,,,,,15.0,1:37.179
2024,Las Vegas Grand Prix,TSU,RB,19.0,1:38.573,10.0,1:34.996,16.0,1:36.215,7,93.789,10.0,1:33.789,93.089,8.0,1:33.088,93.029,7.0,1:33.028,9.0,1:36.956
2024,Las Vegas Grand Prix,VER,Red Bull,5.0,1:36.037,17.0,1:35.834,5.0,1:34.137,5,93.299,3.0,1:33.299,93.085,7.0,1:33.084,92.797,5.0,1:32.796,5.0,1:36.248
2024,Las Vegas Grand Prix,ZHO,Sauber,18.0,1:38.349,16.0,1:35.765,20.0,1:36.987,13,94.079,14.0,1:34.078,93.566,13.0,1:33.566,,,,13.0,1:36.323
2024,Mexico City Grand Prix,ALB,Williams,17.0,1:19.811,,,11.0,1:17.510,9,77.189,9.0,1:17.188,76.988,7.0,1:16.987,77.065,9.0,1:17.064,19.0,
2024,Mexico City Grand Prix,ALO,Aston Martin,,,11.0,1:18.578,15.0,1:17.798,13,77.307,12.0,1:17.307,77.168,13.0,1:17.168,,,,18.0,1:22.721
2024,Mexico City Grand Prix,BOT,Sauber,8.0,1:19.048,8.0,1:18.350,12.0,1:17.638,15,77.393,14.0,1:17.393,77.817,15.0,1:17.816,,,,14.0,1:21.084
2024,Mexico City Grand Prix,COL,Williams,11.0,1:19.108,15.0,1:18.908,13.0,1:17.712,16,77.558,16.0,1:17.558,,,,,,,12.0,1:20.090
2024,Mexico City Grand Prix,GAS,Alpine,15.0,1:19.340,16.0,1:18.941,20.0,1:18.453,8,77.149,6.0,1:17.149,77.048,10.0,1:17.048,76.892,8.0,1:16.891,10.0,1:21.274
2024,Mexico City Grand Prix,HAM,Mercedes,,,7.0,1:18.278,5.0,1:17.060,6,77.306,11.0,1:17.305,76.973,6.0,1:16.972,76.651,6.0,1:16.650,4.0,1:20.370
2024,Mexico City Grand Prix,HUL,Haas,5.0,1:18.903,12.0,1:18.620,16.0,1:17.819,10,77.186,8.0,1:17.186,76.995,8.0,1:16.995,77.365,10.0,1:17.364,9.0,1:20.748
2024,Mexico City Grand Prix,LAW,RB,9.0,1:19.093,10.0,1:18.560,10.0,1:17.493,12,77.38,13.0,1:17.379,77.162,12.0,1:17.162,,,,16.0,1:19.501
2024,Mexico City Grand Prix,LEC,Ferrari,,,4.0,1:17.887,6.0,1:17.231,4,76.972,4.0,1:16.971,76.641,4.0,1:16.641,76.265,4.0,1:16.265,3.0,1:18.335
2024,Mexico City Grand Prix,MAG,Haas,14.0,1:19.334,6.0,1:18.239,9.0,1:17.474,7,77.125,5.0,1:17.125,77.003,9.0,1:17.003,76.886,7.0,1:16.885,7.0,1:20.637
2024,Mexico City Grand Prix,NOR,McLaren,,,5.0,1:17.947,2.0,1:16.551,3,76.505,1.0,1:16.504,76.301,1.0,1:16.301,76.26,3.0,1:16.260,2.0,1:19.691
2024,Mexico City Grand Prix,OCO,Alpine,7.0,1:18.995,13.0,1:18.656,18.0,1:18.323,19,77.617,19.0,1:17.617,,,,,,,13.0,1:20.659
2024,Mexico City Grand Prix,PER,Red Bull,10.0,1:19.093,9.0,1:18.391,14.0,1:17.787,18,77.611,18.0,1:17.611,,,,,,,17.0,1:19.209
2024,Mexico City Grand Prix,PIA,McLaren,6.0,1:18.957,2.0,1:17.876,1.0,1:16.492,17,77.597,17.0,1:17.596,,,,,,,8.0,1:20.063
2024,Mexico City Grand Prix,RUS,Mercedes,1.0,1:17.998,18.0,1:19.040,8.0,1:17.340,5,77.194,10.0,1:17.194,76.937,5.0,1:16.936,76.356,5.0,1:16.355,5.0,1:20.730
2024,Mexico City Grand Prix,SAI,Ferrari,2.0,1:18.314,1.0,1:17.698,3.0,1:16.831,1,76.778,2.0,1:16.778,76.515,3.0,1:16.515,75.946,1.0,1:15.945,1.0,1:20.137
2024,Mexico City Grand Prix,STR,Aston Martin,16.0,1:19.599,14.0,1:18.890,17.0,1:17.900,14,77.407,15.0,1:17.406,77.294,14.0,1:17.293,,,,11.0,1:21.311
2024,Mexico City Grand Prix,TSU,RB,3.0,1:18.698,3.0,1:17.878,7.0,1:17.302,11,77.182,7.0,1:17.182,77.129,11.0,1:17.129,,,,20.0,
2024,Mexico City Grand Prix,VER,Red Bull,4.0,1:18.838,,,4.0,1:17.003,2,76.803,3.0,1:16.802,76.514,2.0,1:16.513,76.171,2.0,1:16.171,6.0,1:20.871
2024,Mexico City Grand Prix,ZHO,Sauber,,,17.0,1:18.980,19.0,1:18.427,20,78.072,20.0,1:18.072,,,,,,,15.0,1:21.552
2024,Monaco Grand Prix,ALB,Williams,15.0,1:13.424,9.0,1:12.257,12.0,1:12.180,9,71.623,6.0,1:11.623,71.216,10.0,1:11.215,70.948,9.0,1:10.947,9.0,1:17.060
2024,Monaco Grand Prix,ALO,Aston Martin,6.0,1:12.775,3.0,1:11.753,10.0,1:12.087,14,72.019,16.0,1:12.019,,,,,,,11.0,1:17.938
2024,Monaco Grand Prix,BOT,Kick Sauber,,,,,,,17,72.512,19.0,1:12.512,,,,,,,13.0,1:16.561
2024,Monaco Grand Prix,GAS,Alpine,20.0,1:15.573,17.0,1:12.750,11.0,1:12.144,10,71.714,8.0,1:11.713,70.896,5.0,1:10.896,71.311,10.0,1:11.311,10.0,1:15.625
2024,Monaco Grand Prix,HAM,Mercedes,1.0,1:12.168,2.0,1:11.465,3.0,1:11.709,7,71.528,3.0,1:11.528,71.056,7.0,1:11.055,70.621,7.0,1:10.620,7.0,1:14.165
2024,Monaco Grand Prix,HUL,Haas,16.0,1:13.575,15.0,1:12.569,13.0,1:12.191,14,71.876,14.0,1:11.876,71.44,12.0,1:11.439,,,,19.0,
2024,Monaco Grand Prix,LEC,Ferrari,5.0,1:12.397,1.0,1:11.278,1.0,1:11.368,1,71.584,5.0,1:11.584,70.825,4.0,1:10.825,70.27,1.0,1:10.269,1.0,1:15.162
2024,Monaco Grand Prix,MAG,Haas,14.0,1:13.390,13.0,1:12.472,14.0,1:12.215,15,71.832,12.0,1:11.831,71.725,15.0,1:11.724,,,,20.0,
2024,Monaco Grand Prix,NOR,McLaren,4.0,1:12.396,5.0,1:11.953,8.0,1:11.987,4,71.76,10.0,1:11.760,70.732,1.0,1:10.731,70.542,4.0,1:10.542,4.0,1:15.742
2024,Monaco Grand Prix,OCO,Alpine,18.0,1:14.159,14.0,1:12.554,16.0,1:12.471,11,71.887,15.0,1:11.887,71.285,11.0,1:11.284,,,,17.0,
2024,Monaco Grand Prix,PER,Red Bull,12.0,1:13.228,8.0,1:12.099,5.0,1:11.923,16,72.06,18.0,1:12.060,,,,,,,18.0,
2024,Monaco Grand Prix,PIA,McLaren,2.0,1:12.197,12.0,1:12.365,4.0,1:11.900,2,71.5,2.0,1:11.500,70.756,3.0,1:10.756,70.424,2.0,1:10.424,2.0,1:16.281
2024,Monaco Grand Prix,RIC,RB,9.0,1:12.900,16.0,1:12.576,18.0,1:12.828,12,71.785,11.0,1:11.784,71.482,13.0,1:11.481,,,,12.0,1:17.171
2024,Monaco Grand Prix,RUS,Mercedes,3.0,1:12.295,10.0,1:12.260,6.0,1:11.968,5,71.492,1.0,1:11.492,70.929,6.0,1:10.929,70.543,5.0,1:10.543,5.0,1:15.227
2024,Monaco Grand Prix,SAI,Ferrari,10.0,1:12.953,6.0,1:11.962,7.0,1:11.978,3,71.543,4.0,1:11.543,71.075,8.0,1:11.075,70.518,3.0,1:10.518,3.0,1:14.725
2024,Monaco Grand Prix,SAR,Williams,17.0,1:14.150,18.0,1:12.790,17.0,1:12.703,15,72.02,17.0,1:12.019,,,,,,,15.0,1:15.525
2024,Monaco Grand Prix,STR,Aston Martin,7.0,1:12.789,7.0,1:12.061,15.0,1:12.331,13,71.728,9.0,1:11.727,71.563,14.0,1:11.563,,,,14.0,1:16.709
2024,Monaco Grand Prix,TSU,RB,8.0,1:12.875,11.0,1:12.349,9.0,1:11.990,8,71.852,13.0,1:11.852,71.106,9.0,1:11.105,70.858,8.0,1:10.858,8.0,1:14.719
2024,Monaco Grand Prix,VER,Red Bull,11.0,1:12.983,4.0,1:11.813,2.0,1:11.566,6,71.711,7.0,1:11.710,70.745,2.0,1:10.745,70.567,6.0,1:10.566,6.0,1:14.569
2024,Monaco Grand Prix,ZHO,Sauber,19.0,1:14.569,20.0,1:13.772,19.0,1:13.829,18,73.028,20.0,1:13.028,,,,,,,16.0,1:14.718
2024,Pre-Season Testing,ALB,Williams,8.0,1:32.450,9.0,1:31.650,8.0,1:30.948,11,90.679,7.0,1:30.679,90.474,11.0,1:30.474,,,,20.0,1:36.888
2024,Pre-Season Testing,ALO,Aston Martin,9.0,1:32.609,12.0,1:31.750,10.0,1:31.081,7,90.684,8.0,1:30.683,90.45,10.0,1:30.450,90.214,7.0,1:30.213,8.0,1:37.740
2024,Pre-Season Testing,BOT,Sauber,18.0,1:33.484,20.0,1:32.786,19.0,1:32.097,19,91.572,19.0,1:31.572,,,,,,,16.0,1:37.524
2024,Pre-Season Testing,COL,Williams,11.0,1:32.617,16.0,1:32.057,9.0,1:30.989,12,90.704,9.0,1:30.703,90.481,12.0,1:30.480,,,,11.0,1:37.262
2024,Pre-Season Testing,GAS,Alpine,13.0,1:32.694,18.0,1:32.221,14.0,1:31.367,18,91.312,18.0,1:31.311,,,,,,,17.0,1:36.927
2024,Pre-Season Testing,HAM,Mercedes,12.0,1:32.679,11.0,1:31.709,7.0,1:30.864,3,90.393,4.0,1:30.393,89.929,4.0,1:29.929,89.841,3.0,1:29.840,6.0,1:37.393
2024,Pre-Season Testing,HUL,Haas,20.0,1:33.796,10.0,1:31.667,12.0,1:31.186,6,90.724,11.0,1:30.724,90.15,7.0,1:30.150,90.115,6.0,1:30.114,9.0,1:37.469
2024,Pre-Season Testing,LEC,Ferrari,1.0,1:31.763,2.0,1:30.784,5.0,1:30.558,9,90.786,12.0,1:30.786,89.747,3.0,1:29.746,,,,5.0,1:35.370
2024,Pre-Season Testing,MAG,Haas,17.0,1:33.376,13.0,1:31.793,13.0,1:31.265,14,90.829,14.0,1:30.828,90.653,14.0,1:30.653,,,,19.0,1:34.754
2024,Pre-Season Testing,NOR,McLaren,2.0,1:31.838,1.0,1:30.727,1.0,1:29.646,1,90.002,1.0,1:30.001,90.007,5.0,1:30.007,89.525,1.0,1:29.525,1.0,1:34.924
2024,Pre-Season Testing,OCO,Alpine,10.0,1:32.614,17.0,1:32.118,16.0,1:31.558,15,90.958,15.0,1:30.957,90.769,15.0,1:30.769,,,,13.0,1:37.963
2024,Pre-Season Testing,PER,Red Bull,14.0,1:32.766,8.0,1:31.597,15.0,1:31.439,13,90.624,5.0,1:30.623,90.579,13.0,1:30.578,,,,10.0,1:37.477
2024,Pre-Season Testing,PIA,McLaren,6.0,1:32.368,5.0,1:31.474,3.0,1:30.430,5,90.258,3.0,1:30.257,89.64,1.0,1:29.640,89.953,5.0,1:29.953,3.0,1:35.745
2024,Pre-Season Testing,RIC,RB,7.0,1:32.375,6.0,1:31.477,17.0,1:31.561,16,91.085,16.0,1:31.084,,,,,,,18.0,1:34.486
2024,Pre-Season Testing,RUS,Mercedes,16.0,1:33.334,7.0,1:31.487,2.0,1:30.125,4,90.811,13.0,1:30.811,90.153,8.0,1:30.153,89.867,4.0,1:29.867,4.0,1:37.046
2024,Pre-Season Testing,SAI,Ferrari,3.0,1:31.951,3.0,1:31.355,6.0,1:30.807,10,90.67,6.0,1:30.670,90.108,6.0,1:30.108,,,,7.0,1:36.561
2024,Pre-Season Testing,STR,Aston Martin,15.0,1:32.778,14.0,1:31.956,18.0,1:31.718,17,91.094,17.0,1:31.093,,,,,,,14.0,1:37.850
2024,Pre-Season Testing,TSU,RB,5.0,1:32.263,4.0,1:31.468,11.0,1:31.114,8,90.716,10.0,1:30.715,90.289,9.0,1:30.289,90.354,8.0,1:30.353,12.0,1:36.393
2024,Pre-Season Testing,VER,Red Bull,4.0,1:32.096,15.0,1:32.021,4.0,1:30.540,2,90.157,2.0,1:30.156,89.68,2.0,1:29.680,89.728,2.0,1:29.727,2.0,1:35.966
2024,Pre-Season Testing,ZHO,Sauber,19.0,1:33.584,19.0,1:32.358,20.0,1:32.652,20,92.054,20.0,1:32.054,,,,,,,15.0,1:37.460
2024,Saudi Arabian Grand Prix,ALB,Williams,10.0,1:30.746,14.0,1:29.789,17.0,1:29.808,12,89.107,15.0,1:29.106,88.98,12.0,1:28.980,,,,11.0,1:32.307
2024,Saudi Arabian Grand Prix,ALO,Aston Martin,2.0,1:29.844,1.0,1:28.826,6.0,1:29.037,4,88.706,5.0,1:28.706,88.122,3.0,1:28.121,87.846,4.0,1:27.846,5.0,1:32.387
2024,Saudi Arabian Grand Prix,BEA,Ferrari,,,,,10.0,1:29.305,11,88.984,9.0,1:28.983,88.642,11.0,1:28.641,,,,7.0,1:32.186
2024,Saudi Arabian Grand Prix,BOT,Sauber,11.0,1:30.783,20.0,1:30.153,18.0,1:30.082,16,89.179,16.0,1:29.179,,,,,,,17.0,1:32.706
2024,Saudi Arabian Grand Prix,GAS,Alpine,17.0,1:31.046,9.0,1:29.528,12.0,1:29.546,18,89.479,18.0,1:29.478,,,,,,,20.0,2:01.453
2024,Saudi Arabian Grand Prix,HAM,Mercedes,8.0,1:30.236,8.0,1:29.504,9.0,1:29.268,8,88.994,11.0,1:28.993,88.606,10.0,1:28.605,88.46,8.0,1:28.459,9.0,1:31.745
2024,Saudi Arabian Grand Prix,HUL,Haas,19.0,1:31.411,18.0,1:30.076,15.0,1:29.674,15,89.055,12.0,1:29.055,,,,,,,10.0,1:32.365
2024,Saudi Arabian Grand Prix,LEC,Ferrari,5.0,1:30.030,4.0,1:29.180,2.0,1:28.608,2,88.318,3.0,1:28.317,88.112,2.0,1:28.111,87.791,2.0,1:27.790,3.0,1:31.632
2024,Saudi Arabian Grand Prix,MAG,Haas,20.0,1:31.576,17.0,1:29.984,11.0,1:29.484,13,89.069,14.0,1:29.069,89.02,13.0,1:29.019,,,,12.0,1:32.337
2024,Saudi Arabian Grand Prix,NOR,McLaren,7.0,1:30.230,12.0,1:29.757,5.0,1:28.971,6,88.805,8.0,1:28.805,88.479,7.0,1:28.478,88.132,6.0,1:28.132,8.0,1:31.944
2024,Saudi Arabian Grand Prix,OCO,Alpine,13.0,1:30.944,15.0,1:29.900,14.0,1:29.575,17,89.475,17.0,1:29.474,,,,,,,13.0,1:33.480
2024,Saudi Arabian Grand Prix,PER,Red Bull,3.0,1:29.867,5.0,1:29.299,3.0,1:28.906,3,88.638,4.0,1:28.638,88.467,6.0,1:28.466,87.807,3.0,1:27.807,2.0,1:32.272
2024,Saudi Arabian Grand Prix,PIA,McLaren,15.0,1:30.977,10.0,1:29.593,8.0,1:29.212,5,88.755,7.0,1:28.754,88.343,4.0,1:28.343,88.089,5.0,1:28.088,4.0,1:32.310
2024,Saudi Arabian Grand Prix,RIC,RB,12.0,1:30.917,19.0,1:30.087,16.0,1:29.739,14,89.065,13.0,1:29.064,89.025,14.0,1:29.025,,,,16.0,1:33.322
2024,Saudi Arabian Grand Prix,RUS,Mercedes,4.0,1:29.938,2.0,1:29.057,4.0,1:28.963,7,88.749,6.0,1:28.748,88.448,5.0,1:28.447,88.316,7.0,1:28.316,6.0,1:32.254
2024,Saudi Arabian Grand Prix,SAR,Williams,,,,,,,19,89.526,19.0,1:29.525,,,,,,,14.0,1:33.025
2024,Saudi Arabian Grand Prix,STR,Aston Martin,9.0,1:30.579,6.0,1:29.335,7.0,1:29.126,10,88.25,2.0,1:28.250,88.578,9.0,1:28.578,88.572,10.0,1:28.572,19.0,1:35.560
2024,Saudi Arabian Grand Prix,TSU,RB,16.0,1:31.036,11.0,1:29.665,13.0,1:29.572,9,88.988,10.0,1:28.987,88.564,8.0,1:28.563,88.547,9.0,1:28.546,15.0,1:33.522
2024,Saudi Arabian Grand Prix,VER,Red Bull,1.0,1:29.659,3.0,1:29.158,1.0,1:28.412,1,88.171,1.0,1:28.171,88.033,1.0,1:28.033,87.472,1.0,1:27.471,1.0,1:31.772
2024,Saudi Arabian Grand Prix,ZHO,Sauber,18.0,1:31.131,13.0,1:29.777,19.0,1:30.739,20,,,,,,,,,,18.0,1:32.207
2024,Singapore Grand Prix,ALB,Williams,8.0,1:32.450,9.0,1:31.650,8.0,1:30.948,11,90.679,7.0,1:30.679,90.474,11.0,1:30.474,,,,20.0,1:36.888
2024,Singapore Grand Prix,ALO,Aston Martin,9.0,1:32.609,12.0,1:31.750,10.0,1:31.081,7,90.684,8.0,1:30.683,90.45,10.0,1:30.450,90.214,7.0,1:30.213,8.0,1:37.740
2024,Singapore Grand Prix,BOT,Sauber,18.0,1:33.484,20.0,1:32.786,19.0,1:32.097,19,91.572,19.0,1:31.572,,,,,,,16.0,1:37.524
2024,Singapore Grand Prix,COL,Williams,11.0,1:32.617,16.0,1:32.057,9.0,1:30.989,12,90.704,9.0,1:30.703,90.481,12.0,1:30.480,,,,11.0,1:37.262
2024,Singapore Grand Prix,GAS,Alpine,13.0,1:32.694,18.0,1:32.221,14.0,1:31.367,18,91.312,18.0,1:31.311,,,,,,,17.0,1:36.927
2024,Singapore Grand Prix,HAM,Mercedes,12.0,1:32.679,11.0,1:31.709,7.0,1:30.864,3,90.393,4.0,1:30.393,89.929,4.0,1:29.929,89.841,3.0,1:29.840,6.0,1:37.393
2024,Singapore Grand Prix,HUL,Haas,20.0,1:33.796,10.0,1:31.667,12.0,1:31.186,6,90.724,11.0,1:30.724,90.15,7.0,1:30.150,90.115,6.0,1:30.114,9.0,1:37.469
2024,Singapore Grand Prix,LEC,Ferrari,1.0,1:31.763,2.0,1:30.784,5.0,1:30.558,9,90.786,12.0,1:30.786,89.747,3.0,1:29.746,,,,5.0,1:35.370
2024,Singapore Grand Prix,MAG,Haas,17.0,1:33.376,13.0,1:31.793,13.0,1:31.265,14,90.829,14.0,1:30.828,90.653,14.0,1:30.653,,,,19.0,1:34.754
2024,Singapore Grand Prix,NOR,McLaren,2.0,1:31.838,1.0,1:30.727,1.0,1:29.646,1,90.002,1.0,1:30.001,90.007,5.0,1:30.007,89.525,1.0,1:29.525,1.0,1:34.924
2024,Singapore Grand Prix,OCO,Alpine,10.0,1:32.614,17.0,1:32.118,16.0,1:31.558,15,90.958,15.0,1:30.957,90.769,15.0,1:30.769,,,,13.0,1:37.963
2024,Singapore Grand Prix,PER,Red Bull,14.0,1:32.766,8.0,1:31.597,15.0,1:31.439,13,90.624,5.0,1:30.623,90.579,13.0,1:30.578,,,,10.0,1:37.477
2024,Singapore Grand Prix,PIA,McLaren,6.0,1:32.368,5.0,1:31.474,3.0,1:30.430,5,90.258,3.0,1:30.257,89.64,1.0,1:29.640,89.953,5.0,1:29.953,3.0,1:35.745
2024,Singapore Grand Prix,RIC,RB,7.0,1:32.375,6.0,1:31.477,17.0,1:31.561,16,91.085,16.0,1:31.084,,,,,,,18.0,1:34.486
2024,Singapore Grand Prix,RUS,Mercedes,16.0,1:33.334,7.0,1:31.487,2.0,1:30.125,4,90.811,13.0,1:30.811,90.153,8.0,1:30.153,89.867,4.0,1:29.867,4.0,1:37.046
2024,Singapore Grand Prix,SAI,Ferrari,3.0,1:31.951,3.0,1:31.355,6.0,1:30.807,10,90.67,6.0,1:30.670,90.108,6.0,1:30.108,,,,7.0,1:36.561
2024,Singapore Grand Prix,STR,Aston Martin,15.0,1:32.778,14.0,1:31.956,18.0,1:31.718,17,91.094,17.0,1:31.093,,,,,,,14.0,1:37.850
2024,Singapore Grand Prix,TSU,RB,5.0,1:32.263,4.0,1:31.468,11.0,1:31.114,8,90.716,10.0,1:30.715,90.289,9.0,1:30.289,90.354,8.0,1:30.353,12.0,1:36.393
2024,Singapore Grand Prix,VER,Red Bull,4.0,1:32.096,15.0,1:32.021,4.0,1:30.540,2,90.157,2.0,1:30.156,89.68,2.0,1:29.680,89.728,2.0,1:29.727,2.0,1:35.966
2024,Singapore Grand Prix,ZHO,Sauber,19.0,1:33.584,19.0,1:32.358,20.0,1:32.652,20,92.054,20.0,1:32.054,,,,,,,15.0,1:37.460
2024,Spanish Grand Prix,ALB,Williams,10.0,1:15.417,19.0,1:14.807,8.0,1:13.753,19,73.153,19.0,1:13.153,,,,,,,18.0,1:19.132
2024,Spanish Grand Prix,ALO,Aston Martin,9.0,1:15.221,14.0,1:14.090,9.0,1:13.786,11,72.505,9.0,1:12.504,72.128,11.0,1:12.128,,,,12.0,1:18.334
2024,Spanish Grand Prix,BOT,Sauber,12.0,1:15.471,10.0,1:13.924,14.0,1:14.024,12,72.758,13.0,1:12.757,72.227,12.0,1:12.227,,,,16.0,1:19.608
2024,Spanish Grand Prix,GAS,Alpine,13.0,1:15.483,4.0,1:13.442,12.0,1:13.963,7,72.651,10.0,1:12.650,72.079,9.0,1:12.078,71.857,7.0,1:11.856,9.0,1:19.045
2024,Spanish Grand Prix,HAM,Mercedes,7.0,1:14.911,1.0,1:13.263,6.0,1:13.358,3,72.143,1.0,1:12.143,71.792,2.0,1:11.792,71.701,3.0,1:11.700,3.0,1:17.808
2024,Spanish Grand Prix,HUL,Haas,,,12.0,1:14.052,13.0,1:13.974,13,72.708,12.0,1:12.707,72.31,13.0,1:12.310,,,,11.0,1:18.608
2024,Spanish Grand Prix,LEC,Ferrari,11.0,1:15.433,6.0,1:13.596,3.0,1:13.049,5,72.257,2.0,1:12.257,72.038,7.0,1:12.037,71.731,5.0,1:11.730,5.0,1:17.897
2024,Spanish Grand Prix,MAG,Haas,17.0,1:15.644,11.0,1:14.021,15.0,1:14.073,16,72.937,16.0,1:12.936,,,,,,,17.0,1:19.805
2024,Spanish Grand Prix,NOR,McLaren,1.0,1:14.227,3.0,1:13.319,2.0,1:13.043,1,72.386,4.0,1:12.385,71.872,4.0,1:11.871,71.383,1.0,1:11.382,2.0,1:17.114
2024,Spanish Grand Prix,OCO,Alpine,8.0,1:15.085,9.0,1:13.766,11.0,1:13.950,9,72.691,11.0,1:12.691,72.109,10.0,1:12.108,72.125,9.0,1:12.125,10.0,1:18.981
2024,Spanish Grand Prix,PER,Red Bull,5.0,1:14.691,13.0,1:14.081,7.0,1:13.722,8,72.477,8.0,1:12.477,72.054,8.0,1:12.054,72.061,8.0,1:12.061,8.0,1:17.784
2024,Spanish Grand Prix,PIA,McLaren,6.0,1:14.867,7.0,1:13.621,10.0,1:13.906,10,72.46,7.0,1:12.459,72.011,6.0,1:12.010,,,,7.0,1:17.873
2024,Spanish Grand Prix,RIC,RB,15.0,1:15.579,16.0,1:14.257,16.0,1:14.161,18,73.075,18.0,1:13.075,,,,,,,15.0,1:19.450
2024,Spanish Grand Prix,RUS,Mercedes,4.0,1:14.614,8.0,1:13.721,5.0,1:13.164,4,72.456,6.0,1:12.456,71.812,3.0,1:11.811,71.703,4.0,1:11.703,4.0,1:18.290
2024,Spanish Grand Prix,SAI,Ferrari,3.0,1:14.572,2.0,1:13.286,1.0,1:13.013,6,72.403,5.0,1:12.403,71.874,5.0,1:11.873,71.736,6.0,1:11.736,6.0,1:18.539
2024,Spanish Grand Prix,SAR,Williams,18.0,1:15.751,20.0,1:15.069,20.0,1:14.728,20,73.509,20.0,1:13.509,,,,,,,20.0,1:20.171
2024,Spanish Grand Prix,STR,Aston Martin,14.0,1:15.512,18.0,1:14.402,17.0,1:14.254,14,72.881,15.0,1:12.881,72.372,14.0,1:12.371,,,,14.0,1:19.317
2024,Spanish Grand Prix,TSU,RB,20.0,1:15.915,15.0,1:14.210,18.0,1:14.420,17,72.985,17.0,1:12.984,,,,,,,19.0,1:19.447
2024,Spanish Grand Prix,VER,Red Bull,2.0,1:14.251,5.0,1:13.504,4.0,1:13.087,2,72.306,3.0,1:12.305,71.653,1.0,1:11.653,71.403,2.0,1:11.403,1.0,1:17.775
2024,Spanish Grand Prix,ZHO,Sauber,16.0,1:15.615,17.0,1:14.344,19.0,1:14.572,15,72.88,14.0,1:12.879,72.738,15.0,1:12.737,,,,13.0,1:18.771
2025,Abu Dhabi Grand Prix,ALB,Williams,,,15.0,1:23.950,10.0,1:23.721,17,83.416,17.0,1:23.415,,,,,,,16.0,1:28.367
2025,Abu Dhabi Grand Prix,ALO,Aston Martin,,,9.0,1:23.707,4.0,1:23.584,6,83.071,4.0,1:23.070,82.861,4.0,1:22.861,82.902,6.0,1:22.902,6.0,1:28.278
2025,Abu Dhabi Grand Prix,ANT,Mercedes,4.0,1:24.608,10.0,1:23.750,9.0,1:23.706,14,82.894,3.0,1:22.894,83.08,14.0,1:23.079,,,,15.0,1:28.028
2025,Abu Dhabi Grand Prix,BEA,Haas,8.0,1:24.759,4.0,1:23.501,7.0,1:23.608,11,83.254,9.0,1:23.254,83.041,11.0,1:23.040,,,,12.0,1:28.975
2025,Abu Dhabi Grand Prix,BOR,Sauber,7.0,1:24.742,6.0,1:23.569,11.0,1:23.790,7,83.374,14.0,1:23.373,82.874,5.0,1:22.873,82.904,7.0,1:22.903,11.0,1:29.114
2025,Abu Dhabi Grand Prix,COL,Alpine,10.0,1:24.855,19.0,1:24.771,19.0,1:24.501,20,83.89,20.0,1:23.890,,,,,,,20.0,1:27.709
2025,Abu Dhabi Grand Prix,GAS,Alpine,,,20.0,1:24.962,17.0,1:24.072,19,83.468,19.0,1:23.468,,,,,,,19.0,1:27.766
2025,Abu Dhabi Grand Prix,HAD,RB,12.0,1:24.977,7.0,1:23.656,16.0,1:23.978,9,83.373,13.0,1:23.373,82.997,7.0,1:22.996,83.072,9.0,1:23.072,17.0,1:29.375
2025,Abu Dhabi Grand Prix,HAM,Ferrari,,,14.0,1:23.938,18.0,1:24.469,16,83.394,16.0,1:23.394,,,,,,,8.0,1:28.093
2025,Abu Dhabi Grand Prix,HUL,Sauber,5.0,1:24.629,5.0,1:23.549,13.0,1:23.870,18,83.45,18.0,1:23.450,,,,,,,9.0,1:27.049
2025,Abu Dhabi Grand Prix,LAW,RB,,,18.0,1:24.474,15.0,1:23.947,13,83.265,10.0,1:23.265,83.077,13.0,1:23.076,,,,18.0,1:28.885
2025,Abu Dhabi Grand Prix,LEC,Ferrari,3.0,1:24.501,8.0,1:23.658,8.0,1:23.674,5,83.163,5.0,1:23.162,82.948,6.0,1:22.947,82.73,5.0,1:22.730,4.0,1:26.724
2025,Abu Dhabi Grand Prix,NOR,McLaren,1.0,1:24.484,1.0,1:23.082,2.0,1:23.337,2,83.178,6.0,1:23.177,82.804,3.0,1:22.804,82.408,2.0,1:22.408,3.0,1:26.817
2025,Abu Dhabi Grand Prix,OCO,Haas,,,16.0,1:23.957,6.0,1:23.605,8,83.334,12.0,1:23.334,83.023,9.0,1:23.022,82.913,8.0,1:22.912,7.0,1:28.655
2025,Abu Dhabi Grand Prix,PIA,McLaren,,,11.0,1:23.763,5.0,1:23.593,3,82.605,1.0,1:22.605,83.021,8.0,1:23.021,82.437,3.0,1:22.436,2.0,1:26.765
2025,Abu Dhabi Grand Prix,RUS,Mercedes,6.0,1:24.733,3.0,1:23.462,1.0,1:23.334,4,83.247,8.0,1:23.246,82.73,1.0,1:22.730,82.645,4.0,1:22.644,5.0,1:28.599
2025,Abu Dhabi Grand Prix,SAI,Williams,9.0,1:24.771,13.0,1:23.871,12.0,1:23.811,12,83.187,7.0,1:23.186,83.042,12.0,1:23.042,,,,13.0,1:29.052
2025,Abu Dhabi Grand Prix,STR,Aston Martin,,,12.0,1:23.831,14.0,1:23.894,15,83.316,11.0,1:23.316,83.097,15.0,1:23.096,,,,10.0,1:27.626
2025,Abu Dhabi Grand Prix,TSU,Red Bull,,,17.0,1:24.302,20.0,1:24.692,10,83.386,15.0,1:23.385,83.034,10.0,1:23.034,,,,14.0,1:28.557
2025,Abu Dhabi Grand Prix,VER,Red Bull,2.0,1:24.492,2.0,1:23.445,3.0,1:23.457,1,82.877,2.0,1:22.876,82.752,2.0,1:22.751,82.207,1.0,1:22.206,1.0,1:27.625
2025,Australian Grand Prix,ALB,Williams,6.0,1:17.712,12.0,1:17.302,7.0,1:16.257,6,76.245,8.0,1:16.245,76.017,9.0,1:16.016,75.737,6.0,1:15.736,5.0,1:24.596
2025,Australian Grand Prix,ALO,Aston Martin,8.0,1:17.736,13.0,1:17.329,17.0,1:17.269,12,76.288,9.0,1:16.287,76.453,12.0,1:16.453,,,,17.0,1:28.819
2025,Australian Grand Prix,ANT,Mercedes,14.0,1:18.390,16.0,1:17.634,5.0,1:16.206,16,76.525,16.0,1:16.525,,,,,,,4.0,1:24.900
2025,Australian Grand Prix,BEA,Haas F1 Team,,,,,,,20,,,,,,,,,,14.0,1:27.602
2025,Australian Grand Prix,BOR,Sauber,15.0,1:18.438,18.0,1:17.846,11.0,1:16.706,15,76.516,15.0,1:16.516,77.52,15.0,1:17.519,,,,16.0,1:24.191
2025,Australian Grand Prix,DOO,Alpine,13.0,1:18.231,14.0,1:17.394,15.0,1:16.992,14,76.315,10.0,1:16.314,76.863,14.0,1:16.862,,,,19.0,
2025,Australian Grand Prix,GAS,Alpine,17.0,1:18.504,15.0,1:17.492,12.0,1:16.718,9,76.328,11.0,1:16.328,76.112,10.0,1:16.111,75.98,9.0,1:15.980,11.0,1:25.019
2025,Australian Grand Prix,HAD,RB,9.0,1:17.846,6.0,1:17.019,13.0,1:16.731,11,76.354,12.0,1:16.353,76.175,11.0,1:16.174,,,,20.0,
2025,Australian Grand Prix,HAM,Ferrari,12.0,1:18.070,5.0,1:16.858,8.0,1:16.378,8,76.213,6.0,1:16.212,75.919,6.0,1:15.918,75.973,8.0,1:15.972,10.0,1:24.218
2025,Australian Grand Prix,HUL,Sauber,18.0,1:18.585,8.0,1:17.161,16.0,1:17.146,17,76.579,17.0,1:16.578,,,,,,,7.0,1:25.242
2025,Australian Grand Prix,LAW,Red Bull Racing,,,,,,,18,77.094,18.0,1:17.093,,,,,,,15.0,1:22.969
2025,Australian Grand Prix,LEC,Ferrari,3.0,1:17.460,1.0,1:16.438,4.0,1:16.188,7,76.029,4.0,1:16.028,75.827,5.0,1:15.826,75.755,7.0,1:15.754,8.0,1:25.271
2025,Australian Grand Prix,NOR,McLaren,1.0,1:17.251,3.0,1:16.579,10.0,1:16.596,1,75.912,1.0,1:15.912,75.415,1.0,1:15.415,75.096,1.0,1:15.096,1.0,1:22.167
2025,Australian Grand Prix,OCO,Haas,19.0,1:19.138,19.0,1:18.034,18.0,1:17.373,19,77.147,19.0,1:17.147,,,,,,,13.0,1:26.763
2025,Australian Grand Prix,PIA,McLaren,4.0,1:17.670,2.0,1:16.563,1.0,1:15.921,2,76.062,5.0,1:16.061,75.468,2.0,1:15.468,75.18,2.0,1:15.180,9.0,1:23.242
2025,Australian Grand Prix,RUS,Mercedes,7.0,1:17.715,10.0,1:17.281,2.0,1:15.959,4,75.971,2.0,1:15.971,75.798,4.0,1:15.798,75.546,4.0,1:15.546,3.0,1:25.064
2025,Australian Grand Prix,SAI,Williams,2.0,1:17.400,11.0,1:17.302,6.0,1:16.251,10,76.36,13.0,1:16.359,75.931,7.0,1:15.930,76.062,10.0,1:16.061,18.0,
2025,Australian Grand Prix,STR,Aston Martin,10.0,1:18.057,9.0,1:17.278,14.0,1:16.947,13,76.369,14.0,1:16.368,76.483,13.0,1:16.483,,,,6.0,1:25.537
2025,Australian Grand Prix,TSU,RB,11.0,1:18.061,4.0,1:16.784,9.0,1:16.454,5,76.225,7.0,1:16.224,76.009,8.0,1:16.009,75.67,5.0,1:15.670,12.0,1:24.194
2025,Australian Grand Prix,VER,Red Bull,5.0,1:17.695,7.0,1:17.063,3.0,1:16.001,3,76.018,3.0,1:16.018,75.565,3.0,1:15.564,75.481,3.0,1:15.480,2.0,1:23.081
2025,Austrian Grand Prix,ALB,Williams,7.0,1:05.945,16.0,1:05.765,14.0,1:05.313,12,65.143,9.0,1:05.143,65.205,12.0,1:05.204,,,,17.0,1:10.641
2025,Austrian Grand Prix,ALO,Aston Martin,14.0,1:06.170,9.0,1:05.456,12.0,1:05.242,11,65.197,13.0,1:05.197,65.128,11.0,1:05.128,,,,7.0,1:09.935
2025,Austrian Grand Prix,ANT,Mercedes,11.0,1:06.129,11.0,1:05.537,7.0,1:05.052,9,65.178,10.0,1:05.177,65.052,10.0,1:05.052,65.276,9.0,1:05.275,19.0,
2025,Austrian Grand Prix,BEA,Haas,20.0,1:06.737,18.0,1:05.834,17.0,1:05.365,15,65.218,14.0,1:05.218,65.312,15.0,1:05.311,,,,11.0,1:09.959
2025,Austrian Grand Prix,BOR,Sauber,6.0,1:05.873,8.0,1:05.411,10.0,1:05.182,8,65.123,8.0,1:05.123,64.846,5.0,1:04.846,65.132,8.0,1:05.132,8.0,1:09.246
2025,Austrian Grand Prix,COL,Alpine,16.0,1:06.245,20.0,1:06.176,19.0,1:05.546,14,65.278,15.0,1:05.278,65.288,14.0,1:05.287,,,,15.0,1:09.620
2025,Austrian Grand Prix,GAS,Alpine,5.0,1:05.780,14.0,1:05.612,16.0,1:05.365,10,65.054,4.0,1:05.054,64.846,6.0,1:04.846,65.649,10.0,1:05.649,13.0,1:10.150
2025,Austrian Grand Prix,HAD,RB,10.0,1:06.109,13.0,1:05.546,20.0,1:06.022,13,65.063,5.0,1:05.063,65.226,13.0,1:05.225,,,,12.0,1:10.203
2025,Austrian Grand Prix,HAM,Ferrari,9.0,1:06.099,10.0,1:05.510,5.0,1:04.790,4,65.115,7.0,1:05.114,64.896,8.0,1:04.896,64.582,4.0,1:04.581,4.0,1:08.628
2025,Austrian Grand Prix,HUL,Sauber,12.0,1:06.140,19.0,1:05.918,13.0,1:05.283,20,65.606,20.0,1:05.605,,,,,,,9.0,1:09.459
2025,Austrian Grand Prix,LAW,RB,15.0,1:06.188,12.0,1:05.543,11.0,1:05.182,6,65.017,3.0,1:05.016,65.041,9.0,1:05.040,64.926,6.0,1:04.926,6.0,1:09.977
2025,Austrian Grand Prix,LEC,Ferrari,,,5.0,1:05.189,4.0,1:04.573,2,65.197,12.0,1:05.197,64.734,3.0,1:04.733,64.492,2.0,1:04.492,3.0,1:08.765
2025,Austrian Grand Prix,NOR,McLaren,,,1.0,1:04.579,1.0,1:04.323,1,64.672,1.0,1:04.671,64.41,1.0,1:04.409,63.971,1.0,1:03.970,1.0,1:08.272
2025,Austrian Grand Prix,OCO,Haas,19.0,1:06.510,15.0,1:05.697,18.0,1:05.519,17,65.364,17.0,1:05.364,,,,,,,10.0,1:09.549
2025,Austrian Grand Prix,PIA,McLaren,3.0,1:05.697,2.0,1:04.736,2.0,1:04.441,3,64.966,2.0,1:04.965,64.556,2.0,1:04.555,64.554,3.0,1:04.554,2.0,1:07.924
2025,Austrian Grand Prix,RUS,Mercedes,1.0,1:05.542,6.0,1:05.228,6.0,1:05.018,5,65.189,11.0,1:05.188,64.86,7.0,1:04.859,64.763,5.0,1:04.763,5.0,1:09.371
2025,Austrian Grand Prix,SAI,Williams,8.0,1:06.016,17.0,1:05.813,15.0,1:05.325,19,65.582,19.0,1:05.581,,,,,,,20.0,
2025,Austrian Grand Prix,STR,Aston Martin,13.0,1:06.159,4.0,1:05.022,8.0,1:05.061,16,65.329,16.0,1:05.328,,,,,,,14.0,1:09.213
2025,Austrian Grand Prix,TSU,Red Bull,17.0,1:06.262,7.0,1:05.292,9.0,1:05.138,18,65.369,18.0,1:05.368,,,,,,,16.0,1:09.802
2025,Austrian Grand Prix,VER,Red Bull,2.0,1:05.606,3.0,1:04.897,3.0,1:04.534,7,65.106,6.0,1:05.105,64.836,4.0,1:04.835,64.929,7.0,1:04.929,18.0,
2025,Azerbaijan Grand Prix,ALB,Williams,5.0,1:43.563,9.0,1:42.177,7.0,1:41.983,19,103.778,19.0,1:43.778,,,,,,,13.0,1:44.152
2025,Azerbaijan Grand Prix,ALO,Aston Martin,15.0,1:44.138,19.0,1:42.966,14.0,1:42.590,11,102.211,9.0,1:42.210,101.857,11.0,1:41.856,,,,15.0,1:45.001
2025,Azerbaijan Grand Prix,ANT,Mercedes,11.0,1:43.984,4.0,1:41.778,5.0,1:41.876,4,102.247,10.0,1:42.246,101.464,5.0,1:41.463,101.717,4.0,1:41.716,4.0,1:44.090
2025,Azerbaijan Grand Prix,BEA,Haas,16.0,1:44.150,5.0,1:41.891,8.0,1:41.984,15,102.666,15.0,1:42.665,,,,,,,12.0,1:44.287
2025,Azerbaijan Grand Prix,BOR,Sauber,14.0,1:44.087,15.0,1:42.561,18.0,1:43.060,13,102.511,13.0,1:42.510,102.277,13.0,1:42.277,,,,11.0,1:44.930
2025,Azerbaijan Grand Prix,COL,Alpine,19.0,1:45.299,20.0,1:43.322,15.0,1:42.789,16,102.779,16.0,1:42.778,,,,,,,19.0,1:46.055
2025,Azerbaijan Grand Prix,GAS,Alpine,20.0,1:45.418,16.0,1:42.674,19.0,1:43.322,18,103.139,18.0,1:43.138,,,,,,,18.0,1:45.492
2025,Azerbaijan Grand Prix,HAD,RB,10.0,1:43.974,13.0,1:42.442,11.0,1:42.266,8,101.656,5.0,1:41.656,101.647,8.0,1:41.647,102.372,8.0,1:42.371,10.0,1:43.884
2025,Azerbaijan Grand Prix,HAM,Ferrari,13.0,1:44.087,1.0,1:41.293,4.0,1:41.498,12,101.821,6.0,1:41.820,102.183,12.0,1:42.183,,,,8.0,1:43.977
2025,Azerbaijan Grand Prix,HUL,Sauber,12.0,1:43.986,18.0,1:42.819,12.0,1:42.427,17,102.916,17.0,1:42.915,,,,,,,16.0,1:44.370
2025,Azerbaijan Grand Prix,LAW,RB,9.0,1:43.903,7.0,1:41.989,9.0,1:42.146,3,102.257,11.0,1:42.257,101.537,7.0,1:41.537,101.707,3.0,1:41.706,5.0,1:44.531
2025,Azerbaijan Grand Prix,LEC,Ferrari,3.0,1:43.256,2.0,1:41.367,10.0,1:42.209,10,101.458,3.0,1:41.457,101.519,6.0,1:41.519,,,,9.0,1:44.274
2025,Azerbaijan Grand Prix,NOR,McLaren,1.0,1:42.703,10.0,1:42.198,1.0,1:41.222,7,101.322,1.0,1:41.322,101.396,2.0,1:41.396,102.239,7.0,1:42.239,7.0,1:44.155
2025,Azerbaijan Grand Prix,OCO,Haas,18.0,1:44.438,8.0,1:42.167,17.0,1:42.867,20,,,,,,,,,,14.0,1:45.388
2025,Azerbaijan Grand Prix,PIA,McLaren,2.0,1:43.013,12.0,1:42.295,3.0,1:41.477,9,101.839,7.0,1:41.838,101.414,3.0,1:41.414,,,,20.0,
2025,Azerbaijan Grand Prix,RUS,Mercedes,4.0,1:43.257,3.0,1:41.769,6.0,1:41.963,5,101.646,4.0,1:41.646,101.455,4.0,1:41.454,102.07,5.0,1:42.069,2.0,1:43.754
2025,Azerbaijan Grand Prix,SAI,Williams,8.0,1:43.858,11.0,1:42.254,13.0,1:42.486,2,102.635,14.0,1:42.635,101.675,9.0,1:41.674,101.595,2.0,1:41.594,3.0,1:43.971
2025,Azerbaijan Grand Prix,STR,Aston Martin,17.0,1:44.328,17.0,1:42.771,20.0,1:43.349,14,102.101,8.0,1:42.100,103.061,14.0,1:43.061,,,,17.0,1:45.082
2025,Azerbaijan Grand Prix,TSU,Red Bull,6.0,1:43.737,14.0,1:42.444,16.0,1:42.840,6,102.347,12.0,1:42.346,101.788,10.0,1:41.787,102.143,6.0,1:42.143,6.0,1:44.433
2025,Azerbaijan Grand Prix,VER,Red Bull,7.0,1:43.790,6.0,1:41.902,2.0,1:41.444,1,101.331,2.0,1:41.331,101.255,1.0,1:41.254,101.117,1.0,1:41.117,1.0,1:43.388
2025,Bahrain Grand Prix,ALB,Williams,4.0,1:33.927,11.0,1:31.695,15.0,1:33.753,15,92.04,15.0,1:32.040,,,,,,,12.0,1:37.141
2025,Bahrain Grand Prix,ALO,Aston Martin,,,15.0,1:31.825,14.0,1:33.548,13,91.634,13.0,1:31.634,91.886,13.0,1:31.885,,,,15.0,1:37.906
2025,Bahrain Grand Prix,ANT,Mercedes,20.0,1:38.051,5.0,1:31.227,5.0,1:32.915,4,91.415,6.0,1:31.415,90.716,5.0,1:30.715,90.213,4.0,1:30.212,11.0,1:36.689
2025,Bahrain Grand Prix,BEA,Haas,,,9.0,1:31.584,16.0,1:34.334,20,92.373,20.0,1:32.373,,,,,,,10.0,1:37.302
2025,Bahrain Grand Prix,BOR,Sauber,11.0,1:34.628,13.0,1:31.772,18.0,1:34.518,18,92.186,18.0,1:32.186,,,,,,,18.0,1:38.006
2025,Bahrain Grand Prix,DOO,Alpine,7.0,1:34.396,14.0,1:31.787,12.0,1:33.346,11,91.414,5.0,1:31.414,91.245,11.0,1:31.245,,,,14.0,1:36.682
2025,Bahrain Grand Prix,GAS,Alpine,2.0,1:33.441,17.0,1:31.947,6.0,1:32.974,5,91.462,8.0,1:31.462,90.643,3.0,1:30.643,90.216,5.0,1:30.215,7.0,1:36.531
2025,Bahrain Grand Prix,HAD,RB,12.0,1:34.667,6.0,1:31.237,7.0,1:33.022,12,91.591,11.0,1:31.590,91.271,12.0,1:31.271,,,,13.0,1:36.951
2025,Bahrain Grand Prix,HAM,Ferrari,3.0,1:33.799,8.0,1:31.575,10.0,1:33.111,9,91.219,2.0,1:31.218,91.009,8.0,1:31.009,90.772,9.0,1:30.772,5.0,1:36.234
2025,Bahrain Grand Prix,HUL,Sauber,6.0,1:34.262,20.0,1:32.495,19.0,1:34.635,16,92.067,16.0,1:32.066,,,,,,,20.0,1:37.337
2025,Bahrain Grand Prix,LAW,RB,8.0,1:34.397,12.0,1:31.706,13.0,1:33.370,17,92.165,17.0,1:32.165,,,,,,,16.0,1:37.379
2025,Bahrain Grand Prix,LEC,Ferrari,,,4.0,1:31.045,3.0,1:32.480,3,91.454,7.0,1:31.453,90.724,6.0,1:30.724,90.175,3.0,1:30.174,4.0,1:36.132
2025,Bahrain Grand Prix,NOR,McLaren,1.0,1:33.203,2.0,1:30.659,2.0,1:32.313,6,91.107,1.0,1:31.106,90.56,2.0,1:30.560,90.267,6.0,1:30.266,3.0,1:35.727
2025,Bahrain Grand Prix,OCO,Haas,5.0,1:34.183,16.0,1:31.870,11.0,1:33.239,14,91.594,12.0,1:31.593,,,,,,,8.0,1:37.097
2025,Bahrain Grand Prix,PIA,McLaren,10.0,1:34.507,1.0,1:30.504,1.0,1:31.646,1,91.392,4.0,1:31.391,90.454,1.0,1:30.453,89.841,1.0,1:29.840,1.0,1:35.140
2025,Bahrain Grand Prix,RUS,Mercedes,,,3.0,1:31.031,4.0,1:32.826,2,91.494,9.0,1:31.493,90.664,4.0,1:30.664,90.009,2.0,1:30.009,2.0,1:35.518
2025,Bahrain Grand Prix,SAI,Williams,,,10.0,1:31.623,9.0,1:33.091,8,91.591,10.0,1:31.590,90.844,7.0,1:30.843,90.68,8.0,1:30.680,19.0,1:36.953
2025,Bahrain Grand Prix,STR,Aston Martin,15.0,1:35.115,19.0,1:32.382,17.0,1:34.362,19,92.283,19.0,1:32.283,,,,,,,17.0,1:38.063
2025,Bahrain Grand Prix,TSU,Red Bull,9.0,1:34.483,18.0,1:32.024,20.0,1:34.965,10,91.751,14.0,1:31.751,91.228,10.0,1:31.227,91.303,10.0,1:31.302,9.0,1:37.224
2025,Bahrain Grand Prix,VER,Red Bull,,,7.0,1:31.329,8.0,1:33.027,7,91.303,3.0,1:31.302,91.019,9.0,1:31.019,90.423,7.0,1:30.423,6.0,1:36.167
2025,British Grand Prix,ALB,Williams,7.0,1:27.304,11.0,1:26.840,7.0,1:26.118,14,86.093,4.0,1:26.093,85.889,14.0,1:25.888,,,,8.0,1:30.046
2025,British Grand Prix,ALO,Aston Martin,11.0,1:27.677,12.0,1:26.876,17.0,1:26.894,9,86.108,5.0,1:26.108,85.593,7.0,1:25.593,85.621,9.0,1:25.620,9.0,1:30.352
2025,British Grand Prix,ANT,Mercedes,9.0,1:27.367,6.0,1:26.382,14.0,1:26.421,7,86.265,12.0,1:26.265,85.62,8.0,1:25.620,85.374,7.0,1:25.373,16.0,1:39.335
2025,British Grand Prix,BEA,Haas,18.0,1:28.147,19.0,1:27.225,6.0,1:26.111,8,86.005,3.0,1:26.004,85.534,6.0,1:25.534,85.471,8.0,1:25.471,11.0,1:30.921
2025,British Grand Prix,BOR,Sauber,20.0,1:28.397,13.0,1:26.903,16.0,1:26.501,17,86.446,17.0,1:26.445,,,,,,,18.0,2:15.201
2025,British Grand Prix,COL,Alpine,16.0,1:28.085,20.0,1:27.289,18.0,1:27.596,20,87.06,20.0,1:27.060,,,,,,,20.0,
2025,British Grand Prix,GAS,Alpine,19.0,1:28.331,18.0,1:27.174,20.0,1:27.878,10,86.328,15.0,1:26.328,85.711,10.0,1:25.710,85.785,10.0,1:25.784,6.0,1:30.751
2025,British Grand Prix,HAD,RB,6.0,1:27.216,9.0,1:26.524,9.0,1:26.129,13,86.177,9.0,1:26.177,85.864,13.0,1:25.864,,,,17.0,1:41.704
2025,British Grand Prix,HAM,Ferrari,1.0,1:26.891,3.0,1:26.117,11.0,1:26.331,5,86.296,14.0,1:26.296,85.084,1.0,1:25.084,85.095,5.0,1:25.094,4.0,1:30.016
2025,British Grand Prix,HUL,Sauber,,,17.0,1:27.165,15.0,1:26.498,19,86.574,19.0,1:26.573,,,,,,,3.0,1:30.933
2025,British Grand Prix,LAW,RB,8.0,1:27.350,10.0,1:26.623,10.0,1:26.256,16,86.44,16.0,1:26.439,,,,,,,19.0,
2025,British Grand Prix,LEC,Ferrari,4.0,1:27.094,2.0,1:26.037,1.0,1:25.498,6,86.186,10.0,1:26.186,85.133,2.0,1:25.132,85.121,6.0,1:25.120,14.0,1:30.819
2025,British Grand Prix,NOR,McLaren,2.0,1:26.915,1.0,1:25.816,4.0,1:25.605,3,86.123,6.0,1:26.123,85.231,3.0,1:25.230,85.01,3.0,1:25.010,1.0,1:29.733
2025,British Grand Prix,OCO,Haas,15.0,1:28.057,14.0,1:26.941,13.0,1:26.376,15,86.136,7.0,1:26.135,85.95,15.0,1:25.950,,,,13.0,1:30.817
2025,British Grand Prix,PIA,McLaren,3.0,1:27.042,4.0,1:26.286,2.0,1:25.566,2,85.963,2.0,1:25.962,85.316,5.0,1:25.316,84.995,2.0,1:24.995,2.0,1:29.337
2025,British Grand Prix,RUS,Mercedes,5.0,1:27.162,8.0,1:26.522,8.0,1:26.125,4,86.236,11.0,1:26.236,85.637,9.0,1:25.637,85.029,4.0,1:25.028,10.0,1:30.868
2025,British Grand Prix,SAI,Williams,13.0,1:27.909,16.0,1:27.159,12.0,1:26.331,11,86.175,8.0,1:26.174,85.746,11.0,1:25.745,,,,12.0,1:30.644
2025,British Grand Prix,STR,Aston Martin,12.0,1:27.843,7.0,1:26.430,19.0,1:27.599,18,86.504,18.0,1:26.504,,,,,,,7.0,1:32.087
2025,British Grand Prix,TSU,Red Bull,,,15.0,1:26.980,5.0,1:26.103,12,86.275,13.0,1:26.275,85.826,12.0,1:25.825,,,,15.0,1:30.873
2025,British Grand Prix,VER,Red Bull,10.0,1:27.432,5.0,1:26.313,3.0,1:25.584,1,85.886,1.0,1:25.885,85.316,4.0,1:25.316,84.892,1.0,1:24.891,5.0,1:30.179
2025,Canadian Grand Prix,ALB,Williams,2.0,1:13.231,4.0,1:12.444,10.0,1:12.572,10,72.09,8.0,1:12.090,71.892,8.0,1:11.891,71.907,10.0,1:11.906,20.0,1:16.197
2025,Canadian Grand Prix,ALO,Aston Martin,12.0,1:13.971,5.0,1:12.457,6.0,1:12.246,6,72.073,6.0,1:12.072,71.805,6.0,1:11.805,71.586,6.0,1:11.585,7.0,1:15.024
2025,Canadian Grand Prix,ANT,Mercedes,13.0,1:14.001,3.0,1:12.411,7.0,1:12.347,4,72.279,11.0,1:12.278,71.974,9.0,1:11.974,71.391,4.0,1:11.391,3.0,1:14.454
2025,Canadian Grand Prix,BEA,Haas,17.0,1:14.519,16.0,1:13.079,15.0,1:12.825,14,72.306,12.0,1:12.305,72.34,14.0,1:12.340,,,,11.0,1:15.397
2025,Canadian Grand Prix,BOR,Sauber,16.0,1:14.323,13.0,1:12.896,19.0,1:13.171,16,72.385,16.0,1:12.385,,,,,,,14.0,1:15.414
2025,Canadian Grand Prix,COL,Alpine,19.0,1:14.644,18.0,1:13.897,17.0,1:13.060,12,72.234,10.0,1:12.233,72.142,12.0,1:12.141,,,,13.0,1:16.075
2025,Canadian Grand Prix,GAS,Alpine,9.0,1:13.816,12.0,1:12.873,12.0,1:12.683,20,72.667,20.0,1:12.667,,,,,,,15.0,1:14.992
2025,Canadian Grand Prix,HAD,RB,6.0,1:13.631,11.0,1:12.799,11.0,1:12.650,9,72.211,9.0,1:12.210,72.003,10.0,1:12.003,71.867,9.0,1:11.867,16.0,1:16.292
2025,Canadian Grand Prix,HAM,Ferrari,5.0,1:13.620,8.0,1:12.653,4.0,1:12.049,5,71.952,3.0,1:11.951,71.885,7.0,1:11.885,71.526,5.0,1:11.525,6.0,1:14.805
2025,Canadian Grand Prix,HUL,Sauber,20.0,1:14.820,14.0,1:12.914,18.0,1:13.072,13,72.323,13.0,1:12.322,72.183,13.0,1:12.183,,,,8.0,1:15.371
2025,Canadian Grand Prix,LAW,RB,8.0,1:13.736,10.0,1:12.751,13.0,1:12.790,19,72.525,19.0,1:12.525,,,,,,,19.0,1:16.319
2025,Canadian Grand Prix,LEC,Ferrari,10.0,1:13.885,,,2.0,1:11.876,8,72.038,4.0,1:12.037,71.626,3.0,1:11.626,71.682,8.0,1:11.682,5.0,1:14.260
2025,Canadian Grand Prix,NOR,McLaren,7.0,1:13.650,2.0,1:12.150,1.0,1:11.799,7,71.826,1.0,1:11.825,71.599,2.0,1:11.599,71.625,7.0,1:11.625,18.0,1:14.228
2025,Canadian Grand Prix,OCO,Haas,18.0,1:14.605,17.0,1:13.174,16.0,1:12.826,15,72.378,15.0,1:12.378,72.634,15.0,1:12.634,,,,9.0,1:14.593
2025,Canadian Grand Prix,PIA,McLaren,14.0,1:14.197,6.0,1:12.561,9.0,1:12.519,3,71.939,2.0,1:11.938,71.715,5.0,1:11.715,71.12,3.0,1:11.120,4.0,1:14.254
2025,Canadian Grand Prix,RUS,Mercedes,4.0,1:13.534,1.0,1:12.123,3.0,1:11.950,1,72.075,7.0,1:12.075,71.57,1.0,1:11.569,70.899,1.0,1:10.899,1.0,1:14.118
2025,Canadian Grand Prix,SAI,Williams,3.0,1:13.275,7.0,1:12.631,8.0,1:12.519,17,72.398,17.0,1:12.397,,,,,,,10.0,1:14.388
2025,Canadian Grand Prix,STR,Aston Martin,15.0,1:14.203,,,14.0,1:12.793,18,72.517,18.0,1:12.516,,,,,,,17.0,1:14.902
2025,Canadian Grand Prix,TSU,Red Bull,11.0,1:13.927,15.0,1:12.938,20.0,1:13.572,11,72.334,14.0,1:12.334,72.102,11.0,1:12.102,,,,12.0,1:15.358
2025,Canadian Grand Prix,VER,Red Bull,1.0,1:13.192,9.0,1:12.665,5.0,1:12.072,2,72.054,5.0,1:12.054,71.638,4.0,1:11.638,71.059,2.0,1:11.058,2.0,1:14.287
2025,Dutch Grand Prix,ALB,Williams,5.0,1:11.171,17.0,1:11.756,7.0,1:10.099,15,69.792,6.0,1:09.792,69.652,15.0,1:09.652,,,,5.0,1:13.686
2025,Dutch Grand Prix,ALO,Aston Martin,4.0,1:10.840,2.0,1:09.977,10.0,1:10.231,10,69.95,11.0,1:09.950,69.366,7.0,1:09.365,69.63,10.0,1:09.629,8.0,1:13.718
2025,Dutch Grand Prix,ANT,Mercedes,20.0,1:14.275,12.0,1:11.185,17.0,1:10.697,11,69.845,7.0,1:09.844,69.493,11.0,1:09.492,,,,16.0,1:13.480
2025,Dutch Grand Prix,BEA,Haas,19.0,1:12.563,11.0,1:11.112,15.0,1:10.594,19,70.262,19.0,1:10.262,,,,,,,6.0,1:13.950
2025,Dutch Grand Prix,BOR,Sauber,9.0,1:11.509,13.0,1:11.319,13.0,1:10.361,13,70.037,15.0,1:10.037,69.622,13.0,1:09.621,,,,15.0,1:14.307
2025,Dutch Grand Prix,COL,Alpine,18.0,1:12.275,9.0,1:10.956,20.0,1:11.054,16,70.104,16.0,1:10.103,,,,,,,11.0,1:13.049
2025,Dutch Grand Prix,GAS,Alpine,10.0,1:11.612,19.0,1:12.121,19.0,1:10.962,14,69.894,8.0,1:09.894,69.637,14.0,1:09.637,,,,17.0,1:15.248
2025,Dutch Grand Prix,HAD,RB,12.0,1:11.772,,,9.0,1:10.165,4,69.966,13.0,1:09.965,69.439,9.0,1:09.438,69.208,4.0,1:09.207,3.0,1:13.326
2025,Dutch Grand Prix,HAM,Ferrari,15.0,1:11.959,6.0,1:10.737,14.0,1:10.373,7,69.9,9.0,1:09.900,69.261,4.0,1:09.260,69.39,7.0,1:09.390,20.0,1:15.683
2025,Dutch Grand Prix,HUL,Sauber,13.0,1:11.875,10.0,1:11.079,16.0,1:10.599,17,70.195,17.0,1:10.194,,,,,,,14.0,1:14.912
2025,Dutch Grand Prix,LAW,RB,11.0,1:11.753,14.0,1:11.338,11.0,1:10.299,8,69.779,5.0,1:09.778,69.383,8.0,1:09.382,69.5,8.0,1:09.500,12.0,1:13.879
2025,Dutch Grand Prix,LEC,Ferrari,14.0,1:11.950,8.0,1:10.834,6.0,1:09.938,6,69.906,10.0,1:09.906,69.304,5.0,1:09.304,69.34,6.0,1:09.340,19.0,1:14.557
2025,Dutch Grand Prix,NOR,McLaren,1.0,1:10.278,1.0,1:09.890,1.0,1:08.971,2,69.469,2.0,1:09.468,68.874,1.0,1:08.873,68.674,2.0,1:08.674,18.0,1:12.379
2025,Dutch Grand Prix,OCO,Haas,17.0,1:12.144,15.0,1:11.361,18.0,1:10.801,18,70.197,18.0,1:10.197,,,,,,,10.0,1:13.986
2025,Dutch Grand Prix,PIA,McLaren,2.0,1:10.569,3.0,1:09.978,2.0,1:09.213,1,69.338,1.0,1:09.337,68.964,2.0,1:08.963,68.662,1.0,1:08.662,1.0,1:12.271
2025,Dutch Grand Prix,RUS,Mercedes,7.0,1:11.385,4.0,1:10.274,3.0,1:09.858,5,69.676,3.0,1:09.676,69.313,6.0,1:09.313,69.255,5.0,1:09.254,4.0,1:13.727
2025,Dutch Grand Prix,SAI,Williams,8.0,1:11.457,16.0,1:11.682,4.0,1:09.912,9,69.98,14.0,1:09.980,69.472,10.0,1:09.471,69.505,9.0,1:09.504,13.0,1:13.808
2025,Dutch Grand Prix,STR,Aston Martin,3.0,1:10.778,18.0,1:11.974,8.0,1:10.102,20,,,,,,,,,,7.0,1:13.822
2025,Dutch Grand Prix,TSU,Red Bull,16.0,1:12.126,7.0,1:10.795,12.0,1:10.349,12,69.954,12.0,1:09.953,69.622,12.0,1:09.621,,,,9.0,1:14.353
2025,Dutch Grand Prix,VER,Red Bull,6.0,1:11.218,5.0,1:10.477,5.0,1:09.924,3,69.696,4.0,1:09.695,69.122,3.0,1:09.121,68.925,3.0,1:08.924,2.0,1:12.921
2025,Emilia Romagna Grand Prix,ALB,Williams,8.0,1:16.921,9.0,1:15.915,9.0,1:15.731,7,76.123,11.0,1:16.123,75.521,10.0,1:15.521,75.473,7.0,1:15.472,5.0,1:18.289
2025,Emilia Romagna Grand Prix,ALO,Aston Martin,14.0,1:17.120,14.0,1:16.219,11.0,1:15.819,5,75.695,3.0,1:15.694,75.442,6.0,1:15.441,75.431,5.0,1:15.430,11.0,1:19.894
2025,Emilia Romagna Grand Prix,ANT,Mercedes,13.0,1:17.093,18.0,1:16.406,4.0,1:15.399,13,75.943,8.0,1:15.942,75.772,13.0,1:15.772,,,,19.0,1:20.620
2025,Emilia Romagna Grand Prix,BEA,Haas,18.0,1:17.445,12.0,1:16.009,12.0,1:15.944,19,76.918,19.0,1:16.918,,,,,,,17.0,1:19.521
2025,Emilia Romagna Grand Prix,BOR,Sauber,9.0,1:16.924,16.0,1:16.338,16.0,1:16.046,14,76.34,15.0,1:16.340,76.26,14.0,1:16.260,,,,18.0,1:20.629
2025,Emilia Romagna Grand Prix,COL,Alpine,17.0,1:17.373,13.0,1:16.043,18.0,1:16.209,15,76.256,14.0,1:16.256,,,,,,,16.0,1:20.344
2025,Emilia Romagna Grand Prix,GAS,Alpine,6.0,1:16.695,3.0,1:15.569,15.0,1:15.989,10,75.937,7.0,1:15.936,75.505,8.0,1:15.504,75.787,10.0,1:15.787,13.0,1:20.397
2025,Emilia Romagna Grand Prix,HAD,RB,19.0,1:17.641,7.0,1:15.792,7.0,1:15.507,9,76.253,13.0,1:16.253,75.51,9.0,1:15.510,75.746,9.0,1:15.745,9.0,1:19.472
2025,Emilia Romagna Grand Prix,HAM,Ferrari,5.0,1:16.641,11.0,1:15.942,10.0,1:15.787,12,76.163,12.0,1:16.162,75.765,12.0,1:15.765,,,,4.0,1:18.265
2025,Emilia Romagna Grand Prix,HUL,Sauber,10.0,1:16.998,19.0,1:16.418,19.0,1:16.237,17,76.518,17.0,1:16.518,,,,,,,12.0,1:20.400
2025,Emilia Romagna Grand Prix,LAW,RB,15.0,1:17.286,15.0,1:16.254,14.0,1:15.977,16,76.379,16.0,1:16.379,,,,,,,14.0,1:20.472
2025,Emilia Romagna Grand Prix,LEC,Ferrari,12.0,1:17.076,6.0,1:15.768,5.0,1:15.450,11,76.108,10.0,1:16.108,75.604,11.0,1:15.603,,,,6.0,1:19.048
2025,Emilia Romagna Grand Prix,NOR,McLaren,2.0,1:16.576,2.0,1:15.317,1.0,1:14.897,4,75.894,6.0,1:15.894,75.261,3.0,1:15.260,74.962,4.0,1:14.962,2.0,1:18.311
2025,Emilia Romagna Grand Prix,OCO,Haas,20.0,1:17.662,20.0,1:16.420,20.0,1:16.387,18,76.613,18.0,1:16.612,,,,,,,20.0,1:21.412
2025,Emilia Romagna Grand Prix,PIA,McLaren,1.0,1:16.545,1.0,1:15.293,2.0,1:14.996,1,75.5,2.0,1:15.500,75.214,2.0,1:15.213,74.67,1.0,1:14.670,3.0,1:18.894
2025,Emilia Romagna Grand Prix,RUS,Mercedes,4.0,1:16.599,4.0,1:15.692,8.0,1:15.662,3,75.852,5.0,1:15.852,75.334,4.0,1:15.334,74.807,3.0,1:14.807,7.0,1:19.733
2025,Emilia Romagna Grand Prix,SAI,Williams,3.0,1:16.596,10.0,1:15.933,6.0,1:15.456,6,75.987,9.0,1:15.986,75.198,1.0,1:15.197,75.432,6.0,1:15.432,8.0,1:19.835
2025,Emilia Romagna Grand Prix,STR,Aston Martin,11.0,1:17.031,17.0,1:16.340,13.0,1:15.974,8,75.817,4.0,1:15.816,75.497,7.0,1:15.496,75.581,8.0,1:15.581,15.0,1:20.501
2025,Emilia Romagna Grand Prix,TSU,Red Bull,16.0,1:17.355,8.0,1:15.826,17.0,1:16.109,20,,,,,,,,,,10.0,1:20.039
2025,Emilia Romagna Grand Prix,VER,Red Bull,7.0,1:16.905,5.0,1:15.734,3.0,1:15.078,2,75.175,1.0,1:15.174,75.394,5.0,1:15.394,74.704,2.0,1:14.703,1.0,1:17.987
2025,Hungarian Grand Prix,ALB,Williams,11.0,1:16.983,18.0,1:17.021,16.0,1:16.530,20,76.223,20.0,1:16.222,,,,,,,15.0,1:20.778
2025,Hungarian Grand Prix,ALO,Aston Martin,,,5.0,1:16.233,6.0,1:15.793,5,75.281,2.0,1:15.281,75.395,5.0,1:15.394,75.481,5.0,1:15.480,5.0,1:20.112
2025,Hungarian Grand Prix,ANT,Mercedes,7.0,1:16.879,10.0,1:16.519,5.0,1:15.745,15,75.782,13.0,1:15.781,76.386,15.0,1:16.385,,,,10.0,1:20.745
2025,Hungarian Grand Prix,BEA,Haas,6.0,1:16.878,11.0,1:16.566,11.0,1:16.126,11,75.75,12.0,1:15.750,75.694,11.0,1:15.694,,,,20.0,1:21.989
2025,Hungarian Grand Prix,BOR,Sauber,19.0,1:17.652,17.0,1:16.945,9.0,1:15.977,7,75.586,6.0,1:15.585,75.687,10.0,1:15.686,75.725,7.0,1:15.724,6.0,1:20.704
2025,Hungarian Grand Prix,COL,Alpine,18.0,1:17.463,20.0,1:17.159,13.0,1:16.246,14,75.875,15.0,1:15.875,76.159,14.0,1:16.159,,,,18.0,1:20.826
2025,Hungarian Grand Prix,GAS,Alpine,13.0,1:17.123,19.0,1:17.043,18.0,1:16.569,17,75.966,17.0,1:15.965,,,,,,,19.0,1:21.433
2025,Hungarian Grand Prix,HAD,RB,4.0,1:16.680,8.0,1:16.427,20.0,1:16.956,10,75.516,3.0,1:15.516,75.469,7.0,1:15.468,75.915,10.0,1:15.915,11.0,1:20.802
2025,Hungarian Grand Prix,HAM,Ferrari,5.0,1:16.733,6.0,1:16.328,4.0,1:15.683,12,75.733,10.0,1:15.733,75.702,12.0,1:15.701,,,,12.0,1:20.022
2025,Hungarian Grand Prix,HUL,Sauber,,,12.0,1:16.680,10.0,1:16.025,19,76.081,19.0,1:16.081,,,,,,,13.0,1:20.013
2025,Hungarian Grand Prix,LAW,RB,14.0,1:17.183,15.0,1:16.811,14.0,1:16.370,9,75.849,14.0,1:15.849,75.63,9.0,1:15.629,75.821,9.0,1:15.820,8.0,1:20.456
2025,Hungarian Grand Prix,LEC,Ferrari,3.0,1:16.269,3.0,1:16.022,3.0,1:15.314,1,75.582,5.0,1:15.581,75.455,6.0,1:15.454,75.372,1.0,1:15.371,4.0,1:20.439
2025,Hungarian Grand Prix,NOR,McLaren,1.0,1:16.052,1.0,1:15.623,2.0,1:14.947,3,75.523,4.0,1:15.522,74.89,1.0,1:14.890,75.413,3.0,1:15.412,1.0,1:19.918
2025,Hungarian Grand Prix,OCO,Haas,12.0,1:17.004,13.0,1:16.703,17.0,1:16.531,18,76.023,18.0,1:16.022,,,,,,,16.0,1:21.915
2025,Hungarian Grand Prix,PIA,McLaren,2.0,1:16.070,2.0,1:15.915,1.0,1:14.915,2,75.211,1.0,1:15.210,74.941,2.0,1:14.941,75.398,2.0,1:15.397,2.0,1:19.412
2025,Hungarian Grand Prix,RUS,Mercedes,8.0,1:16.924,7.0,1:16.417,8.0,1:15.840,4,75.627,7.0,1:15.626,75.201,4.0,1:15.200,75.425,4.0,1:15.424,3.0,1:19.409
2025,Hungarian Grand Prix,SAI,Williams,15.0,1:17.194,16.0,1:16.873,15.0,1:16.441,13,75.652,8.0,1:15.652,75.781,13.0,1:15.781,,,,14.0,1:19.790
2025,Hungarian Grand Prix,STR,Aston Martin,10.0,1:16.957,4.0,1:16.118,7.0,1:15.828,6,75.673,9.0,1:15.673,75.129,3.0,1:15.129,75.498,6.0,1:15.498,7.0,1:20.707
2025,Hungarian Grand Prix,TSU,Red Bull,17.0,1:17.393,9.0,1:16.484,19.0,1:16.878,16,75.899,16.0,1:15.899,,,,,,,17.0,1:21.180
2025,Hungarian Grand Prix,VER,Red Bull,9.0,1:16.939,14.0,1:16.790,12.0,1:16.162,8,75.736,11.0,1:15.736,75.547,8.0,1:15.546,75.728,8.0,1:15.727,9.0,1:19.575
2025,Italian Grand Prix,ALB,Williams,,,7.0,1:20.179,10.0,1:19.719,14,79.837,15.0,1:19.837,79.583,14.0,1:19.582,,,,7.0,1:21.367
2025,Italian Grand Prix,ALO,Aston Martin,9.0,1:21.114,15.0,1:20.644,12.0,1:19.861,9,79.658,6.0,1:19.658,79.362,8.0,1:19.361,79.424,9.0,1:19.424,19.0,1:23.757
2025,Italian Grand Prix,ANT,Mercedes,5.0,1:20.939,19.0,1:21.367,9.0,1:19.695,7,79.747,11.0,1:19.746,79.245,2.0,1:19.245,79.2,7.0,1:19.200,9.0,1:21.968
2025,Italian Grand Prix,BEA,Haas,19.0,1:22.058,14.0,1:20.606,17.0,1:20.209,11,79.688,8.0,1:19.688,79.446,11.0,1:19.445,,,,12.0,1:21.819
2025,Italian Grand Prix,BOR,Sauber,,,12.0,1:20.474,6.0,1:19.558,8,79.688,7.0,1:19.688,79.323,7.0,1:19.322,79.39,8.0,1:19.390,8.0,1:22.138
2025,Italian Grand Prix,COL,Alpine,,,20.0,1:21.563,14.0,1:20.034,18,79.992,18.0,1:19.992,,,,,,,17.0,1:22.239
2025,Italian Grand Prix,GAS,Alpine,18.0,1:21.653,18.0,1:21.102,18.0,1:20.246,19,80.103,19.0,1:20.102,,,,,,,16.0,1:22.185
2025,Italian Grand Prix,HAD,RB,10.0,1:21.158,11.0,1:20.382,8.0,1:19.602,16,79.917,16.0,1:19.917,,,,,,,10.0,1:22.132
2025,Italian Grand Prix,HAM,Ferrari,1.0,1:20.117,5.0,1:20.069,7.0,1:19.597,5,79.765,12.0,1:19.765,79.371,9.0,1:19.370,79.124,5.0,1:19.123,6.0,1:21.546
2025,Italian Grand Prix,HUL,Sauber,,,8.0,1:20.240,11.0,1:19.736,12,79.777,13.0,1:19.777,79.498,12.0,1:19.498,,,,20.0,
2025,Italian Grand Prix,LAW,RB,13.0,1:21.200,17.0,1:20.811,16.0,1:20.132,20,80.279,20.0,1:20.278,,,,,,,14.0,1:22.777
2025,Italian Grand Prix,LEC,Ferrari,2.0,1:20.286,2.0,1:19.960,2.0,1:19.352,4,79.689,9.0,1:19.688,79.31,6.0,1:19.310,79.007,4.0,1:19.007,4.0,1:21.293
2025,Italian Grand Prix,NOR,McLaren,6.0,1:21.021,1.0,1:19.878,1.0,1:19.331,2,79.517,3.0,1:19.516,79.293,5.0,1:19.293,78.869,2.0,1:18.868,2.0,1:20.900
2025,Italian Grand Prix,OCO,Haas,,,16.0,1:20.653,20.0,1:20.304,15,79.816,14.0,1:19.816,79.707,15.0,1:19.706,,,,15.0,1:22.891
2025,Italian Grand Prix,PIA,McLaren,,,4.0,1:20.058,3.0,1:19.495,3,79.711,10.0,1:19.710,79.286,3.0,1:19.286,78.982,3.0,1:18.981,3.0,1:21.245
2025,Italian Grand Prix,RUS,Mercedes,8.0,1:21.109,10.0,1:20.275,5.0,1:19.515,6,79.414,1.0,1:19.414,79.287,4.0,1:19.287,79.157,6.0,1:19.156,5.0,1:21.799
2025,Italian Grand Prix,SAI,Williams,3.0,1:20.650,3.0,1:19.974,13.0,1:19.906,13,79.644,5.0,1:19.644,79.528,13.0,1:19.528,,,,11.0,1:21.739
2025,Italian Grand Prix,STR,Aston Martin,15.0,1:21.295,13.0,1:20.528,19.0,1:20.246,17,79.948,17.0,1:19.947,,,,,,,18.0,1:22.164
2025,Italian Grand Prix,TSU,Red Bull,14.0,1:21.292,9.0,1:20.269,15.0,1:20.058,10,79.619,4.0,1:19.618,79.433,10.0,1:19.433,79.519,10.0,1:19.519,13.0,1:22.712
2025,Italian Grand Prix,VER,Red Bull,,,6.0,1:20.076,4.0,1:19.498,1,79.455,2.0,1:19.454,79.14,1.0,1:19.140,78.792,1.0,1:18.792,1.0,1:21.003
2025,Japanese Grand Prix,ALB,Williams,11.0,1:29.391,11.0,1:29.022,7.0,1:28.554,9,88.218,11.0,1:28.218,87.783,10.0,1:27.783,87.615,9.0,1:27.614,9.0,1:31.125
2025,Japanese Grand Prix,ALO,Aston Martin,7.0,1:29.221,17.0,1:29.977,15.0,1:29.772,13,88.337,14.0,1:28.337,87.897,13.0,1:27.897,,,,11.0,1:31.769
2025,Japanese Grand Prix,ANT,Mercedes,9.0,1:29.284,16.0,1:29.733,13.0,1:29.126,6,87.968,8.0,1:27.968,87.639,7.0,1:27.638,87.555,6.0,1:27.555,6.0,1:30.965
2025,Japanese Grand Prix,BEA,Haas,18.0,1:30.076,15.0,1:29.653,16.0,1:30.084,10,88.228,12.0,1:28.227,87.711,8.0,1:27.710,87.867,10.0,1:27.867,10.0,1:32.006
2025,Japanese Grand Prix,BOR,Sauber,20.0,1:30.147,13.0,1:29.334,17.0,1:30.134,17,88.622,17.0,1:28.621,,,,,,,19.0,1:32.034
2025,Japanese Grand Prix,DOO,Alpine,,,20.0,1:31.659,14.0,1:29.766,19,88.877,19.0,1:28.876,,,,,,,15.0,1:32.685
2025,Japanese Grand Prix,GAS,Alpine,14.0,1:29.546,9.0,1:28.757,8.0,1:28.602,11,88.186,9.0,1:28.186,87.822,11.0,1:27.822,,,,13.0,1:31.819
2025,Japanese Grand Prix,HAD,RB,8.0,1:29.224,3.0,1:28.518,10.0,1:28.786,7,88.278,13.0,1:28.278,87.775,9.0,1:27.775,87.569,7.0,1:27.569,8.0,1:31.316
2025,Japanese Grand Prix,HAM,Ferrari,4.0,1:29.051,4.0,1:28.543,6.0,1:28.524,8,87.942,5.0,1:27.941,87.61,6.0,1:27.609,87.61,8.0,1:27.609,7.0,1:31.406
2025,Japanese Grand Prix,HUL,Sauber,17.0,1:30.022,12.0,1:29.061,20.0,1:30.620,16,88.57,16.0,1:28.569,,,,,,,16.0,1:32.572
2025,Japanese Grand Prix,LAW,RB,13.0,1:29.536,5.0,1:28.558,12.0,1:29.103,14,88.554,15.0,1:28.554,87.906,14.0,1:27.906,,,,17.0,1:32.043
2025,Japanese Grand Prix,LEC,Ferrari,3.0,1:28.965,7.0,1:28.585,4.0,1:28.414,4,87.92,4.0,1:27.920,87.555,5.0,1:27.555,87.299,4.0,1:27.299,4.0,1:31.468
2025,Japanese Grand Prix,NOR,McLaren,1.0,1:28.549,2.0,1:28.162,1.0,1:27.965,2,87.845,3.0,1:27.844,87.146,1.0,1:27.146,86.995,2.0,1:26.995,2.0,1:31.115
2025,Japanese Grand Prix,OCO,Haas,19.0,1:30.123,14.0,1:29.507,18.0,1:30.183,18,88.696,18.0,1:28.695,,,,,,,18.0,1:31.966
2025,Japanese Grand Prix,PIA,McLaren,15.0,1:29.707,1.0,1:28.114,2.0,1:27.990,3,87.687,1.0,1:27.686,87.507,4.0,1:27.507,87.027,3.0,1:27.027,3.0,1:31.039
2025,Japanese Grand Prix,RUS,Mercedes,2.0,1:28.712,6.0,1:28.566,3.0,1:28.076,5,87.843,2.0,1:27.843,87.4,2.0,1:27.400,87.318,5.0,1:27.317,5.0,1:31.356
2025,Japanese Grand Prix,SAI,Williams,10.0,1:29.332,10.0,1:28.831,11.0,1:28.846,12,88.209,10.0,1:28.209,87.836,12.0,1:27.835,,,,14.0,1:31.105
2025,Japanese Grand Prix,STR,Aston Martin,16.0,1:29.757,19.0,1:30.844,19.0,1:30.266,20,89.271,20.0,1:29.271,,,,,,,20.0,1:32.052
2025,Japanese Grand Prix,TSU,Red Bull,6.0,1:29.171,18.0,1:30.625,9.0,1:28.784,15,87.967,7.0,1:27.966,88.0,15.0,1:28.000,,,,12.0,1:31.870
2025,Japanese Grand Prix,VER,Red Bull,5.0,1:29.064,8.0,1:28.670,5.0,1:28.496,1,87.943,6.0,1:27.942,87.502,3.0,1:27.501,86.983,1.0,1:26.983,1.0,1:31.040
2025,Las Vegas Grand Prix,ALB,Williams,2.0,1:34.968,8.0,1:34.066,3.0,1:34.875,16,116.22,16.0,1:56.219,,,,,,,16.0,1:35.183
2025,Las Vegas Grand Prix,ALO,Aston Martin,14.0,1:35.745,18.0,1:35.012,9.0,1:35.540,7,113.739,3.0,1:53.739,111.865,8.0,1:51.864,109.466,7.0,1:49.465,11.0,1:35.629
2025,Las Vegas Grand Prix,ANT,Mercedes,10.0,1:35.537,2.0,1:33.631,6.0,1:35.385,17,116.314,17.0,1:56.313,,,,,,,3.0,1:33.998
2025,Las Vegas Grand Prix,BEA,Haas,16.0,1:35.989,17.0,1:34.986,11.0,1:35.585,14,116.016,15.0,1:56.016,113.094,14.0,1:53.093,,,,10.0,1:34.519
2025,Las Vegas Grand Prix,BOR,Sauber,19.0,1:36.397,20.0,1:35.498,13.0,1:35.737,18,116.674,18.0,1:56.674,,,,,,,17.0,2:10.426
2025,Las Vegas Grand Prix,COL,Alpine,20.0,1:36.757,16.0,1:34.823,16.0,1:36.305,15,114.847,11.0,1:54.846,113.683,15.0,1:53.683,,,,15.0,1:35.780
2025,Las Vegas Grand Prix,GAS,Alpine,12.0,1:35.588,12.0,1:34.373,10.0,1:35.561,10,114.432,5.0,1:54.432,111.76,7.0,1:51.760,111.54,10.0,1:51.540,13.0,1:35.674
2025,Las Vegas Grand Prix,HAD,RB,7.0,1:35.299,5.0,1:33.893,4.0,1:35.168,8,115.613,14.0,1:55.612,111.12,2.0,1:51.120,109.554,8.0,1:49.554,6.0,1:34.620
2025,Las Vegas Grand Prix,HAM,Ferrari,11.0,1:35.561,10.0,1:34.126,5.0,1:35.269,20,117.115,20.0,1:57.114,,,,,,,8.0,1:34.552
2025,Las Vegas Grand Prix,HUL,Sauber,18.0,1:36.170,4.0,1:33.879,17.0,1:36.650,11,114.555,7.0,1:54.555,112.781,11.0,1:52.781,,,,7.0,1:34.591
2025,Las Vegas Grand Prix,LAW,RB,13.0,1:35.709,6.0,1:33.900,7.0,1:35.438,6,114.828,10.0,1:54.828,111.621,6.0,1:51.620,109.062,6.0,1:49.061,14.0,1:34.837
2025,Las Vegas Grand Prix,LEC,Ferrari,1.0,1:34.802,3.0,1:33.763,15.0,1:35.908,9,114.814,9.0,1:54.813,111.952,9.0,1:51.951,109.872,9.0,1:49.871,4.0,1:34.304
2025,Las Vegas Grand Prix,NOR,McLaren,6.0,1:35.257,1.0,1:33.602,20.0,1:37.111,1,115.473,13.0,1:55.472,111.379,4.0,1:51.379,107.934,1.0,1:47.933,19.0,1:33.965
2025,Las Vegas Grand Prix,OCO,Haas,17.0,1:36.123,19.0,1:35.227,14.0,1:35.816,13,114.635,8.0,1:54.635,112.987,13.0,1:52.986,,,,9.0,1:34.557
2025,Las Vegas Grand Prix,PIA,McLaren,8.0,1:35.450,14.0,1:34.492,19.0,1:37.022,5,114.544,6.0,1:54.543,112.126,10.0,1:52.126,108.961,5.0,1:48.960,20.0,1:34.085
2025,Las Vegas Grand Prix,RUS,Mercedes,9.0,1:35.534,7.0,1:34.037,1.0,1:34.054,4,113.144,1.0,1:53.144,110.935,1.0,1:50.935,108.803,4.0,1:48.802,2.0,1:34.591
2025,Las Vegas Grand Prix,SAI,Williams,5.0,1:35.179,13.0,1:34.435,12.0,1:35.662,3,114.873,12.0,1:54.873,111.144,3.0,1:51.144,108.296,3.0,1:48.296,5.0,1:34.495
2025,Las Vegas Grand Prix,STR,Aston Martin,15.0,1:35.894,11.0,1:34.191,8.0,1:35.533,12,114.416,4.0,1:54.415,112.85,12.0,1:52.849,,,,18.0,
2025,Las Vegas Grand Prix,TSU,Red Bull,3.0,1:35.070,15.0,1:34.691,18.0,1:36.667,19,116.798,19.0,1:56.798,,,,,,,12.0,1:34.966
2025,Las Vegas Grand Prix,VER,Red Bull,4.0,1:35.108,9.0,1:34.105,2.0,1:34.281,2,113.458,2.0,1:53.457,111.593,5.0,1:51.593,108.257,2.0,1:48.257,1.0,1:33.364
2025,Mexico City Grand Prix,ALB,Williams,10.0,1:19.384,19.0,1:18.855,16.0,1:17.993,17,77.49,17.0,1:17.489,,,,,,,12.0,1:20.480
2025,Mexico City Grand Prix,ALO,Aston Martin,12.0,1:19.471,8.0,1:17.938,20.0,1:18.611,14,77.232,12.0,1:17.231,77.103,14.0,1:17.102,,,,18.0,1:21.707
2025,Mexico City Grand Prix,ANT,Mercedes,2.0,1:18.486,3.0,1:17.566,7.0,1:17.253,6,77.291,15.0,1:17.290,76.773,8.0,1:16.772,76.118,6.0,1:16.117,6.0,1:20.825
2025,Mexico City Grand Prix,BEA,Haas,,,17.0,1:18.441,17.0,1:18.046,10,77.04,8.0,1:17.040,76.787,9.0,1:16.787,76.46,10.0,1:16.459,4.0,1:20.704
2025,Mexico City Grand Prix,BOR,Sauber,5.0,1:18.915,15.0,1:18.322,10.0,1:17.525,16,77.412,16.0,1:17.412,,,,,,,10.0,1:21.120
2025,Mexico City Grand Prix,COL,Alpine,9.0,1:19.331,18.0,1:18.721,19.0,1:18.581,20,77.67,20.0,1:17.670,,,,,,,16.0,1:21.341
2025,Mexico City Grand Prix,GAS,Alpine,,,20.0,1:19.194,18.0,1:18.412,18,77.546,18.0,1:17.546,,,,,,,15.0,1:22.271
2025,Mexico City Grand Prix,HAD,RB,11.0,1:19.409,14.0,1:18.281,8.0,1:17.396,9,76.733,1.0,1:16.733,76.804,10.0,1:16.804,76.252,9.0,1:16.251,13.0,1:21.713
2025,Mexico City Grand Prix,HAM,Ferrari,,,5.0,1:17.691,2.0,1:16.977,3,76.736,2.0,1:16.736,76.458,2.0,1:16.457,75.938,3.0,1:15.938,8.0,1:20.600
2025,Mexico City Grand Prix,HUL,Sauber,3.0,1:18.760,16.0,1:18.347,14.0,1:17.664,13,77.251,14.0,1:17.251,77.016,13.0,1:17.016,,,,19.0,1:23.090
2025,Mexico City Grand Prix,LAW,RB,,,11.0,1:18.218,11.0,1:17.552,15,76.961,6.0,1:16.960,78.072,15.0,1:18.072,,,,20.0,1:25.123
2025,Mexico City Grand Prix,LEC,Ferrari,1.0,1:18.379,2.0,1:17.545,4.0,1:17.198,2,77.024,7.0,1:17.024,76.658,6.0,1:16.658,75.848,2.0,1:15.847,2.0,1:21.587
2025,Mexico City Grand Prix,NOR,McLaren,,,4.0,1:17.643,1.0,1:16.632,1,76.899,4.0,1:16.899,76.252,1.0,1:16.251,75.586,1.0,1:15.585,1.0,1:20.763
2025,Mexico City Grand Prix,OCO,Haas,7.0,1:19.037,13.0,1:18.266,12.0,1:17.573,12,76.948,5.0,1:16.947,76.837,12.0,1:16.837,,,,9.0,1:21.868
2025,Mexico City Grand Prix,PIA,McLaren,4.0,1:18.784,12.0,1:18.231,5.0,1:17.231,8,77.158,10.0,1:17.158,76.737,7.0,1:16.736,76.174,8.0,1:16.174,5.0,1:20.421
2025,Mexico City Grand Prix,RUS,Mercedes,,,6.0,1:17.828,3.0,1:17.144,4,76.895,3.0,1:16.894,76.537,3.0,1:16.537,76.034,4.0,1:16.034,7.0,1:20.052
2025,Mexico City Grand Prix,SAI,Williams,,,9.0,1:17.938,15.0,1:17.801,7,77.171,11.0,1:17.171,76.607,5.0,1:16.606,76.172,7.0,1:16.171,17.0,1:20.097
2025,Mexico City Grand Prix,STR,Aston Martin,,,10.0,1:17.953,13.0,1:17.597,19,77.606,19.0,1:17.605,,,,,,,14.0,1:20.593
2025,Mexico City Grand Prix,TSU,Red Bull,8.0,1:19.090,7.0,1:17.882,9.0,1:17.415,11,77.234,13.0,1:17.233,76.816,11.0,1:16.816,,,,11.0,1:21.486
2025,Mexico City Grand Prix,VER,Red Bull,,,1.0,1:17.391,6.0,1:17.242,5,77.076,9.0,1:17.075,76.605,4.0,1:16.605,76.07,5.0,1:16.069,3.0,1:21.108
2025,Monaco Grand Prix,ALB,Williams,4.0,1:12.313,8.0,1:11.918,6.0,1:11.668,10,71.629,7.0,1:11.629,70.732,3.0,1:10.731,71.213,10.0,1:11.212,9.0,1:14.596
2025,Monaco Grand Prix,ALO,Aston Martin,10.0,1:12.727,7.0,1:11.890,12.0,1:12.100,7,71.674,8.0,1:11.674,71.182,8.0,1:11.182,70.924,7.0,1:10.924,19.0,1:15.593
2025,Monaco Grand Prix,ANT,Mercedes,11.0,1:12.765,9.0,1:12.001,10.0,1:12.013,15,71.88,15.0,1:11.879,,,,,,,18.0,1:13.518
2025,Monaco Grand Prix,BEA,Haas,15.0,1:13.328,15.0,1:12.259,16.0,1:12.251,17,71.979,17.0,1:11.978,,,,,,,12.0,1:14.855
2025,Monaco Grand Prix,BOR,Sauber,18.0,1:13.469,14.0,1:12.233,19.0,1:12.600,16,71.902,16.0,1:11.902,,,,,,,14.0,1:14.884
2025,Monaco Grand Prix,COL,Alpine,19.0,1:13.819,20.0,1:13.415,20.0,1:12.850,20,72.597,20.0,1:12.596,,,,,,,13.0,1:15.298
2025,Monaco Grand Prix,GAS,Alpine,8.0,1:12.668,17.0,1:12.403,14.0,1:12.194,18,71.994,18.0,1:11.993,,,,,,,20.0,1:18.054
2025,Monaco Grand Prix,HAD,RB,13.0,1:13.186,6.0,1:11.841,17.0,1:12.271,6,71.811,11.0,1:11.811,71.04,7.0,1:11.040,70.923,6.0,1:10.923,6.0,1:15.980
2025,Monaco Grand Prix,HAM,Ferrari,9.0,1:12.689,3.0,1:11.459,5.0,1:11.516,4,71.575,6.0,1:11.575,70.883,6.0,1:10.882,70.382,4.0,1:10.382,5.0,1:14.090
2025,Monaco Grand Prix,HUL,Sauber,12.0,1:12.978,16.0,1:12.262,13.0,1:12.125,13,71.871,14.0,1:11.870,71.596,13.0,1:11.596,,,,16.0,1:15.222
2025,Monaco Grand Prix,LAW,RB,17.0,1:13.429,5.0,1:11.822,7.0,1:11.813,9,71.818,12.0,1:11.817,71.25,9.0,1:11.250,71.129,9.0,1:11.129,8.0,1:15.320
2025,Monaco Grand Prix,LEC,Ferrari,1.0,1:11.963,1.0,1:11.355,1.0,1:10.953,2,71.229,1.0,1:11.228,70.581,2.0,1:10.581,70.063,2.0,1:10.063,2.0,1:14.055
2025,Monaco Grand Prix,NOR,McLaren,3.0,1:12.290,4.0,1:11.677,3.0,1:11.246,1,71.285,2.0,1:11.284,70.57,1.0,1:10.569,69.954,1.0,1:09.953,1.0,1:13.221
2025,Monaco Grand Prix,OCO,Haas,16.0,1:13.394,19.0,1:12.540,18.0,1:12.498,8,71.839,13.0,1:11.838,71.262,10.0,1:11.262,70.942,8.0,1:10.941,7.0,1:15.156
2025,Monaco Grand Prix,PIA,McLaren,5.0,1:12.341,2.0,1:11.393,4.0,1:11.397,3,71.308,3.0,1:11.308,70.858,4.0,1:10.858,70.129,3.0,1:10.129,3.0,1:13.745
2025,Monaco Grand Prix,RUS,Mercedes,6.0,1:12.481,12.0,1:12.091,11.0,1:12.066,14,71.507,5.0,1:11.507,,,,,,,11.0,1:13.405
2025,Monaco Grand Prix,SAI,Williams,7.0,1:12.534,13.0,1:12.150,8.0,1:11.893,11,71.707,9.0,1:11.706,71.362,11.0,1:11.361,,,,10.0,1:13.987
2025,Monaco Grand Prix,STR,Aston Martin,20.0,1:15.635,18.0,1:12.512,15.0,1:12.201,19,72.563,19.0,1:12.563,,,,,,,15.0,1:14.876
2025,Monaco Grand Prix,TSU,Red Bull,14.0,1:13.231,11.0,1:12.072,9.0,1:11.951,12,71.8,10.0,1:11.799,71.415,12.0,1:11.415,,,,17.0,1:14.912
2025,Monaco Grand Prix,VER,Red Bull,2.0,1:12.126,10.0,1:12.067,2.0,1:11.233,5,71.431,4.0,1:11.430,70.875,5.0,1:10.875,70.669,5.0,1:10.668,4.0,1:14.230
2025,Pre-Season Testing,ALB,Williams,,,13.0,1:32.060,11.0,1:30.668,19,,,,,,,,,,14.0,1:35.647
2025,Pre-Season Testing,ALO,Aston Martin,1.0,1:31.115,4.0,1:30.876,15.0,1:30.923,10,90.745,13.0,1:30.745,90.054,9.0,1:30.054,89.955,10.0,1:29.954,7.0,1:35.861
2025,Pre-Season Testing,ANT,Mercedes,14.0,1:32.399,18.0,1:32.718,4.0,1:30.236,4,90.036,5.0,1:30.036,89.649,3.0,1:29.649,89.537,4.0,1:29.537,5.0,1:35.302
2025,Pre-Season Testing,BEA,Haas,16.0,1:32.537,12.0,1:31.710,14.0,1:30.799,9,90.42,9.0,1:30.420,90.076,10.0,1:30.075,89.868,9.0,1:29.867,9.0,1:36.200
2025,Pre-Season Testing,BOR,Sauber,17.0,1:32.611,15.0,1:32.319,12.0,1:30.697,14,90.82,14.0,1:30.819,,,,,,,17.0,1:37.126
2025,Pre-Season Testing,COL,Alpine,19.0,1:33.323,19.0,1:33.138,16.0,1:31.046,16,90.982,16.0,1:30.981,,,,,,,16.0,1:37.182
2025,Pre-Season Testing,GAS,Alpine,13.0,1:32.378,16.0,1:32.457,19.0,1:31.643,18,91.261,18.0,1:31.260,,,,,,,19.0,1:34.572
2025,Pre-Season Testing,HAD,RB,7.0,1:31.754,2.0,1:30.846,7.0,1:30.489,8,90.214,6.0,1:30.213,90.016,8.0,1:30.016,89.846,8.0,1:29.846,11.0,1:36.938
2025,Pre-Season Testing,HAM,Ferrari,4.0,1:31.480,10.0,1:31.490,8.0,1:30.558,6,89.765,1.0,1:29.765,89.936,7.0,1:29.936,89.688,6.0,1:29.688,8.0,1:33.808
2025,Pre-Season Testing,HUL,Sauber,12.0,1:32.314,14.0,1:32.069,9.0,1:30.637,11,90.715,12.0,1:30.715,90.141,11.0,1:30.141,,,,20.0,1:35.403
2025,Pre-Season Testing,LAW,Red Bull,15.0,1:32.460,17.0,1:32.644,20.0,1:33.628,12,90.681,11.0,1:30.680,90.32,12.0,1:30.319,,,,15.0,1:35.641
2025,Pre-Season Testing,LEC,Ferrari,2.0,1:31.266,9.0,1:31.465,10.0,1:30.650,7,90.37,8.0,1:30.370,89.914,6.0,1:29.914,89.784,7.0,1:29.784,6.0,1:35.983
2025,Pre-Season Testing,NOR,McLaren,6.0,1:31.697,5.0,1:31.197,5.0,1:30.236,5,89.932,3.0,1:29.932,89.809,4.0,1:29.808,89.586,5.0,1:29.585,3.0,1:35.555
2025,Pre-Season Testing,OCO,Haas,10.0,1:32.128,7.0,1:31.298,13.0,1:30.784,17,90.989,17.0,1:30.989,,,,,,,18.0,1:36.646
2025,Pre-Season Testing,PIA,McLaren,5.0,1:31.480,1.0,1:30.713,2.0,1:30.165,3,90.313,7.0,1:30.313,89.813,5.0,1:29.813,89.524,3.0,1:29.524,4.0,1:35.408
2025,Pre-Season Testing,RUS,Mercedes,11.0,1:32.138,20.0,1:33.230,3.0,1:30.197,1,89.928,2.0,1:29.927,89.562,1.0,1:29.561,89.158,1.0,1:29.158,1.0,1:35.676
2025,Pre-Season Testing,SAI,Williams,8.0,1:31.811,8.0,1:31.299,6.0,1:30.391,20,,,,,,,,,,10.0,1:34.962
2025,Pre-Season Testing,STR,Aston Martin,18.0,1:33.034,6.0,1:31.221,17.0,1:31.260,15,90.949,15.0,1:30.948,,,,,,,13.0,1:35.850
2025,Pre-Season Testing,TSU,RB,9.0,1:31.859,11.0,1:31.707,18.0,1:31.439,13,90.574,10.0,1:30.573,90.353,13.0,1:30.352,,,,12.0,1:36.831
2025,Pre-Season Testing,VER,Red Bull,3.0,1:31.391,3.0,1:30.856,1.0,1:30.147,2,90.028,4.0,1:30.028,89.572,2.0,1:29.572,89.34,2.0,1:29.340,2.0,1:35.649
2025,Saudi Arabian Grand Prix,ALB,Williams,5.0,1:29.605,10.0,1:29.219,6.0,1:28.388,11,88.279,6.0,1:28.278,88.109,11.0,1:28.108,,,,9.0,1:33.477
2025,Saudi Arabian Grand Prix,ALO,Aston Martin,14.0,1:29.975,15.0,1:29.662,14.0,1:28.888,13,88.548,12.0,1:28.548,88.303,13.0,1:28.302,,,,11.0,1:33.009
2025,Saudi Arabian Grand Prix,ANT,Mercedes,13.0,1:29.933,11.0,1:29.242,10.0,1:28.679,5,88.128,4.0,1:28.128,87.798,5.0,1:27.798,87.866,5.0,1:27.865,6.0,1:32.396
2025,Saudi Arabian Grand Prix,BEA,Haas,18.0,1:30.594,16.0,1:29.754,16.0,1:28.989,15,88.536,11.0,1:28.536,88.648,15.0,1:28.647,,,,13.0,1:33.237
2025,Saudi Arabian Grand Prix,BOR,Sauber,20.0,1:31.037,,,19.0,1:29.409,20,89.462,20.0,1:29.462,,,,,,,18.0,1:34.447
2025,Saudi Arabian Grand Prix,DOO,Alpine,16.0,1:30.183,17.0,1:29.912,15.0,1:28.897,17,88.739,17.0,1:28.739,,,,,,,17.0,1:33.150
2025,Saudi Arabian Grand Prix,GAS,Alpine,1.0,1:29.239,8.0,1:29.105,8.0,1:28.625,9,88.421,10.0,1:28.421,88.025,9.0,1:28.025,88.367,9.0,1:28.367,20.0,
2025,Saudi Arabian Grand Prix,HAD,RB,15.0,1:30.010,12.0,1:29.305,11.0,1:28.769,14,88.571,15.0,1:28.570,88.418,14.0,1:28.418,,,,10.0,1:33.257
2025,Saudi Arabian Grand Prix,HAM,Ferrari,8.0,1:29.814,13.0,1:29.370,12.0,1:28.780,7,88.372,9.0,1:28.371,88.102,10.0,1:28.102,88.201,7.0,1:28.200,7.0,1:32.599
2025,Saudi Arabian Grand Prix,HUL,Sauber,12.0,1:29.915,9.0,1:29.192,17.0,1:29.219,18,88.782,18.0,1:28.781,,,,,,,15.0,1:33.445
2025,Saudi Arabian Grand Prix,LAW,RB,11.0,1:29.906,14.0,1:29.487,13.0,1:28.861,12,88.561,14.0,1:28.561,88.191,12.0,1:28.191,,,,12.0,1:32.998
2025,Saudi Arabian Grand Prix,LEC,Ferrari,3.0,1:29.308,4.0,1:28.748,5.0,1:28.371,4,88.552,13.0,1:28.552,87.866,6.0,1:27.865,87.67,4.0,1:27.670,3.0,1:32.191
2025,Saudi Arabian Grand Prix,NOR,McLaren,2.0,1:29.245,1.0,1:28.266,1.0,1:27.489,10,87.805,2.0,1:27.805,87.481,1.0,1:27.480,,,,4.0,1:31.778
2025,Saudi Arabian Grand Prix,OCO,Haas,19.0,1:31.028,19.0,1:30.019,18.0,1:29.335,19,89.092,19.0,1:29.091,,,,,,,14.0,1:34.308
2025,Saudi Arabian Grand Prix,PIA,McLaren,4.0,1:29.340,2.0,1:28.430,2.0,1:27.513,2,87.901,3.0,1:27.900,87.545,3.0,1:27.545,87.304,2.0,1:27.304,1.0,1:32.227
2025,Saudi Arabian Grand Prix,RUS,Mercedes,6.0,1:29.617,7.0,1:28.972,3.0,1:28.115,3,88.282,7.0,1:28.281,87.599,4.0,1:27.599,87.407,3.0,1:27.406,5.0,1:32.893
2025,Saudi Arabian Grand Prix,SAI,Williams,7.0,1:29.778,5.0,1:28.941,7.0,1:28.569,6,88.354,8.0,1:28.353,88.024,8.0,1:28.024,88.164,6.0,1:28.164,8.0,1:32.465
2025,Saudi Arabian Grand Prix,STR,Aston Martin,17.0,1:30.582,18.0,1:30.007,20.0,1:29.477,16,88.645,16.0,1:28.644,,,,,,,16.0,1:32.745
2025,Saudi Arabian Grand Prix,TSU,Red Bull,10.0,1:29.820,6.0,1:28.962,9.0,1:28.670,8,88.226,5.0,1:28.225,87.99,7.0,1:27.989,88.204,8.0,1:28.203,19.0,2:45.662
2025,Saudi Arabian Grand Prix,VER,Red Bull,9.0,1:29.817,3.0,1:28.546,4.0,1:28.334,1,87.778,1.0,1:27.778,87.529,2.0,1:27.528,87.294,1.0,1:27.293,2.0,1:32.280
2025,Singapore Grand Prix,ALB,Williams,,,13.0,1:32.060,11.0,1:30.668,19,,,,,,,,,,14.0,1:35.647
2025,Singapore Grand Prix,ALO,Aston Martin,1.0,1:31.115,4.0,1:30.876,15.0,1:30.923,10,90.745,13.0,1:30.745,90.054,9.0,1:30.054,89.955,10.0,1:29.954,7.0,1:35.861
2025,Singapore Grand Prix,ANT,Mercedes,14.0,1:32.399,18.0,1:32.718,4.0,1:30.236,4,90.036,5.0,1:30.036,89.649,3.0,1:29.649,89.537,4.0,1:29.537,5.0,1:35.302
2025,Singapore Grand Prix,BEA,Haas,16.0,1:32.537,12.0,1:31.710,14.0,1:30.799,9,90.42,9.0,1:30.420,90.076,10.0,1:30.075,89.868,9.0,1:29.867,9.0,1:36.200
2025,Singapore Grand Prix,BOR,Sauber,17.0,1:32.611,15.0,1:32.319,12.0,1:30.697,14,90.82,14.0,1:30.819,,,,,,,17.0,1:37.126
2025,Singapore Grand Prix,COL,Alpine,19.0,1:33.323,19.0,1:33.138,16.0,1:31.046,16,90.982,16.0,1:30.981,,,,,,,16.0,1:37.182
2025,Singapore Grand Prix,GAS,Alpine,13.0,1:32.378,16.0,1:32.457,19.0,1:31.643,18,91.261,18.0,1:31.260,,,,,,,19.0,1:34.572
2025,Singapore Grand Prix,HAD,RB,7.0,1:31.754,2.0,1:30.846,7.0,1:30.489,8,90.214,6.0,1:30.213,90.016,8.0,1:30.016,89.846,8.0,1:29.846,11.0,1:36.938
2025,Singapore Grand Prix,HAM,Ferrari,4.0,1:31.480,10.0,1:31.490,8.0,1:30.558,6,89.765,1.0,1:29.765,89.936,7.0,1:29.936,89.688,6.0,1:29.688,8.0,1:33.808
2025,Singapore Grand Prix,HUL,Sauber,12.0,1:32.314,14.0,1:32.069,9.0,1:30.637,11,90.715,12.0,1:30.715,90.141,11.0,1:30.141,,,,20.0,1:35.403
2025,Singapore Grand Prix,LAW,RB,15.0,1:32.460,17.0,1:32.644,20.0,1:33.628,12,90.681,11.0,1:30.680,90.32,12.0,1:30.319,,,,15.0,1:35.641
2025,Singapore Grand Prix,LEC,Ferrari,2.0,1:31.266,9.0,1:31.465,10.0,1:30.650,7,90.37,8.0,1:30.370,89.914,6.0,1:29.914,89.784,7.0,1:29.784,6.0,1:35.983
2025,Singapore Grand Prix,NOR,McLaren,6.0,1:31.697,5.0,1:31.197,5.0,1:30.236,5,89.932,3.0,1:29.932,89.809,4.0,1:29.808,89.586,5.0,1:29.585,3.0,1:35.555
2025,Singapore Grand Prix,OCO,Haas,10.0,1:32.128,7.0,1:31.298,13.0,1:30.784,17,90.989,17.0,1:30.989,,,,,,,18.0,1:36.646
2025,Singapore Grand Prix,PIA,McLaren,5.0,1:31.480,1.0,1:30.713,2.0,1:30.165,3,90.313,7.0,1:30.313,89.813,5.0,1:29.813,89.524,3.0,1:29.524,4.0,1:35.408
2025,Singapore Grand Prix,RUS,Mercedes,11.0,1:32.138,20.0,1:33.230,3.0,1:30.197,1,89.928,2.0,1:29.927,89.562,1.0,1:29.561,89.158,1.0,1:29.158,1.0,1:35.676
2025,Singapore Grand Prix,SAI,Williams,8.0,1:31.811,8.0,1:31.299,6.0,1:30.391,20,,,,,,,,,,10.0,1:34.962
2025,Singapore Grand Prix,STR,Aston Martin,18.0,1:33.034,6.0,1:31.221,17.0,1:31.260,15,90.949,15.0,1:30.948,,,,,,,13.0,1:35.850
2025,Singapore Grand Prix,TSU,Red Bull,9.0,1:31.859,11.0,1:31.707,18.0,1:31.439,13,90.574,10.0,1:30.573,90.353,13.0,1:30.352,,,,12.0,1:36.831
2025,Singapore Grand Prix,VER,Red Bull,3.0,1:31.391,3.0,1:30.856,1.0,1:30.147,2,90.028,4.0,1:30.028,89.572,2.0,1:29.572,89.34,2.0,1:29.340,2.0,1:35.649
2025,Spanish Grand Prix,ALB,Williams,,,16.0,1:13.838,19.0,1:14.289,11,73.044,9.0,1:13.043,72.641,11.0,1:12.641,,,,19.0,1:20.507
2025,Spanish Grand Prix,ALO,Aston Martin,13.0,1:14.798,7.0,1:13.301,8.0,1:13.414,10,73.102,14.0,1:13.102,72.523,8.0,1:12.522,72.284,10.0,1:12.284,9.0,1:18.128
2025,Spanish Grand Prix,ANT,Mercedes,18.0,1:15.368,6.0,1:13.298,7.0,1:13.405,6,72.815,5.0,1:12.814,72.585,9.0,1:12.584,72.111,6.0,1:12.111,18.0,1:18.254
2025,Spanish Grand Prix,BEA,Haas,7.0,1:14.596,19.0,1:14.126,20.0,1:14.459,15,73.074,12.0,1:13.073,73.315,15.0,1:13.314,,,,17.0,1:18.906
2025,Spanish Grand Prix,BOR,Sauber,16.0,1:15.155,17.0,1:13.959,11.0,1:13.721,12,73.045,10.0,1:13.045,72.756,12.0,1:12.756,,,,12.0,1:18.296
2025,Spanish Grand Prix,COL,Alpine,20.0,1:15.530,20.0,1:14.302,17.0,1:14.084,19,73.334,19.0,1:13.334,,,,,,,15.0,1:18.352
2025,Spanish Grand Prix,GAS,Alpine,10.0,1:14.745,8.0,1:13.385,16.0,1:13.953,8,73.081,13.0,1:13.081,72.611,10.0,1:12.611,72.199,8.0,1:12.198,8.0,1:17.896
2025,Spanish Grand Prix,HAD,RB,8.0,1:14.605,9.0,1:13.400,6.0,1:13.382,9,73.139,15.0,1:13.138,72.461,6.0,1:12.460,72.252,9.0,1:12.251,7.0,1:17.769
2025,Spanish Grand Prix,HAM,Ferrari,3.0,1:14.096,11.0,1:13.533,9.0,1:13.527,5,73.058,11.0,1:13.058,72.447,5.0,1:12.447,72.045,5.0,1:12.045,6.0,1:17.706
2025,Spanish Grand Prix,HUL,Sauber,14.0,1:14.864,12.0,1:13.591,12.0,1:13.733,16,73.19,16.0,1:13.189,,,,,,,5.0,1:17.575
2025,Spanish Grand Prix,LAW,RB,6.0,1:14.338,10.0,1:13.493,10.0,1:13.637,13,73.039,8.0,1:13.039,72.763,13.0,1:12.763,,,,11.0,1:19.424
2025,Spanish Grand Prix,LEC,Ferrari,4.0,1:14.237,5.0,1:13.260,3.0,1:13.129,7,73.014,6.0,1:13.013,72.495,7.0,1:12.495,72.131,7.0,1:12.131,3.0,1:17.259
2025,Spanish Grand Prix,NOR,McLaren,1.0,1:13.718,4.0,1:13.069,2.0,1:12.912,2,72.799,3.0,1:12.799,72.056,2.0,1:12.055,71.755,2.0,1:11.754,2.0,1:16.186
2025,Spanish Grand Prix,OCO,Haas,,,18.0,1:14.004,18.0,1:14.138,17,73.201,17.0,1:13.200,,,,,,,16.0,1:18.623
2025,Spanish Grand Prix,PIA,McLaren,5.0,1:14.293,1.0,1:12.760,1.0,1:12.387,1,72.551,1.0,1:12.551,71.998,1.0,1:11.998,71.546,1.0,1:11.546,1.0,1:15.742
2025,Spanish Grand Prix,RUS,Mercedes,11.0,1:14.751,2.0,1:13.046,4.0,1:13.138,4,72.806,4.0,1:12.805,72.407,4.0,1:12.406,71.848,4.0,1:11.847,4.0,1:17.243
2025,Spanish Grand Prix,SAI,Williams,15.0,1:14.935,14.0,1:13.721,13.0,1:13.757,18,73.203,18.0,1:13.203,,,,,,,14.0,1:19.316
2025,Spanish Grand Prix,STR,Aston Martin,12.0,1:14.786,15.0,1:13.838,15.0,1:13.903,14,73.038,7.0,1:13.037,73.058,14.0,1:13.058,,,,,
2025,Spanish Grand Prix,TSU,Red Bull,9.0,1:14.643,13.0,1:13.683,14.0,1:13.891,20,73.385,20.0,1:13.385,,,,,,,13.0,1:17.998
2025,Spanish Grand Prix,VER,Red Bull,2.0,1:14.084,3.0,1:13.069,5.0,1:13.375,3,72.798,2.0,1:12.798,72.358,3.0,1:12.358,71.848,3.0,1:11.847,10.0,1:17.019
