season,driver,race_name,round,circuit_type,team,finishing_position,race_status,avg_race_pace,clean_air_avg_race_pace,grid_avg_race_pace,pace_delta_to_grid,pace_zscore_vs_grid,pace_score_vs_grid,pace_score_0_100,top_speed,cornering_speed,top_speed_rank,corner_speed_rank,drag_index,avg_stint_length,stints_soft,stints_medium,stints_hard,deg_soft_slope,deg_medium_slope,deg_hard_slope,dropoff_soft,dropoff_medium,dropoff_hard,avg_throttle_pct,avg_speed,traffic_lap_pct,avg_interval_to_car_ahead,clean_air_pace_advantage
2024,ALB,Sakhir,1,Permanent,Williams,15.0,Lapped,98.41345454545454,98.35303844155844,98.02803177789802,0.38542276755651983,0.4138144084428567,-0.4138144084428567,19.999999999999996,330.0,19.333333333333332,7.0,5.0,2.0,18.333333333333332,1,0,2,0.0955472527472532,,-0.239994976076554,2.345000000000013,,-19.859,60.76582980580583,195.93514017998623,0.6363636363636364,2.7278000000000002,-0.06041610389610241
2024,ALO,Sakhir,1,Permanent,Aston Martin,9.0,Finished,97.82053571428573,97.55873091382303,98.02803177789802,-0.20749606361229667,-0.22278097726894758,0.22278097726894758,55.00000000000001,326.0,17.333333333333332,12.0,16.0,-4.0,18.666666666666668,1,0,2,0.0979868131868144,,-0.3027050615887378,3.081000000000003,,-20.088,62.82688607252284,197.40759254149793,0.35714285714285715,8.749179487179488,-0.2618048004626985
2024,BOT,Sakhir,1,Permanent,Sauber,19.0,Lapped,99.6261090909091,98.88350909090909,98.02803177789802,1.5980773130110748,1.715797491990795,-1.715797491990795,5.000000000000004,330.0,18.0,7.0,13.0,-6.0,18.333333333333332,1,0,2,0.2334090909090901,,-0.444345583339947,4.885999999999996,,-46.0695,63.80063582547623,193.98575222091233,0.4727272727272727,15.92082364672365,-0.7426000000000101
2024,GAS,Sakhir,1,Permanent,Alpine,18.0,Lapped,98.72579999999999,103.09968333333333,98.02803177789802,0.6977682221019705,0.7491683635866372,-0.7491683635866372,9.999999999999998,326.0,14.25,12.0,18.0,-6.0,13.75,2,0,2,-0.24771303696303532,,-0.5464955220218356,-8.998999999999995,,-22.305999999999997,65.19575114761783,195.87770621402194,0.509090909090909,4.241595867071524,4.373883333333339
2024,HAM,Sakhir,1,Permanent,Mercedes,7.0,Finished,97.35614285714284,96.53294111111111,98.02803177789802,-0.6718889207551797,-0.7213826989108568,0.7213826989108568,70.0,330.0,19.666666666666668,7.0,4.0,3.0,18.666666666666668,1,0,2,0.1153636363636352,,-0.2030335855448871,2.6159999999999997,,-18.8925,63.782242547364945,198.48313648041741,0.42857142857142855,2.7270317460317464,-0.823201746031728
2024,HUL,Sakhir,1,Permanent,Haas,16.0,Lapped,98.34216363636365,98.53306266233768,98.02803177789802,0.31413185846562897,0.33727195206481125,-0.33727195206481125,30.000000000000004,335.0,0.0,1.0,19.0,-18.0,18.333333333333332,1,0,2,-0.4832785714285683,,-0.3292717817270435,-20.506,,-24.621499999999997,63.743262443556574,197.18717153957942,0.16363636363636355,10.895020885547202,0.19089902597403352
2024,LEC,Sakhir,1,Permanent,Ferrari,4.0,Finished,97.25249999999998,96.57974999999999,98.02803177789802,-0.7755317778980384,-0.8326602653343562,0.8326602653343562,80.0,325.0,19.0,16.0,8.0,8.0,18.666666666666668,1,0,2,0.2683575757575842,,-0.182469367588935,4.875,,-18.8495,67.4695919822903,198.90317426594044,0.7321428571428571,3.320960869565217,-0.6727499999999935
2024,MAG,Sakhir,1,Permanent,Haas,12.0,Lapped,98.34016363636366,98.57362666666668,98.02803177789802,0.3121318584656336,0.3351246248009583,-0.3351246248009583,35.0,333.0,18.666666666666668,2.0,11.0,-9.0,18.333333333333332,1,0,2,0.1646424242424264,,-0.1763650762281177,2.1769999999999925,,-19.094,64.30848800128057,196.45288211503978,0.7636363636363637,2.0957801932367146,0.23346303030302806
2024,NOR,Sakhir,1,Permanent,McLaren,6.0,Finished,97.33985714285713,98.50901785714287,98.02803177789802,-0.6881746350408946,-0.7388680780594155,0.7388680780594155,75.0,323.0,18.0,20.0,13.0,7.0,18.666666666666668,1,0,2,0.1331188811188841,,-0.19916203334423016,2.625,,-19.229999999999997,63.11039543949995,198.4009312050301,0.6071428571428571,2.9107583333333333,1.1691607142857379
2024,OCO,Sakhir,1,Permanent,Alpine,17.0,Lapped,98.71881818181818,98.61933922077925,98.02803177789802,0.690786403920157,0.7416722393200834,-0.7416722393200834,15.000000000000002,325.0,19.333333333333332,16.0,5.0,11.0,18.333333333333332,1,0,2,0.2320166666666587,,-0.17379320930531433,2.548000000000002,,-19.8555,65.34507058352166,195.84697729782718,0.4909090909090909,3.7224743589743583,-0.09947896103892617
2024,PER,Sakhir,1,Permanent,Red Bull,2.0,Finished,96.91332142857144,97.00218993506495,98.02803177789802,-1.114710349326586,-1.1968239622068175,1.1968239622068175,90.0,331.0,18.666666666666668,5.0,11.0,-6.0,18.666666666666668,2,0,1,-0.016975324675321646,,-0.1680126086956502,-8.163000000000004,,-18.259,65.26617966272809,199.02018923313153,0.21428571428571427,11.265176226551228,0.08886850649351175
2024,PIA,Sakhir,1,Permanent,McLaren,8.0,Finished,97.46966071428571,97.46022835978836,98.02803177789802,-0.5583710636123129,-0.5995027041220501,0.5995027041220501,60.0,326.0,19.0,12.0,8.0,4.0,18.666666666666668,1,0,2,0.1213090909090909,,-0.2104181253529097,2.3569999999999993,,-21.630499999999998,62.79860904723506,198.21552676048736,0.44642857142857145,2.9427364953886688,-0.009432354497349138
2024,RIC,Sakhir,1,Permanent,RB,13.0,Lapped,98.32785454545454,102.69879772727273,98.02803177789802,0.2998227675565204,0.3219088015497356,-0.3219088015497356,40.0,329.0,19.333333333333332,11.0,5.0,6.0,18.333333333333332,2,0,1,-0.01893081918081739,,-0.1891146245059272,-8.334499999999998,,-18.813,62.444908734383304,196.09561213629658,0.7818181818181819,2.2147045454545453,4.370943181818191
2024,RUS,Sakhir,1,Permanent,Mercedes,5.0,Finished,97.36253571428571,96.6656277056277,98.02803177789802,-0.6654960636123093,-0.7145189206924394,0.7145189206924394,65.0,325.0,20.666666666666668,16.0,1.0,15.0,18.666666666666668,1,0,2,0.2669575757575836,,-0.21238647259173604,3.879999999999995,,-19.940999999999995,64.56872698392205,198.6178666916021,0.30357142857142855,5.503857692307693,-0.6969080086580135
2024,SAI,Sakhir,1,Permanent,Ferrari,3.0,Finished,96.95057142857142,97.26224330357142,98.02803177789802,-1.0774603493266,-1.1568299919174776,1.1568299919174776,85.0,332.0,17.333333333333332,3.0,16.0,-13.0,18.666666666666668,1,0,2,0.0870164835164891,,-0.21355942970073305,2.516999999999996,,-19.122,67.71945230093048,199.82108295458212,0.625,3.0927388167388163,0.3116718750000018
2024,SAR,Sakhir,1,Permanent,Williams,20.0,Lapped,100.36325925925928,109.68831481481483,98.02803177789802,2.335227481361258,2.5072488190187205,-2.5072488190187205,0.0,326.0,0.0,12.0,19.0,-7.0,13.5,2,0,2,1.9224154761904768,,-0.7265264438863495,19.653000000000013,,-26.8335,61.76518455777087,192.38261177076797,0.14814814814814814,37.36623055555555,9.32505555555555
2024,STR,Sakhir,1,Permanent,Aston Martin,10.0,Finished,97.99542857142858,97.2932,98.02803177789802,-0.03260320646944592,-0.03500487707051612,0.03500487707051612,50.0,332.0,19.0,3.0,8.0,-5.0,18.666666666666668,1,0,2,0.3950000000000029,,-0.1739372422746976,4.125,,-18.205000000000005,62.27086439122179,197.0525154239301,0.5535714285714286,5.025576851851852,-0.7022285714285772
2024,TSU,Sakhir,1,Permanent,RB,14.0,Lapped,98.37707272727273,102.37252380952383,98.02803177789802,0.34904094937471086,0.3747525733975955,-0.3747525733975955,25.0,330.0,20.0,7.0,3.0,4.0,18.333333333333332,1,0,2,0.1175879120879128,,-0.2291651193200402,2.4490000000000123,,-19.3485,62.68736157051154,196.03149671213401,0.8727272727272727,2.0481327228327233,3.995451082251094
2024,VER,Sakhir,1,Permanent,Red Bull,1.0,Finished,96.56175,,98.02803177789802,-1.4662817778980184,-1.5742934190892859,1.5742934190892859,95.0,324.0,20.333333333333332,19.0,2.0,17.0,18.666666666666668,2,0,1,-0.09575866320212215,,-0.2216954887218049,-8.960999999999999,,-18.620000000000005,64.6971386648956,200.01541598721164,1.0,0.0,
2024,ZHO,Sakhir,1,Permanent,Sauber,11.0,Lapped,98.30363636363637,98.40886524822696,98.02803177789802,0.2756045857383498,0.2959066205001219,-0.2959066205001219,44.99999999999999,331.0,18.0,5.0,13.0,-8.0,18.333333333333332,1,0,2,0.342619047619043,,-0.18131524356868783,2.929000000000002,,-19.198,64.5434723412443,196.64609404010903,0.36363636363636365,3.88073544973545,0.10522888459058777
2024,ALB,Jeddah,2,Street,Williams,11.0,Finished,98.5306326530612,92.816375,98.0130720998926,0.5175605531686074,0.5536354309514445,-0.5536354309514445,31.57894736842105,344.0,35.5,1.0,11.0,-10.0,24.5,0,1,1,,4.865999999999994,-0.5170465116279077,,34.06,-87.676,66.47865400867732,222.90895172198302,0.8367346938775511,1.230029069767442,-5.71425765306121
2024,ALO,Jeddah,2,Street,Aston Martin,5.0,Finished,97.56173469387754,93.2681875,98.0130720998926,-0.4513374060150568,-0.4827964143593648,0.4827964143593648,68.42105263157895,327.0,37.5,17.0,6.0,11.0,24.5,0,1,1,,4.448114285714282,-0.543354122621566,,31.158999999999992,-92.513,71.1257926744096,224.59496431967912,0.3469387755102041,2.1462261904761903,-4.293547193877544
2024,BEA,Jeddah,2,Street,Ferrari,7.0,Finished,97.619,93.17763333333332,98.0130720998926,-0.39407209989259684,-0.42153961602035744,0.42153961602035744,57.89473684210527,339.0,38.5,7.0,4.0,3.0,24.5,1,0,1,4.872399999999992,,-0.5165931742675931,33.753,,-87.40199999999999,73.79571062364508,225.63939678242008,0.3877551020408163,2.467158914728682,-4.441366666666681
2024,BOT,Jeddah,2,Street,Sauber,17.0,Lapped,99.1985625,95.68680952380953,98.0130720998926,1.1854904001073976,1.2681211590297625,-1.2681211590297625,5.263157894736848,342.0,23.0,2.0,18.0,-16.0,16.0,2,0,1,2.167821978021975,,-0.9524857690202476,6.781500000000008,,-79.46799999999999,71.45734147613699,221.73151934233695,0.625,6.59829365079365,-3.511752976190465
2024,HAM,Jeddah,2,Street,Mercedes,9.0,Finished,97.75028571428572,99.75327731092437,98.0130720998926,-0.26278638560687284,-0.28110305731943497,0.28110305731943497,47.36842105263158,334.0,24.0,11.0,17.0,-6.0,24.5,1,1,0,-0.4347340659340717,-0.5852235294117648,,-16.171000000000006,0.4260000000000019,,69.77961400135432,224.5735678084982,0.6326530612244898,2.392207142857143,2.002991596638651
2024,HUL,Jeddah,2,Street,Haas,10.0,Finished,98.2963469387755,94.52222721088437,98.0130720998926,0.28327483888290317,0.30301959170282006,-0.30301959170282006,42.10526315789473,330.0,26.5,16.0,15.0,1.0,24.5,0,1,1,,-0.6354186217008808,-0.4117132352941174,,-1.2349999999999994,-18.781999999999996,71.15414675418268,224.20607312277235,0.3469387755102041,11.278018026565462,-3.774119727891133
2024,LEC,Jeddah,2,Street,Ferrari,3.0,Finished,97.24961224489793,92.89294217687075,98.0130720998926,-0.7634598549946645,-0.8166743451493319,0.8166743451493319,78.94736842105263,334.0,35.5,11.0,11.0,0.0,24.5,0,1,1,,4.328971428571422,-0.547718212020538,,30.652,-94.774,74.88506125825684,225.9313394216695,0.4897959183673469,3.8663116279069762,-4.356670068027185
2024,MAG,Jeddah,2,Street,Haas,12.0,Finished,98.48675510204083,94.51666448979593,98.0130720998926,0.4736830021482348,0.5066995377124088,-0.5066995377124088,36.8421052631579,336.0,36.5,10.0,7.0,3.0,24.5,0,1,1,,4.887371428571425,-0.511767743884024,,34.04199999999999,-85.42399999999999,70.81175956284656,223.39524909320951,0.46938775510204084,2.4618999999999995,-3.9700906122449027
2024,NOR,Jeddah,2,Street,McLaren,8.0,Finished,97.7358163265306,95.5715331632653,98.0130720998926,-0.27725577336200047,-0.2965809867643476,0.2965809867643476,52.63157894736843,314.0,19.5,18.0,19.0,-1.0,24.5,1,1,0,-0.5733956043956033,-0.5511756756756739,,-18.00800000000001,1.429000000000002,,71.79399083389224,224.75952601364904,0.5102040816326531,3.343666666666666,-2.1642831632652957
2024,OCO,Jeddah,2,Street,Alpine,13.0,Lapped,98.81012499999999,105.72242857142858,98.0130720998926,0.7970529001073885,0.852608884391343,-0.852608884391343,26.315789473684216,340.0,32.0,5.0,14.0,-9.0,24.0,0,1,1,,4.87074285714285,-0.4893671501499054,,34.22,-82.55499999999999,70.17523417806676,222.49236183178127,0.8541666666666666,1.136309523809524,6.912303571428595
2024,PER,Jeddah,2,Street,Red Bull,2.0,Finished,97.03457142857143,96.66450960384154,98.0130720998926,-0.9785006713211715,-1.0467038833168039,1.0467038833168039,84.21052631578947,337.0,33.0,9.0,13.0,-4.0,24.5,0,1,1,,4.28285714285713,-0.5358787375415295,,30.09999999999999,-94.538,72.52542782272045,226.11040388820135,0.2857142857142857,4.188190476190476,-0.3700618247298877
2024,PIA,Jeddah,2,Street,McLaren,4.0,Finished,97.48112244897959,92.65606666666666,98.0130720998926,-0.5319496509130062,-0.5690274740311408,0.5690274740311408,73.6842105263158,334.0,36.0,11.0,9.0,2.0,24.5,0,1,1,,4.521371428571425,-0.535569314406524,,31.638000000000005,-91.60399999999998,69.92318593808118,225.31832300239535,0.6938775510204082,3.0919285714285714,-4.82505578231293
2024,RIC,Jeddah,2,Street,RB,16.0,Lapped,99.15956249999999,111.24037499999999,98.0130720998926,1.1464904001073961,1.226402790667031,-1.226402790667031,10.526315789473683,339.0,36.38392822857143,7.0,8.0,-1.0,24.0,0,1,1,,4.824742857142847,-0.4763112389595633,,34.43899999999999,-98.176,67.20842357503263,221.0422221759034,0.8125,2.2129285714285714,12.080812499999993
2024,RUS,Jeddah,2,Street,Mercedes,6.0,Finished,97.60714285714286,148.70726530612242,98.0130720998926,-0.4059292427497354,-0.4342232225189118,0.4342232225189118,63.1578947368421,340.0,39.0,5.0,2.0,3.0,24.5,0,1,1,,4.802571428571424,-0.5210341286620365,,33.69000000000001,-88.431,69.93397378648622,224.7866666489432,0.9591836734693877,1.5349534883720932,51.10012244897956
2024,SAR,Jeddah,2,Street,Williams,14.0,Lapped,98.84579166666668,94.843,98.0130720998926,0.8327195667740881,0.8907615802444733,-0.8907615802444733,21.052631578947366,341.0,36.0,3.0,9.0,-6.0,24.0,0,1,1,,5.066171428571415,-0.4891298922291537,,35.93199999999999,-84.26200000000001,67.50661415785052,221.90389998826916,0.9791666666666666,0.8689552845528454,-4.002791666666681
2024,STR,Jeddah,2,Street,Aston Martin,19.0,Retired,95.79475,,98.0130720998926,-2.218322099892603,-2.3729430387308885,2.3729430387308885,94.73684210526316,312.0,73.0,19.0,1.0,18.0,4.0,0,1,0,,-0.1657000000000145,,,-0.5339999999999918,,72.86803503527887,228.68017365623328,1.0,2.166,
2024,TSU,Jeddah,2,Street,RB,15.0,Lapped,98.88072916666668,99.455125,98.0130720998926,0.8676570667740862,0.9281342852360837,-0.9281342852360837,15.789473684210531,341.0,39.0,3.0,2.0,1.0,24.0,0,1,1,,4.918057142857129,-0.5148251357264377,,34.04099999999998,-86.00200000000001,68.0626259678276,222.05564105686707,0.9583333333333334,1.4580595238095237,0.5743958333333126
2024,VER,Jeddah,2,Street,Red Bull,1.0,Finished,96.89322448979595,,98.0130720998926,-1.1198476100966417,-1.197902951490633,1.197902951490633,89.47368421052632,331.0,38.0,14.0,5.0,9.0,24.5,0,1,1,,4.076285714285702,-0.5369559045605554,,28.714,-97.31,72.8149491272517,226.9005139532637,1.0,0.0568255813953488,
2024,ZHO,Jeddah,2,Street,Sauber,18.0,Lapped,99.31260416666667,95.47491666666667,98.0130720998926,1.299532066774077,1.3901117297656655,-1.3901117297656655,0.0,331.0,25.0,14.0,16.0,-2.0,24.0,1,1,0,-3.7665476190476137,-0.4773770168855535,,-45.184,-2.1599999999999966,,69.7447471739532,221.55836852047696,0.3125,7.2122875,-3.8376875000000013
2024,ALB,Catalunya,3,Permanent,Williams,11.0,Lapped,82.257125,82.4779986111111,81.37825310897435,0.8788718910256534,1.1322497174560684,-1.1322497174560684,9.999999999999998,332.0,14.333333333333334,8.0,14.0,-6.0,21.333333333333332,2,1,0,-0.1296387677539835,0.1125441176470599,,-15.7025,4.620999999999995,,68.51160665608336,222.4441424490746,0.453125,3.696079215686274,0.22087361111110226
2024,ALB,Melbourne,3,Street,Williams,11.0,Lapped,84.57321428571427,83.5441850140056,84.33939066056288,0.23382362515138766,0.312272366261168,-0.312272366261168,47.36842105263158,332.0,14.333333333333334,8.0,9.0,-1.0,18.666666666666668,0,1,2,,2.6960000000000077,0.1192360992733631,,13.325000000000005,15.095999999999998,68.57667232829307,222.36454750886537,0.26785714285714285,3.363805555555556,-1.0290292717086658
2024,ALO,Catalunya,3,Permanent,Aston Martin,8.0,Finished,81.57084375,82.91126826923076,81.37825310897435,0.19259064102564594,0.24811431690174027,-0.24811431690174027,40.0,331.0,19.0,12.0,11.0,1.0,21.333333333333332,1,1,1,0.0335304437564516,-0.1269063247863246,-0.211646616541356,2.796999999999997,-14.697000000000005,-18.565000000000012,71.7507193863815,222.10895179112546,0.6875,5.084745441595442,1.3404245192307656
2024,ALO,Melbourne,3,Street,Aston Martin,8.0,Finished,84.44442105263158,84.18286315789474,84.33939066056288,0.10503039206869857,0.14026849955557655,-0.14026849955557655,57.89473684210527,331.0,19.0,12.0,5.0,7.0,19.0,0,1,2,,0.0980373913043484,0.7728968137254905,,8.265,32.719500000000004,72.00891015233604,222.37558371248443,0.3684210526315789,7.763460784313726,-0.2615578947368391
2024,BOT,Catalunya,3,Permanent,Sauber,14.0,Lapped,82.24279687499998,82.70068667861409,81.37825310897435,0.8645437660256334,1.1137908093391922,-1.1137908093391922,19.999999999999996,327.0,26.333333333333332,16.0,6.0,10.0,21.333333333333332,2,0,1,0.013737344028520691,,-0.0693357041251781,-5.5035000000000025,,-18.19,73.30152126031962,221.28707732691709,0.42187499999999994,4.230405092592592,0.45788980361410836
2024,BOT,Melbourne,3,Street,Sauber,14.0,Lapped,85.25725,84.68900923076922,84.33939066056288,0.9178593394371148,1.2258047390864322,-1.2258047390864322,5.263157894736848,327.0,7.0,16.0,15.0,1.0,18.666666666666668,0,1,2,,4.544714285714273,0.23114516345723415,,42.301,19.611000000000004,73.2708906218805,221.1635783341731,0.32142857142857134,6.597972222222222,-0.5682407692307834
2024,GAS,Catalunya,3,Permanent,Alpine,13.0,Lapped,81.16412307692308,80.53579897435898,81.37825310897435,-0.21413003205127268,-0.27586349132860766,0.27586349132860766,55.00000000000001,337.0,27.666666666666668,3.0,5.0,-2.0,21.666666666666668,1,1,1,0.2019175824175872,-0.1206882608695654,-0.113166666666664,4.334000000000003,-17.24300000000001,-15.694999999999991,71.78602830819537,220.99640442441313,0.24615384615384617,6.606875,-0.6283241025640933
2024,GAS,Melbourne,3,Street,Alpine,13.0,Lapped,85.09807142857143,84.20875,84.33939066056288,0.7586807680085457,1.013221134132531,-1.013221134132531,15.789473684210531,337.0,9.666666666666666,3.0,13.0,-10.0,18.666666666666668,0,1,2,,0.777698529411764,0.474780063938621,,33.138999999999996,23.676999999999992,71.82728570391399,221.27368029540457,0.6607142857142857,7.8063125,-0.889321428571435
2024,HAM,Catalunya,3,Permanent,Mercedes,18.0,Retired,80.51655384615383,79.80231333333333,81.37825310897435,-0.8616992628205224,-1.1101262389015927,1.1101262389015927,85.0,331.0,0.0,12.0,18.0,-6.0,21.666666666666668,2,1,0,0.011104390175042056,-0.104546398046401,,-5.890500000000003,-14.182999999999993,,68.53853363440632,213.99275967367848,0.676923076923077,3.404387332259796,-0.7142405128204956
2024,HAM,Melbourne,3,Street,Mercedes,18.0,Retired,84.62414285714286,88.164,84.33939066056288,0.28475219657997286,0.3802876726700415,-0.3802876726700415,42.10526315789473,331.0,39.5,12.0,2.0,10.0,7.0,1,0,1,1.840571428571421,,-0.3562619047619025,12.802999999999995,,-4.022999999999996,72.09529844309087,220.78907239395016,0.9285714285714286,1.7567291666666667,3.5398571428571444
2024,HUL,Catalunya,3,Permanent,Haas,9.0,Finished,81.33033846153846,81.77944797178131,81.37825310897435,-0.04791464743588847,-0.06172838905790914,0.06172838905790914,44.99999999999999,336.0,29.666666666666668,4.0,3.0,1.0,21.666666666666668,1,1,1,0.2632363636363655,-0.1248745299145308,-0.1310755336617376,5.393000000000001,-15.852999999999994,-18.32799999999999,70.67058895752967,222.54793539876079,0.5230769230769231,2.98416830700164,0.44910951024284884
2024,HUL,Melbourne,3,Street,Haas,9.0,Finished,84.81536842105264,86.0775111111111,84.33939066056288,0.47597776048975504,0.6356701614714709,-0.6356701614714709,21.052631578947366,336.0,3.6666666666666665,4.0,18.0,-14.0,19.0,0,1,2,,0.2084241486068102,0.6113807341315968,,9.36,25.861500000000007,70.78054054142433,222.60358965602921,0.543859649122807,3.6056311392914657,1.2621426900584538
2024,LEC,Catalunya,3,Permanent,Ferrari,2.0,Finished,80.57712307692309,80.37949518422754,81.37825310897435,-0.8011300320512618,-1.0320949636664798,1.0320949636664798,80.0,332.0,18.333333333333332,8.0,12.0,-4.0,21.666666666666668,2,1,0,-0.09065594792316595,-0.1348468379446646,,-6.805500000000002,-14.701000000000008,,76.53742448681548,226.7290546490285,0.4461538461538462,3.601276887871854,-0.19762789269555014
2024,LEC,Melbourne,3,Street,Ferrari,2.0,Finished,83.13489473684211,81.95229015084294,84.33939066056288,-1.2044959237207706,-1.6086090189077036,1.6086090189077036,89.47368421052632,332.0,18.333333333333332,8.0,6.0,2.0,19.0,0,1,2,,1.1038690476190494,0.08998705685618805,,13.022000000000006,15.072500000000005,76.63517033039524,226.70903985038998,0.3333333333333333,4.248,-1.1826045859991723
2024,MAG,Catalunya,3,Permanent,Haas,10.0,Lapped,82.25596875,83.38205032467533,81.37825310897435,0.8777156410256453,1.1307601218174026,-1.1307601218174026,15.000000000000002,338.0,23.0,2.0,9.0,-7.0,21.333333333333332,1,1,1,0.1905333333333251,-0.1947421052631552,-0.0865630630630603,3.01100000000001,-15.189999999999998,-25.997,71.37750981672781,222.69785063983812,0.765625,1.8124278752436647,1.1260815746753394
2024,MAG,Melbourne,3,Street,Haas,10.0,Lapped,84.56173214285714,88.14414909090908,84.33939066056288,0.22234148229425443,0.2969379195497875,-0.2969379195497875,52.63157894736843,338.0,14.666666666666666,2.0,8.0,-6.0,18.666666666666668,0,1,2,,2.002399999999995,0.1464561575622442,,13.696999999999989,15.614000000000004,71.31470897772236,222.57583229766482,0.7678571428571429,1.870269230769231,3.582416948051943
2024,NOR,Catalunya,3,Permanent,McLaren,3.0,Finished,80.2845076923077,79.83136711915535,81.37825310897435,-1.0937454166666498,-1.409071050781321,1.409071050781321,90.0,324.0,13.666666666666666,18.0,16.0,2.0,21.666666666666668,2,1,0,-0.09148456516785786,-0.1587586956521708,,-6.237000000000002,-14.686999999999998,,72.1611479917935,226.02958201063336,0.5538461538461539,3.1157142857142865,-0.45314057315235345
2024,NOR,Melbourne,3,Street,McLaren,3.0,Finished,83.20987719298245,84.54466213450293,84.33939066056288,-1.1295134675804377,-1.5084696553517065,1.5084696553517065,84.21052631578947,324.0,13.666666666666666,18.0,12.0,6.0,19.0,0,1,2,,0.5146318681318699,0.1540042412214548,,14.915999999999997,15.948500000000003,72.26313825683991,225.94997377508113,0.47368421052631576,3.7314729344729347,1.334784941520482
2024,OCO,Catalunya,3,Permanent,Alpine,16.0,Lapped,81.30240000000002,81.75211375291376,81.37825310897435,-0.07585310897432862,-0.09772147918409313,0.09772147918409313,50.0,335.0,0.0,5.0,18.0,-13.0,21.666666666666668,1,1,1,0.2390384615384627,-0.0768808695652169,-0.1284729064039408,4.670000000000002,-13.147999999999996,-17.009,71.77481822329827,220.51233833122853,0.5076923076923077,3.743751984126984,0.4497137529137376
2024,OCO,Melbourne,3,Street,Alpine,16.0,Lapped,85.43819642857143,95.73630408163267,84.33939066056288,1.0988057680085461,1.4674594024247698,-1.4674594024247698,0.0,335.0,2.75,5.0,19.0,-14.0,14.0,0,1,3,,1.0573809523809508,1.104209208384205,,13.267999999999986,16.099666666666668,71.77959466948191,220.63116371004168,0.8571428571428571,1.795158218864469,10.298107653061237
2024,PER,Catalunya,3,Permanent,Red Bull,5.0,Finished,81.09440000000001,81.54260677655678,81.37825310897435,-0.28385310897434124,-0.36568765677572834,0.36568765677572834,60.0,339.0,24.5,1.0,7.0,-6.0,16.25,3,1,0,-0.1153144498690149,-0.2009473684210507,,-9.411666666666667,-13.287999999999997,,71.46460112048659,223.10419421744663,0.5384615384615384,4.527925653594772,0.44820677655677343
2024,PER,Melbourne,3,Street,Red Bull,5.0,Finished,84.04778947368422,83.57551578947368,84.33939066056288,-0.29160118687866543,-0.38943452601169076,0.38943452601169076,63.1578947368421,339.0,7.0,1.0,15.0,-14.0,19.0,0,1,2,,0.5150549450549482,0.19111705251270522,,15.311999999999998,22.8005,71.91377161720587,223.8944472893525,0.3684210526315789,6.29895843045843,-0.47227368421053484
2024,PIA,Catalunya,3,Permanent,McLaren,4.0,Finished,80.72175384615386,80.2824669365722,81.37825310897435,-0.6564992628204891,-0.8457672983159717,0.8457672983159717,65.0,330.0,14.333333333333334,15.0,14.0,1.0,21.666666666666668,2,1,0,-0.07039473684210616,-0.13938923076923,,-6.534000000000008,-15.012,,70.86647287548239,224.46442029045315,0.36923076923076925,5.81009,-0.4392869095816536
2024,PIA,Melbourne,3,Street,McLaren,4.0,Finished,83.71187719298246,85.87551620648259,84.33939066056288,-0.6275134675804281,-0.8380466911982102,0.8380466911982102,68.42105263157895,330.0,14.333333333333334,15.0,9.0,6.0,19.0,0,1,2,,1.138976190476195,0.3194241145132017,,13.269000000000004,23.207499999999996,71.07335987151833,224.70049351723387,0.5964912280701754,4.517637573099416,2.1636390135001307
2024,RIC,Catalunya,3,Permanent,RB,12.0,Lapped,82.07071875,82.37084288340337,81.37825310897435,0.6924656410256489,0.8921027448998716,-0.8921027448998716,25.0,334.0,17.666666666666668,6.0,13.0,-7.0,21.333333333333332,1,1,1,0.0347857142857146,-0.1139647863247859,-0.3161531620553366,3.540999999999997,-15.111999999999997,-21.846000000000004,71.32255768892816,222.59384675982974,0.390625,5.237532173913043,0.3001241334033722
2024,RIC,Melbourne,3,Street,RB,12.0,Lapped,84.65546428571429,84.89121794871795,84.33939066056288,0.3160736251514038,0.42211756307717363,-0.42211756307717363,36.8421052631579,334.0,17.666666666666668,6.0,7.0,-1.0,18.666666666666668,1,0,2,4.219499999999996,,0.1140582023274094,13.980000000000004,,15.073499999999996,71.28933788651291,222.52777230997413,0.35714285714285715,2.822607142857143,0.2357536630036634
2024,RUS,Catalunya,3,Permanent,Mercedes,17.0,Retired,80.61506153846156,80.1581846153846,81.37825310897435,-0.7631915705127881,-0.9832188842329633,0.9832188842329633,75.0,331.0,23.0,12.0,9.0,3.0,21.666666666666668,1,1,1,0.1832329670329629,-0.1675259740259749,-0.1168551724137939,5.507000000000005,-15.867999999999997,-19.59999999999999,75.03198679743743,226.09662277221992,0.46153846153846156,3.4729698412698418,-0.4568769230769618
2024,RUS,Melbourne,3,Street,Mercedes,17.0,Retired,83.50589090909091,85.31473051948052,84.33939066056288,-0.833499751471976,-1.1131421792889122,1.1131421792889122,78.94736842105263,331.0,26.333333333333332,12.0,3.0,9.0,18.333333333333332,0,1,2,,1.418607142857135,-0.1462815724815733,,13.573000000000008,1.116500000000002,74.96607305360526,225.83151916524272,0.43636363636363634,2.896959985959986,1.8088396103896116
2024,SAI,Catalunya,3,Permanent,Ferrari,1.0,Finished,80.69492307692308,80.79435837104074,81.37825310897435,-0.6833300320512734,-0.880333349626626,0.880333349626626,70.0,325.0,29.333333333333332,17.0,4.0,13.0,21.666666666666668,1,1,1,0.1997934065934022,-0.1805831168831154,-0.1100538375973314,4.76100000000001,-14.330999999999989,-18.949,76.42005115437584,226.7466355953708,0.6153846153846154,2.5182548229548227,0.0994352941176686
2024,SAI,Melbourne,3,Street,Ferrari,1.0,Finished,83.13101754385964,,84.33939066056288,-1.2083731167032425,-1.6137870253059186,1.6137870253059186,94.73684210526316,325.0,8.333333333333334,17.0,14.0,3.0,19.0,0,1,2,,0.3194892857142853,0.1738079487179489,,13.710000000000008,7.9465,76.50968059905256,226.72194105382098,1.0,0.012204444444444434,
2024,SAR,Catalunya,3,Permanent,Williams,,,82.75533333333333,83.02722298850574,81.37825310897435,1.377080224358977,1.7740909805696352,-1.7740909805696352,0.0,,,,,,21.0,1,1,1,0.0896978021978051,-0.1167218045112803,-0.0545833147942171,2.7660000000000053,-13.793999999999995,-15.391999999999996,,,0.3968253968253968,6.058404183535763,0.2718896551724157
2024,STR,Catalunya,3,Permanent,Aston Martin,6.0,Finished,81.810515625,81.50007007575758,81.37825310897435,0.432262516025645,0.5568833371900387,-0.5568833371900387,30.000000000000004,332.0,23.666666666666668,8.0,8.0,0.0,21.333333333333332,1,1,1,0.0816676470588218,-0.1738022556390973,-0.1501319102353561,4.3089999999999975,-13.921000000000006,-17.054000000000002,70.34123282703038,222.25496963638025,0.46875,3.821155231829574,-0.3104455492424165
2024,STR,Melbourne,3,Street,Aston Martin,6.0,Finished,84.68824561403508,84.24030566666666,84.33939066056288,0.3488549534721983,0.46589715531166687,-0.46589715531166687,31.57894736842105,332.0,23.666666666666668,8.0,4.0,4.0,19.0,0,1,2,,1.4518571428571363,0.313311800268696,,13.810999999999993,20.750500000000002,70.4641239241037,222.1857107996353,0.38596491228070173,5.6159518336070064,-0.44793994736842535
2024,TSU,Catalunya,3,Permanent,RB,7.0,Finished,82.403234375,82.55662142857143,81.37825310897435,1.024981266025648,1.320482269038035,-1.320482269038035,5.000000000000004,334.0,30.75,6.0,2.0,4.0,16.0,2,1,1,0.03946255411255656,-0.2183333333333326,-0.1327009803921559,-8.75249999999999,-13.304999999999993,-13.351,71.93246031238905,222.12009627859166,0.546875,3.2895245973389358,0.15338705357143567
2024,TSU,Melbourne,3,Street,RB,7.0,Finished,84.72173684210526,84.07228571428573,84.33939066056288,0.3823461815423741,0.5106248214390525,-0.5106248214390525,26.315789473684216,334.0,14.333333333333334,6.0,9.0,-3.0,19.0,0,1,2,,1.1920952380952357,0.2524830833417789,,14.402999999999992,16.081000000000003,72.02021967512914,222.32662538076156,0.6666666666666666,2.479235431235431,-0.6494511278195318
2024,VER,Catalunya,3,Permanent,Red Bull,19.0,Retired,80.26216923076925,83.47294557823129,81.37825310897435,-1.116083878205103,-1.4378496668954397,1.4378496668954397,95.0,320.0,52.8062496,19.0,1.0,18.0,21.666666666666668,2,1,0,-0.008123418557145351,-0.106330280830282,,-6.136999999999993,-14.22999999999999,,63.754309442274746,207.95422793032185,0.8615384615384616,0.6386694347319347,3.210776347462044
2024,VER,Melbourne,3,Street,Red Bull,19.0,Retired,83.607,,84.33939066056288,-0.7323906605628849,-0.9781105927746955,0.9781105927746955,73.6842105263158,320.0,80.0,19.0,1.0,18.0,2.0,0,1,0,,-0.9840000000000196,,,-0.9840000000000088,,74.18453419815003,225.4536767806935,1.0,0.342,
2024,ZHO,Catalunya,3,Permanent,Sauber,15.0,Lapped,81.635171875,81.19324126984125,81.37825310897435,0.2569187660256489,0.3309881715550415,-0.3309881715550415,35.0,332.0,6.0,8.0,17.0,-9.0,21.333333333333332,1,1,1,0.2489166666666655,-0.0559840542521995,-0.1730343478260866,2.8729999999999905,-12.679999999999993,-20.923,72.29370465347048,221.47799651246322,0.40625,4.448190972222222,-0.4419306051587455
2024,ZHO,Melbourne,3,Street,Sauber,15.0,Lapped,85.22223214285714,84.94036444444446,84.33939066056288,0.8828414822942534,1.1790382538592998,-1.1790382538592998,10.526315789473683,332.0,6.0,8.0,17.0,-9.0,18.666666666666668,1,0,2,2.9373000000000027,,0.24815007301544,14.561999999999998,,27.735500000000002,72.34572674084777,221.34196391796564,0.44642857142857145,3.017512016718913,-0.28186769841268244
2024,ALO,Suzuka,4,Permanent,Aston Martin,6.0,Finished,130.1406153846154,172.61568755656106,135.780355817222,-5.639740432606601,-0.1886544268386973,0.1886544268386973,44.44444444444444,329.0,0.0,6.0,1.0,5.0,17.333333333333332,1,1,1,-64.00950000000003,-0.2192962406015037,-0.2785541353383458,-1613.831,-16.75,-20.317000000000007,63.19426375434291,207.82804546966312,0.19230769230769232,6.762655555555557,42.47507217194567
2024,BOT,Suzuka,4,Permanent,Sauber,14.0,Lapped,131.7200588235294,484.71133333333336,135.780355817222,-4.060296993692589,-0.13582061289759234,0.13582061289759234,22.22222222222222,325.0,0.0,14.0,1.0,13.0,17.0,1,0,2,-326.5292,,-0.18496550415494262,-1607.29,,-19.528999999999996,64.24544031030388,205.1479581332544,0.9019607843137255,1.6764555555555554,352.99127450980393
2024,GAS,Suzuka,4,Permanent,Alpine,16.0,Lapped,132.26292156862746,100.37380392156864,135.780355817222,-3.517434248594526,-0.11766136226321111,0.11766136226321111,11.111111111111116,327.0,0.0,9.0,1.0,8.0,17.0,0,1,2,,-0.3405044117647021,-20.596701315789478,,-17.004000000000005,-814.289,62.44657333573053,203.5077073058775,0.29411764705882354,6.988104166666666,-31.889117647058825
2024,HAM,Suzuka,4,Permanent,Mercedes,9.0,Finished,129.98992307692308,779.5146141025642,135.780355817222,-5.790432740298911,-0.19369522105190792,0.19369522105190792,55.55555555555556,325.0,0.0,14.0,1.0,13.0,17.333333333333332,0,1,2,,-0.4479538461538486,-9.973634736107872,,-18.63600000000001,-812.302,65.31595246163741,206.9992892167799,0.5,3.6536263528138533,649.5246910256411
2024,HUL,Suzuka,4,Permanent,Haas,11.0,Lapped,131.52707843137256,104.16953034547153,135.780355817222,-4.2532773858494295,-0.14227598184737028,0.14227598184737028,27.77777777777778,336.0,0.0,1.0,1.0,0.0,17.0,1,0,2,-487.39670000000024,,-0.18698139025724905,-1607.11,,-17.7195,61.91024598073782,206.0575233442358,0.6078431372549019,4.105397034252298,-27.35754808590103
2024,LEC,Suzuka,4,Permanent,Ferrari,4.0,Finished,129.52971153846153,208.16186725774227,135.780355817222,-6.250644278760461,-0.2090897139457753,0.2090897139457753,83.33333333333334,327.0,0.0,9.0,1.0,8.0,26.0,0,1,1,,-15.330686923076914,-0.1920671550671558,,-1608.43,-20.579000000000008,66.9687093290686,207.9993764617044,0.44230769230769224,4.089690370370371,78.63215571928075
2024,MAG,Suzuka,4,Permanent,Haas,13.0,Lapped,131.30025490196078,98.74712500000001,135.780355817222,-4.480100915261204,-0.14986343439878694,0.14986343439878694,33.333333333333336,334.0,0.0,2.0,1.0,1.0,25.5,0,1,1,,-21.230185714285692,-0.1347312569521705,,-1603.397,-23.75399999999999,61.58505937436896,204.36675049678303,0.45098039215686275,5.076447619047618,-32.55312990196077
2024,NOR,Suzuka,4,Permanent,McLaren,5.0,Finished,129.97144230769234,423.9102,135.780355817222,-5.808913509529646,-0.19431341952547687,0.19431341952547687,61.111111111111114,326.0,0.0,12.0,1.0,11.0,17.333333333333332,0,1,2,,-90.86384848484852,-0.2412379731379731,,-1609.85,-17.812999999999995,62.26713313212643,208.0719972516719,0.9038461538461539,2.179427160493827,293.9387576923076
2024,OCO,Suzuka,4,Permanent,Alpine,15.0,Lapped,132.05001960784315,194.55698039215685,135.780355817222,-3.7303362093788337,-0.12478312573168243,0.12478312573168243,16.666666666666664,325.0,0.0,14.0,1.0,13.0,17.0,0,1,2,,-0.3708684210526265,-14.642945226187633,,-21.599000000000004,-813.4685000000001,63.46003101076957,203.76962254738856,0.3333333333333333,10.33812322472849,62.50696078431369
2024,PER,Suzuka,4,Permanent,Red Bull,2.0,Finished,129.67950000000002,97.46169658119659,135.780355817222,-6.100855817221969,-0.20407915420525655,0.20407915420525655,77.77777777777779,326.0,0.0,12.0,1.0,11.0,17.333333333333332,0,2,1,,-23.99129963256559,-0.2670954887218051,,-812.9465,-20.218000000000004,63.10099908990863,208.74928729186377,0.36538461538461536,6.032198148148147,-32.21780341880343
2024,PIA,Suzuka,4,Permanent,McLaren,8.0,Finished,130.12951923076926,275.89448824786325,135.780355817222,-5.650836586452726,-0.18902560323749962,0.18902560323749962,50.0,324.0,0.0,17.0,1.0,16.0,17.333333333333332,0,1,2,,-75.48462727272727,-0.22660611756664514,,-1613.139,-18.979,61.59857080085415,207.8627934252957,0.7692307692307693,1.873635714285714,145.764969017094
2024,RUS,Suzuka,4,Permanent,Mercedes,7.0,Finished,129.80634615384614,98.40212912087912,135.780355817222,-5.974009663375853,-0.19983603544181514,0.19983603544181514,66.66666666666667,334.0,0.0,2.0,1.0,1.0,17.333333333333332,0,1,2,,-0.3421676470588226,-10.927082954545446,,-19.022999999999996,-812.323,63.46850754960619,207.4170011639377,0.6346153846153846,3.697657936507936,-31.40421703296701
2024,SAI,Suzuka,4,Permanent,Ferrari,3.0,Finished,129.74651923076925,97.23606555944055,135.780355817222,-6.033836586452736,-0.20183730021941693,0.20183730021941693,72.22222222222221,327.0,0.0,9.0,1.0,8.0,17.333333333333332,0,2,1,,-23.947574125874144,-0.3617990196078432,,-814.3145,-19.839,66.36276389754212,208.5795365955214,0.4423076923076923,3.8664075630252106,-32.510453671328705
2024,SAR,Suzuka,4,Permanent,Williams,17.0,Lapped,132.31127450980392,429.8609333333333,135.780355817222,-3.4690813074180653,-0.11604391257512424,0.11604391257512424,5.555555555555558,329.0,0.0,6.0,1.0,5.0,12.75,1,1,2,-0.7649272727272721,3.0185714285714216,-11.034509790209777,-17.456000000000003,27.601000000000013,-811.9955,59.666967989782705,202.16291396738305,0.5098039215686274,9.442057251082252,297.5496588235294
2024,STR,Suzuka,4,Permanent,Aston Martin,12.0,Lapped,131.27850980392157,159.31429598506065,135.780355817222,-4.5018460133004226,-0.1505908276283445,0.1505908276283445,38.888888888888886,333.0,0.0,4.0,1.0,3.0,12.75,2,1,1,-37.28988628389153,-0.6416242424242354,-0.5315944055944056,-810.4150000000001,-13.893,-17.192999999999998,60.79582340552468,205.00094710477902,0.5686274509803921,2.9914893939393936,28.035786181139088
2024,TSU,Suzuka,4,Permanent,RB,10.0,Lapped,100.95209999999999,98.5205476190476,135.780355817222,-34.828255817222,-1.1650367100233292,1.1650367100233292,94.44444444444444,330.0,0.0,5.0,1.0,4.0,16.666666666666668,1,0,2,-20.4597,,-0.2247585352772916,-102.188,,-17.592000000000006,62.06055104054436,206.55213432659505,0.41999999999999993,9.119531746031745,-2.4315523809523825
2024,VER,Suzuka,4,Permanent,Red Bull,1.0,Finished,129.47751923076925,111.19613513513512,135.780355817222,-6.302836586452742,-0.21083559392212117,0.21083559392212117,88.88888888888889,324.0,0.0,17.0,1.0,16.0,17.333333333333332,0,2,1,,-21.045209811292928,-0.313596491228065,,-814.0555,-20.239999999999995,63.429375248202774,209.60161194460727,0.9423076923076923,0.3343391812865497,-18.281384095634124
2024,ZHO,Suzuka,4,Permanent,Sauber,18.0,Retired,252.17309090909094,976.3354545454546,135.780355817222,116.39273509186896,3.893442435753416,-3.893442435753416,0.0,329.0,0.0,6.0,1.0,5.0,3.6666666666666665,1,0,2,-230.62628571428587,,-2.575750000000005,-1596.679,,-8.642499999999998,57.84446024297036,180.57365456091446,0.45454545454545453,12.926583333333333,724.1623636363636
2024,ALB,Shanghai,5,Permanent,Williams,12.0,Finished,109.24901818181819,111.9178085106383,109.1723827840909,0.07663539772728711,0.03964833415316804,-0.03964833415316804,35.0,338.0,17.666666666666668,9.0,12.0,-3.0,18.333333333333332,0,2,1,,1.0317089743589754,-1.1616714572192484,,10.155000000000001,-48.275000000000006,49.64334565081833,177.3963750139853,0.9454545454545454,1.5100819735819737,2.6687903288201085
2024,ALO,Shanghai,5,Permanent,Aston Martin,7.0,Finished,108.9599090909091,108.78522409090908,109.1723827840909,-0.2124736931818063,-0.10992606857745052,0.10992606857745052,60.0,336.0,10.75,13.0,20.0,-7.0,13.75,1,2,1,-2.8232488721804545,0.012560273060277932,1.9095909090909104,-42.589,-5.054000000000002,17.102999999999994,54.06904875324078,178.20815008078802,0.509090909090909,4.891365384615384,-0.17468500000001086
2024,BOT,Shanghai,5,Permanent,Sauber,20.0,Retired,103.90950000000001,,109.1723827840909,-5.262882784090891,-2.7228218476158967,2.7228218476158967,95.0,342.0,24.5,3.0,4.0,-1.0,9.0,0,1,1,,0.4619285714285763,-0.940163636363634,,4.936000000000007,-18.76400000000001,59.2403993597745,187.18658759740345,1.0,1.2047375,
2024,GAS,Shanghai,5,Permanent,Alpine,13.0,Finished,109.30672727272726,111.9162909726637,109.1723827840909,0.1343444886363585,0.06950489375739537,-0.06950489375739537,30.000000000000004,339.0,13.5,8.0,18.0,-10.0,13.75,0,2,2,,0.05641902617506625,-0.7083795829170811,,-5.938500000000005,-21.362000000000002,56.28434411106876,178.98420566867034,0.4909090909090909,4.854129166666667,2.6095636999364444
2024,HAM,Shanghai,5,Permanent,Mercedes,9.0,Finished,109.07341818181816,115.87038181818183,109.1723827840909,-0.09896460227274417,-0.051200642739641145,0.051200642739641145,55.00000000000001,341.0,18.333333333333332,4.0,11.0,-7.0,18.333333333333332,1,1,1,0.4054880952380967,0.2429545454545495,-1.2226896358543415,3.806999999999988,3.8699999999999903,-47.31299999999999,53.65771449926696,177.89907901258718,0.9090909090909091,1.4229631185807656,6.796963636363671
2024,HUL,Shanghai,5,Permanent,Haas,10.0,Finished,109.1998,111.041625,109.1723827840909,0.027417215909096626,0.014184658397438701,-0.014184658397438701,44.99999999999999,340.0,16.333333333333332,5.0,16.0,-11.0,18.333333333333332,0,1,2,,0.7185357142857061,0.09586381302521163,,5.376999999999995,-15.369499999999999,53.510656970932025,178.39814747735448,0.8363636363636363,2.330333538146441,1.841825
2024,LEC,Shanghai,5,Permanent,Ferrari,4.0,Finished,108.5398,103.24995959595961,109.1723827840909,-0.6325827840909,-0.32727504974175875,0.32727504974175875,75.0,336.0,25.0,13.0,3.0,10.0,27.5,0,1,1,,0.1333218045112783,-1.4285207282913155,,10.156999999999996,-49.637000000000015,57.53332340803889,178.71268905711779,0.6181818181818182,2.9645857142857146,-5.28984040404039
2024,MAG,Shanghai,5,Permanent,Haas,16.0,Finished,109.43638181818183,110.60250500000001,109.1723827840909,0.2639990340909293,0.1365833835298776,-0.1365833835298776,19.999999999999996,346.0,17.0,2.0,15.0,-13.0,18.333333333333332,0,1,2,,-0.7574113300492616,2.385099086452767,,-34.196,23.0195,53.3452500180955,178.54049415181873,0.5818181818181818,3.3019184523809515,1.166123181818179
2024,NOR,Shanghai,5,Permanent,McLaren,2.0,Finished,108.39641818181818,105.72678614718615,109.1723827840909,-0.7759646022727225,-0.4014555251793842,0.4014555251793842,85.0,332.0,24.5,17.0,4.0,13.0,27.5,0,1,1,,0.5178987012987007,-1.4889533995416362,,37.37899999999999,-48.39299999999999,52.018467346440644,178.65738146248327,0.5454545454545454,3.824901260504202,-2.6696320346320306
2024,OCO,Shanghai,5,Permanent,Alpine,11.0,Finished,109.20852727272727,126.50539007092198,109.1723827840909,0.0361444886363671,0.01869982809184017,-0.01869982809184017,40.0,330.0,18.666666666666668,19.0,7.0,12.0,18.333333333333332,0,1,2,,0.5335000000000095,0.20917447368807696,,5.268000000000001,-15.021500000000003,56.49286350055974,178.35886595291885,0.9090909090909091,1.6942247023809525,17.29686279819471
2024,PER,Shanghai,5,Permanent,Red Bull,3.0,Finished,108.50443636363637,102.82582813852814,109.1723827840909,-0.6679464204545269,-0.3455708936076145,0.3455708936076145,80.0,335.0,18.666666666666668,15.0,7.0,8.0,18.333333333333332,0,1,2,,0.2802587412587461,0.6026831216577575,,5.984999999999999,-16.302999999999997,53.65981471012069,179.16799916304953,0.38181818181818183,5.0582263888888885,-5.678608225108235
2024,PIA,Shanghai,5,Permanent,McLaren,8.0,Finished,109.15692727272727,105.36466303030302,109.1723827840909,-0.015455511363626329,-0.007996112726312003,0.007996112726312003,50.0,330.0,18.666666666666668,19.0,7.0,12.0,18.333333333333332,0,2,1,,2.5287904761904816,-1.2701321480938412,,12.164499999999997,-43.462,51.85588648735022,178.33558170484102,0.5454545454545454,3.1950374999999998,-3.7922642424242525
2024,RIC,Shanghai,5,Permanent,RB,18.0,Retired,115.21293750000001,121.60005208333334,109.1723827840909,6.04055471590911,3.125160682262406,-3.125160682262406,0.0,340.0,28.0,5.0,1.0,4.0,16.0,0,2,0,,0.8873207538076016,,,-0.25499999999999545,,51.01530632047478,168.99962986540106,0.8125,2.417838056680162,6.387114583333329
2024,RUS,Shanghai,5,Permanent,Mercedes,6.0,Finished,108.82785454545454,100.933,109.1723827840909,-0.3445282386363573,-0.17824623001588322,0.17824623001588322,65.0,337.0,17.666666666666668,11.0,12.0,-1.0,18.333333333333332,0,2,1,,1.2690595571095629,-1.3317299465240608,,13.19550000000001,-48.07900000000001,53.26216870864011,178.53233417804262,0.9272727272727272,1.69289797979798,-7.894854545454535
2024,SAI,Shanghai,5,Permanent,Ferrari,5.0,Finished,108.71618181818182,104.5574659090909,109.1723827840909,-0.4562009659090762,-0.23602158889717262,0.23602158889717262,70.0,334.0,26.0,16.0,2.0,14.0,27.5,0,1,1,,0.1632808823529433,-0.9102402834008098,,5.748000000000005,-18.442000000000007,56.48762848895433,178.86537673289084,0.509090909090909,3.632771794871795,-4.15871590909093
2024,SAR,Shanghai,5,Permanent,Williams,17.0,Finished,109.55516363636363,107.29047933884296,109.1723827840909,0.38278085227273095,0.1980367243913949,-0.1980367243913949,15.000000000000002,337.0,17.333333333333332,11.0,14.0,-3.0,18.333333333333332,1,1,1,0.2084545454545431,2.7549545454545483,-1.073599706744867,4.981000000000009,15.123000000000005,-23.605000000000004,50.413059347430284,176.99148984462514,0.7272727272727273,2.20317297979798,-2.264684297520674
2024,STR,Shanghai,5,Permanent,Aston Martin,15.0,Finished,109.5929090909091,112.51785151515152,109.1723827840909,0.42052630681820347,0.2175648333196956,-0.2175648333196956,9.999999999999998,348.0,11.2,1.0,19.0,-18.0,11.0,1,2,2,0.5230833333333466,-4.780564277389281,0.0241811688311786,5.388000000000005,-58.2935,-12.26399999999999,52.4408544804105,178.82708058290498,0.36363636363636365,9.248428492063493,2.924942424242417
2024,TSU,Shanghai,5,Permanent,RB,19.0,Retired,111.0636,119.8375,109.1723827840909,1.8912172159090943,0.97844617965477,-0.97844617965477,5.000000000000004,338.0,18.666666666666668,9.0,7.0,2.0,8.333333333333334,1,1,1,0.5882857142857059,1.4601428571428583,-2.861499999999978,4.756,17.857,-5.722999999999985,54.69943242783997,175.53153044281723,0.92,1.6814317460317458,8.773900000000012
2024,VER,Shanghai,5,Permanent,Red Bull,1.0,Finished,108.20047272727273,99.752,109.1723827840909,-0.9719100568181744,-0.502830491422252,0.502830491422252,90.0,332.0,19.333333333333332,17.0,6.0,11.0,18.333333333333332,0,1,2,,0.3021188811188846,0.49395618315508094,,6.423000000000002,-23.5835,54.125427998216914,180.0277969581206,0.9636363636363636,0.5485333333333333,-8.44847272727273
2024,ZHO,Shanghai,5,Permanent,Sauber,14.0,Finished,109.33767272727273,112.26961788194444,109.1723827840909,0.16528994318183265,0.08551493296547484,-0.08551493296547484,25.0,340.0,14.0,5.0,17.0,-12.0,13.75,1,1,2,-0.2804852941176439,0.5761428571428413,-0.6872905112044837,-17.63600000000001,5.079999999999998,-14.899999999999999,54.316571078406504,178.51158562255907,0.7090909090909091,2.1483216474089635,2.931945154671709
2024,ALB,Miami,6,Street,Williams,18.0,Finished,96.82158928571428,105.19732446808511,96.09612987637362,0.7254594093406581,2.053707617760801,-2.053707617760801,0.0,355.0,18.666666666666668,2.0,16.0,-14.0,18.666666666666668,1,1,1,-4.566400000000017,0.3168166666666571,-0.0829320446994881,-15.62599999999999,4.676000000000002,-1.215999999999994,55.840277468555676,198.63442364973665,0.857142857142857,8.829402664859982,8.375735182370832
2024,ALO,Miami,6,Street,Aston Martin,9.0,Finished,96.142125,95.22243055555555,96.09612987637362,0.04599512362636915,0.13020788558959576,-0.13020788558959576,50.0,351.0,25.0,4.0,9.0,-5.0,28.0,0,1,1,,-0.4808971988795527,0.0955441558441576,,-16.778999999999996,6.822000000000003,58.966849852035,199.8394901560179,0.7857142857142857,1.6908961038961037,-0.9196944444444455
2024,BOT,Miami,6,Street,Sauber,16.0,Finished,96.36514285714286,106.2921074168798,96.09612987637362,0.26901298076923297,0.7615505440675665,-0.7615505440675665,15.000000000000002,345.0,17.666666666666668,15.0,18.0,-3.0,18.666666666666668,1,1,1,0.2370969696969791,-0.4669731800766256,0.7882920536635737,3.8530000000000086,-26.796000000000006,21.176999999999992,61.16459569013203,199.87228090347526,0.6607142857142857,2.3876626984126985,9.926964559736945
2024,GAS,Miami,6,Street,Alpine,12.0,Finished,96.276375,94.92276785714287,96.09612987637362,0.1802451236263778,0.5102570573757714,-0.5102570573757714,35.0,351.0,30.0,4.0,1.0,3.0,28.0,0,1,1,,0.2587272727272698,-0.1810306982872203,,4.717999999999989,-15.593999999999994,61.63464298608666,200.23000888988443,0.7142857142857143,1.446638888888889,-1.353607142857129
2024,HAM,Miami,6,Street,Mercedes,6.0,Finished,95.83101785714287,101.75695408163264,96.09612987637362,-0.2651120192307559,-0.7505072874428526,0.7505072874428526,65.0,350.0,19.5,7.0,14.0,-7.0,28.0,0,1,1,,-0.7828665322580642,0.1049930769230767,,-14.340999999999994,4.083000000000013,59.91528187189804,200.83317171037518,0.6785714285714286,3.232789130434783,5.925936224489774
2024,HUL,Miami,6,Street,Haas,11.0,Finished,96.2590357142857,96.40235714285714,96.09612987637362,0.1629058379120778,0.4611711640790626,-0.4611711640790626,40.0,349.0,19.333333333333332,9.0,15.0,-6.0,18.666666666666668,0,2,1,,-0.176187192118225,0.3042250000000009,,-19.65800000000001,6.834000000000003,60.09725563493878,200.0239703076351,0.7678571428571429,2.3517098354231973,0.14332142857143992
2024,LEC,Miami,6,Street,Ferrari,3.0,Finished,95.78748214285714,95.453,96.09612987637362,-0.3086477335164801,-0.8737528156172139,0.8737528156172139,75.0,334.0,26.5,19.0,7.0,12.0,28.0,0,1,1,,0.0566501547987641,-0.4298368530473822,,4.922000000000011,-14.783,64.08396188023103,200.75499381444348,0.9107142857142857,1.6751674174174174,-0.33448214285714073
2024,MAG,Miami,6,Street,Haas,19.0,Finished,96.42205357142858,101.17349675324674,96.09612987637362,0.32592369505495355,0.922659444105156,-0.922659444105156,9.999999999999998,348.0,11.25,10.0,20.0,-10.0,14.0,0,3,1,,-5.7394403581603575,0.0674688311688327,,-9.834333333333339,7.599000000000004,60.91434423070218,200.42914350012046,0.5,10.403785256410256,4.751443181818161
2024,NOR,Miami,6,Street,McLaren,1.0,Finished,95.55280357142856,94.56371428571428,96.09612987637362,-0.5433263049450687,-1.5381058637169698,1.5381058637169698,90.0,344.0,20.5,18.0,10.0,8.0,28.0,0,1,1,,0.2975068418171901,-0.9368590585659532,,39.165000000000006,-46.43999999999998,58.78454969225165,200.99991783056663,0.875,1.0254074074074075,-0.9890892857142717
2024,OCO,Miami,6,Street,Alpine,10.0,Finished,96.17658928571429,96.7629375,96.09612987637362,0.08045940934066209,0.22777304940276755,-0.22777304940276755,44.99999999999999,345.0,28.0,15.0,3.0,12.0,28.0,0,1,1,,0.0752363636363645,-0.481173669467787,,6.918999999999997,-19.461,63.46934555820595,200.13448156039362,0.9464285714285714,1.5758904761904762,0.5863482142857208
2024,PER,Miami,6,Street,Red Bull,4.0,Finished,95.82578571428569,96.46310357142856,96.09612987637362,-0.27034416208793743,-0.7653189936591556,0.7653189936591556,70.0,345.0,20.333333333333332,15.0,12.0,3.0,18.666666666666668,0,2,1,,-0.3846921834250941,-0.0333999999999969,,-20.521499999999996,0.4869999999999947,60.1543704092619,200.4928763008715,0.6607142857142857,2.8273908730158728,0.6373178571428753
2024,PIA,Miami,6,Street,McLaren,13.0,Finished,96.47828571428569,95.5294684385382,96.09612987637362,0.382155837912066,1.0818473720053878,-1.0818473720053878,5.000000000000004,352.0,17.0,3.0,19.0,-16.0,18.666666666666668,0,2,1,,-0.11345409753645211,-3.4426098901098863,,-8.398999999999994,-14.683999999999996,58.77759598994684,199.64070502704587,0.8035714285714286,1.679322021116139,-0.9488172757474871
2024,RIC,Miami,6,Street,RB,15.0,Finished,96.32439285714288,102.372,96.09612987637362,0.22826298076925866,0.6461911120357162,-0.6461911120357162,25.0,348.0,28.0,10.0,3.0,7.0,28.0,0,1,1,,-0.7566886699507387,0.1659902319902303,,-45.44199999999999,17.836,61.143534169468985,199.4882503857476,0.9464285714285714,1.0763167305236272,6.047607142857117
2024,RUS,Miami,6,Street,Mercedes,8.0,Finished,96.12567857142855,95.05704761904761,96.09612987637362,0.02954869505492752,0.08364958721032957,-0.08364958721032957,55.00000000000001,348.0,28.0,10.0,3.0,7.0,28.0,0,1,1,,0.1622905138339924,-0.5793693181818165,,3.674999999999997,-14.698999999999998,59.86832179694569,200.11423095558777,0.6964285714285714,2.291606534090909,-1.0686309523809427
2024,SAI,Miami,6,Street,Ferrari,5.0,Finished,95.78658928571427,98.9114081632653,96.09612987637362,-0.3095405906593527,-0.8762804105346966,0.8762804105346966,80.0,347.0,20.0,14.0,13.0,1.0,28.0,0,1,1,,0.0940434188034171,-1.0053935483870966,,4.292000000000002,-25.78100000000001,63.708829390201764,200.62214111551233,0.7321428571428571,1.8929502652519894,3.1248188775510357
2024,SAR,Miami,6,Street,Williams,20.0,Retired,95.35461538461537,108.848,96.09612987637362,-0.7415144917582523,-2.099158051844712,2.099158051844712,95.0,350.0,28.0,7.0,3.0,4.0,13.0,0,1,1,,0.2287030303030322,-0.206182352941173,,4.0249999999999915,-15.292999999999992,59.20459265303553,201.5239329847929,0.9615384615384616,1.372825,13.493384615384628
2024,STR,Miami,6,Street,Aston Martin,17.0,Finished,96.30437500000001,96.7913152173913,96.09612987637362,0.2082451236263836,0.5895224339866797,-0.5895224339866797,30.000000000000004,356.0,18.666666666666668,1.0,16.0,-15.0,18.666666666666668,0,2,1,,-0.20666533811016669,0.2220955882352951,,-20.005999999999993,6.4609999999999985,58.78830321566922,199.406329949209,0.9107142857142857,1.5013995798319328,0.4869402173912931
2024,TSU,Miami,6,Street,RB,7.0,Finished,95.98225,101.38441183035715,96.09612987637362,-0.1138798763736304,-0.32238326032705783,0.32238326032705783,60.0,348.0,28.5,10.0,2.0,8.0,28.0,0,1,1,,0.1379768009768002,-0.8722995073891641,,13.332999999999998,-46.24600000000001,61.79194705476984,200.29770045499842,0.6964285714285714,2.8678186462324393,5.402161830357159
2024,VER,Miami,6,Street,Red Bull,2.0,Finished,95.77053571428571,96.43124,96.09612987637362,-0.3255941620879099,-0.9217265671502125,0.9217265671502125,85.0,322.0,26.5,20.0,7.0,13.0,28.0,0,1,1,,0.207670807453415,-0.6146067226890747,,18.845,-15.388000000000003,61.014417961058776,200.84265004504212,0.5535714285714286,3.539264705882353,0.6607042857142886
2024,ZHO,Miami,6,Street,Sauber,14.0,Finished,96.335875,96.43558839285713,96.09612987637362,0.23974512362637768,0.6786959826739163,-0.6786959826739163,19.999999999999996,351.0,20.5,4.0,10.0,-6.0,28.0,1,1,0,-0.7773965517241388,0.1800079365079377,,-46.36200000000001,16.843000000000004,,60.650616504688095,199.928150522117,0.8392857142857143,2.2836005291005295,0.09971339285712588
2024,ALB,Imola,7,Permanent,Williams,20.0,Retired,85.93434,86.38151162790699,82.68914845161291,3.2451915483870977,2.936437932862879,-2.936437932862879,0.0,343.0,15.4,5.0,20.0,-15.0,10.0,0,4,1,,-1.5214808294965922,0.0,,-16.54525,0.0,61.15554166971959,205.82078808299724,0.14,77.49588857142858,0.4471716279069824
2024,ALO,Imola,7,Permanent,Aston Martin,19.0,Lapped,83.7168524590164,84.27276727272726,82.68914845161291,1.0277040074034858,0.9299263190164134,-0.9299263190164134,5.000000000000004,350.0,19.25,1.0,19.0,-18.0,15.25,2,1,1,-6.469164285714281,-0.1664561403508752,-0.0599241310160403,-11.741500000000002,-17.474999999999994,-18.379999999999995,68.0857763586123,209.48726098048132,0.45901639344262296,9.004136924342106,0.5559148137108707
2024,BOT,Imola,7,Permanent,Sauber,18.0,Lapped,83.4315081967213,83.20560869565216,82.68914845161291,0.7423597451083879,0.6717302454612035,-0.6717302454612035,9.999999999999998,338.0,37.0,12.0,13.0,-1.0,30.5,0,1,1,,0.3629999999999916,0.0015699637888319,,3.641000000000006,-19.851,68.5417031179233,210.78861976204743,0.6229508196721312,2.7483227513227515,-0.22589950106913648
2024,GAS,Imola,7,Permanent,Alpine,16.0,Lapped,83.33767213114754,85.93307189542483,82.68914845161291,0.6485236795346339,0.5868219193075968,-0.5868219193075968,15.000000000000002,338.0,26.333333333333332,12.0,16.0,-4.0,20.333333333333332,1,1,1,0.366428571428563,-0.0922729105571844,-0.1451648785996586,3.7309999999999945,-22.857,-17.340000000000003,70.43697960171502,210.66194853031362,0.6721311475409836,3.311282602813853,2.595399764277289
2024,HAM,Imola,7,Permanent,Mercedes,6.0,Finished,81.82653225806452,82.31336507110647,82.68914845161291,-0.8626161935483907,-0.7805452696609619,0.7805452696609619,70.0,340.0,38.5,9.0,7.0,2.0,31.0,0,1,1,,0.0921029059829039,-0.1070038610038597,,4.374000000000009,-22.757000000000005,70.029583484226,214.61816260048087,0.4032258064516129,4.951504273504273,0.486832813041957
2024,HUL,Imola,7,Permanent,Haas,11.0,Lapped,82.99640983606557,82.74998503773094,82.68914845161291,0.3072613844526586,0.2780279595696541,-0.2780279595696541,40.0,337.0,40.0,15.0,1.0,14.0,30.5,0,1,1,,0.2270384615384622,-0.0447530612244904,,4.870999999999995,-22.143,68.24310870828319,211.49490054240667,0.5901639344262295,3.7658673469387756,-0.2464247983346297
2024,LEC,Imola,7,Permanent,Ferrari,3.0,Finished,81.42883870967742,81.07384291725104,82.68914845161291,-1.2603097419354867,-1.1404015073363991,1.1404015073363991,85.0,332.0,39.5,19.0,2.0,17.0,31.0,0,1,1,,0.0850539130434794,-0.0914666812561573,,5.096999999999994,-23.85299999999999,72.28086316009404,215.63467196319786,0.5967741935483871,2.680188596491228,-0.35499579242637935
2024,MAG,Imola,7,Permanent,Haas,12.0,Lapped,82.94745901639344,82.64097586520947,82.68914845161291,0.2583105647805297,0.23373441276764456,-0.23373441276764456,44.99999999999999,347.0,32.0,2.0,15.0,-13.0,30.5,0,1,1,,0.0378585585585599,-0.2435130769230767,,4.369,-24.179,67.97049817173516,211.60516117865654,0.5901639344262295,3.96406,-0.3064831511839685
2024,NOR,Imola,7,Permanent,McLaren,2.0,Finished,81.32601612903225,81.15118536562295,82.68914845161291,-1.363132322580654,-1.2334413546487668,1.2334413546487668,95.0,330.0,38.5,20.0,7.0,13.0,31.0,0,1,1,,0.1124129870129852,-0.0983348432055732,,5.4339999999999975,-23.950000000000003,67.25862152619499,215.68137924219104,0.32258064516129026,4.3028977932636465,-0.1748307634093038
2024,OCO,Imola,7,Permanent,Alpine,14.0,Lapped,83.26573770491804,84.0195213114754,82.68914845161291,0.57658925330513,0.5217314694190451,-0.5217314694190451,25.0,336.0,39.0,17.0,5.0,12.0,30.5,0,1,1,,0.0878895652173935,-0.0780094831673773,,4.957999999999998,-23.512,70.77234321321411,210.81902497588294,0.6721311475409836,3.0495664414414416,0.7537836065573629
2024,PER,Imola,7,Permanent,Red Bull,8.0,Finished,82.11698387096776,81.59158966973887,82.68914845161291,-0.5721645806451505,-0.5177277684215732,0.5177277684215732,60.0,343.0,23.5,5.0,18.0,-13.0,31.0,0,1,1,,-0.1978365811965825,0.0372724581724601,,-22.36999999999999,5.456999999999994,68.32978002508547,213.41712352871676,0.4032258064516129,9.672595000000001,-0.5253942012288917
2024,PIA,Imola,7,Permanent,McLaren,4.0,Finished,81.5106129032258,81.19233800841515,82.68914845161291,-1.178535548387103,-1.0664074640621,1.0664074640621,80.0,340.0,39.0,9.0,5.0,4.0,31.0,0,1,1,,0.0966273291925463,-0.0787528142589135,,4.908999999999992,-22.464,66.91614731284399,215.31766970551996,0.6129032258064516,2.380866071428571,-0.3182748948106564
2024,RIC,Imola,7,Permanent,RB,13.0,Lapped,83.00921311475409,85.61749999999999,82.68914845161291,0.3200646631411814,0.2896131102904734,-0.2896131102904734,35.0,340.0,39.5,9.0,2.0,7.0,30.5,0,1,1,,0.2615090909090881,-0.0400361085972861,,4.292999999999992,-21.343000000000004,67.09731859076977,210.99710154549462,0.8688524590163934,1.713307843137255,2.608286885245903
2024,RUS,Imola,7,Permanent,Mercedes,7.0,Finished,82.03077419354838,82.46438645161291,82.68914845161291,-0.6583742580645264,-0.5957352953054474,0.5957352953054474,65.0,336.0,26.333333333333332,17.0,16.0,1.0,20.666666666666668,0,2,1,,-0.3871624401913848,-0.112667338709678,,-8.717500000000001,-18.696,70.37788797656049,213.97621520983026,0.3870967741935484,7.686422727272728,0.4336122580645281
2024,SAI,Imola,7,Permanent,Ferrari,5.0,Finished,81.65206451612903,81.28125616698291,82.68914845161291,-1.037083935483878,-0.938413823131996,0.938413823131996,75.0,337.0,39.5,15.0,2.0,13.0,31.0,0,1,1,,0.0687805128205129,-0.098484555984554,,5.2479999999999905,-23.908,71.35867659454011,214.7424413149933,0.24193548387096772,4.00500641025641,-0.3708083491461167
2024,SAR,Imola,7,Permanent,Williams,17.0,Lapped,83.33159016393441,83.86872950819671,82.68914845161291,0.6424417123214994,0.581318601871696,-0.581318601871696,19.999999999999996,345.0,38.5,4.0,7.0,-3.0,30.5,0,1,1,,-0.1266076612903241,0.0519637374860937,,-26.94,3.972999999999999,65.01724174448663,210.21075156442626,0.6065573770491803,2.4513881720430106,0.5371393442623003
2024,STR,Imola,7,Permanent,Aston Martin,9.0,Finished,82.48924193548388,82.1834818548387,82.68914845161291,-0.1999065161290332,-0.18088703493620004,0.18088703493620004,55.00000000000001,341.0,38.5,7.0,7.0,0.0,31.0,0,1,1,,0.0329828828828838,-0.1744068376068372,,3.862000000000009,-19.918000000000006,68.95542362840223,212.71682276516148,0.4838709677419355,6.666991452991454,-0.3057600806451717
2024,TSU,Imola,7,Permanent,RB,10.0,Lapped,82.86642622950819,82.98090322580643,82.68914845161291,0.17727777789528432,0.1604112373348442,-0.1604112373348442,50.0,341.0,38.0,7.0,11.0,-4.0,30.5,0,1,1,,0.2366000000000015,-0.043182617046817,,4.388999999999996,-21.619,66.65921766015316,211.52459367597675,0.4918032786885246,4.4479072727272735,0.1144769962982366
2024,VER,Imola,7,Permanent,Red Bull,1.0,Finished,81.32856451612902,92.042,82.68914845161291,-1.3605839354838878,-1.2311354258840128,1.2311354258840128,90.0,338.0,36.0,12.0,14.0,-2.0,31.0,0,1,1,,0.1049278656126474,-0.087426315789473,,5.616,-22.567000000000007,69.37630933565381,215.6124871750145,0.967741935483871,0.23335897435897435,10.713435483870981
2024,ZHO,Imola,7,Permanent,Sauber,15.0,Lapped,83.23613114754099,83.35845919654118,82.68914845161291,0.5469826959280795,0.4949417354858782,-0.4949417354858782,30.000000000000004,346.0,38.0,3.0,11.0,-8.0,30.5,0,1,1,,-0.11805221674877,0.0448427419354838,,-23.680999999999997,5.489000000000004,68.49596780093219,211.11589142175993,0.4426229508196721,4.067991379310345,0.12232804900018834
2024,ALB,Monte Carlo,9,Street,Williams,17.0,Retired,80.9840657894737,83.5554375,80.51712776187628,0.466938027597422,0.6023451853203108,-0.6023451853203108,43.75,337.0,0.0,4.0,4.0,0.0,76.0,0,0,1,,,-0.1161806835269986,,,-65.195,45.60577560214568,169.28294671433994,0.7894736842105263,2.093106666666667,2.571371710526293
2024,ALB,Montreal,9,Street,Williams,17.0,Retired,91.63241176470588,102.48563787375416,91.28416266826439,0.34824909644149216,0.2834495276566925,-0.2834495276566925,19.999999999999996,337.0,17.333333333333332,5.0,4.0,1.0,17.0,0,1,0,,-1.2173214285714269,,,-9.652,,45.85714611894019,169.79623269093514,0.8431372549019608,1.6768106725146197,10.85322610904828
2024,ALO,Monte Carlo,9,Street,Aston Martin,6.0,Finished,81.14965333333333,80.89276363636361,80.51712776187628,0.6325255714570517,0.8159513897797533,-0.8159513897797533,25.0,327.0,0.0,12.0,4.0,8.0,75.0,0,1,0,,-0.1041679374110964,,,-45.518,,50.893627723106384,170.87436785874306,0.2666666666666666,9.10491891891892,-0.2568896969697221
2024,ALO,Montreal,9,Street,Aston Martin,6.0,Finished,90.66881159420291,88.3880795031056,91.28416266826439,-0.6153510740614792,-0.5008511811460462,0.5008511811460462,70.0,327.0,14.333333333333334,16.0,6.0,10.0,23.0,0,0,1,,,-0.5305870085470104,,,-17.153999999999996,51.04052229202185,171.12065024740045,0.21739130434782603,8.988996513720199,-2.280732091097306
2024,BOT,Monte Carlo,9,Street,Sauber,13.0,Finished,81.04392000000001,86.10886814814815,80.51712776187628,0.5267922381237327,0.679556492604872,-0.679556492604872,31.25,338.0,23.0,2.0,1.0,1.0,37.5,0,1,1,,-0.8269736263736257,-0.0320498677948172,,-18.459000000000003,-1.2379999999999995,51.87724632710229,171.80294225965838,0.8666666666666667,1.2835930913348943,5.064948148148133
2024,BOT,Montreal,9,Street,Sauber,13.0,Finished,90.82039130434782,90.4663406236276,91.28416266826439,-0.46377136391656393,-0.377476281736557,0.377476281736557,40.0,338.0,22.5,3.0,2.0,1.0,34.5,0,1,0,,-0.3642892720306493,,,-19.77499999999999,,51.870817902769915,171.83900290662402,0.6231884057971014,3.140747975708502,-0.3540506807202206
2024,GAS,Monte Carlo,9,Street,Alpine,9.0,Finished,81.02763157894736,80.73774,80.51712776187628,0.5105038170710827,0.6585445993392574,-0.6585445993392574,37.5,333.0,0.0,8.0,4.0,4.0,76.0,0,1,0,,-0.1183406425153788,,,-63.992999999999995,,53.07071425205036,171.6424457631005,0.3421052631578947,5.332513157894738,-0.28989157894736195
2024,GAS,Montreal,9,Street,Alpine,9.0,Finished,90.68531884057971,88.23433333333334,91.28416266826439,-0.598843827684675,-0.48741547883919506,0.48741547883919506,65.0,333.0,14.0,11.0,7.0,4.0,23.0,0,0,1,,,-0.3063181312569528,,,-23.536,53.21461068083097,171.94713845182923,0.9420289855072463,1.179615792103948,-2.450985507246372
2024,HAM,Monte Carlo,9,Street,Mercedes,4.0,Finished,79.56698701298701,79.5422758756395,80.51712776187628,-0.9501407488892681,-1.2256716558616072,1.2256716558616072,93.75,337.0,0.0,4.0,4.0,0.0,38.5,0,1,1,,-0.2305449699879946,-0.0530231990232001,,-57.60300000000001,-3.346999999999994,53.16284475701628,172.59269642656847,0.4675324675324675,3.5214114814814814,-0.024711137347509293
2024,HAM,Montreal,9,Street,Mercedes,4.0,Finished,90.47365217391305,103.50102222222223,91.28416266826439,-0.8105104943513339,-0.6596968064876958,0.6596968064876958,95.0,337.0,10.0,5.0,17.0,-12.0,17.25,0,1,1,,0.760554545454544,-2.990220588235297,,29.039999999999992,-31.77000000000001,52.90849531598036,172.40451883235662,0.8115942028985508,2.3840219381313132,13.02737004830918
2024,HUL,Montreal,9,Street,Haas,11.0,Finished,90.76255072463768,91.28424154589372,91.28416266826439,-0.5216119436267093,-0.4245543220409183,0.4245543220409183,50.0,334.0,11.0,9.0,13.0,-4.0,17.25,0,1,0,,-0.4224051282051291,,,-13.914,,51.74553770222228,172.16741897572567,0.6956521739130435,2.932690173751687,0.521690821256044
2024,LEC,Monte Carlo,9,Street,Ferrari,19.0,Retired,79.73018181818182,,80.51712776187628,-0.7869459436944624,-1.015152059322925,1.015152059322925,68.75,313.0,0.0,15.0,4.0,11.0,77.0,0,0,1,,,-0.1643013828276976,,,-99.221,52.99134771133455,163.93556651470928,1.0,0.0,
2024,LEC,Montreal,9,Street,Ferrari,19.0,Retired,95.61271794871796,91.50864102564103,91.28416266826439,4.328555280453571,3.523130317400774,-3.523130317400774,0.0,310.0,12.5,20.0,11.0,9.0,9.75,0,0,1,,,16.874000000000024,,,33.748000000000005,53.50989396125993,164.87456762120522,0.5384615384615384,24.831881944444447,-4.104076923076931
2024,MAG,Montreal,9,Street,Haas,12.0,Finished,90.83120289855073,92.25717989417991,91.28416266826439,-0.45295976971365803,-0.3686764275478632,0.3686764275478632,35.0,349.0,10.0,1.0,17.0,-16.0,13.8,0,2,0,,-0.5322639221073009,,,2.180499999999995,,51.411296332143756,171.84953554525327,0.8405797101449275,2.450248012820513,1.4259769956291848
2024,NOR,Monte Carlo,9,Street,McLaren,2.0,Finished,79.69041558441558,77.55449999999999,80.51712776187628,-0.8267121774607062,-1.06645008610962,1.06645008610962,75.0,329.0,0.0,11.0,4.0,7.0,77.0,0,0,1,,,-0.1539408486250575,,,-90.37,52.610243870569334,171.95925344878256,0.974025974025974,1.1552133333333334,-2.135915584415585
2024,NOR,Montreal,9,Street,McLaren,2.0,Finished,90.50846376811596,85.6270490530303,91.28416266826439,-0.7756989001484271,-0.6313626915262571,0.6313626915262571,85.0,329.0,10.666666666666666,15.0,16.0,-1.0,23.0,0,1,0,,-0.8343685770750982,,,-11.906000000000006,,52.654288666007204,172.08429018841443,0.6956521739130435,2.2888365769496204,-4.881414715085654
2024,OCO,Montreal,9,Street,Alpine,10.0,Finished,90.7146956521739,88.35211594202899,91.28416266826439,-0.5694670160904849,-0.46350488307449994,0.46350488307449994,55.00000000000001,331.0,24.0,13.0,1.0,12.0,34.5,0,1,0,,-0.4498516239316266,,,-16.247,,53.52852379947768,171.48362975486063,0.9130434782608695,1.660529964221825,-2.3625797101449137
2024,PER,Montreal,9,Street,Red Bull,18.0,Retired,91.81416000000002,95.57536,91.28416266826439,0.529997331735629,0.43137942029093107,-0.43137942029093107,15.000000000000002,337.0,17.666666666666668,5.0,3.0,2.0,16.666666666666668,0,1,0,,-1.7616190476190392,,,-15.260999999999996,,49.39040002707118,169.988841273539,0.86,1.476162037037037,3.761199999999988
2024,PIA,Monte Carlo,9,Street,McLaren,5.0,Finished,79.7917142857143,85.84863636363637,80.51712776187628,-0.7254134761619753,-0.9357758180050364,0.9357758180050364,56.25,330.0,0.0,10.0,4.0,6.0,77.0,0,0,1,,,-0.1589680582575304,,,-99.001,51.79249958745937,171.98680523455758,0.8571428571428571,2.0834155844155844,6.056922077922067
2024,PIA,Montreal,9,Street,McLaren,5.0,Finished,90.57489855072463,84.80415666666664,91.28416266826439,-0.7092641175397603,-0.5772895928654961,0.5772895928654961,75.0,330.0,11.333333333333334,14.0,12.0,2.0,23.0,0,1,0,,-0.4845808547008527,,,-15.995999999999997,,51.89329230642513,172.238798568966,0.6811594202898551,2.954678657513348,-5.770741884057983
2024,RIC,Monte Carlo,9,Street,RB,8.0,Finished,81.22948000000001,130.108,80.51712776187628,0.7123522381237279,0.9189269571676755,-0.9189269571676755,12.5,343.0,0.0,1.0,4.0,-3.0,75.0,0,0,1,,,-0.1109974679943108,,,-51.178,52.17604765020744,171.37733816373893,0.9866666666666668,0.8652533333333334,48.878519999999995
2024,RIC,Montreal,9,Street,RB,8.0,Finished,90.80136231884057,92.71538035635862,91.28416266826439,-0.4828003494238118,-0.3929644969506965,0.3929644969506965,44.99999999999999,343.0,14.0,2.0,7.0,-5.0,23.0,0,1,0,,-0.4135384615384632,,,-15.656999999999996,,52.27168338139868,171.61887597927642,0.5072463768115942,5.936618039215685,1.9140180375180478
2024,RUS,Monte Carlo,9,Street,Mercedes,3.0,Finished,79.67505194805194,79.46212328767125,80.51712776187628,-0.8420758138243372,-1.0862690167721356,1.0862690167721356,81.25,334.0,0.0,7.0,4.0,3.0,77.0,0,1,0,,-0.1679976076555015,,,-85.863,,53.41229287938668,171.67993282418638,0.0519480519480519,12.326467532467532,-0.21292866038069747
2024,RUS,Montreal,9,Street,Mercedes,3.0,Finished,90.55827536231885,98.37244999999999,91.28416266826439,-0.725887305945534,-0.5908196635818644,0.5908196635818644,80.0,334.0,11.0,9.0,13.0,-4.0,17.25,0,1,1,,-3.105883823529412,1.7529833333333278,,-33.67100000000001,30.946,53.530888416389494,171.91493759438882,0.855072463768116,1.8065052083333333,7.814174637681134
2024,SAI,Monte Carlo,9,Street,Ferrari,16.0,Retired,79.74568831168833,77.62192857142858,80.51712776187628,-0.7714394501879553,-0.995148844436135,0.995148844436135,62.5,337.0,0.0,4.0,4.0,0.0,77.0,0,0,1,,,-0.1581743519638248,,,-95.59199999999998,52.327499121909575,169.13506490965577,0.8181818181818182,1.818454545454545,-2.123759740259743
2024,SAI,Montreal,9,Street,Ferrari,16.0,Retired,91.58449019607843,,91.28416266826439,0.3003275278140478,0.2444448435647154,-0.2444448435647154,25.0,337.0,17.333333333333332,5.0,4.0,1.0,17.0,0,1,0,,-1.21556666666667,,,-12.229,,52.89200582332632,170.48998525900032,1.0,1.1645648148148149,
2024,SAR,Monte Carlo,9,Street,Williams,20.0,Retired,81.16962666666669,81.28246488888888,80.51712776187628,0.6524989047904057,0.84171678145292,-0.84171678145292,18.75,327.0,0.0,12.0,4.0,8.0,37.5,0,1,1,,-0.0093754385964871,-0.0752647641831846,,-2.6119999999999948,-23.489000000000004,45.06397165460642,167.00932058616507,0.6666666666666666,5.87223923444976,0.11283822222219442
2024,SAR,Montreal,9,Street,Williams,20.0,Retired,93.0379090909091,95.59257142857145,91.28416266826439,1.75374642264471,1.427422497883703,-1.427422497883703,5.000000000000004,327.0,0.0,16.0,19.0,-3.0,22.0,0,0,0,,,,,,,45.2675259697079,167.30864063921643,0.6818181818181818,4.03109090909091,2.55466233766235
2024,STR,Monte Carlo,9,Street,Aston Martin,7.0,Finished,81.31830666666669,109.57192,80.51712776187628,0.8011789047904045,1.033512430683348,-1.033512430683348,6.25,333.0,13.333333333333334,8.0,3.0,5.0,25.0,1,1,1,0.0129419813902604,-0.2135942508710789,3.708799999999995,-0.465999999999994,-37.782,26.357,52.37719686325986,171.79608669011986,0.8133333333333334,7.1197526132404185,28.25361333333332
2024,STR,Montreal,9,Street,Aston Martin,7.0,Finished,90.70246376811595,87.88801223832529,91.28416266826439,-0.5816989001484387,-0.47346075027991835,0.47346075027991835,60.0,333.0,13.333333333333334,11.0,9.0,2.0,23.0,0,0,1,,,-0.4734553846153856,,,-16.012,52.014194059755496,171.2329418126287,0.7391304347826086,2.209888326585695,-2.8144515297906594
2024,TSU,Monte Carlo,9,Street,RB,14.0,Finished,80.8741052631579,80.63649206349207,80.51712776187628,0.3569775012816194,0.4604972532887054,-0.4604972532887054,50.0,338.0,0.0,2.0,4.0,-2.0,76.0,0,0,1,,,-0.1342003827751189,,,-73.55699999999999,50.92192687003939,171.29959652557898,0.1710526315789473,22.100573770491803,-0.23761319966583017
2024,TSU,Montreal,9,Street,RB,14.0,Finished,91.10023188405796,98.49919323671497,91.28416266826439,-0.1839307842064244,-0.14970632928431743,0.14970632928431743,30.000000000000004,338.0,0.0,3.0,19.0,-16.0,34.5,0,1,0,,-0.3389647863247866,,,-15.638000000000003,,51.001191366113886,171.46430000733687,0.8695652173913042,3.021081842576028,7.398961352657011
2024,VER,Monte Carlo,9,Street,Red Bull,1.0,Finished,79.6164025974026,75.84299999999999,80.51712776187628,-0.900725164473684,-1.1619260673824032,1.1619260673824032,87.5,311.0,16.5,16.0,2.0,14.0,38.5,0,1,1,,-0.228061176470588,-0.0190201709401716,,-63.53800000000001,-2.475999999999999,53.3220658406631,172.81325767765142,0.9090909090909091,2.525966440422323,-3.773402597402608
2024,VER,Montreal,9,Street,Red Bull,1.0,Finished,90.47730434782608,95.84414492753625,91.28416266826439,-0.8068583204383089,-0.6567242015875105,0.6567242015875105,90.0,311.0,11.0,19.0,13.0,6.0,23.0,0,1,0,,-0.6033476923076927,,,-15.25399999999999,,53.29127397281404,172.58206521478292,0.8985507246376812,1.7205316666666668,5.366840579710171
2024,ZHO,Monte Carlo,9,Street,Sauber,15.0,Lapped,81.66081333333332,83.04258358974357,80.51712776187628,1.1436855714570413,1.4753424582531487,-1.4753424582531487,0.0,324.0,0.0,14.0,4.0,10.0,37.5,1,0,1,-1.5134571428571484,,-0.0511911216660563,-8.122,,-11.233000000000004,50.692072326084016,169.14566750011846,0.7466666666666667,23.114235507246377,1.381770256410249
2024,ZHO,Montreal,9,Street,Sauber,15.0,Lapped,92.3219411764706,93.45568954248365,91.28416266826439,1.037778508206216,0.8446765001520662,-0.8446765001520662,9.999999999999998,324.0,13.25,18.0,10.0,8.0,17.0,0,2,0,,-1.0257841386554554,,,-14.337499999999999,,50.811313604838475,169.39958822339776,0.2205882352941176,49.67772820910973,1.1337483660130516
2024,ALB,Spielberg,11,Permanent,Williams,15.0,Lapped,72.36459420289854,72.37842887931035,72.09618781228434,0.2684063906142029,0.49354775919065,-0.49354775919065,25.0,329.0,17.333333333333332,4.0,14.0,-10.0,23.0,0,1,2,,0.1354454545454583,-0.0320725931998109,,2.2879999999999967,-14.169000000000004,62.264257938658794,213.45194001795542,0.7391304347826086,2.0858327359617683,0.013834676411804026
2024,ALO,Spielberg,11,Permanent,Aston Martin,18.0,Lapped,72.90652173913045,74.6003084745763,72.09618781228434,0.8103339268461127,1.4900483288638062,-1.4900483288638062,5.000000000000004,328.0,14.5,6.0,17.0,-11.0,17.25,1,2,1,-22.667000000000005,0.062444749670622045,-0.0159715909090904,-22.667,-3.261500000000005,-25.35600000000001,65.13084332876733,212.03185485047123,0.7101449275362319,2.490132007575758,1.6937867354458405
2024,BOT,Spielberg,11,Permanent,Sauber,16.0,Lapped,72.48195652173914,73.31008963585434,72.09618781228434,0.38576870945479413,0.7093545041218838,-0.7093545041218838,15.000000000000002,323.0,19.666666666666668,12.0,3.0,9.0,23.0,0,1,2,,0.0898142414860709,-0.08097412170538,,3.203000000000003,-15.706500000000002,67.62575917075077,213.63373763783127,0.6956521739130435,2.8996136991028294,0.8281331141152037
2024,GAS,Spielberg,11,Permanent,Alpine,10.0,Finished,72.07792857142857,74.57799642857142,72.09618781228434,-0.018259240855769576,-0.03357523413755326,0.03357523413755326,44.99999999999999,329.0,18.666666666666668,4.0,12.0,-8.0,23.333333333333332,0,2,1,,0.06312703309999296,-0.110084697910784,,-5.762499999999995,-12.625,68.04544753489449,214.64066560902933,0.9,1.7914031512951658,2.5000678571428523
2024,HAM,Spielberg,11,Permanent,Mercedes,4.0,Finished,71.58714285714287,72.14419714285715,72.09618781228434,-0.5090449551414764,-0.9360358237464641,0.9360358237464641,80.0,322.0,19.0,15.0,9.0,6.0,23.333333333333332,0,2,1,,-0.07823078283945095,-0.0302278225806448,,-8.618999999999998,-11.575000000000005,67.74074727254636,215.75015528008427,0.5428571428571428,7.4995247685185165,0.5570542857142868
2024,HUL,Spielberg,11,Permanent,Haas,6.0,Finished,71.97808571428573,71.6811295238095,72.09618781228434,-0.11810209799861582,-0.2171670566022916,0.2171670566022916,65.0,330.0,20.333333333333332,1.0,1.0,0.0,23.333333333333332,0,1,2,,0.3526242424242467,-0.05549282396706515,,4.8940000000000055,-15.276499999999999,66.3839610922353,215.15482512146608,0.2571428571428571,8.020185185185184,-0.296956190476223
2024,LEC,Spielberg,11,Permanent,Ferrari,11.0,Finished,72.11098571428572,72.25335952380952,72.09618781228434,0.014797902001376428,0.027210497323813358,-0.027210497323813358,40.0,327.0,0.0,7.0,19.0,-12.0,17.5,0,3,1,,-0.2029314192343605,-0.5051142857142855,,-14.713666666666663,-23.60300000000001,68.7867984142456,214.3761998110239,0.42857142857142855,7.54436568627451,0.14237380952380363
2024,MAG,Spielberg,11,Permanent,Haas,8.0,Finished,72.06181428571428,73.23339227166277,72.09618781228434,-0.03437352657006443,-0.0632063080737909,0.0632063080737909,55.00000000000001,327.0,19.0,7.0,9.0,-2.0,23.333333333333332,0,1,2,,0.3252333333333319,-0.040598253617013545,,4.034000000000006,-13.987999999999992,65.67638221407096,214.98060552670987,0.5714285714285714,2.3415061728395066,1.1715779859484883
2024,NOR,Spielberg,11,Permanent,McLaren,20.0,Lapped,71.70925396825399,71.09125411764708,72.09618781228434,-0.38693384403035225,-0.7114969626438525,0.7114969626438525,70.0,322.0,19.333333333333332,15.0,6.0,9.0,21.0,0,2,1,,0.6779421882465371,-0.0645588396278023,,19.859,-13.686000000000009,67.63406281031412,215.4536012937057,0.2857142857142857,4.089772810522811,-0.6179998506069069
2024,OCO,Spielberg,11,Permanent,Alpine,12.0,Finished,72.19171428571428,72.9016424489796,72.09618781228434,0.09552647342994192,0.17565482251314993,-0.17565482251314993,35.0,324.0,19.666666666666668,11.0,3.0,8.0,23.333333333333332,0,2,1,,0.07522037514340525,-0.0931943478260864,,-5.619499999999995,-13.608000000000004,69.95727589664803,214.3449097080294,0.7,2.948734788359788,0.7099281632653174
2024,PER,Spielberg,11,Permanent,Red Bull,7.0,Finished,72.0177857142857,71.24295031055901,72.09618781228434,-0.07840209799864795,-0.144166387747069,0.144166387747069,60.0,326.0,19.0,9.0,9.0,0.0,23.333333333333332,0,2,1,,-0.027498496240601196,-0.0441159065628476,,-8.110500000000002,-11.661,67.37119614223941,214.2567588083733,0.5714285714285714,3.6822500000000002,-0.7748354037266836
2024,PIA,Spielberg,11,Permanent,McLaren,2.0,Finished,71.25362857142856,71.90606793650794,72.09618781228434,-0.8425592408557776,-1.5493044869690207,1.5493044869690207,95.0,323.0,19.666666666666668,12.0,3.0,9.0,23.333333333333332,0,2,1,,-0.003448828048381501,-0.0808687179487183,,-5.9409999999999945,-13.170999999999992,66.17050670540625,216.9286275927423,0.6285714285714286,3.585589774557166,0.6524393650793741
2024,RIC,Spielberg,11,Permanent,RB,9.0,Finished,72.0637142857143,77.2302,72.09618781228434,-0.03247352657004399,-0.059712573292266286,0.059712573292266286,50.0,330.0,20.0,1.0,2.0,-1.0,23.333333333333332,0,1,2,,0.2449666666666646,-0.05120561660561675,,3.2590000000000003,-14.2975,66.7883451202156,214.41082377519348,0.9285714285714286,1.3889756717501818,5.166485714285699
2024,RUS,Spielberg,11,Permanent,Mercedes,1.0,Finished,71.26281428571428,71.41440662489556,72.09618781228434,-0.8333735265700568,-1.5324137240780602,1.5324137240780602,90.0,323.0,19.333333333333332,12.0,6.0,6.0,23.333333333333332,0,2,1,,0.028038548842463155,-0.0438023076923082,,-3.292500000000004,-15.951000000000008,68.52419654301796,216.87373848986124,0.32857142857142857,5.882112034632034,0.15159233918127768
2024,SAI,Spielberg,11,Permanent,Ferrari,3.0,Finished,71.3125,70.79371694764862,72.09618781228434,-0.7836878122843416,-1.4410512461080442,1.4410512461080442,85.0,315.0,19.333333333333332,20.0,6.0,14.0,23.333333333333332,0,2,1,,0.0307036561264834,-0.0678400000000001,,-6.287999999999997,-11.973,70.34255976332607,216.8237927715895,0.4714285714285714,3.1061709592822635,-0.518783052351381
2024,SAR,Spielberg,11,Permanent,Williams,19.0,Lapped,73.3015,72.88199048442907,72.09618781228434,1.2053121877156627,2.216337427774967,-2.216337427774967,0.0,321.0,0.0,17.0,19.0,-2.0,22.666666666666668,0,2,1,,-0.17769010025062515,-0.1037556650246301,,-20.418,-14.897999999999996,65.0595464236009,211.01119895797424,0.02941176470588234,21.752229643073203,-0.41950951557093674
2024,STR,Spielberg,11,Permanent,Aston Martin,13.0,Lapped,72.3463768115942,73.82042931604373,72.09618781228434,0.25018899930985583,0.46004947833383064,-0.46004947833383064,30.000000000000004,330.0,16.333333333333332,1.0,15.0,-14.0,23.0,0,2,1,,0.0094300950003475,0.0043394383394364,,-4.3815000000000035,-16.700000000000003,65.0890171416466,213.32429137268358,0.5942028985507246,3.24757314979864,1.4740525044495314
2024,TSU,Spielberg,11,Permanent,RB,14.0,Lapped,72.40359420289855,72.83505475040258,72.09618781228434,0.3074063906142044,0.5652612626001233,-0.5652612626001233,19.999999999999996,325.0,18.333333333333332,10.0,13.0,-3.0,23.0,0,1,2,,0.1261684210526307,-0.0913584042768842,,4.634,-16.872499999999995,66.75669554108342,213.47332069678563,0.5072463768115942,3.3318254676080765,0.43146054750403096
2024,VER,Spielberg,11,Permanent,Red Bull,5.0,Finished,71.68572857142857,84.82197142857143,72.09618781228434,-0.4104592408557721,-0.7547556453476705,0.7547556453476705,75.0,316.0,14.5,19.0,17.0,2.0,17.5,1,2,1,-3.935750000000008,0.21368382704252448,-0.0569764641488757,-25.179,5.579500000000003,-13.534000000000006,67.62181422961407,215.6990132093005,0.8857142857142857,2.522629120879121,13.13624285714286
2024,ZHO,Spielberg,11,Permanent,Sauber,17.0,Lapped,72.80611594202898,72.82525948269885,72.09618781228434,0.7099281297446396,1.305421368023624,-1.305421368023624,9.999999999999998,317.0,16.0,18.0,16.0,2.0,23.0,0,1,2,,-0.1353418972332024,-0.03113328192275435,,-14.946999999999989,-6.510999999999996,66.98560420939741,212.6401833800193,0.2898550724637681,12.892363533632794,0.019143540669873005
2024,ALB,Silverstone,12,Permanent,Williams,9.0,Finished,96.3501568627451,98.62522000000001,96.76960025878772,-0.4194433960426238,-0.3005710116671443,0.3005710116671443,47.36842105263158,332.0,23.0,5.0,7.0,-2.0,17.0,0,2,0,,-0.2788459096459106,,,-6.681999999999995,,63.794574726618755,217.97464834495108,0.6274509803921569,3.2625311355311357,2.275063137254918
2024,ALO,Silverstone,12,Permanent,Aston Martin,8.0,Finished,96.27768627450979,103.27054901960784,96.76960025878772,-0.49191398427792876,-0.35250306788143526,0.35250306788143526,52.63157894736843,332.0,20.333333333333332,5.0,13.0,-8.0,17.0,0,2,0,,-0.2414568986568999,,,-6.2464999999999895,,66.43531985542624,217.98068466423322,0.49019607843137253,5.712750582750583,6.992862745098051
2024,BOT,Silverstone,12,Permanent,Sauber,15.0,Lapped,97.6918,98.2756312087912,96.76960025878772,0.9221997412122818,0.6608436604093929,-0.6608436604093929,21.052631578947366,323.0,24.0,16.0,5.0,11.0,16.666666666666668,1,1,0,-1.1532285714285702,0.2899099999999989,,-34.411,14.165000000000006,,68.56224012865823,215.00838765387434,0.24,19.047351255411257,0.5838312087911959
2024,HAM,Silverstone,12,Permanent,Mercedes,1.0,Finished,95.11813725490197,104.42257142857146,96.76960025878772,-1.6514630038857518,-1.1834300181909627,1.1834300181909627,94.73684210526316,320.0,24.333333333333332,18.0,2.0,16.0,17.0,1,1,0,-0.8030813186813197,0.2869685470085439,,-27.242999999999995,13.763000000000003,,70.93967935204839,220.52919879502144,0.8627450980392157,1.532644688644689,9.304434173669492
2024,HUL,Silverstone,12,Permanent,Haas,6.0,Finished,96.12970588235294,96.64505602240897,96.76960025878772,-0.639894376434782,-0.45854506686660035,0.45854506686660035,68.42105263157895,325.0,21.666666666666668,15.0,11.0,4.0,17.0,1,1,0,-0.826560439560436,0.2048507692307681,,-24.812000000000012,9.009,,67.39816414990909,218.9223331254303,0.35294117647058826,13.960109743589745,0.5153501400560287
2024,LEC,Silverstone,12,Permanent,Ferrari,14.0,Lapped,97.75738,98.8238038961039,96.76960025878772,0.9877797412122789,0.707837956019014,-0.707837956019014,15.789473684210531,329.0,17.25,9.0,15.0,-6.0,12.5,1,1,0,-0.7601978021978011,0.3139308565531474,,-26.137,13.009999999999993,,69.60828537098519,215.02267684401588,0.31999999999999995,21.210922023809523,1.066423896103899
2024,MAG,Silverstone,12,Permanent,Haas,12.0,Finished,96.73590196078429,100.83793464052289,96.76960025878772,-0.03369829800342927,-0.024148029550386252,0.024148029550386252,36.8421052631579,337.0,23.0,1.0,7.0,-6.0,17.0,1,1,0,-0.8372714285714263,0.3075781196581176,,-31.949,17.10900000000001,,66.43254928667326,217.21663414897827,0.6470588235294118,4.252862393162394,4.102032679738599
2024,NOR,Silverstone,12,Permanent,McLaren,3.0,Finished,95.24037254901961,98.3258431372549,96.76960025878772,-1.529227709768108,-1.095836825972393,1.095836825972393,84.21052631578947,327.0,23.666666666666668,12.0,6.0,6.0,17.0,1,1,0,-0.7179120879120864,0.2475398290598277,,-23.927000000000007,12.617999999999997,,67.37847851108646,220.26587015516827,0.9019607843137255,1.4576196581196583,3.085470588235296
2024,OCO,Silverstone,12,Permanent,Alpine,16.0,Lapped,99.07528571428573,99.63482653061224,96.76960025878772,2.3056854554980077,1.6522425111082966,-1.6522425111082966,10.526315789473683,333.0,14.2,3.0,18.0,-15.0,9.8,1,2,0,0.3430371517027872,0.4499034965034978,,7.884999999999991,-12.509999999999998,,69.31851823942934,211.8583737826871,0.20408163265306123,17.65856,0.5595408163265176
2024,PER,Silverstone,12,Permanent,Red Bull,17.0,Lapped,99.094,98.82625510204082,96.76960025878772,2.324399741212275,1.6656530733983124,-1.6656530733983124,5.263157894736848,336.0,13.6,2.0,19.0,-17.0,9.8,1,1,1,-17.89999999999999,-1.797466666666664,0.2519256965944262,-35.80000000000001,-29.376000000000005,8.926000000000002,64.82733862353442,211.8550787866311,0.3469387755102041,14.351175555555557,-0.2677448979591759
2024,PIA,Silverstone,12,Permanent,McLaren,4.0,Finished,95.32313725490195,103.69241666666669,96.76960025878772,-1.4464630038857678,-1.036528057227681,1.036528057227681,78.94736842105263,329.0,22.333333333333332,9.0,10.0,-1.0,17.0,0,2,0,,-0.16673534798535045,,,-2.0575000000000045,,66.77875857539536,220.2071163151422,0.7058823529411765,4.3592291005291,8.369279411764737
2024,RIC,Silverstone,12,Permanent,RB,13.0,Lapped,97.08562,98.98360333333333,96.76960025878772,0.31601974121228693,0.22645814481559676,-0.22645814481559676,26.315789473684216,327.0,20.333333333333332,12.0,13.0,-1.0,16.666666666666668,1,1,0,-0.7860439560439608,0.2731407692307676,,-28.51400000000001,11.104,,66.676500705738,216.19968516364665,0.62,3.896500432900433,1.897983333333329
2024,RUS,Silverstone,12,Permanent,Mercedes,19.0,Retired,96.13956250000001,112.37349999999999,96.76960025878772,-0.630037758787708,-0.4514818646186951,0.4514818646186951,63.1578947368421,310.0,31.5,19.0,1.0,18.0,16.0,0,1,0,,0.3196170940170929,,,16.279999999999987,,68.46905360328998,218.10000303213442,0.9375,1.5624102564102564,16.233937499999982
2024,SAI,Silverstone,12,Permanent,Ferrari,5.0,Finished,95.9936862745098,95.18823676470589,96.76960025878772,-0.7759139842779206,-0.5560160284354548,0.5560160284354548,73.6842105263158,323.0,16.25,16.0,16.0,0.0,12.75,1,1,1,-24.253000000000004,0.1936999999999997,-1.2990818181818171,-24.253,10.122,-27.319000000000003,71.03136430741694,218.6863566974765,0.39215686274509803,14.089261888111889,-0.805449509803907
2024,SAR,Silverstone,12,Permanent,Williams,11.0,Finished,96.74994117647057,98.46219333333335,96.76960025878772,-0.019659082317147636,-0.01408759874696481,0.01408759874696481,31.57894736842105,330.0,22.666666666666668,7.0,9.0,-2.0,17.0,1,1,0,-0.6370307692307717,0.3452420512820492,,-24.168000000000006,18.810999999999993,,65.9014042305665,216.5779218664406,0.7254901960784313,3.5795770895770893,1.7122521568627747
2024,STR,Silverstone,12,Permanent,Aston Martin,7.0,Finished,96.1670588235294,95.19542857142858,96.76960025878772,-0.6025414352583169,-0.4317781385418723,0.4317781385418723,57.89473684210527,328.0,21.333333333333332,11.0,12.0,-1.0,17.0,0,2,0,,-0.3235047802197807,,,-8.939,,67.22937480293281,218.20670432398217,0.5098039215686274,2.5519233556298766,-0.9716302521008231
2024,TSU,Silverstone,12,Permanent,RB,10.0,Finished,96.57358823529412,95.67638823529413,96.76960025878772,-0.19601202349359426,-0.1404612225541076,0.1404612225541076,42.10526315789473,333.0,24.333333333333332,3.0,2.0,1.0,17.0,1,1,0,-0.7403692307692398,0.3011692307692294,,-26.546999999999997,14.912000000000006,,67.62599994633348,217.39404185853124,0.5882352941176471,3.180574259074259,-0.897199999999998
2024,VER,Silverstone,12,Permanent,Red Bull,2.0,Finished,95.13358823529411,96.99326185383245,96.76960025878772,-1.6360120234936062,-1.1723579239548085,1.1723579239548085,89.47368421052632,327.0,24.333333333333332,12.0,2.0,10.0,17.0,0,1,1,,0.2303923076923066,-0.8552021978021976,,9.718000000000004,-29.22200000000001,69.45023865876176,220.62589387076022,0.49019607843137253,4.359789682539683,1.8596736185383378
2024,ZHO,Silverstone,12,Permanent,Sauber,18.0,Lapped,99.98579591836733,99.89531632653059,96.76960025878772,3.2161956595796113,2.304709508457934,-2.304709508457934,0.0,330.0,15.2,7.0,17.0,-10.0,9.8,2,1,0,-0.48451258741258457,-0.2216785714285862,,-17.154000000000003,-8.736000000000004,,66.32082260849361,210.2204929596016,0.1836734693877551,31.101949830169826,-0.09047959183673981
2024,ALB,Hungaroring,13,Permanent,Williams,14.0,Lapped,85.66938235294117,88.32538842203547,85.05505938432438,0.6143229686167899,0.7902735857588424,-0.7902735857588424,30.000000000000004,326.0,26.0,2.0,5.0,-3.0,22.666666666666668,1,0,2,0.2830000000000047,,-0.07290509569963605,1.6170000000000044,,-16.552999999999997,52.043946274120614,182.1820663001648,0.7205882352941176,2.110599637681159,2.6560060690943033
2024,ALO,Hungaroring,13,Permanent,Aston Martin,11.0,Finished,85.10975362318838,84.87887185354693,85.05505938432438,0.05469423886400193,0.07035942732977625,-0.07035942732977625,44.99999999999999,325.0,25.666666666666668,3.0,10.0,-7.0,23.0,1,1,1,-0.0803714285714401,-0.1219350389321469,-0.0614632352941162,0.0760000000000076,-15.968000000000004,-15.381,55.421757532652094,183.4454969221443,0.4202898550724637,4.86488732149077,-0.23088176964145646
2024,BOT,Hungaroring,13,Permanent,Sauber,16.0,Lapped,85.76423529411765,85.50059477124184,85.05505938432438,0.7091759097932737,0.9122937246315463,-0.9122937246315463,25.0,323.0,24.333333333333332,11.0,16.0,-5.0,22.666666666666668,0,1,2,,-0.0314392857142831,-0.11046647783251226,,1.4320000000000022,-14.381,57.76429346106556,181.79668240282564,0.6176470588235294,2.973373015873016,-0.26364052287581785
2024,GAS,Hungaroring,13,Permanent,Alpine,20.0,Retired,86.27053125000002,86.925625,85.05505938432438,1.2154718656756387,1.563599863178263,-1.563599863178263,0.0,321.0,38.0,15.0,1.0,14.0,16.0,0,1,1,,-2.900199999999999,0.0068229548229539,,-14.52000000000001,1.6509999999999962,57.639590291355475,181.53203916545718,0.31249999999999994,4.6847666666666665,0.6550937499999776
2024,HAM,Hungaroring,13,Permanent,Mercedes,3.0,Finished,84.15402898550724,83.92830911680912,85.05505938432438,-0.9010303988171415,-1.1590979997935262,1.1590979997935262,85.0,315.0,26.0,19.0,5.0,14.0,23.0,0,1,2,,0.0813500000000006,-0.0860476478696124,,2.4140000000000015,-15.322999999999999,58.28681292766198,185.41876662872693,0.37681159420289856,5.128669444444445,-0.22571986869812122
2024,HUL,Hungaroring,13,Permanent,Haas,13.0,Lapped,85.57723529411766,85.3107408412483,85.05505938432438,0.5221759097932761,0.6717343314679701,-0.6717343314679701,35.0,324.0,26.333333333333332,7.0,3.0,4.0,22.666666666666668,0,1,2,,0.0,-0.027457282081063752,,0.0,-15.424000000000007,54.89529046791396,183.12073752559203,0.36764705882352944,4.009248148148148,-0.26649445286935247
2024,LEC,Hungaroring,13,Permanent,Ferrari,4.0,Finished,84.20952173913044,83.91782951251646,85.05505938432438,-0.8455376451939429,-1.0877113520043675,1.0877113520043675,80.0,319.0,25.0,16.0,13.0,3.0,23.0,0,2,1,,-0.03567825986462065,-0.1945955882352947,,-7.932499999999997,-14.754000000000003,60.96786908837471,185.52167824920727,0.5942028985507246,3.088182709447415,-0.291692226613975
2024,MAG,Hungaroring,13,Permanent,Haas,15.0,Lapped,85.78608823529412,85.63212077294685,85.05505938432438,0.7310288509697358,0.9404056511997234,-0.9404056511997234,19.999999999999996,323.0,25.333333333333332,11.0,11.0,0.0,22.666666666666668,1,0,2,0.2321000000000033,,-0.0434654238706964,1.3859999999999957,,-13.652499999999996,55.44909863115575,182.2762741259705,0.6323529411764706,2.3931,-0.15396746234726777
2024,NOR,Hungaroring,13,Permanent,McLaren,2.0,Finished,83.98175362318841,85.82826890018194,85.05505938432438,-1.0733057611359698,-1.3807154148547724,1.3807154148547724,95.0,318.0,25.0,17.0,13.0,4.0,23.0,0,2,1,,0.0005388009049779943,-0.0785270935960578,,-6.3514999999999935,-15.479,55.4179255806153,185.82563874941806,0.6956521739130435,2.174477857142857,1.8465152769935287
2024,OCO,Hungaroring,13,Permanent,Alpine,18.0,Lapped,85.97804411764706,85.76890170940172,85.05505938432438,0.9229847333226786,1.1873403601462653,-1.1873403601462653,9.999999999999998,324.0,19.75,7.0,19.0,-12.0,17.0,1,1,2,-3.3556999999999935,0.3539000000000087,-0.05928972614342035,-18.040000000000006,1.8419999999999987,-11.527999999999999,57.69215124476161,181.35902994576128,0.7058823529411765,2.727008455882353,-0.20914240824534147
2024,PER,Hungaroring,13,Permanent,Red Bull,7.0,Finished,84.41072463768116,83.10530086580086,85.05505938432438,-0.6443347466432243,-0.8288811531909233,0.8288811531909233,65.0,325.0,23.666666666666668,3.0,18.0,-15.0,23.0,0,2,1,,-0.1907458255322088,-0.0039468864468888,,-16.4345,0.7560000000000002,56.23929891695534,184.6787401074478,0.5072463768115942,9.376399553634489,-1.3054237718802995
2024,PIA,Hungaroring,13,Permanent,McLaren,1.0,Finished,83.98902898550723,85.54091118421054,85.05505938432438,-1.0660303988171478,-1.3713562878790453,1.3713562878790453,90.0,317.0,26.333333333333332,18.0,3.0,15.0,23.0,0,2,1,,-0.05390636383011635,-0.0678507389162574,,-7.999499999999998,-16.227000000000004,55.98109703956945,186.0116650929692,0.6666666666666666,1.4263013493253378,1.5518821987033107
2024,RIC,Hungaroring,13,Permanent,RB,12.0,Lapped,85.37623529411766,84.7328125,85.05505938432438,0.3211759097932827,0.4131651441638105,-0.4131651441638105,40.0,322.0,26.0,13.0,5.0,8.0,22.666666666666668,0,1,2,,-0.1197714285714432,-0.08767567310737996,,-0.3020000000000067,-13.393500000000003,58.631604169278965,182.78746775025792,0.5294117647058824,2.3740222609368953,-0.6434227941176687
2024,RUS,Hungaroring,13,Permanent,Mercedes,8.0,Finished,84.4556811594203,84.56653019323672,85.05505938432438,-0.5993782249040862,-0.7710484602052958,0.7710484602052958,60.0,328.0,24.333333333333332,1.0,16.0,-15.0,23.0,0,1,2,,-0.198975939849624,-0.07903491389224275,,-14.876999999999995,-6.6145,57.55935386000236,185.0832975860035,0.5362318840579711,4.034184926470588,0.11084903381642164
2024,SAI,Hungaroring,13,Permanent,Ferrari,6.0,Finished,84.24195652173914,84.04822173138028,85.05505938432438,-0.8131028625852394,-1.0459867978774031,1.0459867978774031,75.0,325.0,24.666666666666668,3.0,15.0,-12.0,23.0,0,2,1,,-0.040879349312014854,-0.1114263247863243,,-7.871000000000002,-14.948999999999998,60.18358961037513,185.1717471050295,0.2753623188405797,5.143375291375293,-0.1937347903588602
2024,SAR,Hungaroring,13,Permanent,Williams,17.0,Lapped,85.83760294117648,87.92784411764707,85.05505938432438,0.7825435568521044,1.0066748832107548,-1.0066748832107548,15.000000000000002,324.0,19.75,7.0,19.0,-12.0,17.0,1,1,2,-2.4646000000000057,-0.0059285714285765,-0.0698130277231109,-17.967,0.5950000000000131,-13.328499999999991,54.99133530516423,181.86836201096543,0.8235294117647058,3.597221666666667,2.0902411764705846
2024,STR,Hungaroring,13,Permanent,Aston Martin,10.0,Finished,85.03108695652175,84.26681240981242,85.05505938432438,-0.02397242780263298,-0.030838463555396288,0.030838463555396288,50.0,325.0,25.333333333333332,3.0,11.0,-8.0,23.0,1,1,1,-0.0315384615384577,-0.1261830645161308,-0.1133038461538477,1.7209999999999894,-17.769999999999996,-17.611000000000004,54.601372661183134,183.5571447877445,0.6521739130434783,3.370142398676592,-0.7642745467093306
2024,TSU,Hungaroring,13,Permanent,RB,9.0,Finished,84.98843478260869,84.9912013928101,85.05505938432438,-0.06662460171568796,-0.08570681154273294,0.08570681154273294,55.00000000000001,315.0,37.5,19.0,2.0,17.0,34.5,0,1,1,,0.027969896004381,-0.0720087108013932,,1.7240000000000038,-16.915000000000006,58.664583032866126,183.8907011061325,0.43478260869565216,8.273878484320557,0.0027666102014052285
2024,VER,Hungaroring,13,Permanent,Red Bull,5.0,Finished,84.27539130434783,86.34589855072464,85.05505938432438,-0.7796680799765454,-1.002975829883266,1.002975829883266,70.0,324.0,26.0,7.0,5.0,2.0,23.0,0,2,1,,-0.035167634996582604,-0.0621332785987939,,-6.518000000000001,-15.319999999999991,57.47065440465339,185.54969828966418,0.7101449275362319,2.4774380952380954,2.070507246376806
2024,ZHO,Hungaroring,13,Permanent,Sauber,19.0,Lapped,85.99447058823529,86.40445033582441,85.05505938432438,0.9394112039109075,1.208471599699868,-1.208471599699868,5.000000000000004,322.0,26.0,13.0,5.0,8.0,22.666666666666668,0,1,2,,0.0949999999999875,-0.0499925051368504,,0.7210000000000036,-15.401499999999999,56.003719283991444,181.90482497004123,0.38235294117647056,5.5038005921281785,0.40997974758911937
2024,ALB,Spa-Francorchamps,14,Permanent,Williams,12.0,Finished,110.31093023255814,112.135125,111.09563895348838,-0.7847087209302401,-0.139667086516105,0.139667086516105,25.0,348.0,21.0,8.0,18.0,-10.0,14.333333333333334,0,2,1,,0.14479999999999627,-0.1846948051948067,,-2.405000000000001,-15.163000000000013,66.16267988723223,225.69546477444348,0.813953488372093,2.6832857142857143,1.8241947674418668
2024,ALO,Spa-Francorchamps,14,Permanent,Aston Martin,8.0,Finished,110.00990697674419,109.47534186046514,111.09563895348838,-1.085731976744185,-0.19324498107968976,0.19324498107968976,55.00000000000001,342.0,34.5,17.0,3.0,14.0,21.5,0,1,1,,0.1655384615384646,-0.1566483870967755,,3.337999999999994,-15.924999999999995,69.87522532430708,226.75163443035257,0.3953488372093023,6.5009112903225805,-0.5345651162790546
2024,BOT,Spa-Francorchamps,14,Permanent,Sauber,15.0,Finished,110.43993023255815,109.17747240259739,111.09563895348838,-0.655708720930221,-0.11670690564896524,0.11670690564896524,19.999999999999996,348.0,22.333333333333332,8.0,13.0,-5.0,14.333333333333334,0,2,1,,-0.32722954545454647,-0.148673478260866,,-5.450999999999993,-9.686999999999998,71.45981660580136,225.92603808894822,0.6511627906976745,2.881507407407407,-1.2624578299607663
2024,GAS,Spa-Francorchamps,14,Permanent,Alpine,13.0,Finished,110.29886046511629,111.07900000000001,111.09563895348838,-0.7967784883720839,-0.1418153349152446,0.1418153349152446,35.0,348.0,22.666666666666668,8.0,9.0,-1.0,14.333333333333334,0,1,2,,0.4669880952381022,-0.2547067853457122,,4.737000000000009,-12.877499999999998,72.71593253435191,226.1489453254031,0.8837209302325582,1.5767258771929822,0.7801395348837161
2024,HAM,Spa-Francorchamps,14,Permanent,Mercedes,1.0,Finished,108.95037209302326,107.47995757575758,111.09563895348838,-2.1452668604651137,-0.381827249027541,0.381827249027541,85.0,340.0,23.666666666666668,18.0,7.0,11.0,14.333333333333334,0,1,2,,0.2818909090909115,-0.27998069254017366,,4.478999999999999,-13.505499999999998,73.50840795480589,229.49502690149217,0.627906976744186,2.1675241830065364,-1.4704145172656808
2024,HUL,Spa-Francorchamps,14,Permanent,Haas,18.0,Finished,110.83062790697676,115.30312776412777,111.09563895348838,-0.2650110465116171,-0.0471682291449288,0.0471682291449288,5.000000000000004,353.0,22.666666666666668,3.0,9.0,-6.0,14.333333333333334,0,2,1,,0.18601257763974477,-0.2230494505494493,,-5.5815000000000055,-9.995999999999997,70.76482556629759,225.49941424382598,0.46511627906976744,2.9883675213675214,4.472499857151007
2024,LEC,Spa-Francorchamps,14,Permanent,Ferrari,3.0,Finished,109.15527906976746,109.49357142857144,111.09563895348838,-1.940359883720916,-0.3453566967253326,0.3453566967253326,70.0,327.0,22.666666666666668,20.0,9.0,11.0,14.333333333333334,0,1,2,,0.1694818181818149,-0.26755432812801083,,3.850999999999999,-12.609999999999992,74.91807934424612,228.89145451530365,0.8372093023255814,2.162571831677095,0.338292358803983
2024,MAG,Spa-Francorchamps,14,Permanent,Haas,14.0,Finished,110.30053488372094,110.90263720930233,111.09563895348838,-0.795104069767433,-0.14151731201594162,0.14151731201594162,30.000000000000004,344.0,34.0,15.0,5.0,10.0,21.5,0,1,1,,0.049198529411767,-0.1711904761904755,,2.823999999999998,-16.534000000000006,69.61523535278818,226.30427427530628,0.6511627906976745,3.020538461538462,0.6021023255813844
2024,NOR,Spa-Francorchamps,14,Permanent,McLaren,5.0,Finished,109.09681395348838,112.648375,111.09563895348838,-1.9988249999999965,-0.35576266295933145,0.35576266295933145,75.0,355.0,22.0,2.0,16.0,-14.0,14.333333333333334,0,1,2,,0.0762109890109917,-0.2808012362637333,,3.4239999999999924,-11.724499999999992,67.99532806635793,228.30424972469388,0.8837209302325582,1.5685698412698412,3.5515610465116225
2024,OCO,Spa-Francorchamps,14,Permanent,Alpine,9.0,Finished,110.04058139534884,108.34579166666668,111.09563895348838,-1.0550575581395378,-0.18778536713273664,0.18778536713273664,50.0,352.0,22.666666666666668,4.0,9.0,-5.0,14.333333333333334,0,1,2,,0.2400272727272727,-0.36773358963018427,,4.213000000000008,-12.944999999999993,70.81291089508021,226.42463369933276,0.7906976744186046,2.215089947089947,-1.694789728682153
2024,PER,Spa-Francorchamps,14,Permanent,Red Bull,7.0,Finished,109.92548837209303,109.20621739130436,111.09563895348838,-1.1701505813953474,-0.2082703022528833,0.2082703022528833,60.0,340.0,14.796875294117648,18.0,20.0,-2.0,10.75,1,2,1,-18.82200000000001,-0.08706363636363415,-0.0926649350649347,-18.822000000000003,-2.208999999999996,-8.965000000000003,70.50243737882074,226.804647355608,0.5813953488372093,8.366888095238096,-0.7192709807886644
2024,PIA,Spa-Francorchamps,14,Permanent,McLaren,2.0,Finished,108.92941860465116,108.31190909090911,111.09563895348838,-2.1662203488372143,-0.3855566744757648,0.3855566744757648,90.0,349.0,23.666666666666668,6.0,7.0,-1.0,14.333333333333334,0,1,2,,0.2463575757575853,-0.32007178523230806,,4.106999999999999,-13.0805,68.9159897786699,229.08256851315352,0.7674418604651163,2.1209852130325815,-0.6175095137420499
2024,RIC,Spa-Francorchamps,14,Permanent,RB,10.0,Finished,110.06302325581393,109.70644722222221,111.09563895348838,-1.0326156976744443,-0.18379103244069334,0.18379103244069334,44.99999999999999,345.0,22.333333333333332,14.0,13.0,1.0,14.333333333333334,1,1,1,0.448464285714269,-0.2724615384615382,-0.2014229249011866,4.054000000000002,-8.632000000000005,-16.790000000000006,71.65543423662226,226.3955902590324,0.6511627906976745,1.9159292615596961,-0.35657603359172185
2024,RUS,Spa-Francorchamps,14,Permanent,Mercedes,20.0,Disqualified,108.89016279069766,107.99218181818182,111.09563895348838,-2.205476162790717,-0.3925436557816491,0.3925436557816491,95.0,346.0,34.5,12.0,3.0,9.0,21.5,0,1,1,,0.3177833333333238,-0.1192658517952607,,4.492000000000004,-15.343000000000004,72.02093940257042,229.50763053880456,0.7441860465116279,1.258717171717172,-0.897980972515839
2024,SAI,Spa-Francorchamps,14,Permanent,Ferrari,6.0,Finished,109.33872093023255,109.04677519379847,111.09563895348838,-1.756918023255821,-0.31270663242391733,0.31270663242391733,65.0,349.0,22.333333333333332,6.0,13.0,-7.0,14.333333333333334,0,1,2,,-0.8334166666666604,-0.16065721104230696,,-10.073999999999998,-5.893999999999999,73.49343907664344,228.1045658392286,0.5116279069767442,3.776822368421053,-0.29194573643408717
2024,SAR,Spa-Francorchamps,14,Permanent,Williams,17.0,Finished,110.71876744186045,110.6782967171717,111.09563895348838,-0.3768715116279253,-0.06707781450114922,0.06707781450114922,9.999999999999998,351.0,22.0,5.0,16.0,-11.0,14.333333333333334,0,2,1,,0.15532100840335425,-0.2354315789473714,,-2.4125000000000014,-15.72,68.24130581460794,225.00984656747892,0.37209302325581395,4.167482142857143,-0.04047072468874546
2024,STR,Spa-Francorchamps,14,Permanent,Aston Martin,11.0,Finished,110.24262790697675,110.4152093023256,111.09563895348838,-0.8530110465116252,-0.15182393728350527,0.15182393728350527,40.0,356.0,31.0,1.0,6.0,-5.0,21.5,0,1,1,,0.1732272727272807,-0.1236297653958942,,3.5919999999999987,-16.447000000000003,69.14259683147377,226.15402711810393,0.7906976744186046,1.9514090909090909,0.17258139534884265
2024,TSU,Spa-Francorchamps,14,Permanent,RB,16.0,Finished,110.51479069767443,110.2624993880049,111.09563895348838,-0.5808482558139474,-0.10338279852596063,0.10338279852596063,15.000000000000002,347.0,36.0,11.0,2.0,9.0,21.5,0,1,1,,0.1515956043956009,-0.1643605911330058,,4.016999999999996,-16.87100000000001,70.98513475198042,225.87487221510352,0.5348837209302325,2.771160477453581,-0.2522913096695305
2024,VER,Spa-Francorchamps,14,Permanent,Red Bull,4.0,Finished,109.04844186046513,106.5094,111.09563895348838,-2.047197093023243,-0.36437221338363907,0.36437221338363907,80.0,346.0,20.726189714285713,12.0,19.0,-7.0,14.333333333333334,0,2,1,,0.0529129901960729,-0.2137450980392145,,-4.381500000000003,-10.763000000000003,69.77065792230621,228.69067867268436,0.8837209302325582,1.2086851851851852,-2.539041860465133
2024,ZHO,Spa-Francorchamps,14,Permanent,Sauber,19.0,Retired,134.8075,142.37700000000004,111.09563895348838,23.71186104651163,4.220376886234979,-4.220376886234979,0.0,344.0,49.0,15.0,1.0,14.0,4.0,0,0,1,,,-0.4144000000000285,,,21.53400000000001,51.28815773304426,184.99980142480544,0.25,41.8675,7.569500000000033
2024,ALB,Zandvoort,15,Permanent,Williams,14.0,Lapped,77.10992857142858,77.666530204259,76.70750924241099,0.40241932901759014,0.5537013769499143,-0.5537013769499143,30.000000000000004,342.0,18.666666666666668,2.0,17.0,-15.0,23.333333333333332,0,2,1,,-0.1881267602495543,-0.0483009480593138,,-9.296000000000006,-16.229,59.92377320362743,197.51001960423932,0.6428571428571429,3.772429929547577,0.5566016328304215
2024,ALO,Interlagos,15,Permanent,Aston Martin,10.0,Lapped,111.69354411764706,87.23811210571185,110.37226685686701,1.3212772607800503,0.17333825490392438,-0.17333825490392438,5.555555555555558,333.0,56.333333333333336,7.0,5.0,2.0,22.666666666666668,0,0,0,,,,,,,61.90420442424126,198.4960256745917,0.6029411764705882,4.9207205128205125,-24.455432011935216
2024,ALO,Zandvoort,15,Permanent,Aston Martin,10.0,Lapped,76.77608571428573,76.59466233766234,76.70750924241099,0.06857647187473503,0.09435651859990084,-0.09435651859990084,50.0,333.0,29.0,12.0,2.0,10.0,35.0,0,1,1,,0.0358807563959956,-0.0866515947467174,,4.584000000000003,-20.835000000000008,61.89773884423939,198.54865167233933,0.7285714285714285,2.1867487068965517,-0.18142337662338548
2024,BEA,Interlagos,15,Permanent,Haas,,,111.33858823529411,88.87473121693122,110.37226685686701,0.9663213784270965,0.12677162196374997,-0.12677162196374997,22.22222222222222,,,,,,22.666666666666668,0,0,0,,,,,,,,,0.7058823529411765,2.7900756756756757,-22.463857018362887
2024,BOT,Interlagos,15,Permanent,Sauber,19.0,Lapped,111.41717647058826,128.36432260386675,110.37226685686701,1.044909613721245,0.13708160607247852,-0.13708160607247852,16.666666666666664,331.0,0.0,10.0,15.0,-5.0,34.0,0,0,0,,,,,,,63.55623381602769,196.23242802593631,0.4852941176470588,3.9850087183958145,16.947146133278494
2024,BOT,Zandvoort,15,Permanent,Sauber,19.0,Lapped,77.70153623188406,77.62530917874398,76.70750924241099,0.9940269894730704,1.3677129131452799,-1.3677129131452799,5.000000000000004,331.0,19.333333333333332,14.0,13.0,1.0,23.0,1,1,1,0.152382417582417,-0.1553516483516497,-0.0651165845648576,4.445999999999998,-19.647999999999996,-14.879000000000003,63.558651350862434,196.27460181499296,0.21739130434782605,7.9110000000000005,-0.07622705314008726
2024,COL,Interlagos,15,Permanent,Williams,,,89.94200000000002,90.04259770114942,110.37226685686701,-20.430266856866993,-2.6802450245000684,2.6802450245000684,94.44444444444444,,,,,,14.5,0,0,0,,,,,,,,,0.3793103448275862,5.80072,0.10059770114939681
2024,GAS,Interlagos,15,Permanent,Alpine,9.0,Lapped,110.86632352941177,88.44019666666667,110.37226685686701,0.49405667254475816,0.06481525413673496,-0.06481525413673496,77.77777777777779,330.0,26.5,12.0,13.0,-1.0,34.0,0,0,0,,,,,,,64.28336454414736,198.870226438245,0.5,2.931016129032258,-22.426126862745107
2024,GAS,Zandvoort,15,Permanent,Alpine,9.0,Lapped,76.70670000000001,76.72945177489177,76.70750924241099,-0.0008092424109804597,-0.00111346201570393,0.00111346201570393,55.00000000000001,330.0,26.5,17.0,11.0,6.0,35.0,0,1,1,,0.0370552419354831,-0.1056056680161938,,3.3659999999999997,-22.15300000000001,64.2893103181816,198.94978145112913,0.3142857142857143,8.747048387096775,0.02275177489175917
2024,HAM,Interlagos,15,Permanent,Mercedes,8.0,Finished,111.26925000000001,1364.080119047619,110.37226685686701,0.8969831431329993,0.11767514459237617,-0.11767514459237617,33.333333333333336,342.0,29.0,1.0,12.0,-11.0,22.666666666666668,0,0,0,,,,,,,61.681973955886114,199.80891996390716,0.9558823529411765,1.253547124047124,1252.810869047619
2024,HAM,Zandvoort,15,Permanent,Mercedes,8.0,Finished,76.16673239436619,75.45163748657357,76.70750924241099,-0.5407768480447999,-0.7440718270566768,0.7440718270566768,65.0,342.0,19.0,2.0,16.0,-14.0,23.666666666666668,2,0,1,-0.05619406832297856,,-0.1694607692307679,-7.505499999999991,,-16.022000000000006,61.5199196243589,199.82390116400393,0.5070422535211268,4.2425664646464645,-0.7150949077926185
2024,HUL,Interlagos,15,Permanent,Haas,11.0,Lapped,98.4926551724138,161.548,110.37226685686701,-11.87961168445321,-1.5584852774229174,1.5584852774229174,88.88888888888889,334.0,65.5,3.0,1.0,2.0,7.25,0,0,0,,,,,,,61.05559974066408,196.3514158428904,0.8275862068965517,79.25723611111111,63.0553448275862
2024,HUL,Zandvoort,15,Permanent,Haas,11.0,Lapped,76.83287142857142,76.7093153846154,76.70750924241099,0.12536218616043016,0.1724897640079499,-0.1724897640079499,44.99999999999999,334.0,29.5,7.0,1.0,6.0,35.0,0,1,1,,0.1847912087912118,-0.038364661654135,,3.878,-18.983000000000004,61.74434800759279,198.50825507960917,0.4142857142857143,4.568078947368422,-0.12355604395602882
2024,LAW,Interlagos,15,Permanent,RB,,,111.30720588235293,86.99332457983193,110.37226685686701,0.9349390254859173,0.12265457366883606,-0.12265457366883606,27.77777777777778,,,,,,22.666666666666668,0,0,0,,,,,,,,,0.5735294117647058,3.7169544544544544,-24.313881302520997
2024,LEC,Interlagos,15,Permanent,Ferrari,3.0,Finished,111.02410294117648,139.2752361111111,110.37226685686701,0.6518360843094655,0.0855143221574135,-0.0855143221574135,61.111111111111114,334.0,43.333333333333336,3.0,9.0,-6.0,22.666666666666668,0,0,0,,,,,,,65.98035203678765,200.945368795037,0.6029411764705882,2.945015129259694,28.25113316993462
2024,LEC,Zandvoort,15,Permanent,Ferrari,3.0,Finished,75.8821971830986,75.12011363636363,76.70750924241099,-0.8253120593123953,-1.1355727488792362,1.1355727488792362,90.0,334.0,27.5,7.0,10.0,-3.0,35.5,0,1,1,,0.0344703557312241,-0.0582566217976544,,3.2520000000000095,-18.474000000000004,65.9977590383596,201.03713708817008,0.38028169014084506,2.9721739130434783,-0.7620835467349707
2024,MAG,Zandvoort,15,Permanent,Haas,18.0,Lapped,77.43505714285715,78.50963324675324,76.70750924241099,0.7275479004461545,1.001055976256166,-1.001055976256166,19.999999999999996,343.0,13.5,1.0,20.0,-19.0,35.0,0,1,1,,-0.080009677419356,0.0154204453441293,,-18.863,6.483000000000004,60.14687266520885,197.22853099301437,0.7714285714285715,2.0310794044665013,1.0745761038960921
2024,NOR,Interlagos,15,Permanent,McLaren,1.0,Finished,111.0882205882353,815.7545,110.37226685686701,0.7159537313682875,0.09392591098863315,-0.09392591098863315,50.0,330.0,44.666666666666664,12.0,7.0,5.0,22.666666666666668,0,0,0,,,,,,,61.63995416004768,201.5930695115146,0.9705882352941176,1.220443943943944,704.6662794117647
2024,NOR,Zandvoort,15,Permanent,McLaren,1.0,Finished,75.55832394366197,79.6265,76.70750924241099,-1.1491852987490176,-1.5812000975234373,1.5812000975234373,95.0,330.0,26.0,17.0,12.0,5.0,35.5,0,1,1,,-8.302808302929511e-05,-0.0591134601832274,,3.1069999999999993,-21.333000000000013,61.68118282771839,201.67810774946534,0.9436619718309859,0.6291207912457912,4.068176056338018
2024,OCO,Interlagos,15,Permanent,Alpine,15.0,Lapped,110.87411764705882,95.33628308823529,110.37226685686701,0.5018507901918099,0.06583776378823553,-0.06583776378823553,72.22222222222221,333.0,38.0,7.0,10.0,-3.0,34.0,0,0,0,,,,,,,62.85033711517005,197.74486133680668,0.6323529411764706,4.039971229293809,-15.537834558823533
2024,OCO,Zandvoort,15,Permanent,Alpine,15.0,Lapped,77.20337142857143,77.30734088435374,76.70750924241099,0.4958621861604371,0.6822723349912139,-0.6822723349912139,25.0,333.0,29.0,12.0,2.0,10.0,35.0,0,1,1,,0.0247354679802945,-0.0587902439024372,,1.875,-19.715000000000003,62.821049424663784,197.76946988456575,0.4142857142857143,6.081211101766192,0.10396945578230543
2024,PER,Interlagos,15,Permanent,Red Bull,6.0,Finished,111.12608823529412,86.163,110.37226685686701,0.7538213784271051,0.0988937644841349,-0.0988937644841349,44.44444444444444,334.0,58.0,3.0,4.0,-1.0,22.666666666666668,0,0,0,,,,,,,61.02238285868551,200.02125111956406,0.9705882352941176,1.2287699930699931,-24.963088235294123
2024,PER,Zandvoort,15,Permanent,Red Bull,6.0,Finished,76.07225352112675,76.31953416797079,76.70750924241099,-0.6352557212842385,-0.8740682721406229,0.8740682721406229,70.0,334.0,28.5,7.0,4.0,3.0,35.5,0,1,1,,0.0259302134646979,-0.0693581999395971,,3.704000000000008,-21.581000000000003,61.09360399985648,200.1417504817944,0.5211267605633803,3.230514758497317,0.2472806468440325
2024,PIA,Interlagos,15,Permanent,McLaren,4.0,Finished,111.06954411764707,218.977980952381,110.37226685686701,0.697277260780055,0.09147574635201672,-0.09147574635201672,55.55555555555556,334.0,59.0,3.0,2.0,1.0,22.666666666666668,0,0,0,,,,,,,61.566989695707264,201.1277095967405,0.8382352941176471,1.8021632016632019,107.90843683473392
2024,PIA,Zandvoort,15,Permanent,McLaren,4.0,Finished,75.9185633802817,77.45494084507042,76.70750924241099,-0.788945862129296,-1.0855353575246225,1.0855353575246225,80.0,334.0,28.5,7.0,4.0,3.0,35.5,0,1,1,,0.0055007331378294,-0.0630923076923074,,3.2520000000000095,-19.480999999999995,61.55583306603951,201.2407027159034,0.8732394366197183,1.6371426799007445,1.5363774647887283
2024,RIC,Zandvoort,15,Permanent,RB,12.0,Lapped,76.83765714285714,77.73873212121214,76.70750924241099,0.130147900446147,0.17907457840083524,-0.17907457840083524,40.0,331.0,28.0,14.0,6.0,8.0,35.0,0,1,1,,0.0144548440065696,-0.0800204197390805,,2.509999999999991,-19.708000000000013,64.07013055433669,198.46374087371683,0.6285714285714286,2.7067202380952384,0.9010749783549983
2024,RUS,Interlagos,15,Permanent,Mercedes,7.0,Finished,110.98792647058823,282.13125435540064,110.37226685686701,0.6156596137212205,0.08076833396365057,-0.08076833396365057,66.66666666666667,331.0,29.333333333333332,10.0,11.0,-1.0,22.666666666666668,0,0,0,,,,,,,62.33392941985414,199.95523354432038,0.8382352941176471,2.122388888888889,171.1433278848124
2024,RUS,Zandvoort,15,Permanent,Mercedes,7.0,Finished,76.17474647887323,75.87408834827146,76.70750924241099,-0.532762763537761,-0.7330449968162576,0.7330449968162576,60.0,331.0,19.333333333333332,14.0,13.0,1.0,23.666666666666668,1,1,1,-0.3115407636738881,0.0333134782608734,-0.1319817733990166,-18.76899999999999,2.7890000000000015,-16.729000000000013,62.37814746156355,200.16159336698976,0.2112676056338028,5.817956349206351,-0.30065813060177504
2024,SAI,Interlagos,15,Permanent,Ferrari,5.0,Finished,130.83148648648648,333.48879729729725,110.37226685686701,20.45921962961947,2.684043336370342,-2.684043336370342,0.0,333.0,59.0,7.0,2.0,5.0,12.333333333333334,0,0,0,,,,,,,63.58248932639757,198.29537106826493,0.8918918918918919,2.109262393162393,202.65731081081077
2024,SAI,Zandvoort,15,Permanent,Ferrari,5.0,Finished,75.94622535211268,75.66894582881908,76.70750924241099,-0.7612838902983157,-1.0474743828459088,1.0474743828459088,75.0,336.0,28.0,6.0,6.0,0.0,35.5,0,1,1,,0.0037940886699507,-0.0697111255165713,,2.396000000000001,-20.28700000000001,64.5615510164584,200.76095425804505,0.5633802816901409,3.174711822660099,-0.2772795232936005
2024,SAR,Zandvoort,15,Permanent,Williams,16.0,Lapped,77.44239999999999,77.38955624999998,76.70750924241099,0.7348907575889996,1.0111592437126904,-1.0111592437126904,15.000000000000002,334.0,28.0,7.0,6.0,1.0,35.0,0,1,1,,0.0632350649350649,-0.037846428571428,,4.2039999999999935,-20.137,59.26191432338135,196.40861359388273,0.5285714285714286,4.735843537414966,-0.05284375000000807
2024,STR,Zandvoort,15,Permanent,Aston Martin,13.0,Lapped,76.8646857142857,77.40458324175823,76.70750924241099,0.15717647187470618,0.21626403759882562,-0.21626403759882562,35.0,338.0,14.0,5.0,19.0,-14.0,35.0,0,1,1,,0.0388640394088658,-0.0736618466898938,,3.0619999999999976,-19.006,61.19931208714188,198.46004958600162,0.7571428571428571,2.1951492851135406,0.5398975274725331
2024,TSU,Interlagos,15,Permanent,RB,17.0,Lapped,111.21672058823529,122.94554679144385,110.37226685686701,0.8444537313682758,0.11078381539395246,-0.11078381539395246,38.888888888888886,342.0,17.666666666666668,1.0,14.0,-13.0,22.666666666666668,0,0,0,,,,,,,62.519783373569624,196.3945418255402,0.32352941176470584,5.394483149816483,11.728826203208556
2024,TSU,Zandvoort,15,Permanent,RB,17.0,Lapped,77.48267142857142,78.3575,76.70750924241099,0.7751621861604292,1.0665699654247331,-1.0665699654247331,9.999999999999998,342.0,17.0,2.0,18.0,-16.0,23.333333333333332,1,1,1,0.1261538461538492,-0.2118637770897826,-0.0612475708502025,2.400999999999996,-16.132000000000005,-19.632000000000005,62.5396332052422,196.48518174790428,0.9714285714285714,1.2378219373219375,0.87482857142858
2024,VER,Interlagos,15,Permanent,Red Bull,2.0,Finished,110.51866176470588,99.54500980392157,110.37226685686701,0.146394907838868,0.01920553588928711,-0.01920553588928711,83.33333333333334,327.0,44.5,15.0,8.0,7.0,34.0,0,0,0,,,,,,,63.13721129052938,201.40911190899234,0.9117647058823529,0.9986408020924149,-10.97365196078431
2024,VER,Zandvoort,15,Permanent,Red Bull,2.0,Finished,75.89436619718312,76.20354225352114,76.70750924241099,-0.813143045227875,-1.118829020710982,1.118829020710982,85.0,327.0,28.0,20.0,6.0,14.0,35.5,0,1,1,,0.0419449572649579,-0.0510811594202905,,3.784000000000006,-18.685,63.07036053388877,201.41656559210676,0.30985915492957744,7.1532294871794875,0.3091760563380177
2024,ZHO,Interlagos,15,Permanent,Sauber,20.0,Lapped,111.63719117647058,111.43596730769232,110.37226685686701,1.2649243196035656,0.1659453171972174,-0.1659453171972174,11.111111111111116,329.0,54.4,14.0,6.0,8.0,13.6,0,0,0,,,,,,,61.57349650159382,195.1188684552469,0.25,296.6499880803881,-0.20122386877825704
2024,ZHO,Zandvoort,15,Permanent,Sauber,20.0,Lapped,78.1438115942029,78.35529863354039,76.70750924241099,1.436302351791909,1.976253456425841,-1.976253456425841,0.0,329.0,19.333333333333332,19.0,13.0,6.0,23.0,1,1,1,-0.3437964912280669,0.044870098039217,-0.0446066176470564,-23.605999999999995,2.4200000000000017,-16.795,61.62229852675061,195.20467363947478,0.2608695652173913,14.618613753635424,0.21148703933748436
2024,ALB,Monza,16,Permanent,Williams,9.0,Finished,85.6965,85.62562675585284,85.85752034313725,-0.16102034313725255,-0.12587953888647455,0.12587953888647455,50.0,353.0,29.0,13.0,6.0,7.0,26.0,0,1,1,,0.0921661764705887,-0.1252997425997416,,4.425000000000011,-22.114999999999995,72.9101699904779,241.49802581502888,0.36538461538461536,4.7798437499999995,-0.07087324414716534
2024,ALO,Monza,16,Permanent,Aston Martin,11.0,Finished,85.70790384615384,86.4803980836237,85.85752034313725,-0.14961649698341262,-0.11696444861024746,0.11696444861024746,44.99999999999999,355.0,21.333333333333332,9.0,13.0,-4.0,17.333333333333332,0,1,2,,0.0678090909090931,-0.27462819642106784,,2.5039999999999907,-18.13049999999999,74.56714557590334,241.34763693890196,0.5769230769230769,3.259880471380472,0.7724942374698571
2024,BOT,Monza,16,Permanent,Sauber,16.0,Lapped,86.50123529411765,86.2752324929972,85.85752034313725,0.6437149509803959,0.5032317011936309,-0.5032317011936309,19.999999999999996,353.0,26.5,13.0,7.0,6.0,25.5,0,1,1,,-0.420617543859645,0.0158421920821105,,-21.85300000000001,2.5470000000000113,74.22068996940884,239.49472587323638,0.5294117647058824,4.3152146381578955,-0.22600280112044402
2024,COL,Monza,16,Permanent,Williams,12.0,Finished,85.88750000000002,85.82780192307693,85.85752034313725,0.02997965686276416,0.02343694783113649,-0.02343694783113649,35.0,359.0,26.0,3.0,8.0,-5.0,26.0,0,1,1,,0.0874107142857152,-0.102513987671881,,3.347999999999999,-22.62100000000001,72.27582094116283,240.84049980848425,0.36538461538461536,2.8753576576576574,-0.05969807692308393
2024,GAS,Monza,16,Permanent,Alpine,15.0,Lapped,86.35682352941177,86.90925770308124,85.85752034313725,0.499303186274517,0.39033611299169246,-0.39033611299169246,25.0,351.0,19.333333333333332,16.0,18.0,-2.0,17.0,0,1,2,,0.3470166666666658,-0.22068940830336659,,4.929000000000002,-18.228500000000004,75.1383139584545,239.89057040276356,0.5294117647058824,3.220445791245791,0.552434173669468
2024,HAM,Monza,16,Permanent,Mercedes,5.0,Finished,84.88217307692307,88.98751923076924,85.85752034313725,-0.975347266214186,-0.7624891472288795,0.7624891472288795,75.0,346.0,21.333333333333332,19.0,13.0,6.0,17.333333333333332,0,1,2,,0.1213274725274715,-0.3450479821968287,,4.3219999999999885,-19.1145,75.57592807559348,243.82814189243288,0.6346153846153846,5.1495875582750585,4.10534615384617
2024,HUL,Monza,16,Permanent,Haas,17.0,Lapped,86.58976470588235,86.83037791286728,85.85752034313725,0.7322443627450923,0.5724406055699663,-0.5724406055699663,15.000000000000002,363.0,16.333333333333332,1.0,19.0,-18.0,17.0,0,1,2,,1.275799999999987,-0.34543372533899025,,4.216999999999999,-31.4315,73.26943399136898,239.4599915604343,0.29411764705882354,6.396205555555555,0.24061320698493205
2024,LEC,Monza,16,Permanent,Ferrari,1.0,Finished,84.47207692307691,85.32909615384617,85.85752034313725,-1.3854434200603407,-1.0830866179550962,1.0830866179550962,95.0,347.0,31.5,18.0,2.0,16.0,26.0,0,1,1,,0.1679318681318682,-0.0937655104497249,,4.795999999999992,-21.620000000000005,77.6908692424057,245.33598429466397,0.8653846153846154,1.416610902255639,0.8570192307692537
2024,MAG,Monza,16,Permanent,Haas,10.0,Finished,85.48265384615385,85.12188970588234,85.85752034313725,-0.374866496983401,-0.2930562739146308,0.2930562739146308,55.00000000000001,357.0,24.5,4.0,10.0,-6.0,26.0,0,1,1,,0.0740549450549492,-0.1285556680161932,,2.7379999999999995,-23.307999999999993,73.27308456348489,242.68453338631915,0.6346153846153846,3.188487179487179,-0.36076414027151316
2024,NOR,Monza,16,Permanent,McLaren,3.0,Finished,84.57517307692306,86.81616783216784,85.85752034313725,-1.2823472662141882,-1.0024899923718267,1.0024899923718267,85.0,355.0,21.333333333333332,9.0,13.0,-4.0,17.333333333333332,0,1,2,,0.1189450549450585,-0.3263874740326742,,3.959000000000003,-19.533499999999997,72.57424983544703,244.62463546794768,0.7307692307692307,2.24457733007733,2.2409947552447704
2024,OCO,Monza,16,Permanent,Alpine,14.0,Lapped,86.23439215686274,86.38069117647059,85.85752034313725,0.3768718137254865,0.2946239537611448,-0.2946239537611448,30.000000000000004,357.0,29.5,4.0,5.0,-1.0,25.5,0,1,1,,-0.2599259740259731,0.0381717463848722,,-20.36699999999999,3.9200000000000017,75.19358804687647,240.31802161407612,0.43137254901960786,6.562769047619048,0.1462990196078522
2024,PER,Monza,16,Permanent,Red Bull,8.0,Finished,85.44571153846154,84.64173251748251,85.85752034313725,-0.4118088046757151,-0.3219363555683315,0.3219363555683315,60.0,354.0,20.333333333333332,11.0,16.0,-5.0,17.333333333333332,0,1,2,,-0.3805025799793584,-0.30027723363593184,,-19.563,-6.652000000000001,74.17832831378854,242.14149151126037,0.5576923076923077,3.299859427609428,-0.8039790209790283
2024,PIA,Monza,16,Permanent,McLaren,2.0,Finished,84.534,86.07253153153154,85.85752034313725,-1.3235203431372469,-1.034677527416353,1.034677527416353,90.0,354.0,22.0,11.0,11.0,0.0,17.333333333333332,0,1,2,,0.1235571428571449,-0.3728784584980217,,4.822999999999993,-18.810000000000002,74.7343115943384,244.87634323164724,0.6538461538461539,2.736208080808081,1.5385315315315324
2024,RIC,Monza,16,Permanent,RB,13.0,Finished,85.8860576923077,85.7413142857143,85.85752034313725,0.028537349170449033,0.022309406902433552,-0.022309406902433552,40.0,360.0,25.0,2.0,9.0,-7.0,26.0,0,1,1,,0.2145515151515158,-0.1059641844258966,,4.784999999999997,-27.841000000000008,73.39845410389802,241.0040982032604,0.32692307692307687,2.593780487804878,-0.14474340659340612
2024,RUS,Monza,16,Permanent,Mercedes,7.0,Finished,85.17173076923078,85.61599267399266,85.85752034313725,-0.6857895739064759,-0.5361240303836308,0.5361240303836308,65.0,356.0,21.666666666666668,7.0,12.0,-5.0,17.333333333333332,0,1,2,,0.2430363636363704,-0.3622474100270425,,5.11999999999999,-23.655500000000004,75.40608909538788,243.02368041620613,0.5961538461538461,2.7610269537480066,0.44426190476188765
2024,SAI,Monza,16,Permanent,Ferrari,4.0,Finished,84.75005769230769,84.69765504807691,85.85752034313725,-1.1074626508295609,-0.8657718962975286,0.8657718962975286,80.0,349.0,31.5,17.0,2.0,15.0,26.0,0,1,1,,0.1083405572755438,-0.1024939648586706,,4.657000000000011,-21.592000000000013,77.3482365372852,244.43121758078493,0.3076923076923077,5.576562091503269,-0.05240264423078145
2024,STR,Monza,16,Permanent,Aston Martin,19.0,Lapped,86.83186274509802,85.3318,85.85752034313725,0.9743424019607687,0.7617035828312441,-0.7617035828312441,5.000000000000004,356.0,11.25,7.0,20.0,-13.0,12.75,1,1,2,-28.748000000000022,-0.3479978021978042,-0.10951457688338506,-28.748000000000005,-13.589,-6.676000000000002,72.55920680278881,238.1216849409109,0.8627450980392157,2.954761321195145,-1.5000627450980204
2024,TSU,Monza,16,Permanent,RB,20.0,Retired,90.23899999999999,100.319,85.85752034313725,4.381479656862737,3.42527303134749,-3.42527303134749,0.0,357.0,43.0,4.0,1.0,3.0,6.0,0,0,1,,,2.153485714285704,,,12.781000000000006,68.04500350805434,229.50064816201208,0.8333333333333334,1.4421666666666664,10.080000000000013
2024,VER,Monza,16,Permanent,Red Bull,6.0,Finished,85.15971153846155,84.54376081730769,85.85752034313725,-0.6978088046757023,-0.5455202047894367,0.5455202047894367,70.0,345.0,20.333333333333332,20.0,16.0,4.0,17.333333333333332,0,1,2,,-0.7755314685314687,-0.12145051264524778,,-20.379000000000005,-7.801499999999997,74.83278048923935,242.9137679460434,0.38461538461538464,7.643152255639099,-0.6159507211538653
2024,ZHO,Monza,16,Permanent,Sauber,18.0,Lapped,86.74607843137257,86.58938709677422,85.85752034313725,0.8885580882353139,0.6946406909937304,-0.6946406909937304,9.999999999999998,352.0,30.0,15.0,4.0,11.0,25.5,0,1,1,,0.0681296703296676,-0.0698816974869613,,3.326999999999998,-21.848,72.91370439803103,238.594942702696,0.392156862745098,3.072620656370656,-0.15669133459834939
2024,ALB,Baku,17,Street,Williams,7.0,Finished,110.92712,109.29942857142856,110.84531235793968,0.0818076420603262,0.05498100963510692,-0.05498100963510692,44.99999999999999,349.0,32.5,6.0,6.0,0.0,25.0,0,1,1,,0.8544887218045103,-0.0056507230255845,,26.724000000000004,1.6359999999999957,58.92553964790318,192.8589505836914,0.72,3.336591666666667,-1.6276914285714383
2024,ALO,Baku,17,Street,Aston Martin,6.0,Finished,110.9215,111.03844169884167,110.84531235793968,0.0761876420603187,0.05120393861377303,-0.05120393861377303,50.0,347.0,31.5,11.0,11.0,0.0,25.0,0,1,1,,0.1003515151515181,0.1876616322701673,,3.411000000000002,26.727000000000004,59.53912821602821,192.31511604950995,0.12,7.6436125,0.11694169884167138
2024,BEA,Baku,17,Street,Haas,10.0,Finished,111.02251999999999,108.81902285714288,110.84531235793968,0.17720764206030992,0.11909712626050023,-0.11909712626050023,30.000000000000004,350.0,33.0,5.0,2.0,3.0,25.0,0,1,1,,0.0983846153846175,0.2187062588904687,,3.727000000000004,26.293999999999997,60.70407070845502,192.90043140145505,0.84,2.054966735966736,-2.2034971428571026
2024,BOT,Baku,17,Street,Sauber,16.0,Lapped,111.81495918367345,112.14022580645164,110.84531235793968,0.9696468257337756,0.6516770331677126,-0.6516770331677126,15.000000000000002,340.0,30.0,19.0,16.0,3.0,24.5,0,1,1,,0.152957575757577,0.1590763157894751,,3.5180000000000007,25.489000000000004,61.39927179374983,191.4461184421828,0.3673469387755102,5.155776923076923,0.3252666227781873
2024,COL,Baku,17,Street,Williams,8.0,Finished,110.9851,109.42423076923076,110.84531235793968,0.1397876420603268,0.09394801636404797,-0.09394801636404797,35.0,346.0,33.0,14.0,2.0,12.0,25.0,0,1,1,,0.1156833333333303,0.1653365853658563,,2.963999999999998,26.751999999999995,58.53969761644684,193.12289011908896,0.74,2.168239837398374,-1.5608692307692422
2024,GAS,Baku,17,Street,Alpine,12.0,Finished,111.41496000000001,111.6847156521739,110.84531235793968,0.5696476420603318,0.382846904127115,-0.382846904127115,25.0,344.0,18.5,17.0,19.0,-2.0,25.0,1,0,1,0.0,,0.0346205102040811,0.0,,33.10799999999999,63.37721676997307,192.9417156413295,0.52,6.4630833333333335,0.26975565217389885
2024,HAM,Baku,17,Street,Mercedes,9.0,Finished,110.89407999999999,153.777,110.84531235793968,0.048767642060312255,0.03277559565917138,-0.03277559565917138,55.00000000000001,357.0,32.5,2.0,6.0,-4.0,25.0,0,1,1,,0.0745272727272756,0.1987443319838053,,2.365000000000009,27.019999999999985,61.32663703730343,192.51123197840906,0.98,1.2346270396270398,42.88292
2024,HUL,Baku,17,Street,Haas,11.0,Finished,110.95277999999999,111.38863789473686,110.84531235793968,0.107467642060314,0.07222649760792758,-0.07222649760792758,40.0,349.0,31.5,6.0,11.0,-5.0,25.0,0,1,1,,0.0730527472527435,0.2668205920205938,,2.921999999999997,25.403999999999996,61.32468466663643,193.01437362556229,0.5,3.106342857142857,0.43585789473686987
2024,LEC,Baku,17,Street,Ferrari,2.0,Finished,109.53622000000001,125.62375,110.84531235793968,-1.3090923579396616,-0.8798104643090648,0.8798104643090648,80.0,349.0,34.5,6.0,1.0,5.0,25.0,0,1,1,,0.1552000000000022,0.1594274509803919,,4.560999999999993,28.954000000000008,65.30112539505905,195.80172751969076,0.92,0.7403857142857143,16.087529999999987
2024,NOR,Baku,17,Street,McLaren,4.0,Finished,109.80778000000001,109.80266461538461,110.84531235793968,-1.0375323579396678,-0.6973013172357485,0.6973013172357485,75.0,346.0,30.5,14.0,15.0,-1.0,25.0,0,1,1,,1.3061296703296696,-0.0379140283140259,,29.688,-0.6009999999999991,61.23801070986997,194.80877564665545,0.48,5.865891025641025,-0.005115384615393737
2024,OCO,Baku,17,Street,Alpine,15.0,Lapped,111.68126530612246,111.23769387755104,110.84531235793968,0.8359529481827792,0.5618244939102472,-0.5618244939102472,19.999999999999996,349.0,21.0,6.0,18.0,-12.0,24.5,1,0,1,0.0,,-0.0406339014329127,0.0,,1.6700000000000017,63.41615415953393,192.25388290303516,0.6938775510204082,13.65765625,-0.44357142857141696
2024,PER,Baku,17,Street,Red Bull,17.0,Retired,108.48489583333333,108.836,110.84531235793968,-2.36041652460635,-1.5863809347609237,1.5863809347609237,90.0,347.0,32.5,11.0,6.0,5.0,24.0,0,1,1,,0.160041958041959,-0.0849728442728438,,4.161999999999992,-16.414,63.718120608178765,196.96462338966265,0.9791666666666666,1.4232404761904762,0.35110416666667277
2024,PIA,Baku,17,Street,McLaren,1.0,Finished,109.30208,109.68916666666668,110.84531235793968,-1.5432323579396723,-1.037170501485929,1.037170501485929,85.0,342.0,33.0,18.0,2.0,16.0,25.0,0,1,1,,0.1709076923076896,0.1240315315315335,,4.566999999999993,30.081000000000003,62.3257999456879,195.96899008968504,0.88,1.510107142857143,0.3870866666666757
2024,RIC,Baku,17,Street,RB,13.0,Finished,112.01970000000001,111.44645655172411,110.84531235793968,1.1743876420603385,0.7892785641695405,-0.7892785641695405,9.999999999999998,346.0,32.0,14.0,9.0,5.0,25.0,1,0,1,-13.270000000000008,,-0.0473476443768987,-13.27000000000001,,0.6149999999999949,62.53062997490783,191.90359403843183,0.38,22.9198125,-0.5732434482759032
2024,RUS,Baku,17,Street,Mercedes,3.0,Finished,109.8583,110.27862,110.84531235793968,-0.9870123579396761,-0.6633480026454457,0.6633480026454457,70.0,358.0,32.0,1.0,9.0,-8.0,25.0,0,1,1,,0.2571090909090963,0.1140947368421063,,4.826999999999998,28.75699999999999,61.707968686521184,194.6561188270224,0.44,4.833518648018648,0.4203200000000038
2024,SAI,Baku,17,Street,Ferrari,18.0,Retired,108.4785625,108.62284210526319,110.84531235793968,-2.3667498579396806,-1.5906374204907705,1.5906374204907705,95.0,351.0,31.0,4.0,14.0,-10.0,24.0,0,1,1,,0.1084352941176464,-0.1233238636363625,,4.823999999999998,-16.918000000000006,66.33919139510378,197.1627614606648,0.5625,3.58109375,0.1442796052631934
2024,STR,Baku,17,Street,Aston Martin,19.0,Retired,110.68331818181815,110.88603099173555,110.84531235793968,-0.16199417612152445,-0.10887251036524043,0.10887251036524043,65.0,348.0,0.0,10.0,20.0,-10.0,22.0,0,0,2,,,-0.08607724449463676,,,-8.177,61.198011987929334,192.40557726367652,0.5,4.950171842650104,0.2027128099174007
2024,TSU,Baku,17,Street,RB,20.0,Retired,115.30784615384616,114.23640384615383,110.84531235793968,4.462533795906481,2.9991649612489293,-2.9991649612489293,0.0,329.0,33.0,20.0,2.0,18.0,6.5,0,1,1,,0.2842090909090911,-6.0390000000000015,,9.656000000000006,-6.038999999999987,59.52102720818301,185.41732651757064,0.23076923076923078,7.004818181818182,-1.0714423076923225
2024,VER,Baku,17,Street,Red Bull,5.0,Finished,110.7923,110.50623,110.84531235793968,-0.05301235793967862,-0.03562837027513741,0.03562837027513741,60.0,352.0,21.333333333333332,3.0,17.0,-14.0,16.666666666666668,1,1,1,-4.3409999999999815,0.2202636363636389,-0.0956353722143202,-4.34099999999998,4.878999999999991,-14.464,61.29555326222417,193.9304919703948,0.8,12.436076167076168,-0.28606999999999516
2024,ZHO,Baku,17,Street,Sauber,14.0,Finished,112.02096,111.4718738181818,110.84531235793968,1.1756476420603263,0.7901253808042075,-0.7901253808042075,5.000000000000004,347.0,31.5,11.0,11.0,0.0,25.0,0,1,1,,1.260867647058825,-0.0665070187165769,,26.495000000000005,-0.2019999999999981,60.11734872951751,191.12367145956526,0.38,5.712676470588235,-0.5490861818181969
2024,ALB,Singapore,18,Street,Williams,20.0,Retired,103.56657142857144,116.064,99.48919546935988,4.077375959211551,3.012447212860831,-3.012447212860831,0.0,309.0,28.5,18.0,4.0,14.0,7.0,0,1,1,,0.3427636363636399,4.760799999999971,,5.915999999999997,15.251999999999995,49.840997825747934,168.66426856353198,0.7857142857142857,5.036975,12.497428571428557
2024,ALB,Yas Marina Circuit,18,Unknown,Williams,20.0,Retired,91.13128571428572,89.97254545454545,91.1956434646002,-0.06435775031447122,-0.04398436214657792,0.04398436214657792,42.10526315789473,309.0,28.0,14.0,16.0,-2.0,28.0,0,1,1,,-1.4351636363636306,-0.0455480895915672,,-27.99000000000001,-19.114999999999995,45.564564588838046,161.32110877338923,0.41071428571428564,4.510455555555556,-1.15874025974027
2024,ALO,Singapore,18,Street,Aston Martin,8.0,Lapped,99.11766666666666,99.09256,99.48919546935988,-0.37152880269322,-0.27449293795000834,0.27449293795000834,60.0,316.0,27.5,8.0,9.0,-1.0,30.0,0,1,1,,0.1057634782608708,-0.0919155727155702,,9.12299999999999,-17.406000000000006,54.12981048829258,176.8443916484819,0.5833333333333334,2.1275369047619046,-0.02510666666665884
2024,ALO,Yas Marina Circuit,18,Unknown,Aston Martin,8.0,Lapped,90.86838596491228,90.46720444444445,91.1956434646002,-0.3272574996879172,-0.22365934656078768,0.22365934656078768,47.36842105263158,316.0,39.666666666666664,7.0,3.0,4.0,19.0,0,1,2,,-0.9059090909090914,-0.23935027103331374,,-16.912000000000006,-20.400500000000008,54.134920086066316,176.85039979071948,0.42105263157894735,4.152228174603175,-0.40118152046782996
2024,BOT,Singapore,18,Street,Sauber,16.0,Lapped,99.95065,109.1233,99.48919546935988,0.4614545306401112,0.340931871035413,-0.340931871035413,19.999999999999996,316.0,28.0,8.0,7.0,1.0,30.0,0,1,1,,-0.161431308155442,0.0526189516129024,,-20.754999999999995,7.522999999999996,57.291838879306326,175.95987818775265,0.7166666666666667,2.3309977678571427,9.172650000000004
2024,BOT,Yas Marina Circuit,18,Unknown,Sauber,16.0,Lapped,94.72748275862068,95.10477777777778,91.1956434646002,3.531839294020486,2.4137838534231792,-2.4137838534231792,0.0,310.0,57.5,11.0,2.0,9.0,14.5,0,1,1,,-5.593899999999988,0.1892147826086971,,-24.15599999999999,13.421999999999995,57.240398524626855,175.26301309374014,0.3793103448275862,6.003570833333334,0.37729501915710273
2024,COL,Singapore,18,Street,Williams,11.0,Lapped,99.18598333333333,98.3335,99.48919546935988,-0.30321213602655916,-0.2240192131449696,0.2240192131449696,44.99999999999999,314.0,27.5,10.0,9.0,1.0,30.0,0,1,1,,0.0810281882868111,-0.1193134164222863,,8.453999999999994,-23.509,53.199082575417826,177.06853958683774,0.9666666666666667,1.9235513392857142,-0.8524833333333248
2024,COL,Yas Marina Circuit,18,Unknown,Williams,11.0,Lapped,94.71695999999999,95.06423999999998,91.1956434646002,3.521316535399791,2.4065922281147722,-2.4065922281147722,5.263157894736848,308.0,59.5,16.0,1.0,15.0,12.5,0,1,1,,8.681999999999968,-0.144349802371543,,8.682000000000002,-14.632000000000003,53.12816011400497,177.27237540811032,0.04,15.29678260869565,0.3472799999999978
2024,DOO,Yas Marina Circuit,18,Unknown,Alpine,,,91.39789285714286,90.59790384615384,91.1956434646002,0.20224939254266872,0.13822438606157839,-0.13822438606157839,21.052631578947366,,,,,,28.0,0,1,1,,-0.4052090909090906,-0.1106184873949592,,-27.776999999999987,-21.427999999999997,,,0.5178571428571429,3.643223809523809,-0.7999890109890231
2024,GAS,Singapore,18,Street,Alpine,17.0,Lapped,99.99415,100.03761960784315,99.48919546935988,0.50495453064012,0.37307054430723274,-0.37307054430723274,15.000000000000002,314.0,27.5,10.0,9.0,1.0,30.0,1,1,0,-0.185517391304346,0.1115059202059227,,-22.146,11.316000000000004,,58.59750238255239,175.25067135459656,0.5666666666666667,3.1465988095238098,0.043469607843150015
2024,GAS,Yas Marina Circuit,18,Unknown,Alpine,17.0,Lapped,90.73450877192982,89.80376006683375,91.1956434646002,-0.4611346926703703,-0.3151557539170817,0.3151557539170817,63.1578947368421,311.0,30.0,9.0,9.0,0.0,28.5,0,1,1,,-0.9003626373626377,-0.065158632840029,,-17.519000000000005,-18.91900000000001,58.590907771595056,175.13537158970905,0.3508771929824561,5.373720279720279,-0.9307487050960788
2024,HAM,Singapore,18,Street,Mercedes,6.0,Finished,98.93634426229507,98.45797707547997,99.48919546935988,-0.552851207064819,-0.4084575703858342,0.4084575703858342,70.0,320.0,26.5,2.0,16.0,-14.0,30.5,1,0,1,0.1527397058823563,,-0.0510790513833984,8.009,,-19.015,57.09936544829223,177.44581904880454,0.2622950819672131,5.77599513888889,-0.4783671868150918
2024,HAM,Yas Marina Circuit,18,Unknown,Mercedes,6.0,Finished,89.99807017543858,89.44680392156862,91.1956434646002,-1.1975732891616104,-0.8184639299877545,0.8184639299877545,78.94736842105263,320.0,29.0,2.0,12.0,-10.0,28.5,0,1,1,,-0.2235891304347788,-0.1921500668449171,,-20.937999999999988,-24.938999999999993,57.25213076369885,177.43591710695537,0.3333333333333333,5.504098484848484,-0.5512662538699686
2024,HUL,Singapore,18,Street,Haas,9.0,Lapped,99.16646666666666,98.71744074074074,99.48919546935988,-0.32272880269322,-0.23843851827956045,0.23843851827956045,50.0,321.0,29.0,1.0,2.0,-1.0,30.0,0,1,1,,0.1040790914066802,-0.1127736436950159,,9.101,-22.918000000000006,55.70521423432712,177.53927228744953,0.5,4.827015625,-0.4490259259259233
2024,HUL,Yas Marina Circuit,18,Unknown,Haas,9.0,Lapped,90.76047368421054,91.8728,91.1956434646002,-0.43516978038965703,-0.2974104147888707,0.2974104147888707,57.89473684210527,321.0,30.5,1.0,8.0,-7.0,28.5,0,1,1,,-0.9831958041957998,-0.0568745718050064,,-17.397000000000006,-19.608999999999995,55.79918727167129,177.53085887336178,0.8245614035087719,1.6985166666666665,1.1123263157894598
2024,LAW,Yas Marina Circuit,18,Unknown,RB,,,92.18392592592593,91.58174074074076,91.1956434646002,0.9882824613257384,0.6754271780735073,-0.6754271780735073,15.789473684210531,,,,,,13.5,0,1,3,,-0.3077707509881437,-1.3158118518518478,,-19.650999999999996,-17.479666666666663,,,0.24074074074074073,10.725613286713287,-0.6021851851851778
2024,LEC,Singapore,18,Street,Ferrari,5.0,Finished,98.49034426229507,98.98347540983607,99.48919546935988,-0.998851207064817,-0.7379713239313201,0.7379713239313201,80.0,319.0,27.5,3.0,9.0,-6.0,30.5,0,1,1,,0.0393784313725483,-0.1081005128205137,,7.308999999999997,-18.442000000000007,59.81445081990797,178.25147601962468,0.6721311475409836,3.57040054945055,0.49313114754100695
2024,LEC,Yas Marina Circuit,18,Unknown,Ferrari,5.0,Finished,89.95745614035087,88.49708823529411,91.1956434646002,-1.2381873242493242,-0.846220997610582,0.846220997610582,84.21052631578947,319.0,28.5,3.0,14.0,-11.0,28.5,0,1,1,,-0.4612807017543858,-0.0995835430572303,,-20.824000000000012,-18.744,59.95276049461809,178.24646792943034,0.40350877192982454,8.610723684210527,-1.4603679050567564
2024,MAG,Singapore,18,Street,Haas,19.0,Retired,101.81244642857142,117.68843749999999,99.48919546935988,2.323250959211535,1.7164644484258904,-1.7164644484258904,5.000000000000004,319.0,18.666666666666668,3.0,18.0,-15.0,18.666666666666668,1,1,1,-1.9392738095238065,0.6753584415584418,0.131829670329668,-26.37599999999999,50.74499999999999,9.183000000000009,53.92220250457061,172.67580796810373,0.7321428571428571,26.245362433862436,15.875991071428572
2024,MAG,Yas Marina Circuit,18,Unknown,Haas,19.0,Retired,92.39176785714287,91.01518421052631,91.1956434646002,1.1961243925426714,0.8174737028078272,-0.8174737028078272,10.526315789473683,319.0,35.8,3.0,7.0,-4.0,11.2,2,1,2,-13.73046307692308,-1.1425999999999985,-0.19828676470588355,-23.883499999999998,-17.632000000000005,-11.012,53.912298473577486,172.66558616145133,0.5,16.06572117647059,-1.3765836466165524
2024,NOR,Singapore,18,Street,McLaren,1.0,Finished,97.57618032786887,,99.48919546935988,-1.913015141491016,-1.4133739907220997,1.4133739907220997,95.0,310.0,14.0,16.0,20.0,-4.0,30.5,0,1,1,,0.0781103448275828,-0.1039950513196496,,8.59299999999999,-20.486000000000004,55.17451067772554,180.02556547035795,1.0,0.0,
2024,NOR,Yas Marina Circuit,18,Unknown,McLaren,1.0,Finished,89.51138596491226,,91.1956434646002,-1.6842574996879307,-1.1510811277955166,1.1510811277955166,94.73684210526316,310.0,29.0,11.0,12.0,-1.0,28.5,0,1,1,,-0.2686653846153856,-0.113204728739003,,-16.78200000000001,-17.655,55.2111828211848,179.95918216585204,1.0,0.0,
2024,OCO,Singapore,18,Street,Alpine,13.0,Lapped,99.77748333333335,99.9139037037037,99.48919546935988,0.2882878639734656,0.21299286134418738,-0.21299286134418738,35.0,314.0,29.5,10.0,1.0,9.0,30.0,0,1,1,,0.1229920634920662,-0.1144765395894447,,9.653999999999996,-19.574,58.67889646222038,175.46014701492064,0.45,7.894508928571429,0.13642037037034527
2024,PER,Singapore,18,Street,Red Bull,10.0,Lapped,99.15075,105.17965625000001,99.48919546935988,-0.3384454693598826,-0.250050307128339,0.250050307128339,55.00000000000001,317.0,28.5,7.0,4.0,3.0,30.0,0,1,1,,0.0824792429792392,-0.0890812165775373,,7.489000000000004,-18.995000000000005,55.846418524911066,176.93173299258999,0.8333333333333334,1.7081565656565654,6.028906250000006
2024,PIA,Singapore,18,Street,McLaren,3.0,Finished,98.18239344262295,98.0169519125683,99.48919546935988,-1.306802026736932,-0.9654915716837151,0.9654915716837151,85.0,319.0,29.0,3.0,2.0,1.0,30.5,0,1,1,,0.0203255097202462,-0.1912608695652147,,7.456000000000003,-20.682,55.28634474900391,178.66719685189446,0.47540983606557374,9.258083333333333,-0.16544153005465034
2024,PIA,Yas Marina Circuit,18,Unknown,McLaren,3.0,Finished,90.76061403508773,91.92882592592593,91.1956434646002,-0.43502942951246837,-0.2973144940368293,0.2973144940368293,52.63157894736843,319.0,39.666666666666664,3.0,3.0,0.0,19.0,0,1,2,,-14.8575,-0.20372233000715645,,-29.715000000000003,-25.848999999999997,55.379581843750735,178.4987009366474,0.7017543859649122,3.193838827838828,1.168211890838208
2024,RIC,Singapore,18,Street,RB,18.0,Lapped,100.51746666666668,100.20496428571428,99.48919546935988,1.0282711973067933,0.7597074033346951,-0.7597074033346951,9.999999999999998,313.0,14.5,13.0,19.0,-6.0,15.0,3,1,0,-3.2564609945609977,0.0061875160875175,,-9.050666666666666,-9.930999999999996,,59.11963138108033,174.48144142824992,0.38333333333333336,12.691243055555557,-0.31250238095239524
2024,RUS,Singapore,18,Street,Mercedes,4.0,Finished,98.521131147541,98.35156393442624,99.48919546935988,-0.9680643218188862,-0.7152253550583137,0.7152253550583137,75.0,311.0,28.0,15.0,7.0,8.0,30.5,0,1,1,,0.0657210256410241,-0.0876689075630249,,8.414000000000001,-18.90600000000001,57.409375581130675,177.96269020537363,0.3770491803278688,7.568815610859728,-0.1695672131147603
2024,RUS,Yas Marina Circuit,18,Unknown,Mercedes,4.0,Finished,90.1078947368421,89.22792564025006,91.1956434646002,-1.0877487277580968,-0.7434059415130541,0.7434059415130541,73.6842105263158,311.0,28.5,9.0,14.0,-5.0,28.5,0,1,1,,-0.2638530769230766,-0.1137318548387084,,-17.78099999999999,-19.260999999999996,57.49225428227475,177.93654248072383,0.2807017543859649,5.8416225,-0.8799690965920348
2024,SAI,Singapore,18,Street,Ferrari,7.0,Finished,99.00178688524589,98.83626315789475,99.48919546935988,-0.487408584113993,-0.3601072467750971,0.3601072467750971,65.0,318.0,27.5,6.0,9.0,-3.0,30.5,0,1,1,,0.2556258741258733,-0.0433317346938782,,6.855000000000004,-17.195999999999998,59.09157278700647,177.50030574527796,0.37704918032786877,4.914854166666667,-0.16552372735114318
2024,SAI,Yas Marina Circuit,18,Unknown,Ferrari,7.0,Finished,89.58112280701754,88.92328670360112,91.1956434646002,-1.6145206575826592,-1.1034205041234788,1.1034205041234788,89.47368421052632,318.0,30.0,6.0,9.0,-3.0,28.5,0,1,1,,-0.3131143478260867,-0.1132496657754001,,-18.927999999999997,-19.525999999999996,59.15200988043438,177.48430987009792,0.2807017543859649,3.9581003787878783,-0.6578361034164146
2024,STR,Singapore,18,Street,Aston Martin,14.0,Lapped,99.79221666666666,99.69082793209876,99.48919546935988,0.30302119730677646,0.22387814378565846,-0.22387814378565846,30.000000000000004,313.0,27.5,13.0,9.0,4.0,30.0,0,1,1,,-0.0973624649859962,0.0944723076923063,,-20.555999999999997,7.644999999999996,54.124224938278324,175.50870026366604,0.4166666666666667,3.590020833333334,-0.1013887345679052
2024,STR,Yas Marina Circuit,18,Unknown,Aston Martin,14.0,Lapped,91.22214285714287,91.90914855072464,91.1956434646002,0.026499392542675082,0.01811062183755768,-0.01811062183755768,31.57894736842105,313.0,37.0,8.0,6.0,2.0,18.666666666666668,0,1,2,,-1.4601151515151485,-0.2080503746253741,,-20.501999999999995,-20.085,54.06545547580726,175.47547043907167,0.6607142857142857,2.5025898412698413,0.6870056935817672
2024,TSU,Singapore,18,Street,RB,12.0,Lapped,99.20773333333332,99.02207878787878,99.48919546935988,-0.2814621360265619,-0.207949876509065,0.207949876509065,40.0,308.0,26.5,20.0,16.0,4.0,30.0,1,1,0,-0.2159794745484384,0.0837820747800583,,-22.173999999999992,7.947999999999993,,58.79173266816598,177.15101977451644,0.3666666666666666,7.364285714285716,-0.18565454545453974
2024,TSU,Yas Marina Circuit,18,Unknown,RB,12.0,Lapped,91.17896428571429,90.72838793103449,91.1956434646002,-0.01667917888590864,-0.0113991405983065,0.0113991405983065,36.8421052631579,308.0,29.5,16.0,11.0,5.0,28.0,0,1,1,,-0.3789090909090902,-0.090376190476191,,-28.995000000000005,-20.791999999999987,58.72470401828519,176.9664687598213,0.375,4.523768207282913,-0.4505763546797965
2024,VER,Singapore,18,Street,Red Bull,2.0,Finished,97.90332786885247,97.58189959016393,99.48919546935988,-1.585867600507413,-1.1716708198864871,1.1716708198864871,90.0,309.0,27.0,18.0,15.0,3.0,30.5,0,1,1,,0.089661740558294,-0.1384575534759351,,9.082999999999998,-22.058000000000007,57.61967767779955,179.60882519995639,0.13114754098360656,16.267958333333333,-0.3214282786885434
2024,VER,Yas Marina Circuit,18,Unknown,Red Bull,2.0,Finished,90.23908771929824,89.10491286549707,91.1956434646002,-0.9565557453019551,-0.6537440185396051,0.6537440185396051,68.42105263157895,309.0,27.0,14.0,17.0,-3.0,28.5,0,1,1,,-0.2189740010946887,-0.2306118226600983,,-23.081000000000003,-30.715000000000003,57.52693277306169,179.3533570687898,0.38596491228070173,4.5824002463054185,-1.13417485380117
2024,ZHO,Singapore,18,Street,Sauber,15.0,Lapped,99.93281666666665,100.23123333333335,99.48919546935988,0.4436211973067685,0.3277562463607547,-0.3277562463607547,25.0,310.0,28.5,16.0,4.0,12.0,30.0,0,1,1,,-0.1606520146520176,0.0734398395721933,,-20.63900000000001,7.230000000000004,56.00545798197459,176.10659175180305,0.36666666666666664,8.741946127946129,0.29841666666669653
2024,ZHO,Yas Marina Circuit,18,Unknown,Sauber,15.0,Lapped,91.24780357142856,91.40758749999999,91.1956434646002,0.05216010682836725,0.03564806130004246,-0.03564806130004246,26.315789473684216,310.0,39.333333333333336,11.0,5.0,6.0,18.666666666666668,0,1,2,,-1.3938636363636336,-0.33993662417733467,,-26.964,-24.350499999999997,55.98356615330744,175.99758486128218,0.5357142857142857,3.82591189674523,0.15978392857142865
2024,ALB,Austin,19,Permanent,Williams,16.0,Lapped,104.00855555555555,111.23776602564102,103.25029840510368,0.7582571504518683,0.9214983799981378,-0.9214983799981378,21.052631578947366,336.0,13.666666666666666,7.0,18.0,-11.0,18.0,0,2,1,,15.767684760845386,-0.2533077357425171,,-11.1415,-20.25,56.726105766578954,188.31780360877934,0.7222222222222222,2.2599989898989903,7.2292104700854765
2024,ALO,Austin,19,Permanent,Aston Martin,13.0,Lapped,103.79525925925925,101.10693558776165,103.25029840510368,0.5449608541555762,0.662282635867661,-0.662282635867661,31.57894736842105,330.0,24.5,17.0,2.0,15.0,27.0,0,1,1,,-1.0216407692307692,-0.1679216748768478,,-0.527000000000001,-20.741,57.64958396056235,188.84028980574948,0.5555555555555556,4.043515714285714,-2.6883236714975993
2024,BOT,Austin,19,Permanent,Sauber,17.0,Lapped,104.31975925925926,102.3117816091954,103.25029840510368,1.0694608541555795,1.2996995069396948,-1.2996995069396948,10.526315789473683,339.0,24.5,2.0,2.0,0.0,27.0,0,1,1,,-2.537507692307691,-0.0533370544090086,,-0.3610000000000042,-20.944000000000003,59.475562607563624,187.82789618098795,0.4444444444444444,3.4098717948717945,-2.00797765006385
2024,COL,Austin,19,Permanent,Williams,10.0,Finished,103.12172727272728,100.54828285714284,103.25029840510368,-0.1285711323763934,-0.1562505412956119,0.1562505412956119,47.36842105263158,337.0,20.5,6.0,10.0,-4.0,27.5,0,1,1,,-0.4538308823529403,-0.5342870117080681,,-20.724000000000004,-2.4140000000000015,57.999812158304884,189.60191164471036,0.5636363636363636,2.7620472136222913,-2.573444415584447
2024,GAS,Austin,19,Permanent,Alpine,12.0,Finished,103.46856363636365,103.43304681818182,103.25029840510368,0.2182652312599771,0.265254415202188,-0.265254415202188,36.8421052631579,333.0,23.0,12.0,7.0,5.0,27.5,0,1,1,,-1.918901960784316,-0.1723533209322711,,-1.0289999999999964,-27.052999999999997,61.12262955050044,189.658113207642,0.4,3.653890092879257,-0.03551681818183283
2024,HUL,Austin,19,Permanent,Haas,8.0,Finished,103.0093090909091,99.78982212121213,103.25029840510368,-0.2409893141945787,-0.29287064750372294,0.29287064750372294,57.89473684210527,333.0,23.5,12.0,4.0,8.0,27.5,0,1,1,,-1.0044752136752129,-0.2055108374384238,,-1.6679999999999922,-23.271,60.04194362759597,190.73318242816453,0.5818181818181818,3.104277188328912,-3.2194869696969732
2024,LAW,Austin,19,Permanent,RB,9.0,Finished,103.11323636363636,101.19338968633706,103.25029840510368,-0.13706204146731693,-0.16656941394631453,0.16656941394631453,52.63157894736843,338.0,19.0,3.0,13.0,-10.0,27.5,0,1,1,,-0.3333120300751881,-0.6023170868347352,,-20.325000000000003,-1.4669999999999987,61.53272781215602,189.77729176149006,0.32727272727272727,6.3295249999999985,-1.9198466772993044
2024,LEC,Austin,19,Permanent,Ferrari,1.0,Finished,101.99367272727272,119.522,103.25029840510368,-1.2566256778309537,-1.5271580699175886,1.5271580699175886,94.73684210526316,333.0,19.5,12.0,11.0,1.0,27.5,0,1,1,,-1.06499076923077,-0.1539826473859853,,-0.1299999999999954,-20.004000000000005,63.89906660266663,192.1920817846902,0.9818181818181818,0.15355,17.52832727272728
2024,MAG,Austin,19,Permanent,Haas,11.0,Finished,103.35178181818183,100.28912432012433,103.25029840510368,0.10148341307815656,0.12333124810293397,-0.12333124810293397,42.10526315789473,338.0,14.0,3.0,17.0,-14.0,18.333333333333332,0,2,1,,-1.2415975361197127,-0.3046311688311676,,-10.275000000000006,-19.947999999999993,60.19323317405614,189.74387822759374,0.6363636363636364,2.734178629785248,-3.0626574980575043
2024,NOR,Austin,19,Permanent,McLaren,4.0,Finished,102.21983636363635,100.02564049586778,103.25029840510368,-1.030462041467331,-1.2523048431470016,1.2523048431470016,84.21052631578947,336.0,21.0,7.0,9.0,-2.0,27.5,0,1,1,,-0.7939855394883226,-0.1855838461538471,,0.6049999999999898,-21.84700000000001,60.55250839629685,191.48039757831026,0.6181818181818182,3.141173333333333,-2.1941958677685705
2024,OCO,Austin,19,Permanent,Alpine,18.0,Lapped,104.35196296296296,101.8745951178451,103.25029840510368,1.10166455785928,1.338836178153696,-1.338836178153696,5.263157894736848,333.0,14.333333333333334,12.0,16.0,-4.0,18.0,1,1,1,-8.665000000000015,-0.7174153503893234,-0.2766842105263158,-29.771000000000015,1.6920000000000073,-18.91900000000001,60.76657074958948,187.7395949808182,0.42592592592592593,5.753966666666666,-2.477367845117854
2024,PER,Austin,19,Permanent,Red Bull,7.0,Finished,102.95703636363636,99.691625,103.25029840510368,-0.29326204146731527,-0.3563968977622345,0.3563968977622345,63.1578947368421,338.0,25.5,3.0,1.0,2.0,27.5,0,1,1,,-1.0732992307692326,-0.1555276974416008,,-1.6269999999999951,-20.23700000000001,59.04732278239608,189.8457410718908,0.4909090909090909,10.391210000000001,-3.2654113636363604
2024,PIA,Austin,19,Permanent,McLaren,5.0,Finished,102.32041818181821,100.40701739886906,103.25029840510368,-0.9298802232854655,-1.1300692896060667,1.1300692896060667,73.6842105263158,326.0,19.5,18.0,11.0,7.0,27.5,0,1,1,,-0.7513596774193582,-0.2072534782608684,,-0.6610000000000014,-20.232,59.76445591449375,191.76097285787765,0.2545454545454545,5.166560483870967,-1.9134007829491537
2024,RUS,Austin,19,Permanent,Mercedes,6.0,Finished,102.8052181818182,100.18652532467533,103.25029840510368,-0.4450802232854727,-0.540899224599936,0.540899224599936,68.42105263157895,344.0,23.5,1.0,4.0,-3.0,27.5,0,1,1,,-0.522816176470587,-0.5342180161943334,,-26.257999999999996,-2.8619999999999948,59.551920387704804,190.25339166723768,0.6545454545454545,3.9069230769230767,-2.618692857142875
2024,SAI,Austin,19,Permanent,Ferrari,2.0,Finished,102.10778181818183,99.58265454545455,103.25029840510368,-1.1425165869218432,-1.3884830276141396,1.3884830276141396,89.47368421052632,331.0,18.5,16.0,14.0,2.0,27.5,0,1,1,,-1.5300766917293218,-0.1034647058823552,,0.7719999999999914,-16.814000000000007,62.625929523709566,192.02506505033105,0.34545454545454546,4.167017027863777,-2.525127272727289
2024,STR,Austin,19,Permanent,Aston Martin,15.0,Lapped,104.03892592592592,101.18602469135803,103.25029840510368,0.7886275208222457,0.9584070291016358,-0.9584070291016358,15.789473684210531,336.0,22.5,7.0,8.0,-1.0,27.0,0,1,1,,-0.1767892720306483,-0.9568252991453042,,-21.73299999999999,-0.5930000000000035,58.26434513549754,188.07479996974703,0.6851851851851852,3.242604395604395,-2.852901234567895
2024,TSU,Austin,19,Permanent,RB,14.0,Lapped,103.83774074074076,111.13804074074075,103.25029840510368,0.5874423356370784,0.7139097340648841,-0.7139097340648841,26.315789473684216,336.0,23.5,7.0,4.0,3.0,27.0,0,1,1,,-1.8793455882352992,-0.1356237553342809,,0.5619999999999976,-23.46899999999999,60.31249047724824,188.46744305116033,0.7962962962962963,2.0167408585055644,7.300299999999993
2024,VER,Austin,19,Permanent,Red Bull,3.0,Finished,102.31625454545456,99.80185389610392,103.25029840510368,-0.9340438596491225,-1.1351292935397252,1.1351292935397252,78.94736842105263,313.0,18.5,19.0,14.0,5.0,27.5,0,1,1,,-1.1187008695652154,-0.1243471774193566,,0.7270000000000039,-20.601,60.792418700018,191.4158284285365,0.2,5.3243375,-2.514400649350634
2024,ZHO,Austin,19,Permanent,Sauber,19.0,Lapped,104.61862962962961,102.57176014109346,103.25029840510368,1.3683312245259316,1.662912121501389,-1.662912121501389,0.0,334.0,0.0,11.0,19.0,-8.0,18.0,0,2,1,,-1.6064412761151892,-0.4195624060150394,,-10.79249999999999,-26.031999999999996,58.56824398259345,187.36402640768827,0.16666666666666663,12.32190808080808,-2.046869488536146
2024,ALO,Mexico City,20,Permanent,Aston Martin,18.0,Retired,100.03307142857145,120.41580000000002,86.79243046928917,13.240640959282274,3.9423997698387265,-3.9423997698387265,0.0,350.0,28.0,18.0,1.0,17.0,14.0,0,1,0,,-4.545879120879124,,,-49.221999999999994,,37.58787159989724,152.20917849395047,0.6428571428571429,2.126857142857143,20.382728571428572
2024,BOT,Mexico City,20,Permanent,Sauber,14.0,Lapped,86.48524637681159,88.47055384615383,86.79243046928917,-0.30718409247758416,-0.09146403857682975,0.09146403857682975,22.22222222222222,355.0,15.0,9.0,3.0,6.0,34.5,0,1,1,,-0.2116857142857144,-0.5289218953538871,,-18.187,-51.99199999999999,53.22835222476309,177.11239604234135,0.5217391304347826,7.241193452380953,1.9853074693422457
2024,COL,Mexico City,20,Permanent,Williams,12.0,Lapped,86.30172463768116,83.28006837606837,86.79243046928917,-0.49070583160801107,-0.14610762149197412,0.14610762149197412,38.888888888888886,353.0,11.0,14.0,13.0,1.0,34.5,0,1,1,,-0.1812015810276692,-0.5784076472402092,,-21.322000000000003,-50.38300000000001,50.329311429180144,177.009113698747,0.6811594202898551,2.8744891304347835,-3.02165626161279
2024,GAS,Mexico City,20,Permanent,Alpine,10.0,Lapped,86.29376811594203,83.61030163043479,86.79243046928917,-0.49866235334714304,-0.148476675193342,0.148476675193342,44.44444444444444,353.0,15.5,14.0,2.0,12.0,34.5,0,1,1,,-1.5127057387057403,-0.0852597034275997,,-49.64,-20.703000000000003,53.42312974222358,177.4521287927429,0.4927536231884058,5.063018518518519,-2.683466485507239
2024,HAM,Mexico City,20,Permanent,Mercedes,4.0,Finished,85.54778571428572,86.37628071428571,86.79243046928917,-1.2446447550034492,-0.3705928746762544,0.3705928746762544,72.22222222222221,359.0,14.5,2.0,8.0,-6.0,35.0,0,1,1,,-1.5804206349206364,-0.0814528843249782,,-51.41499999999999,-20.702000000000012,53.56841474366411,178.92460391676116,0.7571428571428571,3.3157605512489234,0.8284949999999895
2024,HUL,Mexico City,20,Permanent,Haas,9.0,Lapped,86.08585507246376,82.59740234644583,86.79243046928917,-0.7065753968254143,-0.2103827669962903,0.2103827669962903,50.0,357.0,15.0,5.0,3.0,2.0,34.5,0,1,1,,-1.4311316365626656,-0.0793341463414609,,-50.434,-15.61800000000001,51.951814701155286,178.251822466642,0.463768115942029,3.815448214285714,-3.4884527260179254
2024,LAW,Mexico City,20,Permanent,RB,16.0,Lapped,86.94681159420288,83.74707971014494,86.79243046928917,0.15438112491371214,0.04596696739976054,-0.04596696739976054,11.111111111111116,354.0,10.333333333333334,11.0,15.0,-4.0,23.0,1,1,1,-4.544499999999988,-0.1113193162393167,-0.8159418973629522,-23.89999999999999,-12.74799999999999,-52.06099999999999,55.477352022754424,175.53108664039348,0.8985507246376812,2.0296194331983806,-3.1997318840579396
2024,LEC,Mexico City,20,Permanent,Ferrari,3.0,Finished,85.41944285714287,82.1349355212355,86.79243046928917,-1.3729876121463036,-0.4088069499628228,0.4088069499628228,83.33333333333334,351.0,10.0,16.0,16.0,0.0,23.333333333333332,1,1,1,-20.80600000000001,-1.3318961067853137,-0.054540759382866,-20.805999999999997,-52.259000000000015,-15.818999999999988,55.78949672804579,179.2521113011982,0.3,13.673233333333334,-3.2845073359073638
2024,MAG,Mexico City,20,Permanent,Haas,7.0,Finished,85.75227142857142,84.49941405228758,86.79243046928917,-1.0401590407177537,-0.30970726986192876,0.30970726986192876,61.111111111111114,358.0,15.0,4.0,3.0,1.0,35.0,0,1,1,,-1.3438507389162573,-0.100537108013935,,-50.557,-20.299999999999997,52.150428914426286,178.6525463978645,0.3857142857142857,4.141309503784693,-1.252857376283842
2024,NOR,Mexico City,20,Permanent,McLaren,2.0,Finished,85.01715714285714,81.92475020408165,86.79243046928917,-1.7752733264320284,-0.5285874887061238,0.5285874887061238,88.88888888888889,354.0,14.0,11.0,9.0,2.0,35.0,0,1,1,,-1.4228108374384234,-0.0902087108013914,,-52.66699999999999,-19.536,52.21218390319756,179.98353330018278,0.42857142857142855,3.449700348432056,-3.092406938775497
2024,OCO,Mexico City,20,Permanent,Alpine,13.0,Lapped,86.38718840579709,83.53518115942028,86.79243046928917,-0.40524206349208214,-0.12066079147929382,0.12066079147929382,27.77777777777778,357.0,10.5,5.0,14.0,-9.0,34.5,0,1,1,,-0.2289215132693392,-0.5415005781683623,,-20.22399999999999,-50.66299999999998,53.1404647264138,177.21382834942864,0.7681159420289855,2.5229458413926498,-2.8520072463768145
2024,PER,Mexico City,20,Permanent,Red Bull,17.0,Lapped,86.98178260869565,84.81354975845412,86.79243046928917,0.18935213940648055,0.056379584123625724,-0.056379584123625724,5.555555555555558,354.0,7.5,11.0,18.0,-7.0,17.25,1,2,1,-21.007999999999992,-0.09341121617513096,-2.718326315789474,-21.007999999999996,-16.770500000000006,-47.459,51.91830718717779,175.69148955290402,0.5797101449275363,7.023782414187643,-2.1682328502415373
2024,PIA,Mexico City,20,Permanent,McLaren,8.0,Finished,85.53264285714286,81.80114360902257,86.79243046928917,-1.2597876121463116,-0.3751016591602011,0.3751016591602011,77.77777777777779,361.0,11.5,1.0,12.0,-11.0,35.0,0,1,1,,-0.8277907867381566,-0.133270344574779,,-52.98200000000001,-18.187999999999988,51.72473625147514,178.9576972510254,0.6428571428571429,2.957418585526316,-3.7314992481202864
2024,RUS,Mexico City,20,Permanent,Mercedes,5.0,Finished,85.56291428571427,85.10618775510204,86.79243046928917,-1.2295161835749013,-0.3660883437625841,0.3660883437625841,66.66666666666667,359.0,15.0,2.0,3.0,-1.0,35.0,0,1,1,,-1.3211379310344833,-0.079801031894935,,-52.444,-21.02300000000001,54.30269047763684,178.79643290301533,0.21428571428571427,11.320258974358973,-0.45672653061222945
2024,SAI,Mexico City,20,Permanent,Ferrari,1.0,Finished,84.97965714285715,,86.79243046928917,-1.8127733264320227,-0.5397531106592882,0.5397531106592882,94.44444444444444,351.0,13.5,16.0,10.0,6.0,35.0,0,1,1,,-1.2869657258064533,-0.0906870445344128,,-52.82900000000001,-19.22800000000001,55.2578250242253,180.00955062074237,1.0,0.1352096774193548,
2024,STR,Mexico City,20,Permanent,Aston Martin,11.0,Lapped,86.33314492753622,89.80424698067633,86.79243046928917,-0.4592855417529478,-0.13675223274049317,0.13675223274049317,33.333333333333336,355.0,10.0,9.0,16.0,-7.0,34.5,0,1,1,,-1.722743846153846,-0.0918968287526437,,-49.727,-20.019999999999996,51.53571922893531,177.38661911654825,0.4057971014492754,3.95636,3.4711020531401005
2024,VER,Mexico City,20,Permanent,Red Bull,6.0,Finished,85.8614142857143,82.53383753501402,86.79243046928917,-0.9310161835748687,-0.27720999301537236,0.27720999301537236,55.55555555555556,356.0,15.0,7.0,3.0,4.0,35.0,0,1,1,,-1.8810530769230769,-0.1362910408432132,,-52.69699999999999,-40.328,53.181206191492386,178.22594583614773,0.38571428571428573,5.273928888888889,-3.3275767507002882
2024,ZHO,Mexico City,20,Permanent,Sauber,15.0,Lapped,86.7418695652174,83.35728571428571,86.79243046928917,-0.05056090407177294,-0.015054505079352335,0.015054505079352335,16.666666666666664,356.0,12.0,7.0,11.0,-4.0,34.5,0,1,1,,-0.1499413919413937,-0.6559453042703173,,-20.230000000000004,-50.18799999999999,51.605609858760964,176.60592610906463,0.5942028985507246,5.108216931216931,-3.3845838509316906
2024,ALB,Las Vegas,22,Street,Williams,19.0,Retired,100.78641666666668,102.84471428571428,99.64372578656462,1.1426908801020659,1.2590768087405724,-1.2590768087405724,5.000000000000004,369.0,32.5,1.0,3.0,-2.0,12.0,0,1,1,,0.0910476190476189,-0.1531088235294103,,2.1069999999999993,-7.667999999999992,63.153927384405414,219.02577980324608,0.7083333333333334,1.5473124999999999,2.0582976190475932
2024,ALO,Las Vegas,22,Street,Aston Martin,11.0,Finished,99.63961224489795,100.19147826086954,99.64372578656462,-0.004113541666669107,-0.004532516190055266,0.004532516190055266,44.99999999999999,365.0,24.333333333333332,5.0,9.0,-4.0,16.333333333333332,1,0,2,2.268500000000018,,-0.12756082899556703,4.537000000000006,,-13.359499999999997,66.13108022826547,221.40416848039172,0.5306122448979592,3.609718398560504,0.5518660159715978
2024,BOT,Las Vegas,22,Street,Sauber,18.0,Lapped,100.47177083333334,99.83221874999998,99.64372578656462,0.8280450467687217,0.9123835090780429,-0.9123835090780429,9.999999999999998,360.0,20.0,12.0,19.0,-7.0,16.0,0,1,2,,-0.0879081527347762,-0.1373383726567566,,-7.891000000000005,-6.479500000000002,67.76256468060811,219.88206500547255,0.6458333333333334,5.920582341269842,-0.6395520833333563
2024,COL,Las Vegas,22,Street,Williams,14.0,Finished,99.70442857142856,99.9783067226891,99.64372578656462,0.06070278486394898,0.06688551556597674,-0.06688551556597674,35.0,363.0,22.333333333333332,8.0,16.0,-8.0,16.333333333333332,0,1,2,,-0.7914666666666688,0.04147253105590104,,-12.930999999999996,-4.275500000000008,63.39083066373396,221.66891903343503,0.6938775510204082,2.2921416666666667,0.27387815126053283
2024,GAS,Las Vegas,22,Street,Alpine,20.0,Retired,102.26021428571428,103.7605,99.64372578656462,2.6164884991496677,2.8829844072278927,-2.8829844072278927,0.0,361.0,35.0,10.0,2.0,8.0,7.0,0,1,1,,0.613099999999989,-0.9356999999999968,,6.307000000000002,-5.492000000000004,67.95225850672158,216.42990816302753,0.8571428571428571,1.5385444444444445,1.5002857142857096
2024,HAM,Las Vegas,22,Street,Mercedes,2.0,Finished,98.4523673469388,97.34622406015036,99.64372578656462,-1.191358439625816,-1.312701281116585,1.312701281116585,90.0,364.0,21.333333333333332,7.0,17.0,-10.0,16.333333333333332,0,1,2,,0.1447937062937077,-0.262086081309994,,3.1569999999999965,-12.941499999999998,69.18450020395886,224.95884249106774,0.5714285714285714,3.360201000690131,-1.1061432867884378
2024,HUL,Las Vegas,22,Street,Haas,8.0,Finished,99.53269387755101,99.08917959183673,99.64372578656462,-0.11103190901360449,-0.12234078708734938,0.12234078708734938,55.00000000000001,358.0,24.0,14.0,11.0,3.0,16.333333333333332,0,1,2,,0.3443241758241747,-0.2847388673890607,,6.680999999999997,-14.813499999999998,66.92414331220614,222.31183735849805,0.7142857142857143,2.5439013587891295,-0.4435142857142864
2024,LAW,Las Vegas,22,Street,RB,16.0,Finished,100.09351020408164,99.17551282051282,99.64372578656462,0.4497844175170229,0.4955960871745007,-0.4955960871745007,19.999999999999996,355.0,23.333333333333332,18.0,14.0,4.0,16.333333333333332,0,1,2,,0.4487333333333382,-0.38234337884337904,,6.259999999999991,-14.575999999999993,67.63346068838909,220.7266344678887,0.7142857142857143,4.147813243546577,-0.9179973835688173
2024,LEC,Las Vegas,22,Street,Ferrari,4.0,Finished,98.70142857142856,98.65406707317074,99.64372578656462,-0.9422972151360511,-1.0382725470012113,1.0382725470012113,80.0,362.0,23.333333333333332,9.0,14.0,-5.0,16.333333333333332,0,1,2,,0.9409642857142922,-0.25482473624773233,,8.213000000000008,-14.563499999999998,68.48593706545567,223.57312736058387,0.8163265306122449,2.5041872895622896,-0.047361498257828316
2024,MAG,Las Vegas,22,Street,Haas,12.0,Finished,99.6562857142857,100.26315518707483,99.64372578656462,0.012559927721085273,0.013839187822750267,-0.013839187822750267,40.0,359.0,29.5,13.0,4.0,9.0,24.5,0,1,1,,0.2595661764705926,-0.1734859625668421,,4.926000000000002,-20.441999999999993,66.64979731815762,222.24733474762834,0.6122448979591837,3.1989375,0.6068694727891284
2024,NOR,Las Vegas,22,Street,McLaren,6.0,Finished,99.23595918367347,98.74973658536585,99.64372578656462,-0.40776660289114375,-0.44929865287216386,0.44929865287216386,70.0,358.0,18.0,14.0,20.0,-6.0,12.25,1,1,2,-17.435999999999993,0.5408928571428623,-0.22494606368863374,-17.435999999999993,5.332999999999998,-10.980999999999995,66.06731923198579,222.56245743853472,0.3877551020408163,10.944653273809525,-0.48622259830762005
2024,OCO,Las Vegas,22,Street,Alpine,17.0,Lapped,100.37558333333332,101.22303157894737,99.64372578656462,0.7318575467687083,0.8063990712483358,-0.8063990712483358,15.000000000000002,356.0,35.25,17.0,1.0,16.0,12.0,1,2,1,-5.062800000000028,0.2208515151515183,-0.0394849598930456,-16.921999999999997,2.8474999999999966,-12.576000000000008,68.98102363477733,220.42110851694153,0.6875,4.697353030303031,0.8474482456140464
2024,PER,Las Vegas,22,Street,Red Bull,10.0,Finished,99.5059387755102,99.48592602040816,99.64372578656462,-0.1377870110544137,-0.15182096329393777,0.15182096329393777,60.0,366.0,21.333333333333332,3.0,17.0,-14.0,16.333333333333332,0,1,2,,-0.3016464285714229,-0.06226284829720995,,-12.787999999999997,-5.167499999999997,66.1218361065513,221.85468801921746,0.7551020408163265,2.525796759259259,-0.020012755102044366
2024,PIA,Las Vegas,22,Street,McLaren,7.0,Finished,99.36532653061224,99.88204513888888,99.64372578656462,-0.2783992559523796,-0.30675491757575124,0.30675491757575124,65.0,367.0,24.333333333333332,2.0,9.0,-7.0,16.333333333333332,0,1,2,,0.5270666666666579,-0.29133266483516507,,4.935000000000002,-16.481499999999997,66.12740910519122,222.40434940164138,0.5510204081632653,4.455764444444445,0.5167186082766477
2024,RUS,Las Vegas,22,Street,Mercedes,1.0,Finished,98.42248979591837,114.75399999999999,99.64372578656462,-1.2212359906462495,-1.34562193555327,1.34562193555327,95.0,340.0,26.0,20.0,5.0,15.0,16.333333333333332,0,1,2,,0.2052454545454589,-0.2589073861123406,,4.445000000000007,-14.180500000000002,69.65733318182046,224.86893298689304,0.9795918367346939,0.08285,16.331510204081624
2024,SAI,Las Vegas,22,Street,Ferrari,3.0,Finished,98.6339387755102,100.68738265306122,99.64372578656462,-1.0097870110544136,-1.1126363476993095,1.1126363476993095,85.0,366.0,24.0,3.0,11.0,-8.0,16.333333333333332,0,1,2,,0.6153166666666596,-0.2299106091781402,,7.096000000000004,-13.6665,69.8169820977556,223.84544857883913,0.5918367346938775,3.1882407407407407,2.053443877551018
2024,STR,Las Vegas,22,Street,Aston Martin,15.0,Finished,99.92538775510204,101.90397274031564,99.64372578656462,0.28166196853742065,0.3103499456108435,-0.3103499456108435,25.0,361.0,25.333333333333332,10.0,7.0,3.0,16.333333333333332,0,1,2,,0.1439761904761943,-0.3071331158924968,,2.530000000000001,-19.956000000000003,64.77810112064907,220.61148339875507,0.5510204081632653,3.3545988930659987,1.978584985213601
2024,TSU,Las Vegas,22,Street,RB,9.0,Finished,99.62116326530612,99.78551412872841,99.64372578656462,-0.022562521258493007,-0.024860570568960242,0.024860570568960242,50.0,365.0,24.0,5.0,11.0,-6.0,16.333333333333332,0,1,2,,0.5794333333333279,-0.2328274094326717,,5.947000000000003,-14.282500000000006,67.82977006071118,221.8473467368423,0.46938775510204084,4.129130291005292,0.16435086342228544
2024,VER,Las Vegas,22,Street,Red Bull,5.0,Finished,98.70681632653061,99.74722777222777,99.64372578656462,-0.936909460034002,-1.0323360355454116,1.0323360355454116,75.0,355.0,25.666666666666668,18.0,6.0,12.0,16.333333333333332,0,1,2,,0.3199878787878838,-0.2635661445012779,,4.489999999999995,-14.722999999999999,65.34674028921916,223.9279954781609,0.4897959183673469,4.661156439393939,1.0404114456971598
2024,ZHO,Las Vegas,22,Street,Sauber,13.0,Finished,99.78318367346937,99.48281082621084,99.64372578656462,0.1394578869047507,0.1536620220352625,-0.1536620220352625,30.000000000000004,358.0,24.666666666666668,14.0,8.0,6.0,16.333333333333332,0,1,2,,0.4734121212121284,-0.2894527929551268,,6.102999999999994,-16.05299999999999,66.65167385157365,221.53635558918688,0.6122448979591837,2.787560326086956,-0.3003728472585294
2024,ALB,Lusail,23,Permanent,Williams,15.0,Lapped,97.14378181818181,110.44982264150943,97.33261685692014,-0.18883503873833263,-0.03440656845643449,0.03440656845643449,5.555555555555558,326.0,23.4,14.0,12.0,2.0,11.0,4,1,0,-0.7241259029927748,-0.6135194805194789,,-13.519499999999997,-24.37899999999999,,61.7256884806912,200.44252027457892,0.8727272727272727,9.38478954248366,13.30604082332762
2024,ALO,Lusail,23,Permanent,Aston Martin,7.0,Finished,95.75032142857144,108.20355844155843,97.33261685692014,-1.5822954283487007,-0.2883011348821863,0.2883011348821863,61.111111111111114,332.0,21.0,4.0,15.0,-11.0,14.0,0,3,1,,-1.1674912629166507,0.0,,-29.396333333333335,0.0,62.09547194516842,203.27462829989062,0.8392857142857143,2.7682171875,12.453237012986989
2024,BOT,Lusail,23,Permanent,Sauber,11.0,Finished,96.13364285714286,87.96859313131314,97.33261685692014,-1.1989739997772801,-0.21845829712771406,0.21845829712771406,44.44444444444444,328.0,18.292499839999998,11.0,16.0,-5.0,14.0,0,3,1,,-1.013250084697911,2.1643363636363633,,-28.963000000000005,38.636,64.50378645221569,202.71469520256247,0.6607142857142857,4.947455910031996,-8.165049725829718
2024,GAS,Lusail,23,Permanent,Alpine,5.0,Finished,95.55701785714284,89.15898608534323,97.33261685692014,-1.7755989997773014,-0.32352188950308874,0.32352188950308874,94.44444444444444,332.0,28.551388799999998,4.0,8.0,-4.0,14.0,0,1,3,,-0.7057121466768526,-0.9625125313283225,,-32.30999999999999,-20.883666666666667,67.48865432565178,204.18312958246074,0.6428571428571429,8.55805,-6.398031771799609
2024,HAM,Lusail,23,Permanent,Mercedes,12.0,Finished,96.37796428571427,101.7817848639456,97.33261685692014,-0.9546525712058695,-0.17394186620641344,0.17394186620641344,27.77777777777778,337.0,39.0,1.0,1.0,0.0,11.2,0,1,4,,-0.6153118315507999,-0.8778272727272701,,-7.248999999999995,-12.062750000000001,65.57204327122997,204.07216457685345,0.7321428571428571,19.12696484848485,5.403820578231333
2024,HUL,Lusail,23,Permanent,Haas,16.0,Retired,96.55886842105264,123.83945714285713,97.33261685692014,-0.7737484358675033,-0.14098034297344744,0.14098034297344744,11.111111111111116,329.0,22.25,8.0,14.0,-6.0,9.5,0,3,1,,-3.943000000000014,-0.797082313681869,,-2.565333333333333,-36.30500000000001,62.89572708532146,202.5869831221423,0.8421052631578947,5.598750000000001,27.28058872180449
2024,LAW,Lusail,23,Permanent,RB,14.0,Finished,96.333,99.22894132653062,97.33261685692014,-0.9996168569201416,-0.18213455536441733,0.18213455536441733,33.333333333333336,333.0,22.4,3.0,13.0,-10.0,11.2,1,1,3,-1.6817156862745093,-0.6421367456073336,-2.275000000000002,-49.395,-22.092,-4.549999999999997,67.39685808674326,202.91703451323696,0.75,9.12730919117647,2.895941326530618
2024,LEC,Lusail,23,Permanent,Ferrari,2.0,Finished,95.605625,87.40456212121211,97.33261685692014,-1.7269918569201366,-0.3146654558700056,0.3146654558700056,83.33333333333334,314.0,34.25,16.0,4.0,12.0,14.0,0,1,3,,-0.8103078686019847,-0.9842165413533835,,-43.55999999999999,-21.596999999999998,69.25297126117091,205.1847453321205,0.625,4.410682352941176,-8.201062878787894
2024,MAG,Lusail,23,Permanent,Haas,9.0,Finished,95.84964285714287,87.94372323232324,97.33261685692014,-1.482973999777272,-0.2702043369882897,0.2702043369882897,50.0,334.0,28.5,2.0,9.0,-7.0,14.0,0,1,3,,-1.2888834188034206,0.032188137009186914,,-53.29299999999999,-15.092000000000004,65.24132086003145,202.57863630029877,0.42857142857142855,3.282186666666666,-7.9059196248196315
2024,NOR,Lusail,23,Permanent,McLaren,10.0,Finished,96.2044642857143,92.83135897435896,97.33261685692014,-1.1281525712058453,-0.20555432365644474,0.20555432365644474,38.888888888888886,328.0,15.929091025454545,11.0,17.0,-6.0,11.2,0,1,4,,-0.8317715813598161,-2.5792571386946364,,-47.626000000000005,-22.725500000000004,65.06178474239324,205.9310511841134,0.8214285714285714,2.882235427807486,-3.3731053113553315
2024,PER,Lusail,23,Permanent,Red Bull,17.0,Retired,96.48575675675676,88.40061614906833,97.33261685692014,-0.8468601001633829,-0.15430160739220702,0.15430160739220702,16.666666666666664,328.0,35.5,11.0,3.0,8.0,9.25,0,1,3,,-0.7463914438502657,0.0,,-37.072,0.0,66.13988595020562,204.280513552737,0.35135135135135137,4.753742647058822,-8.08514060768843
2024,PIA,Lusail,23,Permanent,McLaren,3.0,Finished,95.60051785714286,87.73094285714286,97.33261685692014,-1.7320989997772784,-0.31559599959486234,0.31559599959486234,88.88888888888889,326.0,33.75,14.0,5.0,9.0,14.0,0,1,3,,-0.8841798128342228,-0.8140661654135438,,-53.57300000000001,-21.50766666666667,64.01205700376819,204.86267834030963,0.7678571428571429,4.2469079545454544,-7.8695749999999975
2024,RUS,Lusail,23,Permanent,Mercedes,4.0,Finished,95.69278571428572,97.21238839285715,97.33261685692014,-1.6398311426344208,-0.2987843932090724,0.2987843932090724,66.66666666666667,330.0,26.6,7.0,10.0,-3.0,11.2,0,1,4,,-1.8228091473743655,-0.7050681752458061,,-51.784000000000006,-15.361249999999998,65.14028876229854,203.9560026286256,0.75,4.070962679425837,1.519602678571431
2024,SAI,Lusail,23,Permanent,Ferrari,6.0,Finished,95.77508928571429,89.18678571428573,97.33261685692014,-1.5575275712058527,-0.2837883231815705,0.2837883231815705,55.55555555555556,331.0,31.25,6.0,6.0,0.0,14.0,0,1,3,,-0.795756350267378,-9.303181453634094,,-35.61099999999999,-29.293333333333333,66.58963626105898,204.1406292954051,0.75,4.416571546052632,-6.588303571428554
2024,STR,Lusail,23,Permanent,Aston Martin,18.0,Retired,119.2527142857143,146.208,97.33261685692014,21.920097428794165,3.9939374482328103,-3.9939374482328103,0.0,302.0,0.0,18.0,18.0,0.0,3.5,0,0,2,,,-6.105385714285728,,,-25.384499999999996,46.18850277412493,162.98295572929334,0.7142857142857143,24.79866666666667,26.955285714285694
2024,TSU,Lusail,23,Permanent,RB,13.0,Finished,96.40487499999999,95.24861079545455,97.33261685692014,-0.9277418569201501,-0.1690386165792816,0.1690386165792816,22.22222222222222,329.0,25.717142674285714,8.0,11.0,-3.0,11.2,1,1,3,-1.686360294117642,-0.6334000000000012,-4.590166666666662,-47.85300000000001,-21.489000000000004,-9.180333333333337,67.37601486656827,202.7088144256372,0.6785714285714286,6.703876470588236,-1.1562642045454368
2024,VER,Lusail,23,Permanent,Red Bull,1.0,Finished,95.60676785714284,,97.33261685692014,-1.7258489997772983,-0.31445722230920187,0.31445722230920187,77.77777777777779,308.0,38.0,17.0,2.0,15.0,14.0,0,1,3,,-0.8452803666921304,-1.0087994987468687,,-48.95,-22.43766666666667,64.63639125374793,205.34496101689442,1.0,0.0,
2024,ZHO,Lusail,23,Permanent,Sauber,8.0,Finished,95.65426785714284,86.56302424242425,97.33261685692014,-1.678348999777299,-0.30580251493815475,0.30580251493815475,72.22222222222221,329.0,29.25,8.0,7.0,1.0,14.0,0,1,3,,-0.6699480519480497,-0.9490197994987472,,-29.96899999999999,-20.847666666666665,64.59853740284858,203.64995614509144,0.6964285714285714,3.376244852941176,-9.091243614718593
2025,ALB,Catalunya,1,Permanent,Williams,5.0,Finished,85.10630769230768,91.11868253968254,84.610454048583,0.4958536437246863,0.759622866155476,-0.759622866155476,0.0,312.0,60.0,13.0,1.0,12.0,8.666666666666666,3,0,0,0.12305087719298553,,,-5.063666666666667,,,54.14222545612226,184.16005497523335,0.8461538461538461,11.558183333333332,6.012374847374858
2025,ALB,Melbourne,1,Street,Williams,5.0,Finished,107.26575,98.40656874999999,107.04973269425072,0.21601730574927558,0.22178629986162615,-0.22178629986162615,58.82352941176471,329.0,27.166666666666668,4.0,10.0,-6.0,9.333333333333334,0,1,0,,-3.0786454545454567,,,-42.137000000000015,,51.40597679610708,178.2575642023152,0.8571428571428571,1.5294310344827584,-8.859181250000006
2025,ALO,Catalunya,1,Permanent,Aston Martin,17.0,Retired,84.77196923076923,80.80486764705881,84.610454048583,0.1615151821862355,0.24743314317168522,-0.24743314317168522,42.10526315789473,328.0,17.5,5.0,13.0,-8.0,16.25,3,1,0,-1.4866831501831521,-0.0896324786324785,,-19.043999999999997,-14.820000000000007,,57.66810310220869,190.29115766368523,0.8923076923076924,1.4758283730158732,-3.9671015837104164
2025,ALO,Melbourne,1,Street,Aston Martin,17.0,Retired,103.46080645161288,,107.04973269425072,-3.5889262426378394,-3.684772704066579,3.684772704066579,94.11764705882352,328.0,40.16750016,6.0,1.0,5.0,7.75,0,0,0,,,,,,,56.26996513745716,186.58087805896326,1.0,2.271017857142857,
2025,ANT,Catalunya,1,Permanent,Mercedes,4.0,Finished,81.9721346153846,82.06676153846153,84.610454048583,-2.63831943319839,-4.041772799379906,4.041772799379906,94.73684210526316,332.0,18.333333333333332,2.0,12.0,-10.0,17.333333333333332,2,1,0,-3.139250375939851,-0.1126844553913494,,-8.31199999999999,-15.474000000000004,,50.78259803962494,174.24623846171275,0.36538461538461536,11.898314285714287,0.09462692307693032
2025,ANT,Melbourne,1,Street,Mercedes,4.0,Finished,107.03726785714285,95.07042857142856,107.04973269425072,-0.012464837107870608,-0.012797725121806757,0.012797725121806757,82.35294117647058,332.0,22.0,2.0,14.0,-12.0,9.333333333333334,0,0,1,,,-2.7758909090909087,,,-34.32000000000001,52.75775652414695,178.99069371546491,0.875,1.3909788544788544,-11.966839285714286
2025,BEA,Catalunya,1,Permanent,Haas,14.0,Finished,84.82466153846154,95.13499304549407,84.610454048583,0.21420748987854665,0.32815511083318233,-0.32815511083318233,26.315789473684216,313.0,25.25,12.0,11.0,1.0,16.25,2,2,0,-2.215643481518484,-0.021753797956429597,,-27.042499999999997,-5.263000000000005,,56.28809498977205,182.85374587422965,0.6153846153846154,2.473942286271233,10.31033150703253
2025,BEA,Melbourne,1,Street,Haas,14.0,Finished,107.45075,99.88670440251573,107.04973269425072,0.40101730574927785,0.4117269406453979,-0.4117269406453979,23.529411764705888,313.0,18.0,14.0,15.0,-1.0,11.2,0,1,0,,0.2830563789868665,,,-2.4510000000000076,,54.05200174796533,177.88760552854825,0.5,7.575851153846156,-7.564045597484267
2025,BOR,Catalunya,1,Permanent,Sauber,16.0,Retired,84.83093846153847,85.71564263736263,84.610454048583,0.2204844129554715,0.3377710415794299,-0.3377710415794299,21.052631578947366,310.0,14.0,14.0,14.0,0.0,21.666666666666668,2,1,0,-0.4546153895768823,-0.084686095661848,,-6.978,-17.10499999999999,,52.827182889024066,177.99439229549523,0.5846153846153846,3.256201525054466,0.8847041758241687
2025,BOR,Melbourne,1,Street,Sauber,16.0,Retired,107.08111363636363,106.57369918699185,107.04973269425072,0.031380942112903654,0.03221900677472051,-0.03221900677472051,76.47058823529412,310.0,32.6,15.0,3.0,12.0,8.8,0,1,0,,0.0790817073170723,,,-25.73400000000001,,53.219385992184584,178.9817005143857,0.5681818181818182,6.742405,-0.5074144493717796
2025,COL,Catalunya,1,Permanent,Alpine,,,84.86827692307692,87.94205244755246,84.610454048583,0.25782287449392527,0.3949716884449481,-0.3949716884449481,10.526315789473683,,,,,,16.25,3,1,0,-1.0600700799200768,-0.0581330769230787,,-11.040999999999997,-12.689999999999998,,,,0.5076923076923077,7.792000192307692,3.0737755244755363
2025,GAS,Catalunya,1,Permanent,Alpine,11.0,Finished,84.72804615384615,86.67063684210527,84.610454048583,0.11759210526315655,0.18014519640567944,-0.18014519640567944,52.63157894736843,320.0,44.0,10.0,3.0,7.0,16.25,3,1,0,-1.070379365079367,0.2053739130434811,,-12.406999999999996,11.396,,57.05684934692567,183.27786161500921,0.47692307692307695,3.7978699714536663,1.9425906882591164
2025,GAS,Melbourne,1,Street,Alpine,11.0,Finished,107.47632142857142,92.90332249322493,107.04973269425072,0.42658873432070266,0.437981284043305,-0.437981284043305,11.764705882352944,320.0,23.833333333333332,12.0,12.0,0.0,9.333333333333334,0,0,1,,,-2.880010989010987,,,-28.980000000000004,55.55638813990777,178.7819237690051,0.7857142857142857,2.144654137529138,-14.57299893534649
2025,HAD,Catalunya,1,Permanent,RB,20.0,Retired,84.6920923076923,85.6010020979021,84.610454048583,0.08163825910931166,0.12506571073417588,-0.12506571073417588,63.1578947368421,,,,,,16.25,3,1,0,-0.7250021553437991,-0.1038866995073882,,-4.537333333333336,-14.837000000000003,,,,0.4,7.69820664775837,0.9089097902097905
2025,HAM,Catalunya,1,Permanent,Ferrari,10.0,Finished,84.73129230769229,85.93480329670328,84.610454048583,0.12083825910929136,0.1851181409827524,-0.1851181409827524,47.36842105263158,329.0,26.75,4.0,10.0,-6.0,16.25,3,1,0,-1.7497664141414144,-0.0864992213570632,,-13.249333333333325,-14.664,,59.32185270954151,181.21463347514327,0.3230769230769231,5.75148888888889,1.2035109890109936
2025,HAM,Melbourne,1,Street,Ferrari,10.0,Finished,107.42667857142855,106.06690566037736,107.04973269425072,0.3769458771778318,0.38701265649706706,-0.38701265649706706,29.411764705882348,329.0,29.0,4.0,8.0,-4.0,9.333333333333334,0,0,1,,,-1.7327296703296746,,,3.8100000000000023,58.37256390607808,178.62409661748683,0.9285714285714286,1.2053083333333332,-1.359772911051195
2025,HUL,Catalunya,1,Permanent,Sauber,7.0,Finished,84.64803076923076,86.84861598440547,84.610454048583,0.037576720647763295,0.05756564784875559,-0.05756564784875559,68.42105263157895,316.0,34.25,11.0,7.0,4.0,16.25,3,1,0,-1.0974586580086534,-0.0801786357786355,,-11.25466666666667,-13.305999999999996,,55.26186558348303,182.7982178392993,0.5230769230769231,6.059375243506494,2.200585215174712
2025,HUL,Melbourne,1,Street,Sauber,7.0,Finished,107.20546428571427,99.01845,107.04973269425072,0.15573159146354953,0.1598905852587178,-0.1598905852587178,70.58823529411764,316.0,23.5,13.0,13.0,0.0,9.333333333333334,0,1,0,,-1.832290909090906,,,-17.851,,53.61324370742885,178.62080645720565,0.625,2.312582951531228,-8.18701428571427
2025,LAW,Catalunya,1,Permanent,RB,15.0,Retired,84.81467692307692,87.82564649572649,84.610454048583,0.2042228744939223,0.31285918177848004,-0.31285918177848004,31.57894736842105,326.0,0.0,7.0,15.0,-8.0,21.666666666666668,2,1,0,-0.024722392909734096,-0.1489921367521374,,-7.688499999999996,-15.333000000000013,,52.977930078281695,181.36598270394916,0.5846153846153846,6.470898464280817,3.0109695726495715
2025,LAW,Melbourne,1,Street,Red Bull,15.0,Retired,106.259,94.31084608843537,107.04973269425072,-0.7907326942507211,-0.8118501331603155,0.8118501331603155,88.23529411764706,326.0,13.2,8.0,17.0,-9.0,9.0,0,1,0,,-4.89078021978022,,,-24.818000000000012,,53.066282045380376,180.55128647243248,0.6,2.327276923076923,-11.948153911564631
2025,LEC,Catalunya,1,Permanent,Ferrari,8.0,Finished,84.6393076923077,84.65329523809525,84.610454048583,0.028853643724701783,0.04420233232642421,-0.04420233232642421,78.94736842105263,333.0,28.0,1.0,8.0,-7.0,16.25,2,2,0,-3.1689692513368937,-0.0024313523433090525,,-22.4895,-5.024000000000001,,56.946320363461105,181.25693123082567,0.2153846153846154,6.69767555171278,0.013987545787557565
2025,LEC,Melbourne,1,Street,Ferrari,8.0,Finished,107.45803571428573,103.66686891757696,107.04973269425072,0.4083030200350066,0.41920722842917507,-0.41920722842917507,17.647058823529417,333.0,29.833333333333332,1.0,6.0,-5.0,9.333333333333334,0,0,1,,,-2.041675824175825,,,25.584999999999994,55.8043867185887,178.62457328978243,0.5714285714285714,1.9964698938992045,-3.791166796708765
2025,NOR,Catalunya,1,Permanent,McLaren,1.0,Finished,84.54135384615385,92.6619215073815,84.610454048583,-0.06910020242914072,-0.10585803792195511,0.10585803792195511,84.21052631578947,322.0,45.5,9.0,2.0,7.0,16.25,3,1,0,-2.611275928457511,-0.1142954822954853,,-22.555999999999997,-15.088000000000008,,53.1159955489862,181.75302712018444,0.43076923076923074,3.966628336940837,8.120567661227653
2025,NOR,Melbourne,1,Street,McLaren,1.0,Finished,107.30723214285716,91.567,107.04973269425072,0.25749944860643836,0.2643762717285092,-0.2643762717285092,47.05882352941176,322.0,35.5,11.0,2.0,9.0,9.333333333333334,0,0,1,,,-5.630799999999987,,,-17.86099999999999,51.77992576231102,179.18024273692703,0.9821428571428571,0.0975897435897436,-15.740232142857167
2025,OCO,Catalunya,1,Permanent,Haas,13.0,Finished,84.8976,85.52993846153846,84.610454048583,0.2871459514170027,0.4398931688428477,-0.4398931688428477,5.263157894736848,307.0,0.0,16.0,15.0,1.0,21.666666666666668,1,2,0,0.1285789473684222,-0.0205805335968397,,4.2620000000000005,-15.697000000000003,,53.57200829549698,176.867739779521,0.8923076923076924,1.8019862700228835,0.6323384615384668
2025,OCO,Melbourne,1,Street,Haas,13.0,Finished,107.38742857142857,98.58289499589829,107.04973269425072,0.33769587717785043,0.3467144394659351,-0.3467144394659351,35.29411764705882,307.0,16.666666666666668,17.0,16.0,1.0,9.333333333333334,0,1,0,,4.9921428571428486,,,39.71000000000001,,54.339247219798104,178.31688690727415,0.3571428571428571,9.871497835497836,-8.804533575530286
2025,PIA,Catalunya,1,Permanent,McLaren,9.0,Finished,84.53070769230771,83.01333333333334,84.610454048583,-0.0797463562752796,-0.12216741065821023,0.12216741065821023,89.47368421052632,332.0,42.5,2.0,4.0,-2.0,16.25,3,1,0,-2.9240805194805226,-0.1359346764346769,,-24.303,-15.489000000000004,,52.248202275569916,181.04682377520385,0.9076923076923077,0.3069814814814815,-1.5173743589743793
2025,PIA,Melbourne,1,Street,McLaren,9.0,Finished,107.60616071428572,124.3169858490566,107.04973269425072,0.5564280200349998,0.5712880793269834,-0.5712880793269834,0.0,332.0,32.333333333333336,2.0,4.0,-2.0,9.333333333333334,0,0,1,,,-0.7421939393939332,,,67.30099999999999,51.677513396696995,179.82250272035995,0.8214285714285714,3.176553418803419,16.710825134770886
2025,RUS,Catalunya,1,Permanent,Mercedes,3.0,Finished,84.64795384615385,91.69431025641026,84.610454048583,0.03749979757085953,0.05744780556022825,-0.05744780556022825,73.6842105263158,308.0,27.25,15.0,9.0,6.0,16.25,3,1,0,-2.0100153711785302,-0.1284545454545453,,-12.492666666666665,-12.617999999999997,,54.49112496625294,180.93757328183312,0.7384615384615385,2.8274746810207336,7.046356410256408
2025,RUS,Melbourne,1,Street,Mercedes,3.0,Finished,107.32394642857142,96.14356603773585,107.04973269425072,0.2742137343206963,0.2815369319382884,-0.2815369319382884,41.17647058823529,308.0,32.333333333333336,16.0,4.0,12.0,9.333333333333334,0,0,1,,,-4.058569696969695,,,-19.742999999999995,53.53243833162113,178.6238343328444,0.44642857142857145,3.782317094017094,-11.180380390835566
2025,SAI,Catalunya,1,Permanent,Williams,18.0,Retired,84.84423076923076,84.64955964912279,84.610454048583,0.2337767206477679,0.35813418904204875,-0.35813418904204875,15.789473684210531,,,,,,16.25,3,1,0,-1.3361332478632455,0.5700194805194799,,-25.585999999999995,30.417,,,,0.4461538461538462,3.1297383658008666,-0.1946711201079694
2025,STR,Melbourne,1,Street,Aston Martin,6.0,Finished,107.21842857142859,98.23677798742138,107.04973269425072,0.16869587717786771,0.17320109734456354,-0.17320109734456354,64.70588235294117,326.0,24.833333333333332,8.0,11.0,-3.0,9.333333333333334,0,0,1,,,-2.1198909090909077,,,-20.254999999999995,53.25397590898678,178.24735687411587,0.5357142857142857,2.483969295072743,-8.981650584007213
2025,TSU,Catalunya,1,Permanent,Red Bull,12.0,Finished,84.80896923076922,92.69581149425287,84.610454048583,0.19851518218622743,0.3041152839675525,-0.3041152839675525,36.8421052631579,327.0,35.6,6.0,6.0,0.0,13.0,4,1,0,-1.1520343291576822,0.3846428571428495,,-18.932249999999996,3.5349999999999966,,57.40420317795789,182.51932396207457,0.7230769230769231,2.228503690476191,7.8868422634836435
2025,TSU,Melbourne,1,Street,RB,12.0,Finished,107.59880357142856,102.03671832358674,107.04973269425072,0.5490708771778401,0.563734455388461,-0.563734455388461,5.882352941176472,327.0,29.333333333333332,7.0,7.0,0.0,9.333333333333334,0,1,0,,-1.4935626373626396,,,6.501000000000005,,55.94145670821332,178.11134311270968,0.5357142857142857,4.408447947454843,-5.5620852478418215
2025,VER,Catalunya,1,Permanent,Red Bull,2.0,Finished,84.70007692307692,94.45028884615385,84.610454048583,0.08962287449392647,0.13729774028638356,-0.13729774028638356,57.89473684210527,326.0,39.2,7.0,5.0,2.0,13.0,3,1,1,0.017326617010444027,-0.129541795665634,-7.372563636363638,-2.6716666666666673,-12.72099999999999,-67.045,54.27696747686139,183.2541216461633,0.5846153846153846,3.3481633838383837,9.750211923076932
2025,VER,Melbourne,1,Street,Red Bull,2.0,Finished,107.28226785714286,104.71536933962265,107.04973269425072,0.23253516289213394,0.2387452856458925,-0.2387452856458925,52.94117647058824,326.0,28.333333333333332,8.0,9.0,-1.0,9.333333333333334,0,1,0,,-4.5122412587412555,,,-11.902,,52.655109449759095,178.45510984634552,0.6071428571428571,2.4843565656565656,-2.566898517520201
2025,ALB,Shanghai,2,Permanent,Williams,7.0,Finished,98.29225454545454,97.84146818181819,99.0778413973064,-0.7855868518518605,-0.2315932352487369,0.2315932352487369,55.00000000000001,339.0,26.5,11.0,11.0,0.0,27.5,0,1,1,,0.0695140350877228,-0.1457804375804357,,5.265000000000001,-21.796999999999997,59.79965460108977,196.50247729214942,0.7090909090909091,2.602326754385965,-0.4507863636363538
2025,ALO,Shanghai,2,Permanent,Aston Martin,17.0,Retired,113.271,140.966,99.0778413973064,14.1931586026936,4.184183469272339,-4.184183469272339,0.0,336.0,57.0,19.0,1.0,18.0,3.0,0,1,0,,20.6875,,,41.375000000000014,,43.581081007928525,170.47514847030607,0.6666666666666666,2.161666666666666,27.695000000000007
2025,ANT,Shanghai,2,Permanent,Mercedes,6.0,Finished,98.28665454545455,96.34566666666666,99.0778413973064,-0.7911868518518475,-0.233244131154559,0.233244131154559,60.0,344.0,29.5,7.0,4.0,3.0,27.5,0,1,1,,0.3159818181818198,-0.1236256518675141,,5.923000000000002,-20.96199999999999,60.79019111049535,197.20453293496055,0.9454545454545454,1.7442727272727274,-1.9409878787878938
2025,BEA,Shanghai,2,Permanent,Haas,8.0,Finished,98.33894545454547,97.775,99.0778413973064,-0.7388959427609336,-0.21782862263132574,0.21782862263132574,50.0,345.0,24.5,6.0,13.0,-7.0,27.5,0,1,1,,-0.1419070077864297,0.0100569230769236,,-18.03100000000001,3.8229999999999937,61.13547446182748,197.40418974180642,0.7090909090909091,2.2023599999999997,-0.5639454545454612
2025,BOR,Shanghai,2,Permanent,Sauber,14.0,Lapped,98.92824074074075,98.96675756172839,99.0778413973064,-0.1496006565656529,-0.04410269847019805,0.04410269847019805,15.000000000000002,337.0,0.0,16.0,20.0,-4.0,27.0,0,0,2,,,-0.07469607805987116,,,-15.395999999999994,60.758663090912925,196.1755151290897,0.09259259259259257,13.538048275862067,0.03851682098763831
2025,DOO,Shanghai,2,Permanent,Alpine,13.0,Finished,98.6458727272727,99.01066666666668,99.0778413973064,-0.4319686700336973,-0.12734559085780495,0.12734559085780495,30.000000000000004,346.0,28.5,3.0,7.0,-4.0,27.5,0,1,1,,0.1926242424242446,-0.0934306982872207,,3.571000000000012,-18.09699999999999,63.48342658404323,196.58616033024055,0.7818181818181819,1.3773777777777778,0.36479393939397653
2025,GAS,Shanghai,2,Permanent,Alpine,20.0,Disqualified,98.47601818181819,98.0635625,99.0778413973064,-0.6018232154882099,-0.1774191933000873,0.1774191933000873,44.99999999999999,337.0,27.0,16.0,9.0,7.0,27.5,0,1,1,,0.334683333333329,-0.1047237126117785,,4.35199999999999,-18.56,64.15364337316645,197.175435360652,0.7090909090909091,1.754080917874396,-0.41245568181818726
2025,HAD,Shanghai,2,Permanent,RB,11.0,Finished,98.7219090909091,104.82650000000001,99.0778413973064,-0.3559323063973068,-0.10492985488973182,0.10492985488973182,19.999999999999996,344.0,18.666666666666668,7.0,17.0,-10.0,18.333333333333332,0,1,2,,0.221354545454551,-0.2017261434217941,,4.38600000000001,-15.1445,61.80701071252662,195.91692639620794,0.9636363636363636,1.3385368592759896,6.104590909090916
2025,HAM,Shanghai,2,Permanent,Ferrari,19.0,Disqualified,97.81118181818181,97.59085012919896,99.0778413973064,-1.2666595791245925,-0.3734148416521427,0.3734148416521427,70.0,351.0,19.333333333333332,1.0,16.0,-15.0,18.333333333333332,0,1,2,,0.2542622377622414,-0.22652911136536605,,5.207000000000008,-15.5535,64.0438443729795,198.03022199634927,0.6,5.7040986842105275,-0.22033168898285282
2025,HUL,Shanghai,2,Permanent,Sauber,15.0,Lapped,99.35846296296296,99.17106848050398,99.0778413973064,0.2806215656565598,0.08272803461230002,-0.08272803461230002,9.999999999999998,333.0,22.0,20.0,15.0,5.0,27.0,0,1,1,,0.145459649122809,-0.0672392156862739,,5.340000000000003,-18.052000000000007,60.321938060416734,195.9298310518034,0.22222222222222213,6.907890977443609,-0.18739448245898416
2025,LAW,Shanghai,2,Permanent,Red Bull,12.0,Finished,98.67718181818184,97.70097932330827,99.0778413973064,-0.4006595791245644,-0.11811558192976572,0.11811558192976572,25.0,337.0,18.0,16.0,18.0,-2.0,18.333333333333332,0,1,2,,-0.501160839160838,-0.016631768476621504,,-13.206000000000005,-7.006,60.21777056328832,196.3056026596824,0.6,3.2266284565108094,-0.9762024948735615
2025,LEC,Shanghai,2,Permanent,Ferrari,18.0,Disqualified,97.75407272727273,97.6336057416268,99.0778413973064,-1.3237686700336724,-0.3902507638605787,0.3902507638605787,75.0,349.0,29.0,2.0,5.0,-3.0,27.5,0,1,1,,0.1604439560439559,-0.0788106271776989,,4.679000000000002,-17.819000000000003,63.64001399139964,197.69270967216937,0.6181818181818182,2.245473867595819,-0.12046698564593328
2025,NOR,Shanghai,2,Permanent,McLaren,2.0,Finished,97.55465454545455,96.89344444444444,99.0778413973064,-1.5231868518518468,-0.44903981027323536,0.44903981027323536,90.0,341.0,29.0,10.0,5.0,5.0,27.5,0,1,1,,0.1989736263736256,-0.0868501742160267,,5.556000000000012,-16.23899999999999,59.60991959497748,198.2558326438745,0.509090909090909,2.4464991289198603,-0.6612101010101128
2025,OCO,Shanghai,2,Permanent,Haas,5.0,Finished,98.18480000000001,96.7074,99.0778413973064,-0.8930413973063906,-0.2632711404546782,0.2632711404546782,65.0,346.0,26.5,3.0,11.0,-8.0,27.5,0,1,1,,0.3029696969697008,-0.109016469038208,,5.01700000000001,-19.317000000000007,61.96895274072323,197.6972481021382,0.6363636363636364,4.240322222222223,-1.477400000000003
2025,PIA,Shanghai,2,Permanent,McLaren,1.0,Finished,97.39421818181816,117.53,99.0778413973064,-1.6836232154882396,-0.4963369059648287,0.4963369059648287,95.0,339.0,30.5,11.0,2.0,9.0,27.5,0,1,1,,0.1887527472527514,-0.1071891256786326,,5.075000000000003,-20.596000000000004,60.031975854856626,198.93726488322366,0.9818181818181818,0.0813095238095238,20.13578181818184
2025,RUS,Shanghai,2,Permanent,Mercedes,3.0,Finished,97.56074545454544,96.4895925925926,99.0778413973064,-1.5170959427609603,-0.4472441929730742,0.4472441929730742,85.0,346.0,28.5,3.0,7.0,-4.0,27.5,0,1,1,,0.2218681318681347,-0.103340085892554,,5.583000000000013,-18.328000000000003,63.09470332907315,198.27803774499813,0.509090909090909,3.0245064102564103,-1.0711528619528394
2025,SAI,Shanghai,2,Permanent,Williams,10.0,Finished,98.6200181818182,98.4228125,99.0778413973064,-0.4578232154882045,-0.1349675842931329,0.1349675842931329,35.0,339.0,22.5,11.0,14.0,-3.0,27.5,0,1,1,,0.1326426470588233,-0.1033653846153854,,5.402999999999992,-18.964,59.67400531511037,195.9804226982366,0.7090909090909091,1.9368677884615384,-0.19720568181818976
2025,STR,Shanghai,2,Permanent,Aston Martin,9.0,Finished,98.51970909090907,99.19694474153297,99.0778413973064,-0.5581323063973258,-0.16453898920366694,0.16453898920366694,40.0,339.0,27.0,11.0,9.0,2.0,27.5,0,1,1,,-0.2244977443609042,-0.0184142857142853,,-17.381,2.945999999999998,61.31925514360748,196.94695888439423,0.5818181818181818,3.706182142857143,0.6772356506238992
2025,TSU,Shanghai,2,Permanent,RB,16.0,Lapped,99.53483333333332,103.45779545454546,99.0778413973064,0.4569919360269239,0.13472252074684268,-0.13472252074684268,5.000000000000004,339.0,14.75,11.0,19.0,-8.0,13.5,0,2,2,,-1.0751204545454536,-0.2681611264822105,,-16.735,-11.037999999999997,61.36145740347879,194.62232583721166,0.5185185185185185,5.085614393939394,3.9229621212121373
2025,VER,Shanghai,2,Permanent,Red Bull,4.0,Finished,97.62605454545456,97.41316948051949,99.0778413973064,-1.4517868518518355,-0.4279908874739513,0.4279908874739513,80.0,342.0,30.0,9.0,3.0,6.0,27.5,0,1,1,,0.1981048951048956,-0.1083548776804596,,4.305999999999997,-19.763999999999996,60.54333904865312,198.60673498123222,0.36363636363636365,3.3309593023255815,-0.21288506493507953
2025,ALB,Suzuka,3,Permanent,Williams,9.0,Finished,93.58776923076925,93.39580944055943,93.75395535444947,-0.16618612368021957,-0.2930784374410182,0.2930784374410182,55.00000000000001,336.0,31.0,6.0,13.0,-7.0,26.0,0,1,1,,-0.0016709486166003,-0.2393133004926103,,1.4820000000000135,-24.602000000000004,67.48538850595212,221.64712962742823,0.5384615384615384,2.7273284072249595,-0.1919597902098218
2025,ALO,Suzuka,3,Permanent,Aston Martin,11.0,Finished,93.88976923076922,93.30067857142856,93.75395535444947,0.1358138763197445,0.23951529630229973,-0.23951529630229973,44.99999999999999,322.0,31.5,18.0,11.0,7.0,26.0,0,1,1,,0.0133735177865588,-0.2022527093596069,,1.8619999999999948,-24.254999999999995,68.56866379043066,221.56391148117885,0.46153846153846156,3.164572713643178,-0.5890906593406555
2025,ANT,Suzuka,3,Permanent,Mercedes,6.0,Finished,93.20555769230769,93.15047624434389,93.75395535444947,-0.548397662141781,-0.9671296637623592,0.9671296637623592,70.0,318.0,32.5,20.0,5.0,15.0,26.0,0,1,1,,-0.0300246941045614,-0.3084686617730093,,0.9249999999999972,-23.831000000000003,71.7428243097273,222.88664833680363,0.6346153846153845,3.389009090909091,-0.055081447963800656
2025,BEA,Suzuka,3,Permanent,Haas,10.0,Finished,93.85071153846155,93.6818846153846,93.75395535444947,0.09675618401207942,0.1706348917409107,-0.1706348917409107,50.0,333.0,30.0,10.0,18.0,-8.0,26.0,0,1,1,,0.0200587238848113,-0.1829007786429337,,0.6920000000000073,-22.052999999999997,71.88290387000384,221.84479662323827,0.46153846153846156,3.670704545454545,-0.16882692307694924
2025,BOR,Suzuka,3,Permanent,Sauber,19.0,Finished,94.30750000000002,114.68399999999998,93.75395535444947,0.5535446455505451,0.9762066541967594,-0.9762066541967594,19.999999999999996,343.0,32.0,1.0,7.0,-6.0,26.0,0,1,1,,-0.2736318464144545,-0.0331719688542861,,-21.735,0.4959999999999951,68.37911750392024,220.25423089902233,0.9807692307692307,1.5708515151515152,20.376499999999965
2025,DOO,Suzuka,3,Permanent,Alpine,15.0,Finished,94.28836538461539,93.98385185185188,93.75395535444947,0.5344100301659154,0.9424616997217811,-0.9424616997217811,25.0,333.0,32.5,10.0,5.0,5.0,26.0,1,0,1,-0.0203978021978044,,-0.107306488674913,0.4060000000000059,,-21.61,70.29687829290842,220.3692756110649,0.4807692307692308,4.961206766917294,-0.304513532763508
2025,GAS,Suzuka,3,Permanent,Alpine,13.0,Finished,93.97457692307692,94.44835714285712,93.75395535444947,0.22062156862745042,0.3890783608596538,-0.3890783608596538,35.0,325.0,32.0,16.0,7.0,9.0,26.0,0,1,1,,0.012952569169958,-0.2182339901477828,,1.0429999999999922,-26.937,72.38239252663223,221.04099128754632,0.7307692307692307,2.317287856071964,0.47378021978019547
2025,HAD,Suzuka,3,Permanent,RB,8.0,Finished,93.54217307692306,93.653381270903,93.75395535444947,-0.2117822775264102,-0.3734897812200921,0.3734897812200921,60.0,334.0,33.5,8.0,2.0,6.0,26.0,0,1,1,,-0.015731739130432,-0.2402359058565914,,1.4680000000000035,-24.086,70.73040720649551,222.23457461105028,0.5,4.875839285714285,0.11120819397993387
2025,HAM,Suzuka,3,Permanent,Ferrari,7.0,Finished,93.38242307692309,93.4826304945055,93.75395535444947,-0.3715322775263843,-0.6552177579270171,0.6552177579270171,65.0,333.0,33.5,10.0,2.0,8.0,26.0,0,1,1,,-0.2323379446640325,-0.0215172413793111,,-20.938999999999993,0.9110000000000014,73.26694914972649,223.11257846136238,0.5576923076923077,3.877971514242878,0.10020741758241059
2025,HUL,Suzuka,3,Permanent,Sauber,16.0,Finished,94.3285,,93.75395535444947,0.5745446455505316,1.013241317801408,-1.013241317801408,15.000000000000002,337.0,31.0,5.0,13.0,-8.0,26.0,0,1,1,,-0.0435818181818195,-0.1513213709677435,,-0.3859999999999957,-21.664,68.99720538530853,220.7532499921983,1.0,1.0578709677419353,
2025,LAW,Suzuka,3,Permanent,RB,17.0,Finished,94.35103846153847,97.83487449392713,93.75395535444947,0.5970831070889915,1.0529891435749177,-1.0529891435749177,5.000000000000004,338.0,30.5,3.0,15.0,-12.0,26.0,1,1,0,-0.2829037593984965,-0.0181151026392971,,-20.99300000000001,0.1290000000000049,,69.55192526673778,220.58911461489592,0.5961538461538461,3.380371875,3.483836032388666
2025,LEC,Suzuka,3,Permanent,Ferrari,4.0,Finished,93.18671153846155,92.98929487179488,93.75395535444947,-0.5672438159879221,-1.0003659003306322,1.0003659003306322,80.0,319.0,30.5,19.0,15.0,4.0,26.0,0,1,1,,-0.0006428571428563,-0.1576191348973607,,1.3020000000000067,-21.866,73.84999134239769,223.1331942685094,0.38461538461538464,5.0524531249999995,-0.19741666666666902
2025,NOR,Suzuka,3,Permanent,McLaren,2.0,Finished,92.93548076923078,,93.75395535444947,-0.818474585218695,-1.443425282502285,1.443425282502285,85.0,324.0,32.0,17.0,7.0,10.0,26.0,0,1,1,,-0.0180902255639108,-0.1701130865102633,,1.0870000000000033,-23.373999999999995,68.19443409041402,223.80917022857554,1.0,1.6157875,
2025,OCO,Suzuka,3,Permanent,Haas,18.0,Finished,94.33957692307693,94.83351923076924,93.75395535444947,0.5856215686274595,1.0327760854170678,-1.0327760854170678,9.999999999999998,338.0,31.5,3.0,11.0,-8.0,26.0,0,1,1,,-0.296002597402598,-0.0357431451612912,,-21.72800000000001,-0.7639999999999958,70.71105370486268,220.77760724198427,0.8269230769230769,2.0254857142857143,0.49394230769230774
2025,PIA,Suzuka,3,Permanent,McLaren,3.0,Finished,92.93519230769233,105.91913461538462,93.75395535444947,-0.818763046757141,-1.4439340004089152,1.4439340004089152,90.0,335.0,32.0,7.0,7.0,0.0,26.0,0,1,1,,-0.0014947368421025,-0.1613011363636342,,1.2749999999999917,-21.995999999999995,67.56038059699874,223.90490257424906,0.9615384615384616,1.316959595959596,12.983942307692288
2025,RUS,Suzuka,3,Permanent,Mercedes,5.0,Finished,93.19923076923077,92.66284615384615,93.75395535444947,-0.5547245852187075,-0.9782875431817216,0.9782875431817216,75.0,330.0,33.0,15.0,4.0,11.0,26.0,0,1,1,,0.0162683178534573,-0.162063559969442,,1.5649999999999975,-21.48100000000001,70.42517107314208,222.9505688705572,0.6538461538461539,1.863845588235294,-0.5363846153846197
2025,SAI,Suzuka,3,Permanent,Williams,14.0,Finished,94.17126923076923,93.29916346153847,93.75395535444947,0.4173138763197528,0.7359561441458966,-0.7359561441458966,30.000000000000004,341.0,30.0,2.0,18.0,-16.0,26.0,1,1,0,-0.3066872180451135,-0.0142239736070386,,-21.72,0.0079999999999955,,68.67915917343143,220.60648845353924,0.8269230769230769,2.8159677419354834,-0.8721057692307568
2025,STR,Suzuka,3,Permanent,Aston Martin,20.0,Lapped,94.78056862745096,94.8894794275492,93.75395535444947,1.0266132730014874,1.8104893913191238,-1.8104893913191238,0.0,334.0,21.0,8.0,20.0,-12.0,17.0,1,1,1,0.0668452380952393,-0.2458690005646518,-0.2889142857142838,0.9299999999999926,-21.318,-19.235,66.67212384479623,219.40998797375488,0.31372549019607837,9.30627417027417,0.1089108000982435
2025,TSU,Suzuka,3,Permanent,Red Bull,12.0,Finished,93.89465384615386,106.3196923076923,93.75395535444947,0.1406984917043843,0.24812958618841124,-0.24812958618841124,40.0,333.0,30.5,10.0,15.0,-5.0,26.0,0,1,1,,0.0052461885940149,-0.1883045606229147,,0.3200000000000074,-22.491,67.88152108170878,221.3699659128162,0.9615384615384616,1.184519047619048,12.425038461538449
2025,VER,Suzuka,3,Permanent,Red Bull,1.0,Finished,92.92803846153848,92.24774999999998,93.75395535444947,-0.8259168929109961,-1.456550204494039,1.456550204494039,95.0,333.0,34.0,10.0,1.0,9.0,26.0,0,1,1,,-0.0002413533834592,-0.1677311217008794,,1.277000000000001,-22.53,69.12537102979945,223.9977199769952,0.9230769230769231,0.4556875,-0.6802884615384954
2025,ALB,Sakhir,4,Permanent,Williams,12.0,Finished,101.45794642857143,106.91664634146342,101.4639741883117,-0.00602775974026315,-0.011000110364977179,0.011000110364977179,40.0,338.0,17.333333333333332,5.0,14.0,-9.0,18.666666666666668,1,1,1,0.1546964285714277,-0.8706753846153859,0.2616205882352987,2.561000000000007,-51.462,8.001999999999995,57.41533278373775,190.00229219234876,0.9285714285714286,1.4586555555555556,5.458699912891987
2025,ALO,Sakhir,4,Permanent,Aston Martin,15.0,Finished,101.67837499999999,105.38226341463415,101.4639741883117,0.21440081168829295,0.3912618771379483,-0.3912618771379483,15.000000000000002,335.0,18.666666666666668,8.0,4.0,4.0,18.666666666666668,0,2,1,,0.16571281512605374,-0.8537053846153844,,5.5625,-52.956999999999994,58.98661729870754,189.90958192104273,0.8035714285714286,1.9361955555555557,3.7038884146341644
2025,ANT,Sakhir,4,Permanent,Mercedes,11.0,Finished,101.50157142857142,124.54160714285715,101.4639741883117,0.03759724025972844,0.06861152569055796,-0.06861152569055796,30.000000000000004,341.0,13.25,2.0,19.0,-17.0,14.0,3,1,0,0.23896258741258689,-0.3967071428571398,,-13.977999999999994,-17.944999999999993,,58.7619048615388,189.77658823819021,0.8928571428571429,1.3535216883116883,23.04003571428572
2025,BEA,Sakhir,4,Permanent,Haas,10.0,Finished,101.43133928571429,97.97462790697674,101.4639741883117,-0.0326349025974082,-0.05955571319869802,0.05955571319869802,50.0,337.0,18.666666666666668,6.0,4.0,2.0,18.666666666666668,2,0,1,-0.3656128571428576,,0.2433436532507744,-23.85000000000001,,9.668999999999995,61.45781059814026,190.58591208104255,0.9464285714285714,1.4182934472934472,-3.456711378737552
2025,BOR,Sakhir,4,Permanent,Sauber,18.0,Finished,101.73214285714286,119.3286590909091,101.4639741883117,0.26816866883116575,0.4893833000455751,-0.4893833000455751,5.000000000000004,339.0,17.666666666666668,3.0,12.0,-9.0,18.666666666666668,0,2,1,,-0.2798020979020952,0.2690192982456169,,-25.146500000000003,13.583000000000013,59.18787187983787,189.98377068261496,0.8214285714285714,1.7434536842105264,17.596516233766238
2025,DOO,Sakhir,4,Permanent,Alpine,14.0,Finished,101.55480357142856,109.59226736111111,101.4639741883117,0.09082938311686917,0.1657553190108963,-0.1657553190108963,25.0,328.0,18.0,15.0,10.0,5.0,18.666666666666668,1,1,1,0.454809523809527,-0.1774035087719279,-0.6475251231527102,4.359000000000009,-16.173999999999992,-18.64699999999999,61.383025867763415,189.8328510012059,0.8392857142857143,1.7534400332728373,8.037463789682548
2025,GAS,Sakhir,4,Permanent,Alpine,7.0,Finished,101.31048214285714,100.75200759878419,101.4639741883117,-0.15349204545455564,-0.2801089480836698,0.2801089480836698,65.0,332.0,19.0,12.0,2.0,10.0,18.666666666666668,1,1,1,0.5377166666666608,-0.2616078431372532,-0.7007458128078826,6.1510000000000105,-16.694000000000003,-18.23700000000001,63.40687578181093,190.87792858155035,0.5714285714285714,2.7764125159642403,-0.5584745440729506
2025,HAD,Sakhir,4,Permanent,RB,13.0,Finished,101.5649285714286,103.71778403361344,101.4639741883117,0.10095438311689975,0.18423251821009132,-0.18423251821009132,19.999999999999996,335.0,17.666666666666668,8.0,12.0,-4.0,18.666666666666668,1,1,1,0.5428000000000102,-0.1397814793901756,-0.6506596059113288,2.7630000000000052,-16.716000000000008,-19.690000000000012,61.37647728343812,190.10176339308967,0.6964285714285714,2.248474025974026,2.1528554621848457
2025,HAM,Sakhir,4,Permanent,Ferrari,5.0,Finished,101.12250000000002,100.2858627232143,101.4639741883117,-0.34147418831167897,-0.6231591702517799,0.6231591702517799,75.0,337.0,16.666666666666668,6.0,18.0,-12.0,18.666666666666668,0,2,1,,0.0120356092436972,-1.1044515384615388,,0.4469999999999954,-53.755999999999986,63.8694456962978,191.27559714685427,0.44642857142857145,3.9270383333333334,-0.8366372767857229
2025,HUL,Sakhir,4,Permanent,Sauber,20.0,Disqualified,101.48973214285716,104.970375,101.4639741883117,0.02575795454546892,0.047005911812247204,-0.047005911812247204,35.0,342.0,17.0,1.0,17.0,-16.0,18.666666666666668,1,2,0,0.378199999999985,-0.34916613308343714,,1.323999999999998,-17.576,,60.60202279444866,190.51816973720364,0.6428571428571429,2.3997924068268897,3.48064285714284
2025,LAW,Sakhir,4,Permanent,RB,16.0,Finished,101.43576785714286,104.01625595238094,101.4639741883117,-0.028206331168831866,-0.05147397527737244,0.05147397527737244,44.99999999999999,339.0,18.0,3.0,10.0,-7.0,18.666666666666668,1,1,1,-0.7632769230769272,0.159945054945055,0.2089824561403507,-52.44200000000001,3.853999999999999,8.493999999999986,60.351267534485146,190.19058147659402,0.8214285714285714,1.5919219001610305,2.5804880952380813
2025,LEC,Sakhir,4,Permanent,Ferrari,4.0,Finished,101.03182142857142,97.43382638888887,101.4639741883117,-0.43215275974027634,-0.7886392717213669,0.7886392717213669,80.0,328.0,17.333333333333332,15.0,14.0,1.0,18.666666666666668,0,2,1,,-0.0079686974789882,-1.2320176923076944,,-1.5944999999999965,-59.797,63.44597368510603,191.53878741927767,0.625,1.854847619047619,-3.5979950396825444
2025,NOR,Sakhir,4,Permanent,McLaren,3.0,Finished,100.98721428571427,103.27400000000002,101.4639741883117,-0.47675990259742207,-0.8700432286868921,0.8700432286868921,90.0,331.0,18.666666666666668,13.0,4.0,9.0,18.666666666666668,1,2,0,0.2981833333333288,-0.6837502682100525,,3.6240000000000094,-34.81100000000001,,59.41363506147445,191.8116263518488,0.8392857142857143,1.1598265993265995,2.2867857142857417
2025,OCO,Sakhir,4,Permanent,Haas,8.0,Finished,101.38433928571428,102.78545102040817,101.4639741883117,-0.07963490259741945,-0.14532641565398213,0.14532641565398213,60.0,328.0,17.333333333333332,15.0,14.0,1.0,18.666666666666668,1,1,1,0.4616428571428526,-0.1805789473684166,-0.596959955506117,3.6270000000000095,-15.754999999999995,-19.37299999999999,60.49100196597078,190.61582641626197,0.5535714285714286,2.870617319159969,1.4011117346938988
2025,PIA,Sakhir,4,Permanent,McLaren,1.0,Finished,100.72753571428572,104.884,101.4639741883117,-0.7364384740259737,-1.343932877282769,1.343932877282769,95.0,303.0,19.333333333333332,20.0,1.0,19.0,18.666666666666668,1,2,0,0.1780109890109919,-0.7865535020242898,,3.8049999999999926,-39.818,,59.10763995151327,191.78511636588289,0.9464285714285714,0.3249074074074075,4.156464285714279
2025,RUS,Sakhir,4,Permanent,Mercedes,2.0,Finished,100.98842857142857,98.2696193877551,101.4639741883117,-0.47554561688312447,-0.8678272682890901,0.8678272682890901,85.0,321.0,19.0,19.0,2.0,17.0,18.666666666666668,2,1,0,-0.517297552447552,-0.1101140350877169,,-27.898999999999994,-6.298999999999992,,69.232685999527,181.42043433803093,0.4107142857142857,4.154615438596491,-2.7188091836734714
2025,SAI,Sakhir,4,Permanent,Williams,19.0,Retired,103.49484090909091,104.2447840909091,101.4639741883117,2.0308667207792155,3.7061460688138497,-3.7061460688138497,0.0,328.0,11.5,15.0,20.0,-5.0,11.0,2,1,1,0.12946978021978175,0.1881805985552105,-3.2866818181818163,2.3614999999999995,4.768000000000001,-47.82200000000002,59.672034581132884,186.2182689224518,0.7954545454545454,10.86448344017094,0.7499431818181961
2025,STR,Sakhir,4,Permanent,Aston Martin,17.0,Finished,101.71582142857143,100.4225061728395,101.4639741883117,0.25184724025973537,0.45959818528717106,-0.45959818528717106,9.999999999999998,335.0,18.666666666666668,8.0,4.0,4.0,18.666666666666668,1,1,1,0.1721363636363619,0.2110751879699251,-0.7538792307692312,2.584000000000003,12.98599999999999,-53.64,58.38325925760292,189.77898855075514,0.7321428571428571,2.0985639393939395,-1.293315255731926
2025,TSU,Sakhir,4,Permanent,Red Bull,9.0,Finished,101.42073214285713,97.80563043478263,101.4639741883117,-0.04324204545456212,-0.07891277902638787,0.07891277902638787,55.00000000000001,330.0,18.666666666666668,14.0,4.0,10.0,18.666666666666668,2,1,0,-0.31001382284381984,0.1163064935064954,,-24.792499999999997,2.8170000000000073,,59.46094622969003,189.94005768089724,0.8571428571428571,1.451438888888889,-3.615101708074505
2025,VER,Sakhir,4,Permanent,Red Bull,6.0,Finished,101.24916071428571,97.90905000000001,101.4639741883117,-0.21481347402598772,-0.3920149481715847,0.3920149481715847,70.0,335.0,18.666666666666668,8.0,4.0,4.0,18.666666666666668,1,1,1,0.4164333333333265,-0.5275137096774214,-0.302707352941175,4.890000000000001,-22.382999999999996,-17.430000000000007,59.235215676834805,190.32673031682842,0.9642857142857143,1.0109541666666666,-3.3401107142857
2025,ALB,Jeddah,5,Street,Williams,9.0,Finished,97.87718367346935,98.088,97.7420383361678,0.13514533730155165,0.20734882429727186,-0.20734882429727186,44.44444444444444,337.0,22.0,9.0,7.0,2.0,24.5,0,1,1,,-1.66265974025974,-0.172862342638203,,-64.25300000000001,-19.950999999999993,66.60980701106008,224.2123312788983,0.9795918367346939,1.5274999999999999,0.2108163265306473
2025,ALO,Jeddah,5,Street,Aston Martin,11.0,Finished,98.05197959183673,95.49491051805337,97.7420383361678,0.3099412556689316,0.47553216594351017,-0.47553216594351017,27.77777777777778,340.0,21.0,2.0,11.0,-9.0,24.5,0,1,1,,-2.2297409700722355,-0.1753008064516123,,-64.70899999999999,-19.459000000000003,70.96589500082665,224.09487210142558,0.7142857142857143,2.5722706093189966,-2.557069073783353
2025,ANT,Jeddah,5,Street,Mercedes,6.0,Finished,97.39212244897959,94.43356037414965,97.7420383361678,-0.3499158871882031,-0.5368638627133583,0.5368638627133583,66.66666666666667,331.0,27.0,17.0,1.0,16.0,24.5,0,1,1,,-2.331877192982455,-0.1524112903225823,,-65.621,-19.480000000000004,70.9966345202194,225.7316534525917,0.42857142857142855,5.974733333333333,-2.958562074829942
2025,BEA,Jeddah,5,Street,Haas,13.0,Finished,97.99616326530612,96.9910589569161,97.7420383361678,0.25412492913832807,0.3898951035497905,-0.3898951035497905,33.333333333333336,338.0,18.0,8.0,13.0,-5.0,24.5,0,1,1,,-2.3734142156862763,-0.1671259164222857,,-62.391000000000005,-20.066000000000003,71.2853433024554,224.97013086675614,0.7959183673469388,1.9555426944971537,-1.0051043083900169
2025,BOR,Jeddah,5,Street,Sauber,18.0,Lapped,98.66899999999998,95.6445625,97.7420383361678,0.9269616638321878,1.4222052717614575,-1.4222052717614575,5.555555555555558,335.0,0.0,12.0,16.0,-4.0,48.0,0,0,1,,,-0.3343922058184971,,,-66.145,69.02792882996776,223.05182791723004,0.6666666666666666,3.243666666666666,-3.0244374999999764
2025,DOO,Jeddah,5,Street,Alpine,17.0,Lapped,98.7008125,96.10316666666667,97.7420383361678,0.9587741638322029,1.4710140919891337,-1.4710140919891337,0.0,336.0,0.0,10.0,16.0,-6.0,24.0,0,0,2,,,-0.5238326810562933,,,-41.411,69.50001758194117,222.2206101752946,0.6875,4.969384250474384,-2.597645833333331
2025,HAD,Jeddah,5,Street,RB,10.0,Finished,97.81283673469387,99.84416326530614,97.7420383361678,0.07079839852607961,0.10862353810813839,-0.10862353810813839,50.0,343.0,21.0,1.0,11.0,-10.0,24.5,0,1,1,,-0.3614161764705883,-0.719854278074863,,-16.866,-64.81200000000001,70.69875036029264,224.77619008040082,0.7551020408163265,2.10271875,2.0313265306122616
2025,HAM,Jeddah,5,Street,Ferrari,7.0,Finished,97.41544897959186,94.83914650912998,97.7420383361678,-0.326589356575937,-0.5010747722869869,0.5010747722869869,61.111111111111114,335.0,22.5,12.0,5.0,7.0,24.5,0,1,1,,-1.5763602484472066,-0.1845573870573885,,-65.676,-18.366,73.2447570544183,226.23278921743875,0.5102040816326531,3.4344006734006736,-2.576302470461883
2025,HUL,Jeddah,5,Street,Sauber,15.0,Lapped,98.42120833333333,95.92091452991451,97.7420383361678,0.6791699971655305,1.0420270741270876,-1.0420270741270876,16.666666666666664,339.0,18.0,5.0,13.0,-8.0,24.0,0,1,1,,-0.2295161764705852,-0.722422104105572,,-11.221999999999994,-63.379999999999995,69.30560955406634,223.58376729577324,0.6666666666666666,3.3366541666666665,-2.5002938034188134
2025,LAW,Jeddah,5,Street,RB,12.0,Finished,97.7984285714286,95.54476530612244,97.7420383361678,0.056390235260806776,0.08651759074073956,-0.08651759074073956,55.55555555555556,336.0,22.0,10.0,7.0,3.0,24.5,0,1,1,,-1.987324561403504,-0.1913548387096762,,-63.47500000000001,-17.834000000000003,70.82470509503322,224.98191448474,0.673469387755102,2.3185447368421057,-2.253663265306159
2025,LEC,Jeddah,5,Street,Ferrari,3.0,Finished,96.87748979591835,93.94204464285716,97.7420383361678,-0.8645485402494444,-1.3264469714456566,1.3264469714456566,77.77777777777779,340.0,26.0,2.0,2.0,0.0,24.5,0,1,1,,-1.0770804597701114,-0.2369636363636363,,-68.664,-17.915999999999997,73.60226916721257,227.15156968044093,0.6326530612244898,3.2170175438596496,-2.9354451530611954
2025,NOR,Jeddah,5,Street,McLaren,4.0,Finished,96.73326530612246,93.82005612244897,97.7420383361678,-1.008773030045333,-1.5477256259013739,1.5477256259013739,94.44444444444444,334.0,23.0,15.0,4.0,11.0,24.5,0,1,1,,-0.3893352941176462,-0.7867583556149705,,-17.51700000000001,-66.48899999999999,70.54594772286468,226.78035961595296,0.5918367346938775,2.390522727272727,-2.9132091836734872
2025,OCO,Jeddah,5,Street,Haas,14.0,Finished,98.30761224489795,95.61088888888888,97.7420383361678,0.5655739087301583,0.8677405182447567,-0.8677405182447567,22.22222222222222,340.0,0.0,2.0,16.0,-14.0,49.0,0,0,1,,,-0.3289921428571437,,,-60.251999999999995,70.06550910562018,223.5087290572253,0.8163265306122449,2.355145833333333,-2.6967233560090733
2025,PIA,Jeddah,5,Street,McLaren,1.0,Finished,96.77085714285714,92.99363636363636,97.7420383361678,-0.971181193310656,-1.4900497688888745,1.4900497688888745,88.88888888888889,339.0,22.5,5.0,5.0,0.0,24.5,0,1,1,,-2.4236635706914305,-0.1263866935483881,,-67.61800000000001,-18.378,70.77184429244748,227.4261550491594,0.7755102040816326,1.6417722222222224,-3.7772207792207837
2025,RUS,Jeddah,5,Street,Mercedes,5.0,Finished,97.28251020408162,93.92595918367347,97.7420383361678,-0.45952813208617727,-0.7050381450229755,0.7050381450229755,72.22222222222221,335.0,22.0,12.0,7.0,5.0,24.5,0,1,1,,-2.154649122807013,-0.0882429365962194,,-67.043,-16.525999999999996,70.6176800031544,225.93581300056323,0.28571428571428564,4.686563520871143,-3.3565510204081477
2025,SAI,Jeddah,5,Street,Williams,8.0,Finished,97.91699999999999,94.57440349854228,97.7420383361678,0.17496166383219247,0.26843763918951796,-0.26843763918951796,38.888888888888886,339.0,22.0,5.0,7.0,-2.0,24.5,0,1,1,,-1.886829323308273,-0.1878995073891645,,-65.59599999999999,-23.358000000000004,69.61498740766456,224.02276631577394,0.4489795918367347,7.994903448275864,-3.342596501457706
2025,STR,Jeddah,5,Street,Aston Martin,16.0,Lapped,98.46779166666664,95.54557280219778,97.7420383361678,0.725753330498847,1.1134982738841228,-1.1134982738841228,11.111111111111116,333.0,17.5,16.0,15.0,1.0,24.0,0,1,1,,-0.8418969696969638,-0.5208684757632152,,-17.351000000000013,-60.729,69.7612818911308,222.70568218999463,0.5833333333333334,4.0361552631578945,-2.92221886446886
2025,VER,Jeddah,5,Street,Red Bull,2.0,Finished,96.86497959183673,92.78776000000002,97.7420383361678,-0.877058744331066,-1.345640945576301,1.345640945576301,83.33333333333334,331.0,24.0,17.0,3.0,14.0,24.5,0,1,1,,-2.013122556390979,-0.187051724137933,,-68.4,-23.37899999999999,72.27451866510236,227.41658720558203,0.4897959183673469,1.9698275862068964,-4.077219591836709
2025,ALB,Imola,7,Permanent,Williams,5.0,Finished,87.47969354838709,88.50030875576037,87.12275898174948,0.35693456663760514,0.2787246232242695,-0.2787246232242695,63.1578947368421,336.0,25.333333333333332,11.0,11.0,0.0,20.666666666666668,0,1,2,,0.1604230979748259,-1.836069014447882,,20.735000000000017,-29.691000000000003,61.18950945066666,200.98733748885968,0.46774193548387094,4.822274801587302,1.0206152073732824
2025,ALO,Imola,7,Permanent,Aston Martin,11.0,Finished,87.64659677419357,92.32946153846152,87.12275898174948,0.523837792444084,0.4090567431028625,-0.4090567431028625,21.052631578947366,336.0,24.666666666666668,11.0,13.0,-2.0,20.666666666666668,0,2,1,,-1.2124489081996437,0.1099512605042032,,-18.451000000000004,11.369,61.61039642003824,200.5830882201301,0.7419354838709677,2.1425115864527626,4.682864764267947
2025,ANT,Imola,7,Permanent,Mercedes,19.0,Retired,83.72581395348837,,87.12275898174948,-3.396945028261115,-2.6526212690320103,2.6526212690320103,89.47368421052632,337.0,36.0,10.0,1.0,9.0,21.5,0,1,1,,-1.3944999999999974,0.1930599343185557,,-51.72999999999999,22.69999999999999,65.72041603666001,209.5087140647993,1.0,1.443113095238095,
2025,BEA,Imola,7,Permanent,Haas,17.0,Finished,87.64445161290323,88.2907303030303,87.12275898174948,0.5216926311537406,0.40738162018596863,-0.40738162018596863,26.315789473684216,347.0,17.0,3.0,18.0,-15.0,20.666666666666668,0,1,2,,-44.46299999999999,-0.005348491118478849,,-44.462999999999994,-12.303500000000007,63.33822144204884,201.69153286510218,0.6129032258064516,9.898312500000001,0.6462786901270761
2025,BOR,Imola,7,Permanent,Sauber,18.0,Finished,87.76379032258065,81.38206666666667,87.12275898174948,0.6410313408311623,0.5005713529827961,-0.5005713529827961,0.0,340.0,18.0,7.0,17.0,-10.0,15.5,0,2,2,,-1.1040248217468778,0.14114215686274506,,-15.974000000000004,0.984499999999997,63.3405040006015,200.8809267599468,0.8709677419354839,2.1233355614973264,-6.381723655913973
2025,GAS,Imola,7,Permanent,Alpine,13.0,Finished,87.68366129032256,90.42294444444444,87.12275898174948,0.5609023085730769,0.4379998443282819,-0.4379998443282819,10.526315789473683,333.0,26.0,16.0,6.0,10.0,20.666666666666668,0,1,2,,0.0957142857142871,0.1025696232560003,,3.628,-19.1865,63.900813336637455,200.58889480961653,0.7419354838709677,2.1609740196078433,2.7392831541218783
2025,HAD,Imola,7,Permanent,RB,9.0,Finished,87.5441935483871,93.53953830645162,87.12275898174948,0.4214345666376147,0.3290916649129519,-0.3290916649129519,47.36842105263158,349.0,22.0,1.0,15.0,-14.0,20.666666666666668,0,1,2,,0.1980238095238122,-1.8194816176470596,,23.239000000000004,-34.46600000000001,63.39161302552841,201.253216818837,0.6451612903225806,2.8333396358543417,5.995344758064519
2025,HAM,Imola,7,Permanent,Ferrari,4.0,Finished,87.3802258064516,94.11063636363636,87.12275898174948,0.2574668247021208,0.20105181849957335,-0.20105181849957335,73.6842105263158,347.0,19.666666666666668,3.0,16.0,-13.0,20.666666666666668,0,1,2,,-0.5379362745098043,-1.621540481422454,,-25.21299999999999,-14.941499999999998,64.47470293995433,201.9519931155859,0.7903225806451613,2.592884453781513,6.730410557184754
2025,HUL,Imola,7,Permanent,Sauber,12.0,Finished,87.60579032258063,89.67248316199928,87.12275898174948,0.48303134083114685,0.3771916229547121,-0.3771916229547121,31.57894736842105,335.0,25.0,14.0,12.0,2.0,31.0,0,1,1,,-0.020547746371276,0.2020722495894921,,-51.479,24.921999999999997,63.41211786193863,201.26335362816306,0.6774193548387096,2.5782542016806724,2.06669283941865
2025,LAW,Imola,7,Permanent,RB,14.0,Finished,87.65749999999998,105.15672327044027,87.12275898174948,0.5347410182505001,0.41757090168786715,-0.41757090168786715,15.789473684210531,338.0,26.666666666666668,9.0,3.0,6.0,20.666666666666668,0,1,2,,0.143316666666663,0.11835719177623405,,2.5700000000000074,-17.5035,64.18019883566184,200.52223497669877,0.9354838709677419,1.7491800825593395,17.499223270440282
2025,LEC,Imola,7,Permanent,Ferrari,6.0,Finished,87.50648387096776,88.10199485420242,87.12275898174948,0.3837248892182714,0.29964476732153256,-0.29964476732153256,52.63157894736843,342.0,24.0,6.0,14.0,-8.0,20.666666666666668,0,1,2,,0.2842333333333283,0.06673154745152024,,3.852000000000004,-24.768500000000003,64.91933287270473,201.14996730132702,0.7258064516129032,2.410459465657608,0.5955109832346608
2025,NOR,Imola,7,Permanent,McLaren,2.0,Finished,87.31454838709678,84.82683325426945,87.12275898174948,0.1917894053472935,0.14976534844299705,-0.14976534844299705,78.94736842105263,331.0,25.666666666666668,17.0,9.0,8.0,20.666666666666668,0,1,2,,0.0091123321123297,-2.493923116615068,,4.366,-39.125499999999995,61.47412522569214,202.20718902454072,0.3064516129032258,8.9460639070443,-2.487715132827333
2025,OCO,Imola,7,Permanent,Haas,20.0,Retired,83.30146153846152,83.3382105263158,87.12275898174948,-3.8212974432879605,-2.9839914361381656,2.9839914361381656,94.73684210526316,310.0,0.0,19.0,19.0,0.0,26.0,0,0,1,,,-0.1477408547008569,,,-22.095,70.80591324226523,211.29749097905903,0.2692307692307692,9.12746153846154,0.03674898785428127
2025,PIA,Imola,7,Permanent,McLaren,3.0,Finished,87.45466129032258,88.25327771428569,87.12275898174948,0.3319023085730919,0.2591773242243159,-0.2591773242243159,68.42105263157895,336.0,25.666666666666668,11.0,9.0,2.0,20.666666666666668,0,1,2,,0.2075979020979038,0.3543134469696976,,4.603999999999999,-8.344499999999996,60.32001389522922,201.13187689520285,0.5645161290322581,4.017576388888888,0.7986164239631108
2025,RUS,Imola,7,Permanent,Mercedes,7.0,Finished,87.5849193548387,86.82972183622829,87.12275898174948,0.462160373089219,0.3608938105153218,-0.3608938105153218,36.8421052631579,344.0,26.333333333333332,5.0,4.0,1.0,20.666666666666668,0,1,2,,0.5102848484848541,0.05785762802728925,,7.677999999999997,-23.577500000000008,62.23683870984847,200.75168486434538,0.6774193548387096,2.74002265795207,-0.7551975186104158
2025,SAI,Imola,7,Permanent,Williams,8.0,Finished,87.56716129032257,87.37877777777777,87.12275898174948,0.44440230857308904,0.34702681554176995,-0.34702681554176995,42.10526315789473,335.0,26.333333333333332,14.0,4.0,10.0,20.666666666666668,0,1,2,,0.4015151515151539,0.0922756999450504,,6.102999999999994,-21.676500000000004,60.629999432141176,200.67956792045052,0.8548387096774194,1.5190470588235294,-0.188383512544803
2025,STR,Imola,7,Permanent,Aston Martin,15.0,Finished,87.71669354838708,85.7329469387755,87.12275898174948,0.5939345666375999,0.46379421826637335,-0.46379421826637335,5.263157894736848,349.0,26.0,1.0,6.0,-5.0,20.666666666666668,0,2,1,,-1.2205964770523594,0.1021880498533733,,-18.942999999999998,10.11,59.71003174798542,200.55539086228856,0.7419354838709677,1.503669406534326,-1.983746609611586
2025,TSU,Imola,7,Permanent,Red Bull,10.0,Finished,87.49337096774194,85.8044677419355,87.12275898174948,0.37061198599245415,0.28940510618301635,-0.28940510618301635,57.89473684210527,340.0,34.0,7.0,2.0,5.0,31.0,0,1,1,,-0.0129556913674566,0.2302731253420943,,-49.47200000000001,28.232,59.91804778445766,200.7917057587561,0.8870967741935484,1.5227037037037037,-1.6889032258064418
2025,VER,Imola,7,Permanent,Red Bull,1.0,Finished,87.26140322580646,,87.12275898174948,0.13864424405697662,0.10826512279554364,-0.10826512279554364,84.21052631578947,311.0,26.0,18.0,6.0,12.0,20.666666666666668,0,1,2,,0.0872454844006593,-2.712392156862745,,11.596999999999994,-47.058499999999995,62.743100839200025,202.67330254235816,1.0,0.0,
2025,ALB,Monte Carlo,10,Street,Williams,20.0,Retired,79.38977333333334,77.60811897860593,79.68058942210564,-0.2908160887723028,-0.10210133459306457,0.10210133459306457,50.0,340.0,17.333333333333332,6.0,15.0,-9.0,25.0,0,2,1,,-1.3313622901107005,-0.2171849217638691,,-26.4865,-17.38000000000001,60.259240912172416,195.36117767827776,0.6,6.412631306306307,-1.781654354727408
2025,ALB,Montreal,10,Street,Williams,20.0,Retired,78.08082222222221,79.55286666666666,79.03864943100095,-0.9578272087787383,-1.0396241650307905,1.0396241650307905,90.0,340.0,25.5,7.0,15.0,-8.0,22.5,0,1,1,,0.0805948051948046,-0.1522578260869519,,0.7329999999999899,-15.051000000000002,62.74213274207501,198.89937282487557,0.8666666666666667,1.65875,1.4720444444444496
2025,ALO,Monte Carlo,10,Street,Aston Martin,7.0,Finished,80.53628571428573,77.60657894736842,79.68058942210564,0.8556962921800846,0.30042262725818086,-0.30042262725818086,5.000000000000004,334.0,25.5,16.0,10.0,6.0,17.5,0,0,2,,,-1.2840660339660326,,,-24.7235,64.91936991977813,199.46733843591963,0.2857142857142857,10.586166666666667,-2.929706766917306
2025,ALO,Montreal,10,Street,Aston Martin,7.0,Finished,78.81636231884059,78.72228502415459,79.03864943100095,-0.2222871121603589,-0.24127008635667463,0.24127008635667463,55.00000000000001,334.0,37.285714285714285,17.0,3.0,14.0,9.857142857142858,0,1,6,,0.1663626373626399,-1.6715174953314638,,1.3880000000000052,-7.569333333333333,64.45662899913917,197.83067996966764,0.6521739130434783,21.173870113814758,-0.09407729468600223
2025,ANT,Monte Carlo,10,Street,Mercedes,3.0,Finished,80.37204054054055,78.23476013513513,79.68058942210564,0.6914511184349124,0.24275851551441205,-0.24275851551441205,9.999999999999998,335.0,18.5,15.0,13.0,2.0,24.666666666666668,0,1,2,,-14.618000000000013,-2.0101518796392366,,-14.617999999999997,-26.5335,65.01957858850346,197.86650742042764,0.7027027027027027,7.342219402985076,-2.13728040540542
2025,ANT,Montreal,10,Street,Mercedes,3.0,Finished,78.70120289855072,83.66433572567782,79.03864943100095,-0.3374465324502296,-0.3662639423121104,0.3662639423121104,70.0,335.0,33.166666666666664,16.0,9.0,7.0,11.5,0,1,5,,0.0568706293706315,0.45024657999571377,,1.1460000000000008,-6.247399999999999,65.4471673706452,198.81033190126328,0.6811594202898551,2.3654233716475095,4.963132827127097
2025,BEA,Monte Carlo,10,Street,Haas,11.0,Lapped,79.31472,78.38291000000001,79.68058942210564,-0.36586942210564644,-0.12845147750070948,0.12845147750070948,55.00000000000001,343.0,26.5,2.0,9.0,-7.0,37.5,0,1,1,,-0.0516904417893862,-1.337260714285711,,-20.641999999999996,-30.01599999999999,64.13752442080491,194.97313900181587,0.8266666666666667,5.99662768361582,-0.9318099999999845
2025,BEA,Montreal,10,Street,Haas,11.0,Lapped,79.80098529411765,79.26117307692309,79.03864943100095,0.7623358631167036,0.8274381620211526,-0.8274381620211526,25.0,343.0,19.0,3.0,19.0,-16.0,13.6,3,1,1,5.053333333333323,0.0588485294117672,-0.0683387429439851,5.053333333333332,-0.1669999999999873,-19.589,64.88113896217342,196.89373433242378,0.7794117647058824,8.657266666666667,-0.5398122171945658
2025,BOR,Monte Carlo,10,Street,Sauber,14.0,Lapped,79.42270666666666,78.96414914438503,79.68058942210564,-0.25788275543898465,-0.0905389162271303,0.0905389162271303,40.0,344.0,33.666666666666664,1.0,4.0,-3.0,25.0,1,1,1,-1.0120000000000122,-0.0597185803419488,-0.5885847826086943,-16.899,-18.379999999999995,-31.78099999999999,63.54109368565268,194.2963861469699,0.5733333333333334,4.103593972854842,-0.45855752228162316
2025,BOR,Montreal,10,Street,Sauber,14.0,Lapped,79.85182352941176,77.62830177556819,79.03864943100095,0.813174098410812,0.8826179036643924,-0.8826179036643924,15.000000000000002,344.0,34.8,2.0,6.0,-4.0,13.6,0,4,1,,3.619587009803918,-0.019206637372803,,-0.6637499999999998,-1.9380000000000024,64.17454120113452,196.3023772813609,0.5441176470588235,3.2697123904881096,-2.2235217538435705
2025,COL,Monte Carlo,10,Street,Alpine,13.0,Lapped,79.92506666666667,75.95388169642857,79.68058942210564,0.2444772445610255,0.08583243469332105,-0.08583243469332105,30.000000000000004,332.0,31.333333333333332,18.0,7.0,11.0,25.0,0,2,1,,-0.3344144020685183,-2.8113363636363617,,-19.4225,-31.067000000000007,63.038035027829416,194.59769679822557,0.8666666666666667,1.4978783765254355,-3.971184970238099
2025,COL,Montreal,10,Street,Alpine,13.0,Lapped,79.86572058823529,78.4779074074074,79.03864943100095,0.827071157234343,0.8977017497311778,-0.8977017497311778,5.000000000000004,332.0,37.0,19.0,4.0,15.0,13.6,0,1,4,,0.0007412587412622,3.9755915008964386,,-0.5970000000000084,-0.7179999999999995,63.887598012813505,196.4459122907067,0.75,2.2452705128205133,-1.3878131808278908
2025,GAS,Monte Carlo,10,Street,Alpine,15.0,Lapped,90.89766666666668,108.723,79.68058942210564,11.21707724456104,3.938154046903107,-3.938154046903107,0.0,326.0,55.0,20.0,1.0,19.0,6.0,0,1,0,,-7.234628571428582,,,-29.712000000000003,,64.94343400919686,197.93230767602915,0.8333333333333334,1.1456666666666666,17.82533333333332
2025,GAS,Montreal,10,Street,Alpine,15.0,Lapped,79.79869117647058,76.01066666666667,79.03864943100095,0.7600417454696355,0.824948130289483,-0.824948130289483,30.000000000000004,345.0,34.8,1.0,6.0,-5.0,13.6,0,4,1,,2.904354395604385,-0.0235358371040728,,-1.201500000000003,-2.7959999999999923,65.42285561315286,196.88845138203376,0.9117647058823529,2.038226395173454,-3.7880245098039182
2025,HAD,Monte Carlo,10,Street,RB,16.0,Lapped,79.09681578947368,77.35501549030172,79.68058942210564,-0.58377363263196,-0.204954503183048,0.204954503183048,60.0,341.0,19.666666666666668,4.0,11.0,-7.0,25.333333333333332,1,1,1,-3.797999999999994,-2.6992692307692265,-0.0190575686732919,-17.700000000000003,-29.604,-16.525999999999996,61.5778917042156,194.28955454851732,0.1842105263157894,18.955989716312057,-1.7418002991719561
2025,HAD,Montreal,10,Street,RB,16.0,Lapped,79.88473529411765,80.20474642857144,79.03864943100095,0.8460858631166985,0.9183402819685894,-0.9183402819685894,0.0,341.0,24.4,5.0,16.0,-11.0,13.6,3,1,1,4.737999999999999,0.0529636363636394,-0.045525641025641,4.738,0.7340000000000089,-19.12700000000001,62.21554862314332,195.9796701083811,0.8970588235294118,2.8956603773584906,0.32001113445379303
2025,HAM,Monte Carlo,10,Street,Ferrari,6.0,Finished,77.86784415584417,76.1261507936508,79.68058942210564,-1.812745266261473,-0.6364287194147281,0.6364287194147281,75.0,337.0,14.666666666666666,12.0,17.0,-5.0,25.666666666666668,0,1,2,,-0.2585988142292505,-0.9727711858679351,,-16.12700000000001,-25.832499999999996,65.7227874064948,196.25346816727503,0.22077922077922077,18.39864049389779,-1.7416933621933737
2025,HAM,Montreal,10,Street,Ferrari,6.0,Finished,78.82182608695653,79.26097077922078,79.03864943100095,-0.21682334404441406,-0.2353397209281298,0.2353397209281298,50.0,337.0,34.0,13.0,8.0,5.0,11.5,0,1,5,,0.0294120879120878,3.533119743312253,,0.166000000000011,-1.9739999999999973,66.70549775106485,198.8321614570909,0.30434782608695654,19.055168453768452,0.4391446922642501
2025,HUL,Monte Carlo,10,Street,Sauber,8.0,Finished,80.16798666666666,77.79161538461538,79.68058942210564,0.4873972445610235,0.17111814327998168,-0.17111814327998168,15.000000000000002,342.0,33.666666666666664,3.0,4.0,-1.0,25.0,1,1,1,-0.1188579545454521,-3.3136545454545407,-0.0755678152492663,-16.673000000000002,-33.0,-18.813999999999993,65.12511523859531,197.1916264182879,0.84,1.6272411616161617,-2.376371282051281
2025,HUL,Montreal,10,Street,Sauber,8.0,Finished,78.84189855072465,77.24465959595959,79.03864943100095,-0.19675088027629783,-0.21355309992407023,0.21355309992407023,44.99999999999999,342.0,42.833333333333336,4.0,1.0,3.0,11.5,0,1,5,,0.0363333333333336,-1.6759832099907523,,0.6680000000000064,-5.466000000000003,65.50486491489218,198.40731563884262,0.7246376811594203,2.7037937004589074,-1.5972389547650607
2025,LAW,Monte Carlo,10,Street,RB,19.0,Retired,79.07981578947367,78.13890820802006,79.68058942210564,-0.6007736326319701,-0.21092295800757505,0.21092295800757505,65.0,340.0,37.0,6.0,2.0,4.0,25.333333333333332,1,1,1,-1.3596500000000098,-0.6807201970443348,-0.0424142685195335,-17.73100000000001,-35.70100000000001,-15.837000000000003,64.09565786546155,198.47581959519246,0.39473684210526316,11.72532446057673,-0.9409075814536152
2025,LAW,Montreal,10,Street,RB,19.0,Retired,78.1341153846154,77.87351648351648,79.03864943100095,-0.9045340463855496,-0.9817798493263826,0.9817798493263826,85.0,340.0,27.0,7.0,13.0,-6.0,26.0,0,1,1,,-0.4666382352941174,-0.0141258687258678,,-16.09899999999999,-1.331000000000003,64.892576689568,199.303277484028,0.7115384615384616,6.871955357142857,-0.26059890109891626
2025,LEC,Monte Carlo,10,Street,Ferrari,5.0,Finished,77.3051038961039,77.44809174159174,79.68058942210564,-2.3754855260017393,-0.8339987087206332,0.8339987087206332,85.0,336.0,17.333333333333332,13.0,15.0,-2.0,25.666666666666668,0,2,1,,-0.669929484305872,-0.2104865689865702,,-22.797500000000007,-17.68100000000001,65.42791554147412,197.172039561233,0.5844155844155844,2.978064814814815,0.14298784548783772
2025,LEC,Montreal,10,Street,Ferrari,5.0,Finished,78.69275362318841,76.97474181291346,79.03864943100095,-0.34589580781253915,-0.37543477266976566,0.37543477266976566,80.0,336.0,32.0,14.0,10.0,4.0,11.5,0,4,2,,2.9174532967032905,-0.1215519658119669,,-1.009999999999998,-9.098999999999997,66.7525776707841,199.90422735043856,0.3188405797101449,10.26853131868132,-1.7180118102749447
2025,NOR,Monte Carlo,10,Street,McLaren,18.0,Retired,77.27925974025975,75.78153333333333,79.68058942210564,-2.401329681845894,-0.8430722191108556,0.8430722191108556,95.0,338.0,18.666666666666668,10.0,12.0,-2.0,25.666666666666668,0,1,2,,-1.646529411764705,-0.12218610757985254,,-29.354,-16.621000000000002,66.13838548171215,204.8792311556569,0.8441558441558441,1.4951116054875788,-1.497726406926418
2025,NOR,Montreal,10,Street,McLaren,18.0,Retired,76.18044615384616,75.77454285714288,79.03864943100095,-2.858203277154786,-3.102289398616083,3.102289398616083,95.0,338.0,18.0,11.0,20.0,-9.0,21.666666666666668,0,1,2,,-0.3286676986584098,-0.16513950260266191,,-16.706000000000003,-8.942500000000003,66.31752862274227,204.4201693340791,0.6461538461538462,2.5517851851851856,-0.4059032967032863
2025,OCO,Monte Carlo,10,Street,Haas,9.0,Lapped,79.07823684210526,78.4341529605263,79.68058942210564,-0.6023525800003853,-0.2114773036569095,0.2114773036569095,70.0,336.0,35.666666666666664,13.0,3.0,10.0,25.333333333333332,0,2,1,,-1.4556167332667334,-0.0244219447779105,,-26.5925,-17.257999999999996,64.78333228677876,194.89064181428742,0.7368421052631579,2.1202430769230767,-0.6440838815789505
2025,OCO,Montreal,10,Street,Haas,9.0,Lapped,79.7647794117647,79.54169971537002,79.03864943100095,0.7261299807637585,0.7881403535381627,-0.7881403535381627,35.0,336.0,36.6,14.0,5.0,9.0,13.6,0,4,1,,0.21666666666666595,-0.0267917748917739,,-4.120999999999998,-2.73299999999999,65.68754840276478,197.15681353286234,0.3529411764705882,21.570109494949495,-0.2230796963946915
2025,PIA,Monte Carlo,10,Street,McLaren,4.0,Finished,77.29038961038962,76.28008926862611,79.68058942210564,-2.390199811716016,-0.8391646822242093,0.8391646822242093,90.0,339.0,0.0,9.0,18.0,-9.0,25.666666666666668,0,1,2,,-1.5379742002063974,-0.1261807711831481,,-31.416999999999987,-17.818000000000005,62.830220066402944,196.98650993285267,0.2987012987012987,4.779956263867554,-1.0103003417635108
2025,PIA,Montreal,10,Street,McLaren,4.0,Finished,78.70808695652174,81.01623232323234,79.03864943100095,-0.3305624744792084,-0.358791996480386,0.358791996480386,60.0,339.0,21.333333333333332,10.0,17.0,-7.0,11.5,3,1,2,-0.14833333333334256,0.0222571428571397,-0.20142847018049304,-0.1483333333333358,-0.3250000000000028,-16.412,64.45793330995839,199.98889627776265,0.8695652173913043,3.8111121062845204,2.3081453667106047
2025,RUS,Monte Carlo,10,Street,Mercedes,1.0,Finished,79.64813333333335,78.32675282051282,79.68058942210564,-0.032456088772292446,-0.011394864683420648,0.011394864683420648,35.0,330.0,31.0,19.0,8.0,11.0,25.0,0,1,2,,-0.4733321428571422,-0.7955954072398237,,-14.450000000000005,-26.078500000000005,64.54260921182741,193.37908181433696,0.68,10.728793333333334,-1.3213805128205252
2025,RUS,Montreal,10,Street,Mercedes,1.0,Finished,78.70776811594203,76.2202638888889,79.03864943100095,-0.3308813150589174,-0.35913806555048533,0.35913806555048533,65.0,330.0,32.0,20.0,10.0,10.0,11.5,0,1,5,,0.0572272727272728,0.6660473588480434,,0.2780000000000058,-6.192999999999998,67.45596560966705,199.72982646933917,0.8985507246376812,0.38099103448275856,-2.4875042270531367
2025,SAI,Monte Carlo,10,Street,Williams,10.0,Lapped,79.42216,78.1264925490196,79.68058942210564,-0.25842942210563535,-0.09073084300971722,0.09073084300971722,44.99999999999999,334.0,33.666666666666664,16.0,4.0,12.0,25.0,0,2,1,,-2.166827391304346,-0.2954094357076774,,-17.252499999999998,-36.09299999999999,61.42038416775431,193.72358978838943,0.4666666666666667,15.535188164251204,-1.2956674509804031
2025,SAI,Montreal,10,Street,Williams,10.0,Lapped,79.75883823529412,77.03555555555556,79.03864943100095,0.7201888042931728,0.781691809822842,-0.781691809822842,40.0,334.0,30.6,17.0,12.0,5.0,13.6,0,4,1,,-0.033762500000009465,-0.0256668109668097,,-4.4197500000000005,-2.1899999999999977,62.76756041177232,196.7209408761498,0.8676470588235294,0.9831000000000001,-2.72328267973856
2025,STR,Monte Carlo,10,Street,Aston Martin,17.0,Lapped,80.08293333333334,76.9618025,79.68058942210564,0.4023439112277032,0.1412571445932135,-0.1412571445932135,19.999999999999996,340.0,18.333333333333332,6.0,14.0,-8.0,25.0,0,1,2,,-0.6084505494505462,-0.8717061698823825,,-19.581000000000003,-24.1055,60.55347977849592,191.50028241343824,0.8133333333333334,2.1312606655755593,-3.121130833333339
2025,STR,Montreal,10,Street,Aston Martin,17.0,Lapped,79.85513235294118,77.43035795454546,79.03864943100095,0.816482921940235,0.8862092955850673,-0.8862092955850673,9.999999999999998,340.0,19.333333333333332,7.0,18.0,-11.0,11.333333333333334,3,1,2,4.571999999999986,-0.7579714285714287,-0.06291426447948265,4.571999999999998,-27.07799999999999,-9.470499999999994,62.72461769401704,195.92107525520183,0.6617647058823529,2.6598887205387203,-2.4247743983957264
2025,TSU,Monte Carlo,10,Street,Red Bull,12.0,Lapped,79.93621333333336,83.56865714285715,79.68058942210564,0.25562391122771544,0.08974586860180109,-0.08974586860180109,25.0,341.0,0.0,4.0,18.0,-14.0,37.5,0,1,1,,-5.267400000000017,-0.1152552313883307,,-16.040000000000006,-33.55600000000001,60.85717234022792,194.89546066967384,0.8666666666666667,3.68325176056338,3.6324438095237923
2025,TSU,Montreal,10,Street,Red Bull,12.0,Lapped,79.8060294117647,79.20409014925373,79.03864943100095,0.7673799807637494,0.8329130394824155,-0.8329130394824155,19.999999999999996,341.0,39.6,5.0,2.0,3.0,13.6,0,4,1,,3.6109560606060604,-0.024953992757766,,-0.7550000000000026,-3.483000000000004,61.66430331462375,196.59334765809507,0.5441176470588235,4.01869037037037,-0.6019392625109674
2025,VER,Monte Carlo,10,Street,Red Bull,2.0,Finished,77.49863636363635,75.79841125541125,79.68058942210564,-2.18195305846929,-0.7660522505120461,0.7660522505120461,80.0,338.0,0.0,10.0,18.0,-8.0,25.666666666666668,1,1,1,-15.561999999999998,-0.0271270408163267,-0.8333254700854722,-15.561999999999998,-16.182999999999993,-29.995000000000005,63.764994257956644,197.42060880188797,0.8831168831168831,3.842505170068027,-1.7002251082250979
2025,VER,Montreal,10,Street,Red Bull,2.0,Finished,78.70097101449274,78.08686504723347,79.03864943100095,-0.3376784165082114,-0.3665156289085589,0.3665156289085589,75.0,338.0,26.666666666666668,11.0,14.0,-3.0,11.5,0,1,5,,0.0953333333333363,0.5185386941045576,,0.5729999999999933,-6.314799999999996,64.94004272710977,199.9156708652972,0.7101449275362319,2.4444036781609193,-0.6141059672592633
2025,ALB,Spielberg,11,Permanent,Williams,17.0,Retired,78.43221428571428,83.22999999999999,72.75982738775551,5.6723868979587735,3.680414447298119,-3.680414447298119,0.0,321.0,17.5,13.0,3.0,10.0,7.0,0,2,0,,-5.6381695804195875,,,-22.171,,58.085196664886794,197.18226932012348,0.8571428571428571,5.103791666666666,4.797785714285709
2025,ALO,Spielberg,11,Permanent,Aston Martin,7.0,Lapped,72.40004411764706,72.46758823529412,72.75982738775551,-0.35978327010845135,-0.23343815734427528,0.23343815734427528,52.94117647058824,323.0,19.0,11.0,1.0,10.0,34.0,0,1,1,,-0.3447708944281521,-0.0655880308880289,,-32.641999999999996,-16.539,63.96213851394734,213.35262954509363,0.9558823529411765,1.0102750896057349,0.06754411764705992
2025,BEA,Spielberg,11,Permanent,Haas,11.0,Lapped,72.6928382352941,72.50780172413792,72.75982738775551,-0.06698915246140302,-0.043464567732487545,0.043464567732487545,29.411764705882348,325.0,13.0,6.0,11.0,-5.0,22.666666666666668,1,1,1,-3.226333333333331,-0.0866614015572855,-0.1031217843459204,-32.60300000000001,-18.081000000000003,-14.076999999999998,68.29342579221297,212.99223714671894,0.5882352941176471,2.8580246031746035,-0.18503651115618425
2025,BOR,Spielberg,11,Permanent,Sauber,8.0,Lapped,72.45520588235294,71.18395824175823,72.75982738775551,-0.30462150540256516,-0.19764755289254796,0.19764755289254796,41.17647058823529,325.0,10.666666666666666,6.0,15.0,-9.0,22.666666666666668,0,2,1,,-0.5199925805894028,-0.2273902255639092,,-24.6785,-17.964,68.17856430296273,213.57506824515318,0.4852941176470588,4.620588972431077,-1.2712476405947086
2025,COL,Spielberg,11,Permanent,Alpine,15.0,Lapped,72.90591176470589,71.62860535714286,72.75982738775551,0.1460843769503839,0.09478391744509046,-0.09478391744509046,17.647058823529417,321.0,14.0,13.0,5.0,8.0,22.666666666666668,1,1,1,-2.269510489510487,-0.0556075213675241,-0.0743706340378195,-30.997,-14.114000000000004,-17.290000000000006,66.93142211083153,212.35373384806394,0.6323529411764706,2.6875755555555556,-1.2773064075630316
2025,GAS,Spielberg,11,Permanent,Alpine,13.0,Lapped,72.94744117647058,72.6701624431449,72.75982738775551,0.18761378871506906,0.12172944316399756,-0.12172944316399756,11.764705882352944,323.0,11.333333333333334,11.0,14.0,-3.0,22.666666666666668,1,1,1,-2.872972727272725,-0.0759669354838714,-0.0751193162393161,-34.28,-17.570999999999998,-14.040999999999997,67.67919070133797,212.18700330851098,0.5147058823529411,2.811834017595308,-0.277278733325673
2025,HAD,Spielberg,11,Permanent,RB,12.0,Lapped,72.62592647058824,84.3555588235294,72.75982738775551,-0.13390091716726715,-0.08687892397223791,0.08687892397223791,35.29411764705882,327.0,15.333333333333334,4.0,4.0,0.0,22.666666666666668,1,1,1,0.0,-0.2324618803418815,-0.0194006968641105,0.0,-29.155,-17.165000000000006,67.019964556696,213.0720273874828,0.5588235294117647,2.7767257661038145,11.729632352941167
2025,HAM,Spielberg,11,Permanent,Ferrari,4.0,Finished,71.88366666666667,70.78133626708913,72.75982738775551,-0.8761607210888371,-0.5684793075752447,0.5684793075752447,76.47058823529412,320.0,13.333333333333334,17.0,9.0,8.0,23.0,0,2,1,,-0.42335564488143573,-0.1083965217391283,,-26.050500000000007,-13.076999999999998,68.13775435416201,215.62877142911572,0.2463768115942029,5.164097222222222,-1.1023303995775393
2025,HUL,Spielberg,11,Permanent,Sauber,9.0,Lapped,72.30570588235294,77.31473090231569,72.75982738775551,-0.45412150540256846,-0.2946476288339616,0.2946476288339616,70.58823529411764,329.0,13.0,2.0,11.0,-9.0,22.666666666666668,1,2,0,-2.4238909090909084,-0.1169488187933686,,-29.832000000000008,-14.803000000000004,,67.84724291093261,214.38744025492034,0.5441176470588235,2.9150695924764896,5.009025019962749
2025,LAW,Spielberg,11,Permanent,RB,6.0,Finished,72.32697101449276,71.480227791197,72.75982738775551,-0.4328563732627515,-0.2808501744361931,0.2808501744361931,64.70588235294117,321.0,18.0,13.0,2.0,11.0,34.5,0,1,1,,-0.3761358870967748,-0.0801224422803387,,-33.262,-18.130999999999982,68.00568147692924,213.55240575088735,0.4927536231884058,3.6600770270270275,-0.8467432232957606
2025,LEC,Spielberg,11,Permanent,Ferrari,3.0,Finished,71.78711594202899,70.31300000000002,72.75982738775551,-0.9727114457265174,-0.6311243083916547,0.6311243083916547,82.35294117647058,324.0,14.0,8.0,5.0,3.0,23.0,0,2,1,,-0.46299602484471813,-0.1572556521739117,,-27.4015,-13.471999999999994,69.26617484256428,215.61971368612734,0.11594202898550723,11.197265786749483,-1.4741159420289733
2025,NOR,Spielberg,11,Permanent,McLaren,1.0,Finished,71.57727536231884,77.60148,72.75982738775551,-1.1825520254366637,-0.7672751590102099,0.7672751590102099,94.11764705882352,324.0,13.666666666666666,8.0,7.0,1.0,23.0,0,2,1,,-0.7170713106295111,-0.0658178152492664,,-28.569000000000003,-13.863,66.72054398948003,216.33202457499192,0.8985507246376812,0.7698912037037037,6.0242046376811516
2025,OCO,Spielberg,11,Permanent,Haas,10.0,Lapped,72.43966176470587,71.05383662464986,72.75982738775551,-0.3201656230496326,-0.20773304180363675,0.20773304180363675,47.05882352941176,324.0,13.0,8.0,11.0,-3.0,22.666666666666668,0,1,2,,-1.0360010319917443,-0.16880946519524564,,-32.077,-16.108499999999992,68.32303705115238,213.57532077424432,0.6764705882352942,2.6062271898383953,-1.3858251400560135
2025,PIA,Spielberg,11,Permanent,McLaren,2.0,Finished,71.58959420289857,70.97226614906833,72.75982738775551,-1.17023318485694,-0.759282326423298,0.759282326423298,88.23529411764706,330.0,13.333333333333334,1.0,9.0,-8.0,23.0,0,2,1,,-0.5174543177943132,-0.0803167487684732,,-27.152500000000003,-15.290999999999997,65.67741202725198,216.1811772727661,0.5217391304347826,2.558148602169504,-0.617328053830235
2025,RUS,Spielberg,11,Permanent,Mercedes,5.0,Finished,72.35365217391305,71.20043388685028,72.75982738775551,-0.40617521384245947,-0.2635386393862049,0.2635386393862049,58.82352941176471,328.0,10.666666666666666,3.0,15.0,-12.0,23.0,0,2,1,,-0.7281229620053143,-0.1327684615384625,,-24.869,-17.019000000000005,65.86691546788495,213.7208561145516,0.3333333333333333,10.414781517094017,-1.1532182870627707
2025,STR,Spielberg,11,Permanent,Aston Martin,14.0,Lapped,72.81467647058822,71.84630203619909,72.75982738775551,0.0548490828327175,0.03558772709090547,-0.03558772709090547,23.529411764705888,321.0,13.666666666666666,13.0,7.0,6.0,22.666666666666668,1,1,1,-0.3665735294117661,-0.4937161538461544,-0.0823949938949957,-16.736000000000004,-29.217,-13.596000000000004,64.210797344724,212.29163944941877,0.47058823529411764,4.291803333333333,-0.9683744343891334
2025,TSU,Spielberg,11,Permanent,Red Bull,16.0,Lapped,73.37916417910448,76.2358547368421,72.75982738775551,0.6193367913489709,0.40184425280374797,-0.40184425280374797,5.882352941176472,327.0,10.25,4.0,17.0,-13.0,16.75,1,2,1,-2.3318095238095213,-0.6081321089336724,-0.3129965034965014,-30.832000000000008,-27.646499999999996,-8.632000000000005,63.75830995046281,210.65611942858433,0.582089552238806,10.758383333333333,2.856690557737622
2025,ALB,Silverstone,12,Permanent,Williams,8.0,Finished,113.4841176470588,127.88824999999997,116.42292729847493,-2.938809651416136,-0.404714420878785,0.404714420878785,44.44444444444444,334.0,17.666666666666668,5.0,4.0,1.0,17.0,0,1,0,,-2.249387878787874,,,-33.71300000000001,,51.25736074757771,186.04741522525137,0.9607843137254902,1.5397636363636364,14.404132352941176
2025,ALO,Silverstone,12,Permanent,Aston Martin,9.0,Finished,113.55147058823532,98.11990909090908,116.42292729847493,-2.871456710239613,-0.39543899653491704,0.39543899653491704,33.333333333333336,336.0,17.0,2.0,5.0,-3.0,17.0,0,1,0,,-1.9634821428571427,,,-44.05599999999998,,51.4170046865506,186.5569405649301,0.7843137254901961,2.5594811965811965,-15.431561497326243
2025,ANT,Silverstone,12,Permanent,Mercedes,16.0,Retired,131.2505,115.74375,116.42292729847493,14.827572701525057,2.041960252867722,-2.041960252867722,5.555555555555558,312.0,16.0,17.0,8.0,9.0,5.5,0,0,1,,,-6.708178571428591,,,-54.21400000000001,43.86203276648928,160.69684525398426,0.6363636363636364,3.154320346320346,-15.506749999999982
2025,BEA,Silverstone,12,Permanent,Haas,11.0,Finished,113.16643137254898,111.38179166666669,116.42292729847493,-3.2564959259259467,-0.4484641807679364,0.4484641807679364,72.22222222222221,346.0,12.0,1.0,17.0,-16.0,17.0,0,1,1,,-2.0478090909090905,-4.415850000000017,,-32.37100000000001,-33.912000000000006,53.64406966098767,186.4703533426898,0.9215686274509803,1.343523080265016,-1.7846397058822987
2025,BOR,Silverstone,12,Permanent,Sauber,18.0,Retired,136.9505,,116.42292729847493,20.527572701525074,2.8269284789988225,-2.8269284789988225,0.0,267.0,63.0,18.0,1.0,17.0,2.0,0,1,0,,-1.6590000000000154,,,-1.6589999999999918,,38.12763735310539,153.5673591049683,1.0,1.4735,
2025,GAS,Silverstone,12,Permanent,Alpine,6.0,Finished,113.46145098039214,115.13642156862745,116.42292729847493,-2.961476318082788,-0.40783593195345635,0.40783593195345635,55.55555555555556,335.0,15.333333333333334,3.0,13.0,-10.0,17.0,0,1,0,,-2.044990909090909,,,-34.745999999999995,,54.0444674751923,186.16025751957676,0.7058823529411765,1.9472111111111108,1.6749705882353112
2025,HAD,Silverstone,12,Permanent,RB,17.0,Retired,126.8885,113.87971875,116.42292729847493,10.465572701525062,1.4412529892916088,-1.4412529892916088,11.111111111111116,316.0,27.0,16.0,2.0,14.0,8.0,0,1,0,,-4.576450000000016,,,-36.024,,47.005839069600654,166.53925034496058,0.6875,2.438587301587302,-13.008781249999998
2025,HAM,Silverstone,12,Permanent,Ferrari,4.0,Finished,113.07294117647056,103.46748823529411,116.42292729847493,-3.349986122004367,-0.4613390638164147,0.4613390638164147,77.77777777777779,325.0,13.666666666666666,9.0,15.0,-6.0,17.0,1,0,0,-2.1481272727272724,,,-38.109999999999985,,,57.51230331020942,186.99496881452023,0.6666666666666666,3.7222313131313123,-9.605452941176452
2025,HUL,Silverstone,12,Permanent,Sauber,3.0,Finished,112.88321568627451,101.38137209302324,116.42292729847493,-3.5397116122004206,-0.4874668675867742,0.4874668675867742,83.33333333333334,325.0,16.0,9.0,8.0,1.0,17.0,0,1,0,,-1.9203878787878743,,,-29.554,,54.79632175623245,187.91103083066645,0.6274509803921569,12.500139646464646,-11.501843593251266
2025,LEC,Silverstone,12,Permanent,Ferrari,14.0,Finished,113.4947843137255,105.3260862745098,116.42292729847493,-2.928142984749428,-0.40324547449069775,0.40324547449069775,38.888888888888886,332.0,17.0,6.0,5.0,1.0,17.0,1,1,0,-3.1324666666666623,-4.6389833333333526,,-49.42100000000001,-37.776,,54.8011885263244,185.9505505676911,0.6470588235294118,3.6870782407407408,-8.168698039215698
2025,NOR,Silverstone,12,Permanent,McLaren,1.0,Finished,112.30468627450982,109.53559689922479,116.42292729847493,-4.118241023965112,-0.5671383072565281,0.5671383072565281,94.44444444444444,319.0,15.333333333333334,14.0,13.0,1.0,17.0,0,1,0,,-2.3593690476190368,,,-27.257999999999996,,53.151368835779685,188.160997981327,0.7254901960784313,1.4894781144781144,-2.7690893752850343
2025,OCO,Silverstone,12,Permanent,Haas,13.0,Finished,113.69392156862745,133.99317647058822,116.42292729847493,-2.7290057298474864,-0.3758215415543831,0.3758215415543831,27.77777777777778,335.0,13.0,3.0,16.0,-13.0,17.0,0,1,0,,-2.5499151515151484,,,-41.468,,53.59145373020819,186.18502845589876,0.9215686274509803,1.7727271241830067,20.29925490196078
2025,PIA,Silverstone,12,Permanent,McLaren,2.0,Finished,112.47045098039216,95.46411111111112,116.42292729847493,-3.9524763180827733,-0.5443102323211593,0.5443102323211593,88.88888888888889,319.0,15.666666666666666,14.0,10.0,4.0,17.0,0,1,0,,-2.8359500000000097,,,-37.29599999999999,,53.370874510069264,188.094958066015,0.8235294117647058,2.9824937499999997,-17.006339869281035
2025,RUS,Silverstone,12,Permanent,Mercedes,10.0,Finished,113.25180392156862,117.7952769607843,116.42292729847493,-3.1711233769063085,-0.4367072091250881,0.4367072091250881,66.66666666666667,332.0,18.0,6.0,3.0,3.0,17.0,0,0,2,,,-3.265357509157515,,,-40.071499999999986,53.490584465521714,186.58969111309875,0.6862745098039216,4.36298544973545,4.543473039215684
2025,SAI,Silverstone,12,Permanent,Williams,12.0,Finished,113.7465294117647,101.19561358885022,116.42292729847493,-2.676397886710234,-0.3685767195705178,0.3685767195705178,22.22222222222222,325.0,16.666666666666668,9.0,7.0,2.0,17.0,0,1,0,,-2.3118454545454528,,,-33.426,,51.12092142002541,185.5384793123365,0.6666666666666666,2.9657020202020203,-12.550915822914476
2025,STR,Silverstone,12,Permanent,Aston Martin,7.0,Finished,113.37499999999996,107.91670531400965,116.42292729847493,-3.047927298474974,-0.41974141839657014,0.41974141839657014,61.111111111111114,321.0,10.75,13.0,18.0,-5.0,12.75,2,0,0,-5.4345363636363775,,,-31.146500000000003,,,52.75474685090417,186.38548713626244,0.37254901960784315,5.2073927052785915,-5.45829468599031
2025,TSU,Silverstone,12,Permanent,Red Bull,15.0,Lapped,115.10175999999996,105.79587764705884,116.42292729847493,-1.3211672984749754,-0.18194286854496777,0.18194286854496777,16.666666666666664,323.0,15.666666666666666,12.0,10.0,2.0,16.666666666666668,0,1,0,,-3.603006060606055,,,-52.501000000000005,,48.76594548809649,183.32701572791368,0.44,14.37168888888889,-9.305882352941111
2025,VER,Silverstone,12,Permanent,Red Bull,5.0,Finished,113.46462745098039,108.26033529411765,116.42292729847493,-2.958299847494544,-0.4073984883599456,0.4073984883599456,50.0,332.0,15.666666666666666,6.0,10.0,-4.0,17.0,0,1,0,,-2.1830727272727244,,,-36.39500000000001,,52.2161174779003,186.42549223757123,0.6862745098039216,3.8277383838383834,-5.204292156862735
2025,ALB,Spa-Francorchamps,13,Permanent,Williams,6.0,Finished,115.61002325581394,107.05626666666667,115.88290636766335,-0.27288311184940994,-0.41529614065690257,0.41529614065690257,65.0,328.0,23.5,16.0,4.0,12.0,21.5,0,2,0,,-2.7523671554252176,,,-36.419500000000006,,66.88896564115623,217.9676868098434,0.6511627906976745,2.1037698863636365,-8.55375658914727
2025,ALO,Spa-Francorchamps,13,Permanent,Aston Martin,17.0,Finished,116.0894418604651,131.69623255813954,115.88290636766335,0.20653549280174843,0.31432283400730016,-0.31432283400730016,40.0,343.0,18.0,8.0,15.0,-7.0,21.5,0,2,0,,-2.78422407531194,,,-33.4445,,65.31820821115724,216.54860461344754,0.9534883720930233,1.0368681818181817,15.606790697674441
2025,ANT,Spa-Francorchamps,13,Permanent,Mercedes,16.0,Finished,116.11448837209304,120.56533333333334,115.88290636766335,0.2315820044296828,0.3524406916698863,-0.3524406916698863,35.0,356.0,13.0,1.0,20.0,-19.0,21.5,0,2,0,,-2.407546425953076,,,-32.87649999999999,,66.75777999633792,217.4961745579637,0.9302325581395349,0.995627840909091,4.450844961240307
2025,BEA,Spa-Francorchamps,13,Permanent,Haas,11.0,Finished,116.13427906976743,122.741,115.88290636766335,0.2513727021040779,0.3825598159695955,-0.3825598159695955,25.0,346.0,20.5,5.0,10.0,-5.0,21.5,0,2,0,,-2.6894105938416395,,,-36.003,,67.75512958915175,217.11718845036202,0.9767441860465116,0.9262940340909093,6.606720930232569
2025,BOR,Spa-Francorchamps,13,Permanent,Sauber,9.0,Finished,115.80286046511628,107.12420000000002,115.88290636766335,-0.08004590254707011,-0.12182049001823793,0.12182049001823793,55.00000000000001,336.0,18.0,13.0,15.0,-2.0,21.5,0,2,0,,-2.6427322214076203,,,-34.9645,,68.08427571140136,218.34450479732618,0.7674418604651163,1.870637784090909,-8.678660465116266
2025,COL,Spa-Francorchamps,13,Permanent,Alpine,19.0,Finished,116.52118604651163,114.91344444444444,115.88290636766335,0.6382796788482779,0.9713869263983556,-0.9713869263983556,5.000000000000004,348.0,19.0,3.0,13.0,-10.0,21.5,0,2,0,,-2.5863756414956023,,,-34.442,,65.58759728114313,215.9730358709681,0.7674418604651163,1.8755553977272728,-1.6077416020671933
2025,GAS,Spa-Francorchamps,13,Permanent,Alpine,10.0,Finished,116.06669767441859,113.8190581395349,115.88290636766335,0.18379130675523925,0.27970884626917164,-0.27970884626917164,44.99999999999999,347.0,19.5,4.0,12.0,-8.0,21.5,0,2,0,,-2.9340436163101598,,,-34.85650000000001,,67.5686017584254,217.1260543298384,0.27906976744186046,4.859568181818181,-2.247639534883689
2025,HAD,Spa-Francorchamps,13,Permanent,RB,20.0,Lapped,117.5874761904762,128.0839047619048,115.88290636766335,1.704569822812843,2.5941556591638695,-2.5941556591638695,0.0,334.0,23.0,14.0,5.0,9.0,21.0,0,1,1,,-4.4948496503496465,-0.2732420467185766,,-47.775000000000006,-24.71299999999999,68.8189936167419,214.54677760357623,0.47619047619047616,6.269578369905955,10.496428571428595
2025,HAM,Spa-Francorchamps,13,Permanent,Ferrari,7.0,Finished,115.10623255813954,121.632,115.88290636766335,-0.7766738095238139,-1.18200658684416,1.18200658684416,85.0,345.0,13.5,6.0,19.0,-13.0,21.5,0,2,0,,-2.890817791889476,,,-33.125499999999995,,68.15150271163313,219.00085784472012,0.9534883720930233,1.4067242424242425,6.5257674418604665
2025,HUL,Spa-Francorchamps,13,Permanent,Sauber,12.0,Finished,116.04048837209304,107.53999999999998,115.88290636766335,0.15758200442968473,0.23982135733171245,-0.23982135733171245,50.0,344.0,21.5,7.0,9.0,-2.0,21.5,0,2,0,,-2.904838023618535,,,-33.325500000000005,,68.27023879565392,217.9033543909575,0.6976744186046512,1.778772727272727,-8.50048837209306
2025,LAW,Spa-Francorchamps,13,Permanent,RB,8.0,Finished,115.7270930232558,107.56245161290322,115.88290636766335,-0.15581334440754802,-0.23712966389436674,0.23712966389436674,60.0,326.0,26.0,17.0,1.0,16.0,21.5,0,2,0,,-2.6541100623167133,,,-35.963499999999996,,68.16595730952776,218.0227102774992,0.27906976744186046,5.440338068181818,-8.164641410352587
2025,LEC,Spa-Francorchamps,13,Permanent,Ferrari,3.0,Finished,115.21697674418604,111.14641425356336,115.88290636766335,-0.6659296234773109,-1.013466904217398,1.013466904217398,75.0,333.0,23.0,15.0,5.0,10.0,21.5,0,2,0,,-2.814739442815253,,,-38.6285,,69.55516618123997,219.485600147142,0.16279069767441862,6.718296875,-4.070562490622677
2025,NOR,Spa-Francorchamps,13,Permanent,McLaren,2.0,Finished,114.9162093023256,107.20448387096774,115.88290636766335,-0.9666970653377547,-1.4711997297973909,1.4711997297973909,90.0,326.0,22.5,17.0,7.0,10.0,21.5,0,0,2,,,-2.604192787051657,,,-37.72249999999999,66.49100302480775,220.01810378238062,0.27906976744186046,4.163637096774194,-7.711725431357863
2025,OCO,Spa-Francorchamps,13,Permanent,Haas,15.0,Finished,116.44527906976744,113.74896201550388,115.88290636766335,0.562372702104085,0.8558653967692411,-0.8558653967692411,9.999999999999998,343.0,20.0,8.0,11.0,-3.0,21.5,0,2,0,,-2.245285937852467,,,-34.138000000000005,,65.99027572768263,216.46893703168402,0.25581395348837205,4.767399193548387,-2.6963170542635595
2025,PIA,Spa-Francorchamps,13,Permanent,McLaren,1.0,Finished,114.81495348837208,130.324,115.88290636766335,-1.0679528792912691,-1.6252992212205675,1.6252992212205675,95.0,326.0,24.0,17.0,2.0,15.0,21.5,0,2,0,,-2.894073643695011,,,-35.46650000000001,,66.78355016260521,220.1024625269231,0.9767441860465116,0.4411178977272727,15.509046511627929
2025,RUS,Spa-Francorchamps,13,Permanent,Mercedes,5.0,Finished,115.43620930232557,112.0540401691332,115.88290636766335,-0.4466970653377871,-0.679820623637279,0.679820623637279,70.0,339.0,24.0,12.0,2.0,10.0,21.5,0,2,0,,-2.7151911840175957,,,-36.147000000000006,,67.0194001133718,218.39790135098104,0.46511627906976744,4.286315340909091,-3.382169133192363
2025,SAI,Spa-Francorchamps,13,Permanent,Williams,18.0,Finished,116.35597674418604,107.72794444444445,115.88290636766335,0.4730703765226849,0.7199577148526409,-0.7199577148526409,15.000000000000002,343.0,17.0,8.0,18.0,-10.0,21.5,0,1,1,,-4.842399999999997,-0.264974523460409,,-45.465999999999994,-28.520999999999987,68.13496136983242,216.36481465033646,0.5813953488372093,2.744653409090909,-8.62803229974159
2025,STR,Spa-Francorchamps,13,Permanent,Aston Martin,14.0,Finished,116.12362790697674,107.69857142857144,115.88290636766335,0.24072153931338391,0.36634999349100744,-0.36634999349100744,30.000000000000004,349.0,17.5,2.0,17.0,-15.0,21.5,0,2,0,,-2.5306535373900245,,,-34.4345,,66.1549059095781,216.77687227814116,0.5116279069767442,2.430433238636364,-8.425056478405295
2025,TSU,Spa-Francorchamps,13,Permanent,Red Bull,13.0,Finished,116.33302325581397,118.33620930232559,115.88290636766335,0.45011688815061746,0.6850251934850556,-0.6850251934850556,19.999999999999996,341.0,19.0,11.0,13.0,-2.0,21.5,0,2,0,,-2.327806199244304,,,-34.43099999999999,,65.15780633987869,216.8841712205222,0.8604651162790697,1.5413655913978497,2.0031860465116154
2025,VER,Spa-Francorchamps,13,Permanent,Red Bull,4.0,Finished,115.2156046511628,,115.88290636766335,-0.6673017165005461,-1.0155550691218145,1.0155550691218145,80.0,325.0,22.0,20.0,8.0,12.0,21.5,0,2,0,,-2.803804967008798,,,-38.765499999999996,,68.2538735933605,219.1938382700742,1.0,1.3397457386363636,
2025,ALB,Hungaroring,14,Permanent,Williams,15.0,Lapped,83.28444117647058,84.67945454545456,82.80689124063593,0.4775499358346451,0.7602100967334414,-0.7602100967334414,25.0,323.0,25.333333333333332,8.0,18.0,-10.0,22.666666666666668,1,1,1,-0.0012472527472532,-0.080373478260868,-0.0972221774193567,1.3700000000000043,-15.232,-20.21299999999999,58.86901419289763,187.41569492734592,0.6764705882352942,2.4488420557936688,1.3950133689839816
2025,ALO,Hungaroring,14,Permanent,Aston Martin,5.0,Finished,82.47437681159418,82.38501073537304,82.80689124063593,-0.3325144290417512,-0.5293285734093822,0.5293285734093822,75.0,298.0,39.0,20.0,1.0,19.0,34.5,0,1,1,,0.0008581901739762,-0.1672491935483882,,2.027000000000001,-20.851,58.99968249557868,189.53743365017567,0.15942028985507245,16.750403603603605,-0.08936607622113968
2025,ANT,Hungaroring,14,Permanent,Mercedes,10.0,Lapped,82.8597794117647,82.21496153846154,82.80689124063593,0.05288817112877098,0.08419249731357817,-0.08419249731357817,50.0,326.0,36.5,4.0,6.0,-2.0,34.0,0,1,1,,0.0030646616541358,-0.080921026921406,,1.296999999999997,-21.635000000000005,59.05560029533352,188.3093280495619,0.6176470588235294,2.9363395833333334,-0.6448178733031682
2025,BEA,Hungaroring,14,Permanent,Haas,20.0,Retired,83.97487234042553,84.18692111292962,82.80689124063593,1.1679810997895999,1.8593050867068448,-1.8593050867068448,0.0,320.0,38.5,12.0,2.0,10.0,23.5,0,1,1,,0.0204655172413786,-0.1411506707946336,,1.304000000000002,-11.015,59.34723667753264,185.94247331555715,0.40425531914893614,4.259984674329503,0.21204877250409027
2025,BOR,Hungaroring,14,Permanent,Sauber,6.0,Finished,82.56036231884059,82.66010671936759,82.80689124063593,-0.24652892179534547,-0.392448540817151,0.392448540817151,70.0,315.0,36.5,19.0,6.0,13.0,34.5,0,1,1,,-0.0129400809716588,-0.1295501668520579,,1.2720000000000056,-18.461000000000013,60.777505674008644,189.68763405003693,0.43478260869565216,3.9384846153846156,0.09974440052700118
2025,COL,Hungaroring,14,Permanent,Alpine,18.0,Lapped,83.40610294117647,84.15902500000001,82.80689124063593,0.5992117005405362,0.9538830405988373,-0.9538830405988373,5.000000000000004,321.0,23.666666666666668,11.0,20.0,-9.0,22.666666666666668,0,1,2,,-0.0264755244755263,-0.17022813631381334,,1.012999999999991,-23.595,59.06176507884422,187.26222848010195,0.6029411764705882,3.3582684407096175,0.7529220588235432
2025,GAS,Hungaroring,14,Permanent,Alpine,19.0,Lapped,83.38772058823531,85.68679999999999,82.80689124063593,0.5808293475993764,0.9246202363160491,-0.9246202363160491,19.999999999999996,322.0,38.5,10.0,2.0,8.0,34.0,0,1,1,,-0.036603603603604,0.0112854838709668,,-16.849000000000004,0.8619999999999948,61.41638091756273,187.1077023953798,0.9264705882352942,1.5821979075850043,2.29907941176468
2025,HAD,Hungaroring,14,Permanent,RB,11.0,Lapped,82.8860882352941,84.6604,82.80689124063593,0.07919699465816166,0.12607342280310926,-0.12607342280310926,40.0,318.0,37.5,14.0,5.0,9.0,34.0,0,1,1,,0.0104842375366568,-0.0780290862290849,,0.5700000000000074,-18.02500000000001,60.62832083717288,187.9503015558499,0.8970588235294118,1.276982638888889,1.7743117647058995
2025,HAM,Hungaroring,14,Permanent,Ferrari,12.0,Lapped,82.8838823529412,82.61705392156864,82.80689124063593,0.07699111230526512,0.12256188628924254,-0.12256188628924254,44.99999999999999,323.0,36.0,8.0,9.0,-1.0,34.0,0,1,1,,-0.102869963369966,-0.0229641114982559,,-19.292,1.100999999999999,60.81891515283714,188.73985920515463,0.7941176470588235,1.983705058717254,-0.2668284313725593
2025,HUL,Hungaroring,14,Permanent,Sauber,13.0,Lapped,83.17933823529414,83.44653365384616,82.80689124063593,0.37244699465820474,0.5928970869660671,-0.5928970869660671,35.0,331.0,26.0,1.0,13.0,-12.0,22.666666666666668,1,2,0,0.4759999999999874,-0.1163317689610769,,1.4949999999999903,-20.506500000000003,,60.88441326845797,188.41269800694653,0.6029411764705882,3.87423544973545,0.26719541855202067
2025,LAW,Hungaroring,14,Permanent,RB,8.0,Finished,82.59111594202899,82.29074275362319,82.80689124063593,-0.21577529860694256,-0.3434919540717289,0.3434919540717289,60.0,316.0,34.0,17.0,11.0,6.0,34.5,0,1,1,,-0.0176431174089067,-0.1362682981090106,,-0.095000000000013,-19.793999999999997,61.789428806370886,188.93932134233557,0.8115942028985508,2.183189743589744,-0.30037318840579985
2025,LEC,Hungaroring,14,Permanent,Ferrari,4.0,Finished,82.19415942028984,81.71575927601812,82.80689124063593,-0.6127318203460987,-0.9754056727132583,0.9754056727132583,80.0,316.0,25.666666666666668,17.0,16.0,1.0,23.0,0,1,2,,0.0267461300309581,-0.10922805209251216,,1.7230000000000132,-15.067999999999998,63.409830427065955,190.31794408151342,0.4782608695652174,4.062965079365079,-0.47840014427171695
2025,NOR,Hungaroring,14,Permanent,McLaren,1.0,Finished,81.61030434782607,82.39754545454547,82.80689124063593,-1.1965868928098615,-1.9048425500112054,1.9048425500112054,95.0,318.0,36.5,14.0,6.0,8.0,34.5,0,1,1,,-0.0003953281423816,-0.0825975708502023,,1.6029999999999944,-19.245000000000005,60.346104418321204,191.7949233588005,0.8405797101449275,1.4532820512820512,0.7872411067193923
2025,OCO,Hungaroring,14,Permanent,Haas,16.0,Lapped,83.39842647058822,82.69864705882352,82.80689124063593,0.5915352299522851,0.9416628935303087,-0.9416628935303087,9.999999999999998,318.0,38.0,14.0,4.0,10.0,34.0,0,1,1,,-0.0033901098901063,-0.0321746031746019,,1.1770000000000067,-19.068,59.38898695950008,187.20497278396738,0.75,3.04220868945869,-0.6997794117646947
2025,PIA,Hungaroring,14,Permanent,McLaren,2.0,Finished,81.65085507246377,88.2721950947603,82.80689124063593,-1.1560361681721645,-1.8402899912394062,1.8402899912394062,90.0,329.0,26.0,3.0,13.0,-10.0,23.0,0,1,2,,-0.0097916666666665,-0.1182577045177052,,1.426000000000002,-16.081000000000003,60.10820238702973,191.551185779517,0.7681159420289855,2.483310994916485,6.621340022296536
2025,RUS,Hungaroring,14,Permanent,Mercedes,3.0,Finished,81.95137681159422,81.73784596273293,82.80689124063593,-0.8555144290417189,-1.3618904706205537,1.3618904706205537,85.0,326.0,26.333333333333332,4.0,12.0,-8.0,23.0,0,1,2,,-0.0143436532507718,-0.12713309868875144,,0.9039999999999964,-16.527500000000003,61.346705939634624,190.96125181872145,0.3333333333333333,6.609025702960484,-0.21353084886128215
2025,SAI,Hungaroring,14,Permanent,Williams,14.0,Lapped,83.24416176470586,82.61302222222221,82.80689124063593,0.4372705240699304,0.6960894399889234,-0.6960894399889234,30.000000000000004,330.0,25.0,2.0,19.0,-17.0,22.666666666666668,1,1,1,0.0032373626373608,-0.2613735810113495,-0.04910592020592,1.162000000000006,-17.793999999999997,-14.197000000000005,59.573699070530786,187.43858855559262,0.75,2.087102116402116,-0.6311395424836519
2025,STR,Hungaroring,14,Permanent,Aston Martin,7.0,Finished,82.58113043478261,86.98191304347827,82.80689124063593,-0.22576080585332647,-0.3593878486370555,0.3593878486370555,65.0,320.0,35.5,12.0,10.0,2.0,34.5,0,1,1,,-0.0018602240896367,-0.1138626432391122,,2.5900000000000034,-17.72,58.19172079808747,189.52109874815875,0.8840579710144928,2.1790672268907563,4.400782608695664
2025,TSU,Hungaroring,14,Permanent,Red Bull,17.0,Lapped,83.3887794117647,84.10040874635568,82.80689124063593,0.5818881711287673,0.926305773842706,-0.926305773842706,15.000000000000002,324.0,26.0,7.0,13.0,-6.0,22.666666666666668,1,1,1,-0.1968504901960765,0.0184754385964942,-0.0879059750733146,-15.528000000000006,2.551000000000002,-17.38600000000001,58.178319613502964,187.02239669246046,0.7205882352941176,2.4423007933436534,0.711629334590981
2025,VER,Hungaroring,14,Permanent,Red Bull,9.0,Finished,82.63055072463769,85.46414539400666,82.80689124063593,-0.1763405159982483,-0.28071585956923056,0.28071585956923056,55.00000000000001,325.0,25.666666666666668,6.0,16.0,-10.0,23.0,0,1,2,,-0.001485294117645,-0.12482883713411469,,1.6850000000000025,-15.413500000000006,59.71415100281131,189.1852445536174,0.7246376811594203,3.83254595959596,2.8335946693689777
2025,ALB,Interlagos,15,Permanent,Williams,5.0,Finished,78.64611940298508,76.71153067993366,80.37506968488078,-1.728950281895706,-0.2222677767486381,0.2222677767486381,21.052631578947366,332.0,11.666666666666666,13.0,17.0,-4.0,22.333333333333332,1,2,0,-0.2167622549019623,-0.4865379201680685,,-13.183000000000009,-22.504999999999995,,53.059816819092866,184.9972472721344,0.7761194029850746,2.111973039215686,-1.9345887230514194
2025,ALB,Zandvoort,15,Permanent,Williams,5.0,Finished,82.13588732394365,86.65913186813185,81.66087693744164,0.47501038650200655,0.31526398788025906,-0.31526398788025906,50.0,332.0,25.666666666666668,14.0,5.0,9.0,23.666666666666668,1,1,1,-1.1253105263157872,0.2835652173913049,-0.5236892102335927,-42.435,24.555999999999997,-22.539,53.50628092347416,186.22576327639885,0.7887323943661971,1.841492557150452,4.523244544188202
2025,ALO,Interlagos,15,Permanent,Aston Martin,8.0,Finished,78.6354328358209,76.69904975124378,80.37506968488078,-1.7396368490598917,-0.22364160429563623,0.22364160429563623,26.315789473684216,338.0,29.666666666666668,5.0,11.0,-6.0,22.333333333333332,0,2,1,,-0.2212911538461554,-1.1954505494505512,,-16.112499999999997,-31.18400000000001,54.51059510175778,185.59923919256943,0.6119402985074627,3.15328905982906,-1.9363830845771162
2025,ALO,Zandvoort,15,Permanent,Aston Martin,8.0,Finished,82.1919014084507,83.0572962962963,81.66087693744164,0.5310244710090615,0.35244048793365607,-0.35244048793365607,40.0,338.0,24.0,5.0,10.0,-5.0,23.666666666666668,0,1,2,,0.0537009803921567,-0.1556658394200463,,2.330999999999989,-12.936999999999998,54.77057220386285,185.7329702755653,0.8732394366197183,1.3773853609625668,0.8653948878455964
2025,ANT,Interlagos,15,Permanent,Mercedes,16.0,Finished,78.10228787878788,75.71654214876034,80.37506968488078,-2.272781806092908,-0.29218084774603004,0.29218084774603004,78.94736842105263,336.0,27.333333333333332,7.0,14.0,-7.0,22.0,1,2,0,-1.9948436090225576,-0.16825163184641356,,-23.196,-16.369500000000002,,54.509940710571684,184.84465644522876,0.42424242424242425,4.3680045454545455,-2.385745730027537
2025,ANT,Zandvoort,15,Permanent,Mercedes,16.0,Finished,82.13261971830987,84.91183098591549,81.66087693744164,0.47174278086822596,0.313095280811532,-0.313095280811532,65.0,336.0,16.75,8.0,19.0,-11.0,17.75,2,1,1,7.57857543859649,0.2710959909655567,-0.7232014230979719,-13.956999999999994,22.753,-39.870000000000005,55.11312039293247,186.21604357266617,0.8169014084507042,3.445006151742994,2.7792112676056178
2025,BEA,Interlagos,15,Permanent,Haas,6.0,Finished,78.26911940298508,74.49569397759103,80.37506968488078,-2.1059502818957014,-0.2707335728514379,0.2707335728514379,68.42105263157895,336.0,42.666666666666664,7.0,4.0,3.0,22.333333333333332,1,2,0,-2.7382544117647054,-0.13149155162678466,,-29.24900000000001,-16.100500000000004,,55.7581959581087,185.3821981437826,0.5970149253731343,3.3508632445141067,-3.773425425394052
2025,BEA,Zandvoort,15,Permanent,Haas,6.0,Finished,82.07705633802819,100.17115727699529,81.66087693744164,0.4161794005865431,0.2762179127676299,-0.2762179127676299,80.0,336.0,21.5,8.0,15.0,-7.0,35.5,0,1,1,,-0.8235456140350828,0.0231866729275168,,-42.833,26.575999999999993,56.235976967117594,186.34158810928278,0.9014084507042254,2.2944959514170042,18.094100938967102
2025,BOR,Zandvoort,15,Permanent,Sauber,15.0,Finished,82.30560563380283,109.2286,81.66087693744164,0.6447286963611845,0.42790588520069983,-0.42790588520069983,5.000000000000004,337.0,25.666666666666668,7.0,5.0,2.0,23.666666666666668,1,1,1,-0.2865489510489489,0.0333974025974025,0.0154201772622807,-15.447999999999992,1.8269999999999984,-37.123000000000005,55.23387036070273,185.33773288996082,0.9577464788732394,1.332529866332498,26.922994366197173
2025,COL,Interlagos,15,Permanent,Alpine,11.0,Finished,78.61707462686569,82.7041794871795,80.37506968488078,-1.7579950580150978,-0.2260016711710623,0.2260016711710623,42.10526315789473,338.0,17.0,5.0,16.0,-11.0,22.333333333333332,1,2,0,-0.5075090909090897,-0.6285405035577416,,-13.081000000000005,-29.159,,54.929048409557225,184.4714267237206,0.9253731343283582,2.3293605900272567,4.087104860313815
2025,COL,Zandvoort,15,Permanent,Alpine,11.0,Finished,82.21957746478873,89.40524647887322,81.66087693744164,0.5587005273470851,0.3708090628908842,-0.3708090628908842,30.000000000000004,338.0,19.75,5.0,16.0,-11.0,17.75,2,1,1,-3.9273406125608203,-2.4855314685314696,-0.2839975553857898,-19.308499999999995,-19.659999999999997,19.022999999999996,55.34785460109603,185.58992258086323,0.9014084507042254,1.5075367647058822,7.185669014084496
2025,GAS,Interlagos,15,Permanent,Alpine,17.0,Finished,78.29905970149254,74.0915,80.37506968488078,-2.0760099833882464,-0.2668845532155777,0.2668845532155777,63.1578947368421,335.0,40.0,10.0,6.0,4.0,22.333333333333332,1,1,0,-2.5217549019607852,-0.2103165413533826,,-31.47500000000001,-17.373000000000005,,56.58473327734758,184.4133977347134,0.9701492537313433,0.747931778228533,-4.207559701492542
2025,GAS,Zandvoort,15,Permanent,Alpine,17.0,Finished,82.3534647887324,84.38998169014084,81.66087693744164,0.6925878512907531,0.45966996545752437,-0.45966996545752437,0.0,335.0,27.0,11.0,3.0,8.0,35.5,0,1,1,,0.2936075663466963,0.1128442857142861,,23.96899999999999,-42.809,56.77717773915506,185.03665886355745,0.8732394366197183,1.5496368274582561,2.036516901408447
2025,HAD,Interlagos,15,Permanent,RB,3.0,Finished,78.39376119402986,75.43973586612393,80.37506968488078,-1.981308490850921,-0.25471006189476897,0.25471006189476897,52.63157894736843,326.0,29.333333333333332,15.0,12.0,3.0,22.333333333333332,1,2,0,-2.4917696078431377,-0.0883816249292575,,-26.613,-6.329000000000008,,56.5539229484139,184.94980797217767,0.6417910447761194,2.3505091714104998,-2.9540253279059385
2025,HAD,Zandvoort,15,Permanent,RB,3.0,Finished,82.13507042253521,103.6959268292683,81.66087693744164,0.47419348509356496,0.3147218111130797,-0.3147218111130797,55.00000000000001,326.0,24.0,17.0,10.0,7.0,23.666666666666668,1,1,1,-1.4342842105263092,0.2091366459627312,-0.7000972191323688,-45.82000000000001,15.460000000000008,-28.818000000000012,57.08646256672656,186.39088692431758,0.9577464788732394,1.7152380648591175,21.560856406733095
2025,HAM,Interlagos,15,Permanent,Ferrari,20.0,Retired,82.65055555555556,92.61656734693878,80.37506968488078,2.275485870674771,0.292528472792909,-0.292528472792909,5.263157894736848,329.0,58.333333333333336,14.0,2.0,12.0,9.0,1,2,1,0.0,-1.8243767285861687,-3.2688776223776213,0.0,-14.835999999999999,-40.396,61.89685122384864,198.29454819559882,0.4444444444444444,7.761486111111111,9.966011791383224
2025,HAM,Zandvoort,15,Permanent,Ferrari,20.0,Retired,76.30671428571428,,81.66087693744164,-5.354162651727364,-3.5535531796965896,3.5535531796965896,95.0,329.0,87.0,16.0,1.0,15.0,21.0,0,1,0,,0.0080649350649356,,,0.2100000000000079,,62.31247946708821,199.44331248851557,1.0,0.9355714285714288,
2025,HUL,Interlagos,15,Permanent,Sauber,14.0,Finished,78.62941791044777,75.77211940298506,80.37506968488078,-1.7456517744330142,-0.22441486197921,0.22441486197921,36.8421052631579,342.0,0.0,1.0,19.0,-18.0,33.5,1,1,0,-0.0542987536656898,-0.7805974789915965,,-15.299999999999995,-35.74000000000001,,54.51434549299446,184.47592848582903,0.835820895522388,1.8358892857142857,-2.8572985074627155
2025,HUL,Zandvoort,15,Permanent,Sauber,14.0,Finished,82.28342253521126,80.37811111111111,81.66087693744164,0.6225455977696157,0.41318298160901307,-0.41318298160901307,19.999999999999996,342.0,24.666666666666668,1.0,8.0,-7.0,23.666666666666668,1,1,1,0.0481609907120772,-0.6803456140350844,-0.3078404889228425,1.7109999999999983,-43.325,17.384,55.106276968484266,185.75180885107338,0.8732394366197183,1.2928622186780083,-1.905311424100148
2025,LAW,Interlagos,15,Permanent,RB,12.0,Finished,78.63086567164179,76.5148263229308,80.37506968488078,-1.744204013238999,-0.2242287428841578,0.2242287428841578,31.57894736842105,334.0,43.5,12.0,3.0,9.0,33.5,1,1,0,-2.3024303405572737,-0.0226495918367346,,-27.838000000000008,-15.291000000000013,,56.928870536900256,184.1950960387615,0.6567164179104478,3.400197845804988,-2.1160393487109843
2025,LAW,Zandvoort,15,Permanent,RB,12.0,Finished,82.30115492957746,87.40093108651911,81.66087693744164,0.6402779921358217,0.4249519566070617,-0.4249519566070617,9.999999999999998,334.0,18.25,13.0,18.0,-5.0,17.75,2,1,1,-0.31090589936379476,0.2623387916431414,3.591299999999994,-22.9465,19.902,6.317000000000007,57.68683602125425,186.18393704834608,0.6197183098591549,10.50055431818182,5.099776156941644
2025,LEC,Interlagos,15,Permanent,Ferrari,19.0,Retired,112.216,,80.37506968488078,31.84093031511921,4.093358186673855,-4.093358186673855,0.0,325.0,88.0,16.0,1.0,15.0,4.0,0,1,0,,5.173599999999984,,,18.339,,62.889913842744946,199.95934423499537,1.0,1.61525,
2025,LEC,Zandvoort,15,Permanent,Ferrari,19.0,Retired,78.73174509803923,105.46233333333332,81.66087693744164,-2.929131839402416,-1.944062300442231,1.944062300442231,90.0,331.0,37.5,15.0,2.0,13.0,25.5,0,1,1,,0.0560688311688326,-0.8112362625139052,,2.254000000000005,-35.11699999999999,61.53279297885589,193.9338542040774,0.9411764705882353,1.363345238095238,26.730588235294093
2025,NOR,Interlagos,15,Permanent,McLaren,18.0,Retired,77.9160447761194,76.43495394736843,80.37506968488078,-2.4590249087613785,-0.3161236070019531,0.3161236070019531,89.47368421052632,325.0,26.0,16.0,15.0,1.0,22.333333333333332,1,2,0,-0.2757034313725497,-0.676087169726826,,-14.913000000000013,-21.11,,54.50770420468683,186.90431266540057,0.8507462686567164,1.454607843137255,-1.481090828750979
2025,NOR,Zandvoort,15,Permanent,McLaren,18.0,Retired,80.75807936507937,108.03149206349207,81.66087693744164,-0.9027975723622745,-0.5991859778214452,0.5991859778214452,85.0,325.0,23.333333333333332,18.0,12.0,6.0,21.0,0,1,2,,0.1052337662337671,-3.779316725654766,,9.35199999999999,-47.0395,55.653318330585634,189.54372955683198,0.746031746031746,1.9788888888888891,27.2734126984127
2025,OCO,Interlagos,15,Permanent,Haas,10.0,Finished,78.53788059701493,75.524055,80.37506968488078,-1.8371890878658519,-0.23618257754587857,0.23618257754587857,47.36842105263158,340.0,40.666666666666664,3.0,5.0,-2.0,22.333333333333332,0,2,1,,-0.07521740053718065,-3.214500000000018,,-14.137000000000008,-18.423999999999992,56.859973618083416,184.67732729907323,0.417910447761194,4.110653416149067,-3.013825597014929
2025,OCO,Zandvoort,15,Permanent,Haas,10.0,Finished,82.20722535211267,83.153125,81.66087693744164,0.54634841467103,0.3626109762560292,-0.3626109762560292,35.0,340.0,18.5,3.0,17.0,-14.0,35.5,0,1,1,,-0.96493984962406,-0.0282903167420813,,-43.462999999999994,2.025999999999996,57.316187822131305,185.63210314910248,0.8873239436619719,1.364275980392157,0.9458996478873303
2025,PIA,Interlagos,15,Permanent,McLaren,1.0,Finished,77.6375588235294,74.32724642857141,80.37506968488078,-2.7375108613513817,-0.3519247831179245,0.3519247831179245,94.73684210526316,304.0,30.0,19.0,9.0,10.0,22.666666666666668,0,2,0,,-0.45942330149698624,,,-21.256500000000003,,54.61355246936263,186.15852578951814,0.5294117647058824,2.822592383292383,-3.3103123949579896
2025,PIA,Zandvoort,15,Permanent,McLaren,1.0,Finished,82.1299577464789,,81.66087693744164,0.46908080903725136,0.31132853238053865,-0.31132853238053865,70.0,304.0,26.333333333333332,20.0,4.0,16.0,23.666666666666668,0,1,2,,0.1054517221908527,-1.2903593554241513,,8.435000000000002,-49.622,54.997558177240705,187.03247135154908,1.0,0.0,
2025,RUS,Interlagos,15,Permanent,Mercedes,4.0,Finished,78.18075757575758,74.8551554001554,80.37506968488078,-2.194312109123203,-0.2820930590627879,0.2820930590627879,73.6842105263158,335.0,30.0,10.0,9.0,1.0,22.0,1,2,0,-0.6422363636363592,-0.5119907143687513,,-13.554000000000002,-23.727000000000004,,56.281624409443836,185.0775301075818,0.5909090909090909,4.1505349582784365,-3.325602175602185
2025,RUS,Zandvoort,15,Permanent,Mercedes,4.0,Finished,82.15659154929578,92.52385211267607,81.66087693744164,0.49571461185414023,0.3290053645658353,-0.3290053645658353,44.99999999999999,335.0,22.666666666666668,11.0,13.0,-2.0,23.666666666666668,1,1,1,-1.1659263157894713,0.1932924901185774,-0.6297050055617343,-42.980999999999995,15.39,-24.875,56.751272932021095,186.29655751311424,0.7887323943661971,2.782385592769803,10.367260563380285
2025,SAI,Interlagos,15,Permanent,Williams,13.0,Finished,78.34162686567163,,80.37506968488078,-2.0334428192091565,-0.2614122680702774,0.2614122680702774,57.89473684210527,342.0,29.0,1.0,13.0,-12.0,22.333333333333332,1,1,0,-2.7490044117647017,-0.2064207792207796,,-32.405,-19.882000000000005,,53.13377150957871,184.2749414161965,1.0,1.2454212301587302,
2025,SAI,Zandvoort,15,Permanent,Williams,13.0,Finished,82.29732394366197,90.19526666666667,81.66087693744164,0.6364470062203225,0.42240933452646373,-0.42240933452646373,15.000000000000002,342.0,16.0,1.0,20.0,-19.0,14.2,3,1,1,-3.1443717486861007,0.2448695652173915,3.3568999999999845,-33.60466666666667,19.959000000000003,6.009,53.96834721496162,186.3772552934752,0.5633802816901409,14.062035389610392,7.897942723004704
2025,STR,Interlagos,15,Permanent,Aston Martin,7.0,Finished,78.6550895522388,78.3606933901919,80.37506968488078,-1.7199801326419788,-0.22111460586072607,0.22111460586072607,15.789473684210531,339.0,11.0,4.0,18.0,-14.0,22.333333333333332,0,2,1,,-0.19606336981432795,-1.17729666119321,,-15.141000000000005,-36.40199999999999,55.096896327901455,185.15723737264145,0.7164179104477612,2.2884119981325868,-0.2943961620469082
2025,STR,Zandvoort,15,Permanent,Aston Martin,7.0,Finished,82.12776056338028,85.65661029411764,81.66087693744164,0.4668836259386353,0.30987026383429944,-0.30987026383429944,75.0,339.0,24.666666666666668,4.0,8.0,-4.0,23.666666666666668,0,1,2,,0.2057142857142795,-0.534029563072586,,1.943000000000012,-27.150999999999996,55.580027182373804,186.34073953722736,0.49295774647887325,3.2681374458874455,3.528849730737363
2025,TSU,Interlagos,15,Permanent,Red Bull,9.0,Finished,78.79210447761194,89.2736936026936,80.37506968488078,-1.5829652072688418,-0.2035004482050898,0.2035004482050898,10.526315789473683,336.0,32.75,7.0,7.0,0.0,16.75,0,3,1,,-0.6481637833714711,0.0,,-29.814999999999998,0.0,54.64690906438124,184.67941621040515,0.4925373134328358,4.973218560606061,10.481589125081655
2025,TSU,Zandvoort,15,Permanent,Red Bull,9.0,Finished,82.23342253521128,96.55189295774647,81.66087693744164,0.5725455977696328,0.3799980243071563,-0.3799980243071563,25.0,336.0,25.0,8.0,7.0,1.0,23.666666666666668,2,0,1,-0.3987838493292023,,-0.3313993888464471,-23.5805,,10.269999999999996,54.97741037381425,185.5997435560378,0.8732394366197183,1.5073293773649812,14.3184704225352
2025,VER,Interlagos,15,Permanent,Red Bull,2.0,Finished,77.9755671641791,75.11335857403071,80.37506968488078,-2.399502520701688,-0.30847161781560634,0.30847161781560634,84.21052631578947,311.0,30.5,18.0,8.0,10.0,16.75,1,2,1,-0.2740588235294121,-0.20431933670904445,-4.429342857142876,-16.617999999999995,-19.413500000000006,-12.951999999999998,55.14314639629067,185.34439459016036,0.5970149253731343,2.7546840958605667,-2.8622085901483842
2025,VER,Zandvoort,15,Permanent,Red Bull,2.0,Finished,82.13295774647887,79.71364542253521,81.66087693744164,0.47208080903722305,0.31331962981863193,-0.31331962981863193,60.0,311.0,21.666666666666668,19.0,14.0,5.0,23.666666666666668,2,1,0,-0.6396410353948095,-0.7287114571746379,,-15.298500000000004,-31.132000000000005,,55.585574148512826,186.52956801401467,0.49295774647887325,4.740868899521531,-2.4193123239436574
2025,ALB,Monza,16,Permanent,Williams,7.0,Finished,83.88482692307693,82.88135384615384,84.16934451353151,-0.284517590454584,-0.37048420558877687,0.37048420558877687,63.1578947368421,363.0,0.0,2.0,19.0,-17.0,26.0,0,1,1,,-0.8206993006993003,-0.0592867729831159,,-21.399,0.5660000000000025,62.404718644796624,202.00856847553752,0.5961538461538461,4.6490875,-1.0034730769230862
2025,ALO,Monza,16,Permanent,Aston Martin,19.0,Retired,86.60247826086956,95.111,84.16934451353151,2.433133747338047,3.168301903701352,-3.168301903701352,0.0,351.0,29.0,14.0,7.0,7.0,11.5,0,1,1,,0.0011596491228129,0.6365999999999827,,2.539999999999992,2.228999999999999,72.67528561251072,238.56918534223476,0.8260869565217391,5.958190789473684,8.508521739130444
2025,ANT,Monza,16,Permanent,Mercedes,9.0,Finished,83.98848076923076,84.0900376602564,84.16934451353151,-0.18086374430075125,-0.2355114863724796,0.2355114863724796,57.89473684210527,358.0,28.0,6.0,11.0,-5.0,26.0,0,1,1,,-0.0286007326007322,-0.229936153846154,,2.296999999999997,-21.97699999999999,75.64658160454748,246.19252224818445,0.5576923076923077,3.7206918518518517,0.1015568910256377
2025,BEA,Monza,16,Permanent,Haas,12.0,Finished,84.26344230769232,83.64847115384616,84.16934451353151,0.09409779416080255,0.12252931870265493,-0.12252931870265493,36.8421052631579,363.0,30.0,2.0,3.0,-1.0,26.0,0,1,1,,0.0381323529411757,-0.147179271708684,,3.762000000000001,-22.949000000000012,76.58964777659916,245.95220544750785,0.7115384615384616,1.7331705357142857,-0.614971153846156
2025,BOR,Monza,16,Permanent,Sauber,8.0,Finished,84.08961538461539,83.70016826923074,84.16934451353151,-0.07972912891612793,-0.10381918018348986,0.10381918018348986,52.63157894736843,359.0,26.0,5.0,13.0,-8.0,26.0,0,1,1,,0.0287473684210551,-0.1730698529411751,,3.936000000000007,-24.387,76.01468781335015,246.40257116073147,0.6730769230769231,2.9587121212121206,-0.38944711538464105
2025,COL,Monza,16,Permanent,Alpine,17.0,Lapped,84.65590196078432,84.37602723311548,84.16934451353151,0.4865574472528067,0.6335701389525633,-0.6335701389525633,10.526315789473683,350.0,30.0,15.0,3.0,12.0,25.5,0,1,1,,-0.0144215542521989,-0.3308368421052594,,1.7039999999999935,-22.095,75.9496822615231,244.34716929065812,0.4117647058823529,5.080135690789474,-0.27987472766884025
2025,GAS,Monza,16,Permanent,Alpine,16.0,Lapped,84.59776470588237,83.78474331550802,84.16934451353151,0.42842019235085615,0.5578667890716373,-0.5578667890716373,15.789473684210531,345.0,31.0,18.0,1.0,17.0,25.5,1,0,1,-10.693999999999985,,-0.0428475900998698,-21.38799999999999,,0.7719999999999914,77.32338676220695,244.77115335685303,0.7647058823529411,2.6428125,-0.8130213903743453
2025,HAD,Monza,16,Permanent,RB,10.0,Finished,84.10265384615384,84.9236955128205,84.16934451353151,-0.06669066737767082,-0.08684116466797404,0.08684116466797404,47.36842105263158,361.0,26.0,4.0,13.0,-9.0,26.0,0,1,1,,-0.2990428571428568,-0.0385217741935499,,-20.456000000000003,1.6099999999999994,76.10833952887558,245.479220721479,0.6346153846153846,3.0355095238095244,0.8210416666666589
2025,HAM,Monza,16,Permanent,Ferrari,6.0,Finished,83.67853846153847,83.04493575174827,84.16934451353151,-0.4908060519930473,-0.6391024540179827,0.6391024540179827,68.42105263157895,365.0,30.0,1.0,3.0,-2.0,26.0,0,1,1,,-0.030975817923187,-0.5507892857142872,,1.679000000000002,-20.918000000000006,77.5172665604458,247.64081907078392,0.5576923076923077,4.672690090090091,-0.6336027097901962
2025,LAW,Monza,16,Permanent,RB,14.0,Finished,84.48311538461539,85.97466666666666,84.16934451353151,0.31377087108387514,0.4085763264221229,-0.4085763264221229,31.57894736842105,352.0,23.5,12.0,18.0,-6.0,26.0,1,0,1,0.1796666666666679,,-0.0962401691331933,2.5729999999999933,,-21.52499999999999,74.33344290047094,244.58702568021585,0.7692307692307693,2.6968238636363635,1.491551282051276
2025,LEC,Monza,16,Permanent,Ferrari,4.0,Finished,83.49363461538464,83.50767455621302,84.16934451353151,-0.6757098981468772,-0.8798747536960443,0.8798747536960443,78.94736842105263,355.0,26.0,10.0,13.0,-3.0,26.0,0,1,1,,-0.0404354838709684,-0.3352954887218052,,1.841000000000008,-21.679,78.93755551472684,248.08166644040978,0.36538461538461536,5.31534375,0.014039940828382669
2025,NOR,Monza,16,Permanent,McLaren,2.0,Finished,83.38657692307692,82.73018205128204,84.16934451353151,-0.782767590454597,-1.0192797866974204,1.0192797866974204,89.47368421052632,340.0,25.5,19.0,16.0,3.0,26.0,1,1,0,-2.5589999999999993,-0.0166384716732544,,-24.085000000000008,3.3980000000000103,,76.3750113814302,248.6557271062127,0.38461538461538464,8.86205873015873,-0.6563948717948733
2025,OCO,Monza,16,Permanent,Haas,15.0,Lapped,84.57403921568627,84.14950980392157,84.16934451353151,0.40469470215475667,0.5269726732685959,-0.5269726732685959,21.052631578947366,350.0,26.5,15.0,12.0,3.0,25.5,1,0,1,0.0,,-0.0331243697479,0.0,,1.789999999999992,76.51299211094756,244.8469953002371,0.6862745098039216,2.76408,-0.42452941176469494
2025,PIA,Monza,16,Permanent,McLaren,3.0,Finished,83.41699999999999,83.88069935897435,84.16934451353151,-0.7523445135315256,-0.9796644171612106,0.9796644171612106,84.21052631578947,354.0,29.0,11.0,7.0,4.0,26.0,1,1,0,-1.6953095238095135,-0.0388311486962648,,-20.03100000000001,0.8499999999999943,,75.78377427217501,248.1264051810531,0.17307692307692307,6.291170454545455,0.46369935897436676
2025,RUS,Monza,16,Permanent,Mercedes,5.0,Finished,83.62113461538462,84.20497727272726,84.16934451353151,-0.5482098981468937,-0.713850796663753,0.713850796663753,73.6842105263158,350.0,25.0,15.0,17.0,-2.0,26.0,0,1,1,,-0.0115196581196583,-0.2142386324786343,,2.668999999999997,-22.27499999999999,77.65890990891427,247.52375902657283,0.5192307692307693,3.037730769230769,0.5838426573426432
2025,SAI,Monza,16,Permanent,Williams,11.0,Finished,84.16096153846154,83.78866666666666,84.16934451353151,-0.00838297506997776,-0.010915879943693628,0.010915879943693628,42.10526315789473,358.0,29.0,6.0,7.0,-1.0,26.0,0,1,1,,-0.0211802955665034,-0.2711432806324135,,2.1970000000000027,-21.44999999999999,75.70283373330501,245.3464542924488,0.9423076923076923,1.1589722638680662,-0.3722948717948782
2025,STR,Monza,16,Permanent,Aston Martin,18.0,Lapped,84.69980392156862,99.596,84.16934451353151,0.5304594080371032,0.6907370193516718,-0.6907370193516718,5.263157894736848,358.0,30.5,6.0,2.0,4.0,25.5,1,0,1,-17.372999999999998,,-0.0309064264003464,-34.74600000000001,,1.546999999999997,73.42233526071448,244.23401544447722,0.9607843137254902,1.9550833333333335,14.896196078431387
2025,TSU,Monza,16,Permanent,Red Bull,13.0,Finished,84.49515384615384,83.37425,84.16934451353151,0.3258093326223275,0.4242521932550261,-0.4242521932550261,26.315789473684216,356.0,29.5,9.0,6.0,3.0,26.0,0,1,1,,0.0458431372549024,-0.1583987776928958,,3.593999999999994,-22.001999999999995,75.19081687128097,244.6124912482154,0.5384615384615384,2.875700980392157,-1.120903846153837
2025,VER,Monza,16,Permanent,Red Bull,1.0,Finished,83.02242307692306,83.71844444444446,84.16934451353151,-1.1469214366084515,-1.4934622377327067,1.4934622377327067,94.73684210526316,352.0,29.0,12.0,7.0,5.0,26.0,0,1,1,,-0.003879665379664,-0.4762249999999995,,2.5730000000000075,-21.24900000000001,77.84873739850414,249.45752034154555,0.8269230769230769,2.873486111111111,0.6960213675213964
2025,ALB,Baku,17,Street,Williams,13.0,Finished,110.25722000000002,107.13629714285715,110.3597745649839,-0.10255456498387616,-0.18719329577608237,0.18719329577608237,42.10526315789473,357.0,0.0,2.0,18.0,-16.0,25.0,0,1,1,,-4.07323296703297,-0.1265649935649936,,-50.88799999999999,-18.837000000000003,60.97758359901618,194.7036336585594,0.7,3.5933162393162394,-3.1209228571428724
2025,ALO,Baku,17,Street,Aston Martin,15.0,Finished,110.78751999999999,109.00975,110.3597745649839,0.4277454350160923,0.7807656123979008,-0.7807656123979008,15.789473684210531,349.0,16.5,10.0,9.0,1.0,25.0,0,1,1,,-2.3210142857142877,-0.1976344827586178,,-52.253000000000014,-24.222999999999985,61.16485333012663,193.12077690810966,0.84,1.8953333333333335,-1.7777699999999896
2025,ANT,Baku,17,Street,Mercedes,4.0,Finished,109.915,107.0327,110.3597745649839,-0.4447745649838879,-0.811848957769919,0.811848957769919,84.21052631578947,348.0,21.0,11.0,3.0,8.0,25.0,0,1,1,,-3.2496127450980383,-0.1417964572192488,,-54.369,-18.102000000000004,62.757338131932904,194.68023755800522,0.8,1.5255935828877005,-2.8823000000000008
2025,BEA,Baku,17,Street,Haas,12.0,Finished,110.49509999999998,106.17207692307692,110.3597745649839,0.1353254350160853,0.24701010810172924,-0.24701010810172924,36.8421052631579,361.0,14.5,1.0,15.0,-14.0,25.0,0,1,1,,-0.1963992094861678,-1.3393211233211275,,-18.348,-53.758,61.994335096978936,193.90177548440744,0.74,2.2225764895330116,-4.323023076923064
2025,BOR,Baku,17,Street,Sauber,11.0,Finished,110.55590000000001,106.05123076923078,110.3597745649839,0.19612543501611412,0.3579886138852661,-0.3579886138852661,31.57894736842105,357.0,14.5,2.0,15.0,-13.0,25.0,0,1,1,,-0.1922638461538466,-1.5542638461538445,,-18.36200000000001,-53.241,62.69502611633685,194.1302614517447,0.68,5.139660000000001,-4.504669230769224
2025,COL,Baku,17,Street,Alpine,19.0,Lapped,111.50669387755104,107.9677232142857,110.3597745649839,1.1469193125671495,2.093476834916499,-2.093476834916499,0.0,344.0,16.0,15.0,11.0,4.0,24.5,0,1,1,,-3.710582142857143,-0.1609779984721158,,-53.051,-30.469999999999985,61.92215259828721,192.28774595868373,0.24489795918367346,7.1818774509803935,-3.5389706632653457
2025,GAS,Baku,17,Street,Alpine,18.0,Lapped,111.39714285714285,106.87095238095236,110.3597745649839,1.037368292158959,1.8935128784698385,-1.8935128784698385,5.263157894736848,353.0,14.0,5.0,17.0,-12.0,24.5,0,1,1,,-0.4186535714285668,-0.8685381207028275,,-19.03700000000001,-53.271,62.58787298516853,192.03215758981935,0.7142857142857143,2.6365078431372546,-4.526190476190493
2025,HAD,Baku,17,Street,RB,10.0,Finished,110.10878000000001,106.06511200000001,110.3597745649839,-0.25099456498388406,-0.4581414766724849,0.4581414766724849,52.63157894736843,337.0,21.5,17.0,2.0,15.0,25.0,0,1,1,,-1.3086122058018557,-0.2619243365330331,,-51.673000000000016,-18.820000000000007,64.49978691116253,194.36341054465055,0.4,5.410300324675325,-4.043667999999997
2025,HAM,Baku,17,Street,Ferrari,8.0,Finished,109.96415999999999,106.77790526315788,110.3597745649839,-0.3956145649839016,-0.7221169948700084,0.7221169948700084,73.6842105263158,352.0,15.0,6.0,12.0,-6.0,25.0,0,1,1,,-0.352942857142856,-0.8699299719887941,,-15.616,-53.74900000000001,63.192736893456875,195.09789483623,0.54,2.8055745098039218,-3.186254736842116
2025,HUL,Baku,17,Street,Sauber,16.0,Finished,110.67454,107.01282499999999,110.3597745649839,0.3147654350160991,0.574542724512748,-0.574542724512748,21.052631578947366,350.0,15.0,7.0,12.0,-5.0,25.0,0,1,1,,-0.4318357142857103,-0.8108425770308132,,-16.909999999999997,-52.34700000000001,62.921970256251214,194.03248957962657,0.74,4.116246078431372,-3.661715000000001
2025,LAW,Baku,17,Street,RB,5.0,Finished,110.17297999999997,106.25881142857142,110.3597745649839,-0.1867945649839271,-0.34095693602618704,0.34095693602618704,47.36842105263158,342.0,19.5,16.0,6.0,10.0,25.0,0,1,1,,-2.6785368421052573,-0.1545479838709667,,-54.43499999999999,-18.71299999999999,62.69825562468455,194.634112044334,0.34,4.393151754385964,-3.9141685714285472
2025,LEC,Baku,17,Street,Ferrari,9.0,Finished,110.00146000000001,139.39064,110.3597745649839,-0.3583145649838855,-0.6540331418153086,0.6540331418153086,63.1578947368421,346.0,15.0,12.0,12.0,0.0,25.0,0,1,1,,-2.8332765737874075,-0.1300857771260989,,-51.64399999999999,-18.414999999999992,63.55221210173716,195.18302278052244,0.94,1.3358906249999998,29.389179999999982
2025,NOR,Baku,17,Street,McLaren,7.0,Finished,109.99757999999999,160.3895,110.3597745649839,-0.3621945649839091,-0.6611153227765346,0.6611153227765346,68.42105263157895,354.0,19.0,4.0,7.0,-3.0,25.0,0,1,1,,-0.8483815958815942,-0.5300791208791246,,-53.385000000000005,-17.884,61.020338918122015,195.10478780518096,0.96,1.1774662698412697,50.39192000000001
2025,OCO,Baku,17,Street,Haas,14.0,Finished,110.62006,105.86607692307692,110.3597745649839,0.260285435016101,0.475100142356761,-0.475100142356761,26.315789473684216,350.0,0.0,7.0,18.0,-11.0,25.0,0,1,1,,0.0,-0.3475159183673476,,0.0,-50.48899999999999,62.01244221554803,194.18060983791912,0.74,2.1274166666666665,-4.7539830769230775
2025,RUS,Baku,17,Street,Mercedes,2.0,Finished,109.73552,105.34653647058822,110.3597745649839,-0.6242545649839002,-1.1394545863557926,1.1394545863557926,89.47368421052632,350.0,21.0,7.0,3.0,4.0,25.0,0,1,1,,-0.5961048951048925,-0.7959873071452048,,-15.951000000000008,-55.286,63.76045903867235,194.81169314850496,0.4200000000000001,10.253241228070173,-4.3889835294117745
2025,SAI,Baku,17,Street,Williams,3.0,Finished,109.9266,105.9054705,110.3597745649839,-0.4331745649839007,-0.7906754270612514,0.7906754270612514,78.94736842105263,328.0,20.5,19.0,5.0,14.0,25.0,0,1,1,,-1.5461494017094028,-0.2238656521739096,,-55.131,-18.558000000000007,62.249854440026084,195.14046436565366,0.27999999999999997,4.736865384615385,-4.0211294999999865
2025,STR,Baku,17,Street,Aston Martin,17.0,Finished,111.11030000000001,106.65723846153847,110.3597745649839,0.7505254350161152,1.3699373574109859,-1.3699373574109859,10.526315789473683,346.0,16.5,12.0,9.0,3.0,25.0,0,1,1,,-0.8005365508365472,-0.5172703296703355,,-52.64800000000001,-17.283,61.18558045819573,192.33686015937562,0.42,6.33807738095238,-4.45306153846154
2025,TSU,Baku,17,Street,Red Bull,6.0,Finished,110.05462000000001,105.6855882352941,110.3597745649839,-0.30515456498388005,-0.5569999614296075,0.5569999614296075,57.89473684210527,346.0,17.5,12.0,8.0,4.0,25.0,0,1,1,,-0.6250219780219753,-0.8115372214319588,,-18.736999999999995,-53.648,61.84094680914359,194.80945795022933,0.66,2.422535343035343,-4.369031764705909
2025,VER,Baku,17,Street,Red Bull,1.0,Finished,109.55454,,110.3597745649839,-0.8052345649838912,-1.4697981714987856,1.4697981714987856,94.73684210526316,329.0,22.0,18.0,1.0,17.0,25.0,0,1,1,,-0.7258999999999998,-0.7547279352226693,,-16.96900000000001,-55.43499999999999,63.023756238449444,195.5629928478751,1.0,0.0,
2025,ALB,Singapore,18,Street,Williams,14.0,Lapped,98.84878333333333,99.76902708333334,98.38422140710382,0.4645619262295071,0.5612347976809146,-0.5612347976809146,35.0,323.0,27.0,1.0,13.0,-12.0,30.0,1,1,0,-0.3884631578947319,-0.0116240418118444,,-21.104,5.646000000000001,,56.302871317996036,177.00057542869183,0.8166666666666667,1.9642792041078305,0.9202437500000116
2025,ALO,Singapore,18,Street,Aston Martin,7.0,Finished,98.24368852459017,97.45546174863387,98.38422140710382,-0.1405328825136536,-0.16977702956677745,0.16977702956677745,65.0,320.0,25.0,3.0,16.0,-13.0,30.5,1,1,0,0.0102222222222197,-0.1941717086834726,,4.1440000000000055,-26.144999999999996,,55.181773849511906,178.25264400019736,0.32786885245901637,12.987921945701357,-0.7882267759563035
2025,ANT,Singapore,18,Street,Mercedes,5.0,Finished,97.51124590163933,98.5954868852459,98.38422140710382,-0.8729755054644954,-1.0546370753330172,1.0546370753330172,75.0,316.0,29.0,10.0,7.0,3.0,30.5,0,1,1,,-0.0314791304347797,-0.0480339023233758,,0.9549999999999984,-15.187000000000012,57.02827936209843,179.7021095360225,0.7704918032786885,4.203438626126126,1.084240983606577
2025,BEA,Singapore,18,Street,Haas,9.0,Finished,98.44672131147541,97.58269398907103,98.38422140710382,0.0624999043715917,0.0755058027887926,-0.0755058027887926,55.00000000000001,314.0,29.0,12.0,7.0,5.0,30.5,0,1,1,,-0.01293337097685,-0.1032281376518231,,1.9170000000000016,-17.848,56.66176347507506,178.50787217203634,0.7213114754098361,3.0595370813397134,-0.8640273224043824
2025,BOR,Singapore,18,Street,Sauber,17.0,Lapped,99.25105000000002,99.40452380952382,98.38422140710382,0.8668285928961978,1.0472110228804827,-1.0472110228804827,5.000000000000004,313.0,30.0,16.0,1.0,15.0,30.0,0,1,1,,0.0471538461538504,-0.0185852692140675,,3.1670000000000016,-25.01599999999999,58.34392505194887,177.44779299354323,0.65,2.1332898936170217,0.15347380952380263
2025,COL,Singapore,18,Street,Alpine,16.0,Lapped,99.21383333333331,99.11136296296296,98.38422140710382,0.8296119262294894,1.0022497653866234,-1.0022497653866234,19.999999999999996,314.0,29.0,12.0,7.0,5.0,30.0,1,1,0,0.0359395604395658,-0.0109395235892696,,2.530000000000001,-15.525999999999996,,57.77065224739129,177.1224118681096,0.5333333333333333,3.257848404255319,-0.10247037037035511
2025,GAS,Singapore,18,Street,Alpine,19.0,Lapped,99.22478333333333,100.13770595238095,98.38422140710382,0.8405619262295119,1.0154784022757828,-1.0154784022757828,15.000000000000002,321.0,18.333333333333332,2.0,20.0,-18.0,20.0,1,1,1,-0.462618181818177,-0.0325899209486156,0.0578253968253953,-14.903000000000006,1.64200000000001,-7.695000000000007,59.6414397366654,176.46444353898548,0.6833333333333333,2.393596184062851,0.9129226190476203
2025,HAD,Singapore,18,Street,RB,11.0,Lapped,98.83808333333334,99.349188,98.38422140710382,0.4538619262295214,0.5483081844650675,-0.5483081844650675,40.0,303.0,24.0,20.0,17.0,3.0,30.0,1,0,1,0.0239245614035114,,-0.067108710801391,3.2830000000000013,,-18.36399999999999,61.368341576080866,177.61994927605642,0.5333333333333333,2.9210738125802314,0.5111046666666539
2025,HAM,Singapore,18,Street,Ferrari,8.0,Finished,98.26254098360656,99.15020667134216,98.38422140710382,-0.12168042349726704,-0.147001473877734,0.147001473877734,60.0,317.0,19.0,8.0,19.0,-11.0,20.333333333333332,1,1,1,0.7867294117647066,0.0062114624505924,-0.1650451722190856,-2.7900000000000063,2.209000000000003,-12.837000000000003,60.057775878058926,178.92098648320646,0.5081967213114754,5.260727272727273,0.8876656877356055
2025,HUL,Singapore,18,Street,Sauber,20.0,Lapped,99.33223333333332,106.54782638888891,98.38422140710382,0.9480119262294977,1.1452881770462922,-1.1452881770462922,0.0,320.0,19.333333333333332,3.0,18.0,-15.0,20.0,1,1,1,-0.3188382352941148,0.0051413043478278,0.163629824561407,-21.296000000000006,2.448999999999998,7.951000000000008,58.4130303627769,177.3503578813116,0.7166666666666667,6.3745924081303,7.215593055555587
2025,LAW,Singapore,18,Street,RB,15.0,Lapped,98.95951666666666,98.76735714285714,98.38422140710382,0.5752952595628358,0.6950111500270201,-0.6950111500270201,25.0,314.0,27.5,12.0,12.0,0.0,30.0,1,1,0,-0.8410769230769218,0.0178988205365396,,-20.015,5.197999999999993,,59.37343079633788,177.6117944493493,0.5333333333333333,7.24466612111293,-0.19215952380952217
2025,LEC,Singapore,18,Street,Ferrari,6.0,Finished,97.71801639344262,97.9409199063232,98.38422140710382,-0.6662050136611981,-0.8048387415016814,0.8048387415016814,70.0,319.0,29.5,5.0,4.0,1.0,30.5,0,1,1,,0.0075037593984936,-0.0054306620209042,,2.2950000000000017,-14.625,59.26648288864675,180.04249686302734,0.3442622950819672,5.413587804878049,0.22290351288057764
2025,NOR,Singapore,18,Street,McLaren,3.0,Finished,97.09618032786885,97.15545792349727,98.38422140710382,-1.2880410792349721,-1.5560755922817835,1.5560755922817835,90.0,314.0,30.0,12.0,1.0,11.0,30.5,0,1,1,,-0.0095184615384614,-0.0502597168597156,,3.0660000000000025,-15.695999999999998,57.23265101399238,181.12409357620106,0.7377049180327869,2.65827,0.059277595628415725
2025,OCO,Singapore,18,Street,Haas,18.0,Lapped,99.23395,102.29863888888889,98.38422140710382,0.8497285928961702,1.0265526036289276,-1.0265526036289276,9.999999999999998,319.0,28.0,5.0,11.0,-6.0,30.0,0,1,1,,-0.01418275862069,-0.0655729838709672,,3.1670000000000016,-16.38300000000001,56.78615858573826,177.0958226492802,0.9333333333333333,1.4210293778801844,3.0646888888888952
2025,PIA,Singapore,18,Street,McLaren,4.0,Finished,97.10706557377048,96.97327509726334,98.38422140710382,-1.2771558333333388,-1.5429251844752427,1.5429251844752427,80.0,312.0,30.0,17.0,1.0,16.0,30.5,0,1,1,,-0.025770940170944,-0.0762436974789924,,2.5459999999999923,-19.65700000000001,58.28400153437393,181.11737399870793,0.24590163934426224,4.845040000000001,-0.13379047650714426
2025,RUS,Singapore,18,Street,Mercedes,1.0,Finished,97.02396721311477,104.387,98.38422140710382,-1.36025419398905,-1.6433158729863442,1.6433158729863442,95.0,311.0,28.5,18.0,10.0,8.0,30.5,0,1,1,,0.0387813043478278,-0.0554362256993832,,4.028999999999996,-16.643,58.750992238763544,180.89255667731115,0.9672131147540984,0.2445405405405405,7.363032786885228
2025,SAI,Singapore,18,Street,Williams,10.0,Lapped,98.61748333333331,98.26967916666668,98.38422140710382,0.23326192622948838,0.2818024951734673,-0.2818024951734673,50.0,319.0,26.0,5.0,15.0,-10.0,30.0,1,1,0,-0.8430818181818163,-0.0015526530612244,,-18.335000000000008,1.7749999999999917,,57.65275673869308,178.03948002768095,0.8166666666666667,3.809361781076067,-0.3478041666666343
2025,STR,Singapore,18,Street,Aston Martin,13.0,Lapped,98.88391666666666,99.70601212121211,98.38422140710382,0.49969525956284144,0.6036791912308258,-0.6036791912308258,30.000000000000004,317.0,26.5,8.0,14.0,-6.0,30.0,1,1,0,0.0133278805120912,-0.3016600790513837,,4.475999999999999,-18.524,,56.39811153174874,177.49914585509512,0.7166666666666667,2.9797044653349003,0.8220954545454475
2025,TSU,Singapore,18,Street,Red Bull,12.0,Lapped,98.77448333333335,98.6755,98.38422140710382,0.3902619262295275,0.47147336198573103,-0.47147336198573103,44.99999999999999,316.0,29.5,10.0,4.0,6.0,30.0,1,0,1,0.0550419580419613,,-0.0410512917933122,2.932000000000002,,-19.75200000000001,56.515647278468904,177.67552878355497,0.7333333333333333,1.9028229166666666,-0.09898333333335074
2025,VER,Singapore,18,Street,Red Bull,2.0,Finished,97.09688524590163,97.07108653095537,98.38422140710382,-1.287336161202191,-1.5552239845473301,1.5552239845473301,85.0,308.0,29.5,19.0,4.0,15.0,30.5,1,0,1,0.0366088751289985,,-0.0412299909392937,3.589000000000013,,-16.557000000000002,59.821104588756135,181.13770022238032,0.1311475409836065,5.0641569767441865,-0.02579871494626218
2025,ALB,Austin,19,Permanent,Williams,14.0,Finished,101.87674545454546,99.9541064935065,101.66453244949494,0.21221300505051488,0.3669220818203334,-0.3669220818203334,40.0,337.0,20.666666666666668,6.0,18.0,-12.0,18.333333333333332,1,1,1,-0.2606503759398516,-0.2637551724137955,3.971371428571412,-20.60199999999999,-38.72,27.683000000000007,60.00561472982144,191.7163823445853,0.7454545454545455,2.4777164750957854,-1.922638961038956
2025,ALO,Austin,19,Permanent,Aston Martin,10.0,Finished,101.86292727272728,100.35359053030304,101.66453244949494,0.19839482323233426,0.34303006804628683,-0.34303006804628683,44.99999999999999,330.0,30.0,17.0,4.0,13.0,27.5,1,1,0,-0.2261241025641028,-0.2521078817733994,,-20.792,0.1659999999999968,,59.368733760588,192.25242487353614,0.2727272727272727,5.922198938992043,-1.5093367424242388
2025,ANT,Austin,19,Permanent,Mercedes,13.0,Finished,102.01159999999999,104.85878181818182,101.66453244949494,0.3470675505050451,0.6000892741388844,-0.6000892741388844,25.0,336.0,0.0,7.0,20.0,-13.0,27.5,1,1,0,-0.2201153846153862,-0.3430407119021146,,-23.575000000000003,0.7209999999999894,,61.59708085179232,190.58413038928143,0.7272727272727273,2.5321066666666665,2.847181818181838
2025,BEA,Austin,19,Permanent,Haas,9.0,Finished,101.79892727272728,110.4285220779221,101.66453244949494,0.1343948232323413,0.23237232004017908,-0.23237232004017908,50.0,335.0,21.0,11.0,16.0,-5.0,27.5,1,1,0,-0.2025032478632489,-0.2513428571428572,,-18.908,-1.382000000000005,,60.346835975733214,192.14367090017973,0.8181818181818182,2.3340782493368697,8.629594805194813
2025,BOR,Austin,19,Permanent,Sauber,18.0,Lapped,102.48624074074074,104.12922154471545,101.66453244949494,0.8217082912457983,1.420756078550265,-1.420756078550265,5.000000000000004,336.0,20.333333333333332,7.0,19.0,-12.0,18.0,2,1,0,-0.20511376518218316,-0.1859401468097134,,-9.954999999999998,-20.717,,60.769391646285385,191.30318041619307,0.7962962962962963,2.3068360937308308,1.6429808039747087
2025,COL,Austin,19,Permanent,Alpine,17.0,Lapped,102.45187037037037,102.68866129785248,101.66453244949494,0.7873379208754301,1.3613287694358713,-1.3613287694358713,9.999999999999998,339.0,29.0,3.0,8.0,-5.0,27.0,1,1,0,-0.197742094861662,-0.2341741935483873,,-19.367000000000004,-0.9869999999999948,,62.51548852179586,190.83570045713233,0.42592592592592593,3.6048340579710145,0.2367909274821045
2025,GAS,Austin,19,Permanent,Alpine,19.0,Lapped,102.54783333333332,101.1769990503324,101.66453244949494,0.8833008838383734,1.5272513533964025,-1.5272513533964025,0.0,329.0,30.5,18.0,2.0,16.0,27.0,1,1,0,-0.1024304871373823,-0.282136752136754,,-19.47,-0.847999999999999,,63.61837650848648,190.7854227264112,0.7037037037037037,3.115652472527473,-1.3708342830009173
2025,HAD,Austin,19,Permanent,RB,16.0,Finished,102.21674545454546,101.11025454545454,101.66453244949494,0.5522130050505183,0.9547913681028516,-0.9547913681028516,15.000000000000002,333.0,29.0,13.0,8.0,5.0,27.5,1,0,1,-0.1585024630541851,,-0.2998589743589742,-20.27799999999999,,-2.5149999999999864,62.691299992717326,191.26735993997173,0.7272727272727273,3.0844252645502643,-1.1064909090909225
2025,HAM,Austin,19,Permanent,Ferrari,4.0,Finished,101.19120000000002,101.62225000000001,101.66453244949494,-0.4733324494949187,-0.8184047331145033,0.8184047331145033,75.0,332.0,29.5,15.0,6.0,9.0,27.5,1,1,0,-0.1371000000000027,-0.2274852057842038,,-16.268,0.796999999999997,,64.45973576729116,193.60374023353103,0.4,6.046686666666667,0.43104999999998483
2025,HUL,Austin,19,Permanent,Sauber,8.0,Finished,101.63809090909089,101.9582935064935,101.66453244949494,-0.026441540404050556,-0.04571814554570415,0.04571814554570415,55.00000000000001,338.0,21.0,4.0,16.0,-12.0,27.5,1,1,0,-0.2578705533596864,-0.2397247067448681,,-19.461,-1.003,,61.91910588186096,193.1703591187972,0.32727272727272727,3.9366046195652173,0.3202025974026128
2025,LAW,Austin,19,Permanent,RB,11.0,Finished,101.91183636363635,100.38227757575758,101.66453244949494,0.24730391414141195,0.42759522206230455,-0.42759522206230455,30.000000000000004,336.0,29.0,7.0,8.0,-1.0,27.5,1,1,0,-0.2019094017094021,-0.2670699507389169,,-20.205000000000013,-1.1460000000000008,,61.129968153555126,192.1692394317395,0.7090909090909091,2.1288882758620695,-1.52955878787877
2025,LEC,Austin,19,Permanent,Ferrari,3.0,Finished,100.97921818181818,101.5949033929034,101.66453244949494,-0.685314267676759,-1.184927086524585,1.184927086524585,80.0,331.0,23.5,16.0,14.0,2.0,27.5,1,1,0,-0.290822077922077,-0.0991786096256681,,1.941999999999993,-19.613,,64.87628774822666,193.94893344444853,0.27272727272727265,4.858458874458874,0.6156852110852213
2025,NOR,Austin,19,Permanent,McLaren,2.0,Finished,100.83041818181819,101.60807424242425,101.66453244949494,-0.8341142676767532,-1.4422063506388039,1.4422063506388039,85.0,336.0,30.0,7.0,4.0,3.0,27.5,1,1,0,-0.2060413043478243,-0.2379064516129061,,-20.209999999999994,1.0769999999999982,,61.431377311748456,194.11961663055652,0.6545454545454545,3.759755376344086,0.7776560606060627
2025,OCO,Austin,19,Permanent,Haas,15.0,Finished,102.07134545454545,100.693,101.66453244949494,0.406813005050509,0.7033907968514317,-0.7033907968514317,19.999999999999996,338.0,30.5,4.0,2.0,2.0,27.5,0,1,1,,-0.1080267595307923,-0.3560652173913059,,-20.721000000000004,-2.2460000000000093,61.45898073338175,191.90093764237852,0.6,2.7345740489130437,-1.3783454545454532
2025,PIA,Austin,19,Permanent,McLaren,5.0,Finished,101.19561818181818,100.78233994258375,101.66453244949494,-0.4689142676767659,-0.8107655760789039,0.8107655760789039,70.0,333.0,29.5,13.0,6.0,7.0,27.5,1,1,0,-0.1945254700854725,-0.2416211822660084,,-20.055999999999997,0.605000000000004,,61.45080370707892,193.7234956647299,0.19999999999999996,4.594592838196288,-0.41327823923442963
2025,RUS,Austin,19,Permanent,Mercedes,6.0,Finished,101.25890909090909,100.62012380952382,101.66453244949494,-0.4056233585858564,-0.7013338656217146,0.7013338656217146,65.0,326.0,27.0,20.0,13.0,7.0,27.5,1,1,0,-0.1974584980237146,-0.2144142228739009,,-18.637,0.7409999999999997,,61.897978502542394,193.32945018653587,0.6909090909090909,3.0721263586956518,-0.6387852813852675
2025,SAI,Austin,19,Permanent,Williams,20.0,Retired,100.76725,,101.66453244949494,-0.8972824494949379,-1.5514258622894515,1.5514258622894515,90.0,341.0,68.0,2.0,1.0,1.0,4.0,0,1,0,,-0.1243000000000051,,,-0.5180000000000007,,61.081567212026506,193.7071129704182,1.0,0.5465,
2025,STR,Austin,19,Permanent,Aston Martin,12.0,Finished,101.90141818181817,105.42016363636364,101.66453244949494,0.2368857323232305,0.4095819011510817,-0.4095819011510817,35.0,342.0,28.0,1.0,12.0,-11.0,27.5,1,1,0,-0.3013040293040296,-0.1644926108374342,,-1.7789999999999964,-19.724000000000004,,59.165315206129655,192.05621052761424,0.8,1.7906660052910053,3.518745454545467
2025,TSU,Austin,19,Permanent,Red Bull,7.0,Finished,101.56610909090908,101.93501258741257,101.66453244949494,-0.09842335858586182,-0.17017667519234814,0.17017667519234814,60.0,335.0,28.5,11.0,11.0,0.0,27.5,1,1,0,-0.1928540903540918,-0.238946360153254,,-21.223,0.3580000000000041,,60.92749969960857,192.9124437171499,0.2727272727272727,8.668058201058201,0.3689034965034921
2025,VER,Austin,19,Permanent,Red Bull,1.0,Finished,100.72634545454547,,101.66453244949494,-0.9381869949494757,-1.6221509385896564,1.6221509385896564,95.0,329.0,21.5,18.0,15.0,3.0,27.5,1,1,0,-0.2146600790513864,-0.2063412756598232,,-20.045,1.1670000000000016,,61.49738930211765,194.63080750268853,1.0,0.0,
2025,ALB,Mexico City,20,Permanent,Williams,12.0,Lapped,83.85124637681157,83.44655416483677,84.3786354700734,-0.5273890932618315,-0.17445656608178634,0.17445656608178634,35.0,358.0,28.0,2.0,7.0,-5.0,34.5,1,0,1,0.11248078817734,,-0.0022117260788007,3.4129999999999967,,-0.5370000000000061,52.75180995994082,181.7419351765985,0.42028985507246375,4.0420081896551725,-0.40469221197480465
2025,ALO,Mexico City,20,Permanent,Aston Martin,18.0,Retired,84.60769696969697,84.2029191919192,84.3786354700734,0.22906149962356892,0.0757719170844376,-0.0757719170844376,5.000000000000004,353.0,26.5,13.0,12.0,1.0,16.5,1,1,0,0.0891245614035124,-0.2969670329670357,,2.286000000000002,-11.680000000000009,,53.1561197933492,180.16670410701298,0.6060606060606061,2.8441090225563905,-0.404777777777781
2025,ANT,Mexico City,20,Permanent,Mercedes,6.0,Finished,83.39713043478261,83.08353333333335,84.3786354700734,-0.9815050352907946,-0.32467489418444306,0.32467489418444306,65.0,356.0,20.0,3.0,15.0,-12.0,23.0,2,1,0,0.04746224167137355,-0.1419747826086933,,-6.161499999999997,-14.37400000000001,,53.82006764336867,182.8013204107882,0.782608695652174,1.8868293650793653,-0.3135971014492611
2025,BEA,Mexico City,20,Permanent,Haas,4.0,Finished,83.2935,83.02657500000001,84.3786354700734,-1.0851354700734106,-0.35895510593839014,0.35895510593839014,70.0,350.0,18.333333333333332,16.0,18.0,-2.0,23.333333333333332,2,1,0,0.06424950592885226,-0.1730521739130426,,-3.793999999999997,-16.503,,54.22495866682259,183.18003357165836,0.32857142857142857,6.845531400966184,-0.2669249999999863
2025,BOR,Mexico City,20,Permanent,Sauber,10.0,Finished,83.73078260869563,83.4783043478261,84.3786354700734,-0.6478528613777712,-0.21430512493764006,0.21430512493764006,50.0,354.0,28.5,9.0,6.0,3.0,34.5,1,1,0,0.0571344537815145,0.0174036414565824,,-17.223,2.2169999999999987,,54.88933958883164,182.44817723179415,0.8405797101449275,1.8727714285714285,-0.2524782608695375
2025,COL,Mexico City,20,Permanent,Alpine,16.0,Lapped,84.39126086956522,83.94343731884058,84.3786354700734,0.012625399491810185,0.004176392475485693,-0.004176392475485693,19.999999999999996,355.0,29.5,6.0,3.0,3.0,34.5,1,0,1,0.1166905702992668,,-0.0057123034227562,-14.15100000000001,,1.8819999999999908,54.754589874633275,180.92698787127875,0.4782608695652174,7.176950193423599,-0.4478235507246353
2025,GAS,Mexico City,20,Permanent,Alpine,15.0,Lapped,84.46879710144927,84.46354066022545,84.3786354700734,0.09016163137586375,0.029824827253975755,-0.029824827253975755,15.000000000000002,341.0,27.0,18.0,10.0,8.0,34.5,1,1,0,0.0395568990042678,0.0070811950146632,,-14.248999999999995,0.5539999999999878,,55.93483376919642,180.74098900157233,0.2463768115942029,11.536777027027025,-0.005256441223821184
2025,HAD,Mexico City,20,Permanent,RB,13.0,Lapped,83.96537681159418,84.85831594202898,84.3786354700734,-0.41325865847922216,-0.1367030289078383,0.1367030289078383,25.0,356.0,27.0,3.0,10.0,-7.0,34.5,1,1,0,0.0794364221364237,0.0323920454545459,,3.244,3.381,,57.6209954282083,181.78475869513588,0.6666666666666666,2.8896300505050507,0.8929391304347973
2025,HAM,Mexico City,20,Permanent,Ferrari,8.0,Finished,83.54047142857142,83.91149802197802,84.3786354700734,-0.8381640415019831,-0.2772587115696622,0.2772587115696622,60.0,354.0,17.333333333333332,9.0,20.0,-11.0,23.333333333333332,2,1,0,0.0916141699604748,-0.2522521739130399,,-4.361000000000004,-25.27800000000001,,54.350799927028,182.82934436536058,0.34285714285714286,3.7614684343434344,0.37102659340659727
2025,HUL,Mexico City,20,Permanent,Sauber,19.0,Retired,84.59025,84.08574999999999,84.3786354700734,0.21161452992659235,0.07000058343200577,-0.07000058343200577,9.999999999999998,351.0,60.0,15.0,1.0,14.0,24.0,1,0,0,0.0004278260869582,,,1.5290000000000106,,,54.98078853664607,180.76433182390966,0.6666666666666666,2.3864583333333336,-0.5045000000000073
2025,LAW,Mexico City,20,Permanent,RB,20.0,Retired,97.037,99.024,84.3786354700734,12.658364529926601,4.187297075948656,-4.187297075948656,0.0,329.0,29.0,20.0,4.0,16.0,2.0,1,0,1,0.0,,-12.483,0.0,,-24.96599999999999,48.059530683523434,157.38496900754777,0.25,17.067833333333336,1.9869999999999948
2025,LEC,Mexico City,20,Permanent,Ferrari,2.0,Finished,83.17850000000001,83.26837959183673,84.3786354700734,-1.2001354700733913,-0.3969962891098473,0.3969962891098473,85.0,331.0,29.0,19.0,4.0,15.0,35.0,1,1,0,0.0643001112347054,0.0231658536585344,,4.211999999999989,-6.780000000000001,,56.4942361234295,183.55366028955567,0.12857142857142856,14.860454166666665,0.0898795918367199
2025,NOR,Mexico City,20,Permanent,McLaren,1.0,Finished,82.76912857142857,,84.3786354700734,-1.6095068986448382,-0.5324134499746311,0.5324134499746311,95.0,345.0,30.0,17.0,2.0,15.0,35.0,1,1,0,0.034022058823531,0.0428845424371744,,2.888999999999996,1.5940000000000083,,53.27104714474791,184.5730002005142,1.0,0.0,
2025,OCO,Mexico City,20,Permanent,Haas,9.0,Finished,83.75671428571428,83.629,84.3786354700734,-0.6219211843591239,-0.20572711036886096,0.20572711036886096,44.99999999999999,354.0,25.0,9.0,13.0,-4.0,35.0,1,1,0,0.0328061538461533,0.0080724453840725,,3.2390000000000043,-18.989000000000004,,53.66299222824902,182.5559873630932,0.44285714285714284,5.110007867132868,-0.12771428571427634
2025,PIA,Mexico City,20,Permanent,McLaren,5.0,Finished,83.28557142857143,80.698,84.3786354700734,-1.0930640415019752,-0.3615778210514515,0.3615778210514515,75.0,363.0,19.333333333333332,1.0,16.0,-15.0,23.333333333333332,2,1,0,0.056121897233201795,-0.1476897233201593,,-3.152999999999998,-15.313000000000002,,53.25343960162335,183.34454938328932,0.9285714285714286,1.2860477053140098,-2.5875714285714366
2025,RUS,Mexico City,20,Permanent,Mercedes,7.0,Finished,83.1813623188406,102.554,84.3786354700734,-1.1972731512328068,-0.3960494543680229,0.3960494543680229,80.0,355.0,17.666666666666668,6.0,19.0,-13.0,23.0,2,1,0,0.07076741106719316,0.0547233201581026,,-4.578499999999998,3.866,,54.159618014230496,182.79659866749708,0.9855072463768116,1.4046090250329382,19.372637681159404
2025,SAI,Mexico City,20,Permanent,Williams,17.0,Retired,83.66687878787877,83.35348789473683,84.3786354700734,-0.7117566821946326,-0.23544405496416712,0.23544405496416712,55.00000000000001,355.0,27.5,6.0,9.0,-3.0,16.5,3,1,0,-0.6357679902472996,0.0890147058823561,,-17.870000000000005,2.8880000000000052,,53.43599369427264,183.69398125264243,0.5757575757575758,2.9589441614420062,-0.3133908931419427
2025,STR,Mexico City,20,Permanent,Aston Martin,14.0,Lapped,83.87189855072462,82.9185473084886,84.3786354700734,-0.5067369193487821,-0.16762497364078427,0.16762497364078427,30.000000000000004,354.0,18.666666666666668,9.0,17.0,-8.0,23.0,2,1,0,0.03493786935286885,-0.2855147058823532,,0.5929999999999964,-16.101,,53.371483472536966,181.76061926670826,0.43478260869565216,3.4597084095860566,-0.9533512422360246
2025,TSU,Mexico City,20,Permanent,Red Bull,11.0,Finished,83.82048571428571,84.20718333333332,84.3786354700734,-0.5581497557876958,-0.18463197475676005,0.18463197475676005,40.0,356.0,28.0,3.0,7.0,-4.0,35.0,1,1,0,-0.0060263305322124,0.0303915966386542,,-28.435,3.227000000000004,,52.877944695975785,182.1005655695481,0.6,3.8452714285714285,0.38669761904760946
2025,VER,Mexico City,20,Permanent,Red Bull,3.0,Finished,83.16865714285716,82.96726564739608,84.3786354700734,-1.2099783272162483,-0.40025223634029927,0.40025223634029927,90.0,353.0,24.0,13.0,14.0,-1.0,35.0,1,1,0,0.049376928953399,0.017638610038611,,-5.878,3.8429999999999898,,54.31885243259022,183.56577233137386,0.4857142857142857,6.061727124183006,-0.20139149546108115
2025,ALB,Las Vegas,22,Street,Williams,16.0,Retired,101.64800000000001,101.09002040816328,101.76906988453277,-0.12106988453275846,-0.008334051043737052,0.008334051043737052,5.263157894736848,,,,,,8.5,0,2,2,,0.0,-1.1228390477943082,,0.0,-29.159,,,0.5588235294117647,12.534833333333331,-0.5579795918367267
2025,ALO,Las Vegas,22,Street,Aston Martin,11.0,Finished,98.87808163265308,97.11796075353219,101.76906988453277,-2.8909882518796906,-0.19900608438666148,0.19900608438666148,21.052631578947366,,,,,,24.5,0,1,1,,-0.5744285714285705,-0.0733213139801372,,6.162999999999997,-13.873999999999995,,,0.7142857142857143,2.2317079831932776,-1.7601208791208904
2025,ANT,Las Vegas,22,Street,Mercedes,3.0,Finished,97.60957142857144,97.75106666666666,101.76906988453277,-4.159498455961327,-0.2863261378509661,0.2863261378509661,89.47368421052632,,,,,,24.5,1,0,1,0.0,,-0.2030882544507156,0.0,,-44.03699999999999,,,0.3877551020408163,3.043895833333334,0.14149523809521725
2025,BEA,Las Vegas,22,Street,Haas,10.0,Finished,98.60144897959185,97.09199748822606,101.76906988453277,-3.167620904940918,-0.2180485627030001,0.2180485627030001,36.8421052631579,,,,,,24.5,0,1,1,,-0.5504588235294076,-0.141083556149731,,-10.737000000000007,-19.184999999999988,,,0.5306122448979592,3.781507575757576,-1.5094514913657946
2025,BOR,Las Vegas,22,Street,Sauber,17.0,Retired,161.626,161.626,101.76906988453277,59.856930115467236,4.120353404390413,-4.120353404390413,0.0,,,,,,1.0,0,1,0,,0.0,,,0.0,,,,0.0,30.329,0.0
2025,COL,Las Vegas,22,Street,Alpine,15.0,Lapped,99.29522916666667,98.45863541666665,101.76906988453277,-2.4738407178660964,-0.17029102568601762,0.17029102568601762,10.526315789473683,,,,,,24.0,0,1,1,,-0.2007256521739114,-0.4790139130434775,,-19.16200000000001,-20.504000000000005,,,0.3541666666666667,5.876416666666667,-0.83659375000002
2025,GAS,Las Vegas,22,Street,Alpine,13.0,Finished,98.86936734693877,97.53857692307692,101.76906988453277,-2.8997025375939955,-0.19960594703816237,0.19960594703816237,26.315789473684216,,,,,,24.5,0,1,1,,0.0,-0.1667708966565346,,0.0,-42.72699999999999,,,0.46938775510204084,3.9786979166666665,-1.3307904238618562
2025,HAD,Las Vegas,22,Street,RB,6.0,Finished,98.12706122448981,98.45,101.76906988453277,-3.6420086600429613,-0.2507038491997385,0.2507038491997385,57.89473684210527,,,,,,24.5,0,1,1,,-0.4751596491228013,-0.1557110122358194,,-9.256,-17.948999999999998,,,0.3673469387755102,4.37955,0.32293877551019534
2025,HAM,Las Vegas,22,Street,Ferrari,8.0,Finished,98.31987755102038,96.28976190476187,101.76906988453277,-3.4491923335123857,-0.2374310100162098,0.2374310100162098,47.36842105263158,,,,,,24.5,0,1,1,,-0.3085233766233761,-0.4354956212369969,,-21.385999999999996,-18.056999999999988,,,0.5714285714285714,3.5051011904761906,-2.0301156462585084
2025,HUL,Las Vegas,22,Street,Sauber,7.0,Finished,98.1747142857143,96.34758843537418,101.76906988453277,-3.594355598818467,-0.2474235698291258,0.2474235698291258,52.63157894736843,,,,,,24.5,0,1,1,,-0.2873939849624073,-0.3987778325123153,,-18.055999999999997,-16.453000000000003,,,0.3469387755102041,4.6865250000000005,-1.8271258503401242
2025,LAW,Las Vegas,22,Street,RB,14.0,Lapped,99.28283333333333,120.97252127659574,101.76906988453277,-2.4862365511994398,-0.17114431391808652,0.17114431391808652,15.789473684210531,,,,,,16.0,0,1,2,,0.0,-0.3092267710067713,,0.0,-28.599000000000004,,,0.6875,2.869912087912088,21.689687943262413
2025,LEC,Las Vegas,22,Street,Ferrari,4.0,Finished,97.77051020408166,96.58809183673468,101.76906988453277,-3.998559680451109,-0.2752476440108586,0.2752476440108586,68.42105263157895,,,,,,24.5,0,1,1,,-0.4594337944664041,-0.1600885470085498,,-13.62100000000001,-16.86500000000001,,,0.9387755102040817,2.2654356187290974,-1.1824183673469832
2025,NOR,Las Vegas,22,Street,McLaren,19.0,Disqualified,97.65316326530612,96.71707142857144,101.76906988453277,-4.115906619226649,-0.28332541976290393,0.28332541976290393,84.21052631578947,,,,,,24.5,0,1,1,,-0.5190181818181806,-0.0964417077175671,,-8.914999999999992,-14.717,,,0.5510204081632653,3.890279761904762,-0.9360918367346756
2025,OCO,Las Vegas,22,Street,Haas,9.0,Finished,98.35232653061225,98.1589246467818,101.76906988453277,-3.4167433539205234,-0.23519732941694738,0.23519732941694738,42.10526315789473,,,,,,24.5,0,1,1,,-0.4200177777777775,-0.2368794466403183,,-16.087999999999994,-18.53700000000001,,,0.6938775510204082,2.272130434782609,-0.19340188383044676
2025,PIA,Las Vegas,22,Street,McLaren,20.0,Disqualified,97.74085714285714,96.8589,101.76906988453277,-4.028212741675631,-0.27728886282263804,0.27728886282263804,73.6842105263158,,,,,,24.5,0,1,1,,-0.5303466165413534,-0.1573438423645325,,-10.462999999999994,-16.631,,,0.7959183673469388,1.915107142857143,-0.8819571428571322
2025,RUS,Las Vegas,22,Street,Mercedes,2.0,Finished,97.73265306122448,95.85052121212121,101.76906988453277,-4.036416823308286,-0.2778536047099984,0.2778536047099984,78.94736842105263,,,,,,16.333333333333332,0,1,2,,-0.5577779411764696,-0.0106923570381238,,-9.22,-0.6385000000000005,,,0.5714285714285714,3.5450389784946235,-1.8821318491032741
2025,SAI,Las Vegas,22,Street,Williams,5.0,Finished,97.92916326530613,96.64063273568536,101.76906988453277,-3.839906619226639,-0.26432649119409757,0.26432649119409757,63.1578947368421,,,,,,24.5,0,1,1,,-0.465020779220779,-0.1750536398467384,,-8.004000000000005,-18.305999999999997,,,0.3469387755102041,4.524184523809524,-1.2885305296207719
2025,TSU,Las Vegas,22,Street,Red Bull,12.0,Finished,98.72867346938776,100.01001275510205,101.76906988453277,-3.040396415145011,-0.20929084895722047,0.20929084895722047,31.57894736842105,,,,,,24.5,0,1,1,,-0.188899209486168,-0.5240683760683789,,-16.399,-36.354,,,0.32653061224489793,6.742893812709029,1.2813392857142958
2025,VER,Las Vegas,22,Street,Red Bull,1.0,Finished,97.27279591836731,,101.76906988453277,-4.496273966165461,-0.309508651844051,0.309508651844051,94.73684210526316,,,,,,24.5,0,1,1,,-0.4480395652173878,-0.2071715384615398,,-7.337999999999994,-17.808000000000007,,,1.0,0.0,
2025,ALB,Lusail,23,Permanent,Williams,11.0,Finished,90.14512500000001,84.60171428571428,90.210585494228,-0.06546049422799172,-0.06262228662489677,0.06262228662489677,40.0,338.0,13.333333333333334,3.0,19.0,-16.0,18.666666666666668,0,2,1,,-0.7412569230769235,2.7833999999999937,,-33.547000000000004,19.857,66.47027111223801,215.0510191195453,0.875,1.358273888888889,-5.543410714285727
2025,ALO,Lusail,23,Permanent,Aston Martin,7.0,Finished,90.00416071428572,86.94260714285713,90.210585494228,-0.2064247799422816,-0.1974747042239584,0.1974747042239584,60.0,331.0,25.333333333333332,17.0,5.0,12.0,18.666666666666668,0,2,1,,0.5694807692307642,-0.3047923076923082,,-15.243999999999993,-25.248999999999995,68.02739035325227,214.97407156059074,0.42857142857142855,3.517962222222222,-3.0615535714285897
2025,ANT,Lusail,23,Permanent,Mercedes,5.0,Finished,89.56860714285715,101.88504315476189,90.210585494228,-0.6419783513708524,-0.6141437335701213,0.6141437335701213,70.0,331.0,26.333333333333332,17.0,2.0,15.0,18.666666666666668,0,2,1,,0.450537747252742,-0.2151938461538462,,-17.791500000000013,-22.75500000000001,68.75392586333271,216.14158002181065,0.7321428571428571,2.070166666666667,12.316436011904742
2025,BEA,Lusail,23,Permanent,Haas,19.0,Retired,93.47265,92.74717647058823,90.210585494228,3.2620645057720026,3.120629333440089,-3.120629333440089,0.0,334.0,18.25,11.0,13.0,-2.0,10.0,0,2,2,,0.7331004945054906,-1.4408749999999984,,-12.299500000000009,-17.436,66.6100203278147,206.81013376257948,0.9,8.8405625,-0.7254735294117722
2025,BOR,Lusail,23,Permanent,Sauber,13.0,Finished,90.44466071428572,86.81409523809523,90.210585494228,0.23407522005771852,0.2239262885976219,-0.2239262885976219,30.000000000000004,343.0,21.333333333333332,2.0,8.0,-6.0,18.666666666666668,1,2,0,-0.2096192307692306,0.8662488461538429,,-21.409999999999997,-10.800999999999998,,69.32808349544136,214.12582503271707,0.6071428571428571,2.1111633333333333,-3.6305654761904833
2025,COL,Lusail,23,Permanent,Alpine,14.0,Lapped,90.59545454545454,86.3455,90.210585494228,0.3848690512265449,0.3681820664998085,-0.3681820664998085,25.0,333.0,22.0,14.0,7.0,7.0,18.333333333333332,0,2,1,,-0.711157023411371,2.873457142857132,,-33.00899999999999,19.97799999999999,69.44251804534069,213.8994556156823,0.9272727272727272,1.5984485990338164,-4.249954545454543
2025,GAS,Lusail,23,Permanent,Alpine,16.0,Lapped,90.71834545454546,94.83227272727272,90.210585494228,0.5077599603174576,0.48574472506883726,-0.48574472506883726,15.000000000000002,333.0,21.333333333333332,14.0,8.0,6.0,18.333333333333332,0,2,1,,3.6328158074534125,-0.980162307692308,,13.695499999999996,-26.619,70.57241493547679,213.29445277468022,0.7454545454545455,2.3293641304347825,4.113927272727267
2025,HAD,Lusail,23,Permanent,RB,18.0,Retired,91.46675925925926,97.70095386904762,90.210585494228,1.2561737650312637,1.2017091299446014,-1.2017091299446014,5.000000000000004,329.0,23.333333333333332,19.0,6.0,13.0,18.0,0,2,1,,0.6033549999999954,0.4828754940711451,,-14.552500000000002,51.255999999999986,68.2625195424401,211.47146254852302,0.6851851851851852,4.897437584541063,6.234194609788361
2025,HAM,Lusail,23,Permanent,Ferrari,12.0,Finished,90.35898214285716,85.56130000000002,90.210585494228,0.14839664862915924,0.14196253135918932,-0.14196253135918932,35.0,338.0,20.333333333333332,3.0,11.0,-8.0,18.666666666666668,1,2,0,2.7527428571428456,-0.7259080769230771,,19.795,-33.9885,,68.72646960899873,214.42527757968375,0.8214285714285714,1.5093183333333335,-4.797682142857141
2025,HUL,Lusail,23,Permanent,Sauber,20.0,Retired,88.40400000000001,,90.210585494228,-1.8065854942279884,-1.7282563470709182,1.7282563470709182,95.0,336.0,85.0,8.0,1.0,7.0,5.0,1,0,0,-0.1632999999999926,,,-0.7049999999999983,,,70.94137117769874,218.93756453343863,1.0,0.4187999999999999,
2025,LAW,Lusail,23,Permanent,RB,9.0,Finished,90.05141071428571,85.8284375,90.210585494228,-0.15917477994229046,-0.15227334914832633,0.15227334914832633,50.0,334.0,17.333333333333332,11.0,14.0,-3.0,18.666666666666668,0,2,1,,0.7750193956043918,-0.2951653846153836,,-11.611000000000006,-24.629999999999995,69.83914934946205,215.08682472375298,0.8392857142857143,1.5056944444444447,-4.222973214285702
2025,LEC,Lusail,23,Permanent,Ferrari,8.0,Finished,90.01257142857142,93.29793548387096,90.210585494228,-0.19801406565657942,-0.18942865802569836,0.18942865802569836,55.00000000000001,338.0,21.333333333333332,3.0,8.0,-5.0,18.666666666666668,0,2,1,,0.6217995054945031,-0.2469238461538467,,-13.168,-23.39399999999999,69.4254458419705,215.49220520652963,0.8928571428571429,1.3604844444444444,3.2853640552995387
2025,NOR,Lusail,23,Permanent,McLaren,4.0,Finished,89.49117857142856,88.35903698979591,90.210585494228,-0.7194069227994362,-0.6882151907160052,0.6882151907160052,75.0,334.0,13.333333333333334,11.0,19.0,-8.0,18.666666666666668,0,2,1,,-0.5348967581998457,-0.7401538461538415,,-7.981999999999992,-23.661,67.36018998077006,216.63226754610446,0.5892857142857143,2.6635962100764736,-1.132141581632652
2025,OCO,Lusail,23,Permanent,Haas,15.0,Lapped,90.6581090909091,114.37735185185186,90.210585494228,0.4475235966810942,0.42812006345629405,-0.42812006345629405,19.999999999999996,335.0,13.75,10.0,18.0,-8.0,13.75,0,2,2,,2.430591978021973,-0.1221482213438741,,1.5905000000000058,-11.626999999999995,69.52618079029467,214.68124970765044,0.9272727272727272,1.3361768831168832,23.719242760942763
2025,PIA,Lusail,23,Permanent,McLaren,2.0,Finished,89.26108928571429,89.15269696969698,90.210585494228,-0.9494962085137075,-0.908328365375715,0.908328365375715,85.0,338.0,14.333333333333334,3.0,16.0,-13.0,18.666666666666668,0,2,1,,-0.5704320950452177,-0.5262357142857139,,-7.742000000000004,-22.65300000000001,67.95868089899172,217.28549197884058,0.6785714285714286,4.698972549019608,-0.10839231601731569
2025,RUS,Lusail,23,Permanent,Mercedes,6.0,Finished,89.89739285714283,115.713875,90.210585494228,-0.31319263708516587,-0.29961336711032405,0.29961336711032405,65.0,337.0,25.666666666666668,7.0,3.0,4.0,18.666666666666668,0,2,1,,0.5617604945054893,-0.2843792307692295,,-16.63949999999999,-25.062999999999988,67.79611770411078,215.37970177608068,0.9107142857142857,2.1003088888888892,25.81648214285717
2025,SAI,Lusail,23,Permanent,Williams,3.0,Finished,89.45598214285714,89.51460924369748,90.210585494228,-0.7546033513708608,-0.7218855878641827,0.7218855878641827,80.0,327.0,25.666666666666668,20.0,3.0,17.0,18.666666666666668,0,2,1,,0.4908692307692295,-0.245894615384615,,-16.207000000000008,-23.336,68.84003491927751,216.2820914986059,0.23214285714285715,7.7151177777777775,0.05862710084034006
2025,STR,Lusail,23,Permanent,Aston Martin,17.0,Retired,91.05646296296297,87.83661436950148,90.210585494228,0.8458774687349688,0.8092022817941453,-0.8092022817941453,9.999999999999998,336.0,14.0,8.0,17.0,-9.0,13.5,1,3,0,-2.4239714285714444,0.17327104287868433,,-20.183000000000007,-12.422000000000006,,67.5206625995814,212.8174585574718,0.48148148148148145,5.321647549019608,-3.219848593461492
2025,TSU,Lusail,23,Permanent,Red Bull,10.0,Finished,90.05410714285713,,90.210585494228,-0.15647835137086474,-0.14969383115270482,0.14969383115270482,44.99999999999999,345.0,15.0,1.0,15.0,-14.0,18.666666666666668,0,2,1,,0.7828151098901043,-0.2884923076923064,,-11.633500000000005,-24.340000000000003,66.13202447146126,215.07185511177917,1.0,0.9707066666666666,
2025,VER,Lusail,23,Permanent,Red Bull,1.0,Finished,89.09466071428571,88.12875,90.210585494228,-1.11592477994229,-1.0675409992778306,1.0675409992778306,90.0,332.0,19.666666666666668,16.0,12.0,4.0,18.666666666666668,0,2,1,,0.3206264285714242,-0.2279407692307702,,-20.764499999999998,-21.902,68.57219424975123,217.63937854843385,0.6964285714285714,1.7840120772946861,-0.9659107142857124
