season,race_name,round,circuit_type,team,driver,stint_index,compound,start_lap,end_lap,stint_length_laps,pit_ended_stint,avg_laptime,best_laptime,delta_laptime_first_to_last,laptime_slope_per_lap,avg_throttle_pct,avg_speed,max_speed,min_corner_speed,laps_in_traffic,traffic_lap_pct,avg_interval_to_car_ahead,clean_air_avg_laptime
2024,Austin,19,Permanent,Alpine,GAS,1,MEDIUM,2,18,17,True,109.28517647058823,100.571,-1.0289999999999964,-1.918901960784316,55.534899990354255,179.206243832664,327.0,46.0,9,0.5294117647058824,3.104411764705883,108.734375
2024,Austin,19,Permanent,Alpine,GAS,2,HARD,19,56,38,False,100.86639473684212,98.311,-27.052999999999997,-0.17235332093227115,63.622403301092156,194.33394950697425,333.0,0.0,13,0.34210526315789475,4.203368421052631,101.06139999999999
2024,Austin,19,Permanent,Alpine,OCO,1,MEDIUM,2,31,30,True,106.10926666666666,101.194,1.6920000000000073,-0.7174153503893234,59.244823013415846,184.52671791354277,330.0,43.0,19,0.6333333333333333,2.2725000000000004,101.55945454545454
2024,Austin,19,Permanent,Alpine,OCO,2,HARD,32,51,20,True,101.23179999999999,99.573,-18.91900000000001,-0.27668421052631587,63.05362104424207,193.22181842488897,333.0,0.0,4,0.2,6.464149999999999,101.367625
2024,Austin,19,Permanent,Alpine,OCO,3,SOFT,52,55,4,False,106.773,97.33,-29.771000000000015,-8.665000000000015,60.74442729762876,184.4250557650296,311.0,0.0,0,0.0,8.52525,106.773
2024,Austin,19,Permanent,Aston Martin,ALO,1,MEDIUM,2,26,25,True,107.25560000000002,101.238,-0.527000000000001,-1.0216407692307692,55.13506193243,182.27689978155152,330.0,49.0,24,0.96,1.66796,101.297
2024,Austin,19,Permanent,Aston Martin,ALO,2,HARD,27,55,29,False,100.81220689655171,99.261,-20.741,-0.1679216748768478,59.817275364124725,194.49838465419597,330.0,0.0,6,0.20689655172413793,6.419071428571429,100.94308695652173
2024,Austin,19,Permanent,Aston Martin,STR,1,HARD,2,27,26,True,107.312,101.416,-0.5930000000000035,-0.9568252991453042,55.13407317740824,182.2889737825681,332.0,45.0,23,0.8846153846153846,1.808923076923077,102.34866666666666
2024,Austin,19,Permanent,Aston Martin,STR,2,MEDIUM,28,55,28,False,100.99964285714285,99.214,-21.73299999999999,-0.17678927203064837,61.17102623943763,193.4473528578417,336.0,0.0,14,0.5,4.676285714285713,100.10642857142857
2024,Austin,19,Permanent,Ferrari,LEC,1,MEDIUM,2,26,25,True,105.33839999999998,98.951,-0.12999999999999545,-1.0649907692307699,62.01904244134221,185.7727503035533,312.0,39.0,25,1.0,0.0,
2024,Austin,19,Permanent,Ferrari,LEC,2,HARD,27,56,30,False,99.20640000000002,97.834,-20.004000000000005,-0.1539826473859853,65.46575340377032,197.54152468563765,333.0,0.0,29,0.9666666666666667,0.3071,119.522
2024,Austin,19,Permanent,Ferrari,SAI,1,MEDIUM,2,21,20,True,107.1851,99.684,0.7719999999999914,-1.5300766917293218,59.98604976084549,182.46598900037336,331.0,37.0,19,0.95,1.5282105263157895,100.241
2024,Austin,19,Permanent,Ferrari,SAI,2,HARD,22,56,35,False,99.20645714285715,97.763,-16.814000000000007,-0.10346470588235529,64.13443224534618,197.48739422173543,320.0,0.0,0,0.0,6.805823529411764,99.20645714285715
2024,Austin,19,Permanent,Haas,HUL,1,MEDIUM,2,27,26,True,106.40369230769231,100.269,-1.6679999999999922,-1.0044752136752129,56.56402716392361,184.2456175217546,333.0,47.0,23,0.8846153846153846,2.0136923076923074,100.71433333333334
2024,Austin,19,Permanent,Haas,HUL,2,HARD,28,56,29,False,99.96606896551724,98.404,-23.271,-0.20551083743842388,63.16007562950911,196.54961993046305,314.0,0.0,9,0.3103448275862069,4.194862068965517,98.96095
2024,Austin,19,Permanent,Haas,MAG,1,MEDIUM,2,17,16,True,109.89518749999999,100.634,-0.14300000000000068,-2.0849308823529435,53.6480791007267,177.962415744945,333.0,42.0,16,1.0,1.2790625,
2024,Austin,19,Permanent,Haas,MAG,2,HARD,18,38,21,True,101.33204761904764,99.585,-19.947999999999993,-0.30463116883116764,62.45727480925681,193.31899179496892,338.0,0.0,12,0.5714285714285714,2.651238095238096,100.17655555555555
2024,Austin,19,Permanent,Haas,MAG,3,MEDIUM,39,56,18,False,99.89177777777779,98.21,-20.40700000000001,-0.398264189886482,63.36976599817042,196.04532349467712,338.0,0.0,7,0.3888888888888889,4.272235294117647,100.42045454545455
2024,Austin,19,Permanent,McLaren,NOR,1,MEDIUM,2,31,30,True,104.75356666666667,99.093,0.6049999999999898,-0.7939855394883226,58.51272000597399,186.70069621067293,310.0,42.0,19,0.6333333333333333,2.536066666666667,99.83809090909091
2024,Austin,19,Permanent,McLaren,NOR,2,HARD,32,56,25,False,99.17935999999997,97.679,-21.84700000000001,-0.18558384615384713,63.00025446468427,197.2160392194751,336.0,0.0,15,0.6,3.746279999999999,100.2507
2024,Austin,19,Permanent,McLaren,PIA,1,MEDIUM,2,32,31,True,104.73896774193551,99.016,-0.6610000000000014,-0.7513596774193582,57.998530438267466,187.1492717950914,310.0,39.0,12,0.3870967741935484,3.573870967741935,101.29647368421051
2024,Austin,19,Permanent,McLaren,PIA,2,HARD,33,56,24,False,99.19645833333334,97.883,-20.232,-0.20725347826086843,62.045442987952704,197.71775339730988,326.0,0.0,2,0.08333333333333333,6.759249999999999,99.25813636363637
2024,Austin,19,Permanent,Mercedes,RUS,1,HARD,2,40,39,True,104.0394871794872,98.997,-2.8619999999999948,-0.5342180161943334,58.370810831557435,188.02688619240888,344.0,47.0,27,0.6923076923076923,3.1558461538461535,99.59491666666668
2024,Austin,19,Permanent,Mercedes,RUS,2,MEDIUM,41,56,16,False,99.79668749999999,97.656,-26.257999999999996,-0.522816176470587,62.43087493081403,195.68049876213286,337.0,0.0,9,0.5625,4.658,101.62857142857142
2024,Austin,19,Permanent,RB,LAW,1,HARD,2,36,35,True,105.02951428571428,100.235,-1.4669999999999987,-0.6023170868347352,59.5504544657234,185.98512449303212,338.0,38.0,16,0.45714285714285713,4.476,102.61526315789474
2024,Austin,19,Permanent,RB,LAW,2,MEDIUM,37,56,20,False,99.75975,98.091,-20.325000000000003,-0.33331203007518817,65.00170616841311,196.41358448129148,332.0,0.0,2,0.1,8.183049999999998,98.7051111111111
2024,Austin,19,Permanent,RB,TSU,1,MEDIUM,2,18,17,True,109.56776470588235,100.953,0.5619999999999976,-1.8793455882352992,55.64997885246102,178.06331206848552,336.0,47.0,16,0.9411764705882353,1.4159411764705883,131.6
2024,Austin,19,Permanent,RB,TSU,2,HARD,19,55,37,False,101.20502702702704,99.193,-23.468999999999994,-0.13562375533428092,62.45472554809643,193.24771944860552,334.0,0.0,27,0.7297297297297297,2.6175405405405403,101.7366
2024,Austin,19,Permanent,Red Bull,PER,1,MEDIUM,2,26,25,True,106.56112000000002,100.115,-1.6269999999999953,-1.0732992307692326,54.98565180608745,183.1189916937073,338.0,51.0,17,0.68,3.20492,100.470875
2024,Austin,19,Permanent,Red Bull,PER,2,HARD,27,56,30,False,99.95363333333333,98.514,-20.23700000000001,-0.1555276974416008,62.43204859598661,195.45136555371042,334.0,0.0,10,0.3333333333333333,17.5775,99.04225000000001
2024,Austin,19,Permanent,Red Bull,VER,1,MEDIUM,2,25,24,True,105.97475000000001,99.731,0.7270000000000039,-1.1187008695652154,57.58602506819018,184.68778018476195,310.0,37.0,8,0.3333333333333333,5.2272083333333335,100.11318750000001
2024,Austin,19,Permanent,Red Bull,VER,2,HARD,26,56,31,False,99.48387096774194,98.117,-20.601,-0.12434717741935661,63.274787963368546,196.62463997210395,313.0,0.0,3,0.0967741935483871,5.421466666666666,99.56082142857143
2024,Austin,19,Permanent,Sauber,BOT,1,MEDIUM,2,15,14,True,111.5305714285714,101.483,-0.3610000000000042,-2.537507692307691,53.3108804979295,174.68808140507377,339.0,49.0,13,0.9285714285714286,0.9771538461538459,103.075
2024,Austin,19,Permanent,Sauber,BOT,2,HARD,16,55,40,False,101.795975,100.575,-20.944000000000003,-0.05333705440900866,61.63320134593556,192.4268313525579,332.0,0.0,11,0.275,5.842589743589743,102.04465517241378
2024,Austin,19,Permanent,Sauber,ZHO,1,MEDIUM,2,13,12,True,113.83149999999996,101.474,-0.532999999999987,-2.9564545454545432,50.59119775585307,171.67551614925193,334.0,0.0,8,0.6666666666666666,1.9103333333333332,104.52950000000001
2024,Austin,19,Permanent,Sauber,ZHO,2,MEDIUM,14,35,22,True,102.57536363636363,101.13,-21.051999999999992,-0.256428006775835,60.78974174889315,190.6131373438301,310.0,0.0,1,0.045454545454545456,10.85409090909091,102.62504761904763
2024,Austin,19,Permanent,Sauber,ZHO,3,HARD,36,55,20,False,101.33849999999998,99.272,-26.031999999999996,-0.4195624060150394,60.910824175708015,193.20311053299406,316.0,0.0,0,0.0,24.201299999999996,101.33849999999998
2024,Austin,19,Permanent,Williams,ALB,1,MEDIUM,2,3,2,True,120.62100000000001,104.544,32.15400000000001,32.154,42.066426386984574,160.6187969865595,314.0,41.0,2,1.0,1.4100000000000001,
2024,Austin,19,Permanent,Williams,ALB,2,MEDIUM,4,33,30,True,105.26186666666666,101.287,-54.43700000000001,-0.6186304783092315,55.312225523443715,185.71371491532543,336.0,0.0,27,0.9,1.8561333333333332,119.71266666666668
2024,Austin,19,Permanent,Williams,ALB,3,HARD,34,55,22,False,100.7892727272727,99.084,-20.25,-0.2533077357425171,59.98682240536286,194.3869251564183,333.0,0.0,10,0.45454545454545453,3.5138636363636366,99.68108333333333
2024,Austin,19,Permanent,Williams,COL,1,HARD,2,39,38,True,104.71718421052633,100.026,-2.4140000000000015,-0.5342870117080681,56.13843226048964,186.6263644908265,337.0,41.0,24,0.631578947368421,2.583447368421053,100.6212857142857
2024,Austin,19,Permanent,Williams,COL,2,MEDIUM,40,56,17,False,99.55541176470588,97.611,-20.724000000000004,-0.4538308823529403,62.16054369459777,196.25313469456833,331.0,0.0,7,0.4117647058823529,2.9406470588235294,100.3851
2024,Baku,17,Street,Alpine,GAS,1,HARD,2,50,49,True,110.33200000000002,108.018,33.10799999999999,0.034620510204081134,63.8843706675147,194.20461122596774,344.0,37.0,26,0.5306122448979592,2.999166666666667,110.60726086956522
2024,Baku,17,Street,Alpine,GAS,2,SOFT,51,51,1,False,164.48,164.48,0.0,0.0,38.52667579043268,131.05983199405404,282.0,0.0,0,0.0,9.927,164.48
2024,Baku,17,Street,Alpine,OCO,1,HARD,2,49,48,True,110.54731250000002,108.831,1.6700000000000017,-0.040633901432912796,63.936872113324064,193.56108880962705,349.0,42.0,34,0.7083333333333334,7.227312500000001,110.09450000000002
2024,Baku,17,Street,Alpine,OCO,2,SOFT,50,50,1,False,166.111,166.111,0.0,0.0,38.42169237760761,129.5079993866259,228.0,0.0,0,0.0,20.088,166.111
2024,Baku,17,Street,Aston Martin,ALO,1,MEDIUM,2,11,10,True,110.1052,109.056,3.4110000000000014,0.10035151515151812,60.945310251522606,193.70178956001308,332.0,63.0,3,0.3,3.4345999999999997,110.10485714285714
2024,Baku,17,Street,Aston Martin,ALO,2,HARD,12,51,40,False,111.125575,107.057,26.727000000000004,0.18766163227016738,59.18758270715462,191.9684476718842,347.0,0.0,3,0.075,11.852625,111.27183783783781
2024,Baku,17,Street,Aston Martin,STR,2,HARD,2,22,21,True,111.29214285714285,109.143,-13.052000000000007,-0.14893116883116944,60.740004641247054,191.190933670757,344.0,0.0,10,0.47619047619047616,6.181952380952381,111.52618181818183
2024,Baku,17,Street,Aston Martin,STR,3,HARD,23,45,23,False,110.12743478260867,108.148,-3.3019999999999925,-0.023223320158104157,61.616192608813144,193.51459967460303,348.0,0.0,12,0.5217391304347826,3.718391304347826,110.30154545454546
2024,Baku,17,Street,Ferrari,LEC,1,MEDIUM,2,16,15,True,108.7808,107.672,4.560999999999993,0.15520000000000228,67.90739063475976,197.5026242036108,321.0,69.0,15,1.0,0.0,
2024,Baku,17,Street,Ferrari,LEC,2,HARD,17,51,35,False,109.85997142857144,107.067,28.954000000000008,0.15942745098039193,64.18415457804447,195.0727717980107,349.0,0.0,31,0.8857142857142857,1.4807714285714286,125.62375
2024,Baku,17,Street,Ferrari,SAI,1,MEDIUM,2,17,16,True,109.19699999999999,108.154,4.823999999999998,0.10843529411764649,65.7232542996337,195.26304583247762,341.0,62.0,14,0.875,2.528,109.01599999999999
2024,Baku,17,Street,Ferrari,SAI,2,HARD,18,49,32,False,108.11934375,106.866,-16.918000000000006,-0.12332386363636254,66.64715994283883,198.11261927475843,351.0,0.0,13,0.40625,4.6341875,108.42626315789475
2024,Baku,17,Street,Haas,BEA,1,MEDIUM,2,14,13,True,110.79246153846154,109.877,3.727000000000004,0.09838461538461755,60.90585982452281,193.23742907651265,341.0,66.0,12,0.9230769230769231,2.0122307692307695,110.084
2024,Baku,17,Street,Haas,BEA,2,HARD,15,51,37,False,111.10335135135134,107.048,26.293999999999997,0.2187062588904687,60.633171829836606,192.78202681292132,350.0,0.0,30,0.8108108108108109,2.0977027027027026,108.37457142857144
2024,Baku,17,Street,Haas,HUL,1,MEDIUM,2,15,14,True,110.30449999999999,109.113,2.921999999999997,0.0730527472527435,62.09313144336257,194.0687137601352,347.0,63.0,8,0.5714285714285714,2.577714285714286,110.593
2024,Baku,17,Street,Haas,HUL,2,HARD,16,51,36,False,111.20488888888887,107.691,25.403999999999996,0.2668205920205938,61.02584425346515,192.60435246211725,349.0,0.0,17,0.4722222222222222,3.6349714285714283,111.69805263157895
2024,Baku,17,Street,McLaren,NOR,1,HARD,2,37,36,True,109.11166666666666,107.509,-0.6009999999999991,-0.037914028314025926,62.34191785695073,196.26004951387083,346.0,61.0,23,0.6388888888888888,4.000166666666667,108.94138461538462
2024,Baku,17,Street,McLaren,NOR,2,MEDIUM,38,51,14,False,111.5977857142857,105.255,29.688000000000002,1.3061296703296696,58.39939233166228,191.07692855953013,346.0,0.0,1,0.07142857142857142,7.731615384615383,112.0173846153846
2024,Baku,17,Street,McLaren,PIA,1,MEDIUM,2,15,14,True,109.03521428571428,108.07,4.566999999999993,0.17090769230768962,63.21881290434177,196.40489306322104,339.0,66.0,8,0.5714285714285714,2.882714285714286,109.68916666666667
2024,Baku,17,Street,McLaren,PIA,2,HARD,16,51,36,False,109.40586111111111,107.06,30.081000000000003,0.12403153153153355,61.97851712843361,195.79947226664328,342.0,0.0,36,1.0,0.1375,
2024,Baku,17,Street,Mercedes,HAM,1,MEDIUM,2,12,11,True,110.82463636363636,109.399,2.365000000000009,0.07452727272727566,62.39634613175674,192.72560088210525,349.0,65.0,11,1.0,0.9988181818181819,
2024,Baku,17,Street,Mercedes,HAM,2,HARD,13,51,39,False,110.91366666666666,107.236,27.019999999999982,0.1987443319838053,61.02492421579096,192.45076895428963,357.0,0.0,38,0.9743589743589743,1.4704358974358975,153.777
2024,Baku,17,Street,Mercedes,RUS,1,MEDIUM,2,12,11,True,109.91163636363636,108.952,4.826999999999998,0.2571090909090963,63.13871160444559,194.65304877510263,341.0,64.0,7,0.6363636363636364,2.2379090909090906,110.88324999999999
2024,Baku,17,Street,Mercedes,RUS,2,HARD,13,51,39,False,109.8432564102564,106.628,28.75699999999999,0.11409473684210635,61.30442581223482,194.65698473910234,358.0,0.0,15,0.38461538461538464,7.429128205128206,110.10808333333334
2024,Baku,17,Street,RB,RIC,1,HARD,2,49,48,True,109.98464583333335,108.38,0.6149999999999949,-0.047347644376898756,63.625210540014805,194.33498188322312,346.0,64.0,19,0.3958333333333333,6.229125,109.3875172413793
2024,Baku,17,Street,RB,RIC,2,SOFT,50,51,2,False,160.861,154.226,-13.27000000000001,-13.270000000000008,36.26069641234044,133.550285763441,237.0,0.0,0,0.0,39.6105,160.861
2024,Baku,17,Street,RB,TSU,1,MEDIUM,2,12,11,True,112.833,110.887,9.656000000000006,0.2842090909090911,61.081315429776325,188.91074578547344,329.0,66.0,3,0.2727272727272727,5.845636363636364,111.56675000000001
2024,Baku,17,Street,RB,TSU,2,HARD,13,14,2,False,128.9195,125.9,-6.038999999999987,-6.0390000000000015,50.93944198941975,166.20352054410523,325.0,0.0,0,0.0,8.164,128.9195
2024,Baku,17,Street,Red Bull,PER,1,MEDIUM,2,13,12,True,109.05433333333332,107.826,4.161999999999992,0.160041958041959,63.73969977412023,195.71781683385197,325.0,65.0,12,1.0,1.6991666666666667,
2024,Baku,17,Street,Red Bull,PER,2,HARD,14,49,36,False,108.29508333333332,107.013,-16.414,-0.08497284427284389,63.71092755286494,197.38022557493287,347.0,0.0,35,0.9722222222222222,1.1473142857142857,108.836
2024,Baku,17,Street,Red Bull,VER,1,MEDIUM,2,12,11,True,109.62745454545455,108.448,4.878999999999991,0.22026363636363896,62.20006308325129,195.11026980607159,329.0,64.0,9,0.8181818181818182,2.196363636363636,112.078
2024,Baku,17,Street,Red Bull,VER,2,HARD,13,49,37,True,108.72162162162162,106.798,-14.463999999999999,-0.09563537221432027,62.65775851202454,196.62306181679625,352.0,0.0,31,0.8378378378378378,1.860864864864865,107.6065
2024,Baku,17,Street,Red Bull,VER,3,SOFT,50,51,2,False,155.50650000000002,153.336,-4.34099999999998,-4.3409999999999815,31.11995212526808,137.62917171574577,261.0,0.0,0,0.0,33.251000000000005,155.50650000000002
2024,Baku,17,Street,Sauber,BOT,1,MEDIUM,2,11,10,True,112.7588,111.039,3.5180000000000007,0.15295757575757707,60.89770486323307,189.5035645531654,340.0,60.0,10,1.0,1.0444,
2024,Baku,17,Street,Sauber,BOT,2,HARD,12,50,39,False,111.5729487179487,108.418,25.489000000000004,0.15907631578947512,61.52787869901053,191.9442091829565,336.0,0.0,8,0.20512820512820512,9.267153846153846,112.14022580645164
2024,Baku,17,Street,Sauber,ZHO,1,HARD,2,34,33,True,110.82381818181818,109.199,-0.20199999999999818,-0.06650701871657698,61.00021848675223,192.9840682057957,347.0,63.0,13,0.3939393939393939,5.149,110.3152
2024,Baku,17,Street,Sauber,ZHO,2,MEDIUM,35,51,17,False,114.34482352941177,107.644,26.495000000000005,1.260867647058825,58.40354273017951,187.51231306982382,342.0,0.0,6,0.35294117647058826,6.276352941176471,113.71718181818181
2024,Baku,17,Street,Williams,ALB,1,HARD,2,31,30,True,109.5482,108.677,1.6359999999999957,-0.005650723025584547,60.49474611501816,195.39293743873338,338.0,65.0,16,0.5333333333333333,5.039133333333334,109.29942857142855
2024,Baku,17,Street,Williams,ALB,2,MEDIUM,32,51,20,False,112.99549999999999,106.947,26.724000000000004,0.8544887218045103,56.57172994723071,189.05797030112853,349.0,0.0,20,1.0,1.6340500000000002,
2024,Baku,17,Street,Williams,COL,1,MEDIUM,2,10,9,True,110.24011111111112,109.302,2.9639999999999986,0.11568333333333035,58.39373345142567,194.09499325449056,332.0,66.0,9,1.0,1.5143333333333333,
2024,Baku,17,Street,Williams,COL,2,HARD,11,51,41,False,111.14863414634146,107.274,26.751999999999995,0.16533658536585633,58.571738530719784,192.90950162595198,346.0,0.0,28,0.6829268292682927,2.8221463414634145,109.42423076923076
2024,Catalunya,3,Permanent,Alpine,GAS,1,SOFT,2,14,13,True,81.66430769230769,80.679,4.334000000000003,0.20191758241758723,70.97405693971527,223.5675899311552,337.0,83.0,8,0.6153846153846154,2.01925,82.2752
2024,Catalunya,3,Permanent,Alpine,GAS,2,MEDIUM,15,38,24,True,81.93537500000001,79.989,-17.24300000000001,-0.12068826086956547,72.37365089792112,221.41704271604192,329.0,0.0,6,0.25,5.280125,80.76705555555556
2024,Catalunya,3,Permanent,Alpine,GAS,3,HARD,39,66,28,False,80.27082142857144,79.045,-15.694999999999993,-0.11316666666666408,71.65933850951048,219.4420926177439,326.0,0.0,2,0.07142857142857142,12.52125,79.53
2024,Catalunya,3,Permanent,Alpine,OCO,1,SOFT,2,13,12,True,82.02475,80.809,4.670000000000002,0.23903846153846273,71.42606501209139,220.75727295971325,330.0,0.0,11,0.9166666666666666,1.9120833333333334,86.687
2024,Catalunya,3,Permanent,Alpine,OCO,2,MEDIUM,14,37,24,True,82.11275,79.883,-13.147999999999996,-0.07688086956521695,71.84336575710364,220.89958606571923,335.0,0.0,15,0.625,3.4772083333333335,81.83944444444447
2024,Catalunya,3,Permanent,Alpine,OCO,3,HARD,38,66,29,False,80.33286206896553,78.982,-17.009,-0.12847290640394088,71.862400903407,220.09050518744945,326.0,0.0,7,0.2413793103448276,5.841964285714286,79.63781818181818
2024,Catalunya,3,Permanent,Aston Martin,ALO,1,SOFT,2,19,18,True,82.49183333333333,81.05,2.796999999999997,0.03353044375645168,72.21215916482167,220.10959955872494,331.0,0.0,16,0.8888888888888888,1.4170555555555557,83.742
2024,Catalunya,3,Permanent,Aston Martin,ALO,2,MEDIUM,20,45,26,True,81.87557692307692,80.345,-14.697000000000003,-0.12690632478632466,73.1505773212352,225.35966353524978,327.0,0.0,21,0.8076923076923077,2.564230769230769,84.8544
2024,Catalunya,3,Permanent,Aston Martin,ALO,3,HARD,46,65,20,False,80.3458,78.334,-18.565000000000012,-0.21164661654135608,69.51560827047557,219.68244353292442,305.0,57.0,7,0.35,11.272950000000002,79.63753846153847
2024,Catalunya,3,Permanent,Aston Martin,STR,1,SOFT,2,17,16,True,82.4025,81.75,4.3089999999999975,0.08166764705882182,69.87131209699412,218.51085305160018,332.0,0.0,5,0.3125,4.9411875,82.48436363636364
2024,Catalunya,3,Permanent,Aston Martin,STR,2,MEDIUM,18,37,20,True,82.36295,80.615,-13.921000000000006,-0.17380225563909735,72.25605685499852,224.6986956793721,321.0,0.0,18,0.9,1.918421052631579,81.029
2024,Catalunya,3,Permanent,Aston Martin,STR,3,HARD,38,65,28,False,81.07764285714286,79.318,-17.054000000000002,-0.1501319102353561,69.24202750993103,222.64894622554618,326.0,71.0,7,0.25,4.603857142857143,81.27409523809523
2024,Catalunya,3,Permanent,Ferrari,LEC,1,SOFT,2,24,23,True,81.40839130434783,80.569,4.4950000000000045,0.06254249011857638,75.18323011132833,224.42521925728053,332.0,0.0,16,0.6956521739130435,1.9046956521739131,81.28057142857142
2024,Catalunya,3,Permanent,Ferrari,LEC,2,MEDIUM,25,47,23,True,80.65791304347826,78.811,-14.701000000000008,-0.1348468379446646,78.49457984678014,228.86976591153902,323.0,0.0,6,0.2608695652173913,5.036608695652174,79.88588235294117
2024,Catalunya,3,Permanent,Ferrari,LEC,3,SOFT,48,66,19,False,79.47305263157897,77.897,-18.10600000000001,-0.2438543859649082,75.80752434771114,226.92652070021066,327.0,55.0,7,0.3684210526315789,3.862526315789474,79.88625
2024,Catalunya,3,Permanent,Ferrari,SAI,1,SOFT,2,15,14,True,81.38557142857142,80.046,4.76100000000001,0.19979340659340228,78.10325252096224,229.0376674619115,323.0,88.0,13,0.9285714285714286,1.0657692307692306,81.646
2024,Catalunya,3,Permanent,Ferrari,SAI,2,MEDIUM,16,36,21,True,81.35752380952381,79.709,-14.330999999999989,-0.18058311688311549,76.25450225255496,224.96346743022676,325.0,0.0,14,0.6666666666666666,2.4477619047619044,80.85971428571429
2024,Catalunya,3,Permanent,Ferrari,SAI,3,HARD,37,66,30,False,79.90879999999999,78.539,-18.948999999999998,-0.11005383759733148,75.7504414145768,226.925705106586,314.0,0.0,13,0.43333333333333335,4.0412333333333335,80.35117647058826
2024,Catalunya,3,Permanent,Haas,HUL,1,SOFT,2,12,11,True,82.30090909090909,81.383,5.393000000000001,0.26323636363636554,70.38572827413924,223.91101286071705,336.0,78.0,11,1.0,1.8372727272727274,
2024,Catalunya,3,Permanent,Haas,HUL,2,MEDIUM,13,38,26,True,82.04215384615385,80.312,-15.852999999999994,-0.1248745299145308,71.51006086183406,222.1385960203048,330.0,0.0,5,0.19230769230769232,4.481269230769231,82.2812380952381
2024,Catalunya,3,Permanent,Haas,HUL,3,HARD,39,66,28,False,80.28807142857144,78.609,-18.32799999999999,-0.13107553366173766,70.00298888629327,222.39254153298708,333.0,11.0,18,0.6428571428571429,2.6339629629629626,81.3135
2024,Catalunya,3,Permanent,Haas,MAG,1,SOFT,2,10,9,True,82.89033333333333,82.102,3.01100000000001,0.19053333333332514,69.71885908890374,218.09297964293162,335.0,0.0,9,1.0,0.6025555555555555,
2024,Catalunya,3,Permanent,Haas,MAG,2,MEDIUM,11,29,19,True,82.86568421052633,80.95,-15.189999999999998,-0.1947421052631552,71.31963330078044,223.1424293829611,331.0,69.0,11,0.5789473684210527,2.723894736842105,81.761875
2024,Catalunya,3,Permanent,Haas,MAG,3,HARD,30,65,36,False,81.77558333333333,79.805,-25.997,-0.08656306306306037,71.82271843765604,223.61442960797208,338.0,0.0,29,0.8055555555555556,2.1108333333333333,84.23714285714287
2024,Catalunya,3,Permanent,McLaren,NOR,1,SOFT,2,23,22,True,81.18277272727273,80.215,4.969999999999999,0.053413325804630526,71.34124726046984,222.97599048826171,324.0,0.0,19,0.8636363636363636,1.0608095238095239,81.01299999999999
2024,Catalunya,3,Permanent,McLaren,NOR,2,MEDIUM,24,47,24,True,80.42520833333333,78.503,-14.686999999999998,-0.15875869565217085,73.59618649667023,228.48699020962383,323.0,0.0,15,0.625,3.1843333333333335,79.36855555555555
2024,Catalunya,3,Permanent,McLaren,NOR,3,SOFT,48,66,19,False,79.0666842105263,77.115,-17.444000000000003,-0.23638245614034625,71.29782651663977,226.46122499570723,317.0,41.0,2,0.10526315789473684,5.102000000000001,79.04776470588234
2024,Catalunya,3,Permanent,McLaren,PIA,1,SOFT,2,21,20,True,81.81970000000003,80.765,5.456999999999994,0.11566766917293303,70.19017480431684,222.98319053799634,330.0,0.0,14,0.7,2.70355,81.66533333333334
2024,Catalunya,3,Permanent,McLaren,PIA,2,MEDIUM,22,46,25,True,80.8992,79.622,-15.012,-0.13938923076923002,72.7145092620695,227.16528097906834,330.0,0.0,9,0.36,6.36172,79.876
2024,Catalunya,3,Permanent,McLaren,PIA,3,SOFT,47,66,20,False,79.402,77.874,-18.525000000000006,-0.2564571428571453,69.23272546341403,222.56957418214105,326.0,43.0,1,0.05,8.365,79.40768421052631
2024,Catalunya,3,Permanent,Mercedes,HAM,1,SOFT,2,16,15,True,81.45333333333333,80.421,4.372,0.17057142857142854,68.53853363440632,213.99275967367848,331.0,0.0,15,1.0,0.9769333333333334,
2024,Catalunya,3,Permanent,Mercedes,HAM,2,MEDIUM,17,43,27,True,80.88166666666666,79.307,-14.182999999999993,-0.10454639804640108,,,,,21,0.7777777777777778,1.9691851851851854,80.61666666666666
2024,Catalunya,3,Permanent,Mercedes,HAM,3,SOFT,44,66,23,False,79.47699999999999,77.809,-16.153000000000006,-0.14836264822134443,,,,,8,0.34782608695652173,7.267043478260869,78.84633333333333
2024,Catalunya,3,Permanent,Mercedes,RUS,1,SOFT,2,15,14,True,81.40492857142858,79.857,5.507000000000005,0.18323296703296293,74.8536483428903,222.71060405695374,331.0,0.0,11,0.7857142857142857,2.1492857142857145,82.737
2024,Catalunya,3,Permanent,Mercedes,RUS,2,MEDIUM,16,36,21,True,81.33028571428572,79.511,-15.867999999999995,-0.1675259740259749,73.82366264984786,225.03073328042402,325.0,69.0,4,0.19047619047619047,5.019857142857142,80.05399999999999
2024,Catalunya,3,Permanent,Mercedes,RUS,3,HARD,37,66,30,False,79.7458,78.29,-19.599999999999994,-0.1168551724137939,75.96103831287213,228.42288748360124,326.0,0.0,15,0.5,3.2497666666666674,79.02766666666666
2024,Catalunya,3,Permanent,RB,RIC,1,SOFT,2,16,15,True,82.73053333333333,81.77,3.540999999999997,0.03478571428571464,70.41799900862412,221.61852568592155,334.0,0.0,8,0.5333333333333333,2.3658,82.61428571428571
2024,Catalunya,3,Permanent,RB,RIC,2,MEDIUM,17,42,26,True,82.2111923076923,80.849,-15.111999999999995,-0.11396478632478595,71.48060749548047,222.45741756938432,330.0,0.0,9,0.34615384615384615,3.80484,82.54411764705884
2024,Catalunya,3,Permanent,RB,RIC,3,HARD,43,65,23,False,81.48160869565218,79.45,-21.846000000000004,-0.31615316205533667,71.73382226432818,223.38415002331692,311.0,53.0,8,0.34782608695652173,9.54195652173913,82.0162
2024,Catalunya,3,Permanent,RB,TSU,1,SOFT,2,9,8,True,83.36225,82.193,3.0470000000000113,0.35652380952381546,70.88088761460139,220.33173108298539,332.0,0.0,8,1.0,0.800125,
2024,Catalunya,3,Permanent,RB,TSU,2,MEDIUM,10,27,18,True,83.11816666666667,81.392,-13.304999999999993,-0.2183333333333326,71.94631655015627,222.6743942267688,315.0,80.0,13,0.7222222222222222,2.5315000000000003,82.53
2024,Catalunya,3,Permanent,RB,TSU,3,HARD,28,44,17,True,82.41947058823528,79.573,-13.350999999999999,-0.13270098039215594,73.3624230825463,224.57093867606602,334.0,0.0,7,0.4117647058823529,4.508235294117647,83.12389999999999
2024,Catalunya,3,Permanent,RB,TSU,4,SOFT,45,65,21,False,81.41195238095239,79.447,-20.551999999999992,-0.27759870129870234,71.16359375095185,220.34225045671536,311.0,43.0,7,0.3333333333333333,5.318238095238096,82.12021428571428
2024,Catalunya,3,Permanent,Red Bull,PER,1,SOFT,2,13,12,True,82.11041666666667,81.481,3.352000000000004,0.12603846153846548,72.72101032686506,226.2453919175431,332.0,77.0,10,0.8333333333333334,1.549666666666667,83.78450000000001
2024,Catalunya,3,Permanent,Red Bull,PER,2,SOFT,14,31,18,True,82.12316666666668,80.162,-13.748000000000005,-0.18623426212590133,71.00507591859864,222.1034224714759,339.0,0.0,16,0.8888888888888888,2.09,83.4115
2024,Catalunya,3,Permanent,Red Bull,PER,3,MEDIUM,32,49,18,True,80.50766666666667,78.652,-13.287999999999997,-0.20094736842105074,74.37957486525373,227.71779099528365,315.0,0.0,4,0.2222222222222222,8.54938888888889,80.86671428571427
2024,Catalunya,3,Permanent,Red Bull,PER,4,SOFT,50,66,17,False,79.90917647058824,77.785,-17.839,-0.28574754901960886,67.9778373411709,217.06153404246135,313.0,21.0,5,0.29411764705882354,5.92264705882353,78.69691666666667
2024,Catalunya,3,Permanent,Red Bull,VER,1,SOFT,2,17,16,True,81.06456250000001,79.364,5.00500000000001,0.155483823529413,63.754309442274746,207.95422793032185,320.0,52.8062496,16,1.0,0.0373125,
2024,Catalunya,3,Permanent,Red Bull,VER,2,MEDIUM,18,44,27,True,80.66803703703705,79.363,-14.22999999999999,-0.10633028083028206,,,,,21,0.7777777777777778,1.1644230769230768,82.789
2024,Catalunya,3,Permanent,Red Bull,VER,3,SOFT,45,66,22,False,79.1805,77.776,-17.278999999999996,-0.1717306606437037,,,,,19,0.8636363636363636,0.7142727272727272,84.31233333333334
2024,Catalunya,3,Permanent,Sauber,BOT,1,SOFT,2,11,10,True,82.68679999999999,82.113,2.6269999999999953,0.14873939393939317,69.76724234619618,213.0302004619073,327.0,0.0,10,1.0,1.1895,
2024,Catalunya,3,Permanent,Sauber,BOT,2,SOFT,12,28,17,True,82.93488235294116,79.608,-13.634,-0.12126470588235172,74.67439346765816,223.83575427313994,305.0,79.0,11,0.6470588235294118,2.4009375,84.7435
2024,Catalunya,3,Permanent,Sauber,BOT,3,HARD,29,65,37,False,81.8048108108108,79.936,-18.189999999999998,-0.0693357041251781,73.62595265535958,222.34765193676327,324.0,0.0,6,0.16216216216216217,9.100777777777777,81.76209677419354
2024,Catalunya,3,Permanent,Sauber,ZHO,1,SOFT,2,9,8,True,83.074625,82.358,2.8729999999999905,0.24891666666666554,70.21198397882488,217.20609628583804,332.0,0.0,8,1.0,0.80775,
2024,Catalunya,3,Permanent,Sauber,ZHO,2,MEDIUM,10,41,32,True,82.00796875,80.151,-12.679999999999993,-0.055984054252199565,73.07850353400327,221.80303924004056,309.0,0.0,14,0.4375,4.81303125,82.31422222222221
2024,Catalunya,3,Permanent,Sauber,ZHO,3,HARD,42,65,24,False,80.65829166666667,78.771,-20.923000000000002,-0.17303434782608668,71.94121303764197,222.4685729512351,313.0,18.0,4,0.16666666666666666,7.723791666666666,79.69859999999998
2024,Catalunya,3,Permanent,Williams,ALB,1,MEDIUM,2,18,17,True,82.93570588235293,82.119,4.620999999999995,0.11254411764705995,67.16802532110977,218.30438429517974,332.0,0.0,15,0.8823529411764706,1.5091176470588237,82.4205
2024,Catalunya,3,Permanent,Williams,ALB,2,SOFT,19,43,25,True,82.34248,80.005,-14.299999999999997,-0.06143846153845895,69.84855757304013,224.79923897392405,325.0,0.0,7,0.28,4.615119999999999,82.74994444444445
2024,Catalunya,3,Permanent,Williams,ALB,3,SOFT,44,65,22,False,81.63577272727272,79.132,-17.105000000000004,-0.19783907396950817,68.03056619111207,222.96680042611905,325.0,43.0,7,0.3181818181818182,4.9639999999999995,82.2134
2024,Catalunya,3,Permanent,Williams,SAR,1,SOFT,2,14,13,True,83.23630769230769,82.461,2.7660000000000053,0.08969780219780514,,,,,13,1.0,0.825923076923077,
2024,Catalunya,3,Permanent,Williams,SAR,2,MEDIUM,15,34,20,True,83.1823,80.908,-13.793999999999997,-0.11672180451128032,,,,,11,0.55,4.355789473684211,84.15933333333334
2024,Catalunya,3,Permanent,Williams,SAR,3,HARD,35,64,30,False,82.26226666666666,80.172,-15.391999999999996,-0.05458331479421716,,,,,1,0.03333333333333333,12.993500000000001,82.2724827586207
2024,Hungaroring,13,Permanent,Alpine,GAS,1,HARD,2,28,27,True,85.98388888888891,85.164,1.6509999999999962,0.00682295482295391,57.39558580466546,182.1322802515889,321.0,76.0,7,0.25925925925925924,6.107333333333332,85.8825
2024,Hungaroring,13,Permanent,Alpine,GAS,2,MEDIUM,29,33,5,False,87.8184,83.34,-14.52000000000001,-2.900199999999999,58.95721451948154,178.2907373003459,314.0,0.0,3,0.6,3.2622,92.55850000000001
2024,Hungaroring,13,Permanent,Alpine,OCO,1,MEDIUM,2,6,5,True,86.828,86.158,1.8419999999999987,0.3539000000000087,57.126994376583504,179.15479422238988,316.0,79.0,5,1.0,0.7118,
2024,Hungaroring,13,Permanent,Alpine,OCO,2,HARD,7,30,24,True,86.280375,84.287,-13.167000000000002,-0.09395347826086746,58.27522377429841,180.65206023264957,302.0,0.0,24,1.0,1.718375,
2024,Hungaroring,13,Permanent,Alpine,OCO,3,HARD,31,64,34,True,85.55714705882353,84.057,-9.888999999999996,-0.0246259740259733,57.10056692469912,182.3726829532269,319.0,0.0,16,0.47058823529411764,4.744058823529412,86.25116666666668
2024,Hungaroring,13,Permanent,Alpine,OCO,4,SOFT,65,69,5,False,86.53899999999999,81.61,-18.040000000000006,-3.3556999999999935,59.481333347587935,180.0638798413031,324.0,0.0,3,0.6,3.7338,82.48949999999999
2024,Hungaroring,13,Permanent,Aston Martin,ALO,1,SOFT,2,7,6,True,86.16583333333334,85.854,0.07600000000000762,-0.08037142857144011,52.97349575291152,180.7845868518018,296.0,77.0,3,0.5,2.8281666666666667,85.99766666666666
2024,Hungaroring,13,Permanent,Aston Martin,ALO,2,MEDIUM,8,37,30,True,85.71526666666665,83.792,-15.968000000000004,-0.12193503893214698,55.378378586134026,182.03625252751974,325.0,0.0,11,0.36666666666666664,7.695586206896553,85.9031052631579
2024,Hungaroring,13,Permanent,Aston Martin,ALO,3,HARD,38,70,33,False,84.3672727272727,83.063,-15.381,-0.06146323529411622,55.90633144398498,185.2104300209561,320.0,0.0,15,0.45454545454545453,4.070909090909091,83.74433333333333
2024,Hungaroring,13,Permanent,Aston Martin,STR,1,SOFT,2,14,13,True,85.57415384615385,84.4,1.7209999999999894,-0.03153846153845775,54.939168121803355,181.92028182594063,317.0,76.0,6,0.46153846153846156,4.337384615384616,85.28142857142858
2024,Hungaroring,13,Permanent,Aston Martin,STR,2,MEDIUM,15,45,31,True,85.66303225806452,84.176,-17.769999999999996,-0.12618306451613084,53.7618049442859,182.32180018797354,325.0,0.0,25,0.8064516129032258,3.070322580645161,84.95466666666667
2024,Hungaroring,13,Permanent,Aston Martin,STR,3,HARD,46,70,25,False,83.96508,82.338,-17.611000000000004,-0.11330384615384777,55.46678299061316,185.9401408315986,323.0,0.0,14,0.56,2.70272,82.88627272727273
2024,Hungaroring,13,Permanent,Ferrari,LEC,1,MEDIUM,2,23,22,True,84.66799999999999,84.025,1.842000000000013,0.0370287972896676,60.34774260099013,184.66693660876635,303.0,75.0,17,0.7727272727272727,1.7801363636363634,84.6458
2024,Hungaroring,13,Permanent,Ferrari,LEC,2,HARD,24,40,17,True,84.65029411764705,82.182,-14.754000000000005,-0.1945955882352947,61.126099233585265,184.35857500529792,317.0,0.0,6,0.35294117647058826,5.062411764705882,84.57927272727272
2024,Hungaroring,13,Permanent,Ferrari,LEC,3,MEDIUM,41,70,30,False,83.62353333333334,82.299,-17.707000000000008,-0.10838531701890898,61.33296476350408,186.80758062374582,319.0,0.0,18,0.6,2.4219999999999997,83.00916666666667
2024,Hungaroring,13,Permanent,Ferrari,SAI,1,MEDIUM,2,21,20,True,84.8969,84.049,1.2860000000000014,0.03253082706767101,58.034711285785825,183.7325374992547,318.0,74.0,3,0.15,3.849,84.82270588235295
2024,Hungaroring,13,Permanent,Ferrari,SAI,2,HARD,22,47,26,True,84.49923076923076,82.908,-14.948999999999998,-0.11142632478632436,60.691200346818114,184.58120138218564,323.0,0.0,4,0.15384615384615385,7.091307692307693,83.74940909090908
2024,Hungaroring,13,Permanent,Ferrari,SAI,3,MEDIUM,48,70,23,False,83.38160869565219,81.441,-17.028000000000006,-0.11428952569170076,61.47835862534332,187.09080714457022,325.0,0.0,12,0.5217391304347826,4.489818181818183,83.71254545454545
2024,Hungaroring,13,Permanent,Haas,HUL,1,MEDIUM,2,2,1,True,88.821,88.821,0.0,0.0,51.923332719803724,173.96112099444366,304.0,79.0,1,1.0,0.51,
2024,Hungaroring,13,Permanent,Haas,HUL,2,HARD,3,29,27,True,86.0742962962963,83.509,-13.376000000000005,-0.03582722832722913,55.8931719353401,182.00636896679384,307.0,0.0,16,0.5925925925925926,4.370444444444444,86.28072727272728
2024,Hungaroring,13,Permanent,Haas,HUL,3,HARD,30,69,40,False,85.16062500000001,83.461,-17.47200000000001,-0.0190873358348984,54.296019421104084,184.10192671605955,324.0,0.0,8,0.2,7.147300000000001,84.656
2024,Hungaroring,13,Permanent,Haas,MAG,1,SOFT,2,6,5,True,86.68120000000002,85.911,1.3859999999999957,0.23210000000000336,53.371760490151495,179.12028233809946,319.0,76.0,5,1.0,0.7016,
2024,Hungaroring,13,Permanent,Haas,MAG,2,HARD,7,34,28,True,86.19032142857145,84.576,-14.325000000000003,-0.07703420908592977,56.15917277246463,181.36167502305082,322.0,0.0,26,0.9285714285714286,1.499357142857143,85.49449999999999
2024,Hungaroring,13,Permanent,Haas,MAG,3,HARD,35,69,35,False,85.33482857142856,83.553,-12.97999999999999,-0.009896638655463192,55.17780190968069,183.45880937800212,323.0,0.0,12,0.34285714285714286,4.978342857142857,85.74221739130435
2024,Hungaroring,13,Permanent,McLaren,NOR,1,MEDIUM,2,17,16,True,84.316625,83.627,2.2450000000000045,0.07068529411765061,55.15407589736097,184.80131453997788,297.0,75.0,9,0.5625,2.802375,84.58742857142856
2024,Hungaroring,13,Permanent,McLaren,NOR,2,HARD,18,45,28,True,84.42049999999999,82.82,-15.479,-0.0785270935960578,55.28191092186016,184.83732197663466,300.0,0.0,17,0.6071428571428571,2.864178571428571,84.89172727272727
2024,Hungaroring,13,Permanent,McLaren,NOR,3,MEDIUM,46,70,25,False,83.27604000000001,81.712,-14.947999999999993,-0.06960769230769463,55.73912579570382,187.58812102897724,318.0,0.0,22,0.88,0.8568799999999999,87.67133333333332
2024,Hungaroring,13,Permanent,McLaren,PIA,1,MEDIUM,2,18,17,True,84.26270588235295,83.796,2.4579999999999984,0.05974754901960886,56.02097337932667,185.40216201845817,293.0,79.0,17,1.0,0.0,
2024,Hungaroring,13,Permanent,McLaren,PIA,2,HARD,19,47,29,True,84.45534482758619,82.654,-16.227000000000004,-0.06785073891625744,55.72326585256605,184.85692328739657,300.0,0.0,25,0.8620689655172413,0.6560344827586206,88.11275
2024,Hungaroring,13,Permanent,McLaren,PIA,3,MEDIUM,48,70,23,False,83.19878260869565,81.716,-18.456999999999994,-0.16756027667984155,56.2767147198836,187.9181461637646,317.0,0.0,4,0.17391304347826086,3.6228695652173917,82.29815789473685
2024,Hungaroring,13,Permanent,Mercedes,HAM,1,MEDIUM,2,16,15,True,84.62586666666668,84.001,2.4140000000000015,0.0813500000000006,57.00971966105976,184.04964731760737,299.0,78.0,15,1.0,1.3256666666666668,
2024,Hungaroring,13,Permanent,Mercedes,HAM,2,HARD,17,40,24,True,84.669125,83.145,-12.582999999999998,-0.060120434782606945,58.84001748995102,184.24954149807914,315.0,0.0,11,0.4583333333333333,4.221208333333333,84.45615384615385
2024,Hungaroring,13,Permanent,Mercedes,HAM,3,HARD,41,70,30,False,83.50603333333332,82.153,-18.063000000000002,-0.11197486095661793,58.48279591113185,187.03870638880494,304.0,0.0,0,0.0,9.839133333333335,83.50603333333332
2024,Hungaroring,13,Permanent,Mercedes,RUS,1,HARD,2,33,32,True,85.507875,84.569,1.2729999999999961,0.0031997800586513274,56.06849378086854,182.64664119488927,324.0,73.0,24,0.75,3.24628125,85.3595
2024,Hungaroring,13,Permanent,Mercedes,RUS,2,MEDIUM,34,53,20,True,83.76329999999999,82.211,-14.876999999999995,-0.198975939849624,58.81817787911241,186.70858257881352,322.0,0.0,8,0.4,3.8374499999999996,84.35541666666667
2024,Hungaroring,13,Permanent,Mercedes,RUS,3,HARD,54,70,17,False,83.28964705882355,80.305,-14.501999999999995,-0.16126960784313688,58.884709280595374,187.7578449189127,328.0,0.0,5,0.29411764705882354,5.0188235294117645,83.32225000000001
2024,Hungaroring,13,Permanent,RB,RIC,1,MEDIUM,2,7,6,True,86.23033333333332,85.717,-0.3020000000000067,-0.11977142857144327,56.022906578518175,180.670562713225,318.0,78.0,6,1.0,0.7361666666666666,
2024,Hungaroring,13,Permanent,RB,RIC,2,HARD,8,28,21,True,86.42376190476192,84.708,-14.951999999999998,-0.16523636363636454,57.534963380628994,180.1330700142944,322.0,0.0,21,1.0,0.7220952380952381,
2024,Hungaroring,13,Permanent,RB,RIC,3,HARD,29,69,41,False,84.71470731707318,82.64,-11.835000000000008,-0.010114982578395422,59.57505885479638,184.456828303366,315.0,0.0,9,0.21951219512195122,5.663804878048781,84.7328125
2024,Hungaroring,13,Permanent,RB,TSU,1,MEDIUM,2,29,28,True,85.57721428571428,84.541,1.7240000000000038,0.02796989600438104,58.284658851617166,182.49396719721415,315.0,75.0,17,0.6071428571428571,3.733464285714286,85.59436363636364
2024,Hungaroring,13,Permanent,RB,TSU,2,HARD,30,70,41,False,84.58634146341463,83.533,-16.915000000000006,-0.07200871080139325,58.92404344932883,184.84456816588164,299.0,0.0,13,0.3170731707317073,12.814292682926828,84.5792857142857
2024,Hungaroring,13,Permanent,Red Bull,PER,1,HARD,2,28,27,True,85.55177777777779,84.197,0.7560000000000002,-0.003946886446888875,54.88860166260008,182.07185121253636,325.0,71.0,27,1.0,0.904962962962963,
2024,Hungaroring,13,Permanent,Red Bull,PER,2,MEDIUM,29,47,19,True,84.31363157894735,82.197,-16.808000000000007,-0.3010035087719267,57.235297788811664,184.77472035641085,324.0,0.0,8,0.42105263157894735,10.944105263157894,83.04945454545455
2024,Hungaroring,13,Permanent,Red Bull,PER,3,MEDIUM,48,70,23,False,83.15143478260869,81.096,-16.060999999999993,-0.08048814229249099,57.0021183648824,187.65971295233086,305.0,0.0,0,0.0,16.28013043478261,83.15143478260869
2024,Hungaroring,13,Permanent,Red Bull,VER,1,MEDIUM,2,21,20,True,84.65525,83.979,3.0010000000000048,0.0471270676691727,56.6844434517243,184.47394528417803,316.0,78.0,15,0.75,2.01335,84.68979999999999
2024,Hungaroring,13,Permanent,Red Bull,VER,2,HARD,22,49,28,True,84.45275000000001,82.655,-15.319999999999993,-0.062133278598793966,57.74897156191128,185.29306244089344,322.0,0.0,15,0.5357142857142857,3.8309642857142854,84.71400000000001
2024,Hungaroring,13,Permanent,Red Bull,VER,3,MEDIUM,50,70,21,False,83.67714285714285,80.908,-16.037000000000006,-0.11746233766233795,57.84833719776581,186.91640609325006,324.0,0.0,19,0.9047619047619048,1.5879999999999999,90.099
2024,Hungaroring,13,Permanent,Sauber,BOT,1,MEDIUM,2,16,15,True,85.7312,84.876,1.4320000000000022,-0.031439285714283144,58.05056030289625,181.63218584504904,321.0,73.0,10,0.6666666666666666,2.033,85.80839999999999
2024,Hungaroring,13,Permanent,Sauber,BOT,2,HARD,17,45,29,True,86.12755172413793,83.887,-14.225999999999999,-0.09980295566502607,57.636553510689254,180.8369830875241,323.0,0.0,20,0.6896551724137931,2.9567857142857146,85.29622222222221
2024,Hungaroring,13,Permanent,Sauber,BOT,3,HARD,46,69,24,False,85.34587499999999,82.792,-14.536000000000001,-0.12112999999999854,57.73972912495942,183.05912942409213,323.0,0.0,12,0.5,3.9303333333333335,85.55516666666666
2024,Hungaroring,13,Permanent,Sauber,ZHO,1,MEDIUM,2,7,6,True,86.75849999999998,85.991,0.7210000000000036,0.09499999999998757,54.59397932174941,179.45039270365902,322.0,78.0,6,1.0,0.5765,
2024,Hungaroring,13,Permanent,Sauber,ZHO,2,HARD,8,36,29,True,86.48927586206895,84.663,-13.262,-0.03223300492610907,56.20936363131493,180.73774966736292,302.0,0.0,18,0.6206896551724138,2.5396896551724133,87.56781818181817
2024,Hungaroring,13,Permanent,Sauber,ZHO,3,HARD,37,69,33,False,85.42072727272729,83.487,-17.540999999999997,-0.06775200534759189,56.0793178809936,183.37669701173712,319.0,0.0,2,0.06060606060606061,13.39521212121212,85.38209677419353
2024,Hungaroring,13,Permanent,Williams,ALB,1,SOFT,2,6,5,True,86.63879999999999,85.933,1.6170000000000044,0.28300000000000475,49.14029649458669,179.06715635232447,319.0,78.0,5,1.0,0.47379999999999994,
2024,Hungaroring,13,Permanent,Williams,ALB,2,HARD,7,29,23,True,86.24591304347825,84.572,-14.22999999999999,-0.115901185770753,52.293346549716745,180.86639879131613,318.0,0.0,21,0.9130434782608695,1.7831739130434778,93.661
2024,Hungaroring,13,Permanent,Williams,ALB,3,HARD,30,69,40,False,85.21669999999999,83.93,-18.876000000000005,-0.02990900562851917,52.263497338094574,183.3279388612328,326.0,0.0,23,0.575,4.074825,85.25741176470588
2024,Hungaroring,13,Permanent,Williams,SAR,1,MEDIUM,2,8,7,True,86.3032857142857,85.07,0.5950000000000131,-0.005928571428576504,52.81614800026389,180.35187049724792,324.0,79.0,6,0.8571428571428571,0.6804999999999999,85.954
2024,Hungaroring,13,Permanent,Williams,SAR,2,HARD,9,33,25,True,86.25796000000003,84.735,-14.73599999999999,-0.11360692307692377,55.251694721920614,180.8316645361368,319.0,0.0,22,0.88,1.9287199999999998,90.77300000000001
2024,Hungaroring,13,Permanent,Williams,SAR,3,HARD,34,63,30,True,85.59646666666669,84.09,-11.920999999999992,-0.026019132369298148,54.59984284617843,182.57448051768958,321.0,0.0,27,0.9,1.5453333333333334,86.55533333333335
2024,Hungaroring,13,Permanent,Williams,SAR,4,SOFT,64,69,6,False,84.7485,80.561,-17.967,-2.4646000000000057,58.40168521932538,184.42658238846744,315.0,0.0,1,0.16666666666666666,10.234333333333334,85.2384
2024,Imola,7,Permanent,Alpine,GAS,1,SOFT,2,8,7,True,83.27685714285715,82.399,3.7309999999999945,0.366428571428563,69.50603810480399,210.38255553126845,333.0,79.0,7,1.0,0.6367142857142857,
2024,Imola,7,Permanent,Alpine,GAS,2,HARD,9,30,22,True,83.63113636363636,81.371,-17.340000000000003,-0.14516487859965865,71.27393432711408,209.98238225008845,313.0,0.0,19,0.8636363636363636,4.6987272727272735,89.392
2024,Imola,7,Permanent,Alpine,GAS,3,MEDIUM,31,62,32,False,83.14921874999999,81.407,-22.857,-0.0922729105571844,70.06521668045247,211.1902675665095,338.0,0.0,15,0.46875,4.59840625,83.55505882352941
2024,Imola,7,Permanent,Alpine,OCO,1,MEDIUM,2,25,24,True,83.11925000000001,82.229,4.957999999999998,0.08788956521739356,71.45999397614057,211.05851032204393,332.0,78.0,14,0.5833333333333334,2.740916666666667,83.60499999999999
2024,Imola,7,Permanent,Alpine,OCO,2,HARD,26,62,37,False,83.36075675675676,81.304,-23.512,-0.07800948316737738,70.32629947509967,210.6636831297245,336.0,0.0,27,0.7297297297297297,3.358216216216216,84.2884
2024,Imola,7,Permanent,Aston Martin,ALO,1,SOFT,2,7,6,True,83.86233333333332,82.698,3.2619999999999862,0.43417142857141794,66.5589753077232,208.4720647972821,338.0,77.0,6,1.0,0.488,
2024,Imola,7,Permanent,Aston Martin,ALO,2,HARD,8,40,33,True,83.47869696969697,81.492,-18.379999999999995,-0.05992413101604034,68.8275361002781,210.07088328306628,314.0,0.0,13,0.3939393939393939,5.45596875,84.2809
2024,Imola,7,Permanent,Aston Martin,ALO,3,MEDIUM,41,59,19,True,83.13763157894736,79.851,-17.474999999999994,-0.16645614035087522,67.71061673190937,210.9011752003898,350.0,0.0,9,0.47368421052631576,4.760578947368421,83.39949999999999
2024,Imola,7,Permanent,Aston Martin,ALO,4,SOFT,60,62,3,False,89.714,79.004,-26.74499999999999,-13.372499999999981,65.35603227118548,196.14301795902506,313.0,0.0,0,0.0,25.311999999999998,89.714
2024,Imola,7,Permanent,Aston Martin,STR,1,MEDIUM,2,37,36,True,82.77136111111112,82.233,3.862000000000009,0.0329828828828838,68.45109593479623,211.99055112480886,338.0,77.0,20,0.5555555555555556,2.9694444444444446,82.9403125
2024,Imola,7,Permanent,Aston Martin,STR,2,HARD,38,63,26,False,82.09861538461539,80.57,-19.918000000000006,-0.1744068376068372,69.65372351185668,213.72242965180354,341.0,0.0,10,0.38461538461538464,10.364538461538462,81.13556249999999
2024,Imola,7,Permanent,Ferrari,LEC,1,MEDIUM,2,25,24,True,81.63275,80.926,5.096999999999994,0.08505391304347942,72.34028534356409,215.0163037127452,329.0,79.0,22,0.9166666666666666,2.1131666666666664,81.7715
2024,Imola,7,Permanent,Ferrari,LEC,2,HARD,26,63,38,False,81.30005263157892,79.935,-23.852999999999994,-0.09146668125615733,72.24333336000768,216.02522033190485,332.0,0.0,15,0.39473684210526316,3.2472105263157895,80.63321739130434
2024,Imola,7,Permanent,Ferrari,SAI,1,MEDIUM,2,27,26,True,81.78634615384615,80.966,5.2479999999999905,0.06878051282051291,71.27015251103865,214.57312726697353,333.0,79.0,13,0.5,2.437846153846154,81.82307692307693
2024,Imola,7,Permanent,Ferrari,SAI,2,HARD,28,63,36,False,81.55508333333333,80.22,-23.908,-0.09848455598455406,71.42261065484672,214.86472368300758,337.0,0.0,2,0.05555555555555555,5.572166666666666,80.88994117647057
2024,Imola,7,Permanent,Haas,HUL,1,MEDIUM,2,13,12,True,82.65025,81.7,4.870999999999995,0.2270384615384622,69.66322305810256,212.1849179350318,336.0,80.0,5,0.4166666666666667,4.266,83.04142857142857
2024,Imola,7,Permanent,Haas,HUL,2,HARD,14,62,49,False,83.08118367346938,81.756,-22.143,-0.04475306122449046,67.89532560220498,211.32591669115152,337.0,0.0,31,0.6326530612244898,3.265734693877551,82.67861111111111
2024,Imola,7,Permanent,Haas,MAG,1,MEDIUM,2,37,36,True,83.12097222222224,82.237,4.369,0.037858558558559956,67.83849255297298,211.14016535339468,347.0,64.0,20,0.5555555555555556,4.7036,83.4526875
2024,Imola,7,Permanent,Haas,MAG,2,HARD,38,62,25,False,82.69760000000001,81.009,-24.179000000000002,-0.24351307692307672,68.1605862627527,212.27475516703365,346.0,0.0,16,0.64,3.22452,81.4721111111111
2024,Imola,7,Permanent,McLaren,NOR,1,MEDIUM,2,22,21,True,81.57428571428571,80.673,5.4339999999999975,0.1124129870129852,67.05777704064768,214.84450371344687,315.0,77.0,10,0.47619047619047616,3.4903809523809524,82.08163636363638
2024,Imola,7,Permanent,McLaren,NOR,2,HARD,23,63,41,False,81.19885365853658,79.994,-23.950000000000003,-0.09833484320557327,67.36149309196311,216.11002280569417,330.0,0.0,10,0.24390243902439024,5.115414634146341,80.67461290322582
2024,Imola,7,Permanent,McLaren,PIA,1,MEDIUM,2,23,22,True,81.81813636363637,80.808,4.908999999999992,0.09662732919254634,66.57696103783839,214.34975556505137,340.0,78.0,21,0.9545454545454546,0.6278571428571429,81.869
2024,Imola,7,Permanent,McLaren,PIA,2,HARD,24,63,40,False,81.341475,79.907,-22.464,-0.07875281425891358,67.10269976409708,215.8500224827777,340.0,0.0,17,0.425,4.133875,80.82017391304348
2024,Imola,7,Permanent,Mercedes,HAM,1,MEDIUM,2,27,26,True,82.12034615384616,81.222,4.374000000000009,0.09210290598290394,69.73840019527512,213.85862071023885,336.0,77.0,20,0.7692307692307693,2.484730769230769,83.30083333333334
2024,Imola,7,Permanent,Mercedes,HAM,2,HARD,28,63,36,False,81.61433333333333,80.331,-22.757000000000005,-0.10700386100385977,70.23988252624608,215.16672063232235,340.0,0.0,5,0.1388888888888889,7.418277777777778,81.60019354838708
2024,Imola,7,Permanent,Mercedes,RUS,1,MEDIUM,2,21,20,True,81.95135,81.135,5.317999999999998,0.1131842105263179,70.02255600331712,214.23523883125162,336.0,79.0,18,0.9,2.3172500000000005,84.5475
2024,Imola,7,Permanent,Mercedes,RUS,2,HARD,22,52,31,True,82.08687096774193,80.669,-18.695999999999998,-0.11266733870967802,70.40437677765428,214.00374098322345,336.0,0.0,6,0.1935483870967742,5.009200000000001,81.27916
2024,Imola,7,Permanent,Mercedes,RUS,3,MEDIUM,53,63,11,False,82.0170909090909,78.589,-22.753,-0.8875090909090875,70.9492958521023,213.4276905367744,335.0,0.0,0,0.0,15.73281818181818,82.0170909090909
2024,Imola,7,Permanent,RB,RIC,1,MEDIUM,2,11,10,True,82.8565,82.083,4.292999999999992,0.2615090909090881,66.44847273961808,211.20329784573187,340.0,79.0,10,1.0,0.9873999999999998,
2024,Imola,7,Permanent,RB,RIC,2,HARD,12,62,51,False,83.0391568627451,81.569,-21.343000000000004,-0.04003610859728612,67.22454326746619,210.95667089838926,337.0,0.0,43,0.8431372549019608,2.43921568627451,85.61749999999999
2024,Imola,7,Permanent,RB,TSU,1,MEDIUM,2,12,11,True,82.66745454545455,81.758,4.388999999999996,0.2366000000000015,66.78125831554516,211.88237137476457,341.0,76.0,11,1.0,0.7614545454545456,
2024,Imola,7,Permanent,RB,TSU,2,HARD,13,62,50,False,82.9102,80.936,-21.619,-0.04318261704681702,66.63236871596692,211.44588258224346,337.0,0.0,19,0.38,8.134360000000001,82.98090322580643
2024,Imola,7,Permanent,Red Bull,PER,1,HARD,2,37,36,True,82.65819444444445,81.682,5.456999999999994,0.037272458172460186,67.2270087548655,211.72349010542558,343.0,47.0,20,0.5555555555555556,5.31175,82.4631875
2024,Imola,7,Permanent,Red Bull,PER,2,MEDIUM,38,63,26,False,81.36761538461539,79.686,-22.36999999999999,-0.1978365811965825,69.85669409154393,215.76215442250458,336.0,0.0,5,0.19230769230769232,14.03344,80.3847619047619
2024,Imola,7,Permanent,Red Bull,VER,1,MEDIUM,2,24,23,True,81.3606956521739,80.543,5.616,0.10492786561264744,69.32248565064215,215.46168443158138,313.0,72.0,23,1.0,0.0,
2024,Imola,7,Permanent,Red Bull,VER,2,HARD,25,63,39,False,81.30961538461538,80.366,-22.567000000000007,-0.08742631578947306,69.40805150886581,215.70142212626996,338.0,0.0,37,0.9487179487179487,0.4667179487179487,92.042
2024,Imola,7,Permanent,Sauber,BOT,1,MEDIUM,2,8,7,True,83.45914285714287,82.415,3.6410000000000053,0.36299999999999166,68.77975672965555,210.22863487530898,338.0,74.0,7,1.0,1.0135714285714286,
2024,Imola,7,Permanent,Sauber,BOT,2,HARD,9,62,54,False,83.42792592592592,81.455,-19.851,0.001569963788831959,68.51084431640245,210.8612103955135,335.0,0.0,31,0.5740740740740741,4.483074074074074,83.20560869565216
2024,Imola,7,Permanent,Sauber,ZHO,1,HARD,2,33,32,True,83.2691875,82.565,5.489000000000004,0.04484274193548385,68.40948388205948,210.78579474126786,333.0,76.0,11,0.34375,3.1175,83.09571428571428
2024,Imola,7,Permanent,Sauber,ZHO,2,MEDIUM,34,62,29,False,83.1996551724138,81.016,-23.680999999999997,-0.11805221674877005,68.59139833210209,211.48013603471668,346.0,0.0,16,0.5517241379310345,5.0184827586206895,83.64838461538463
2024,Imola,7,Permanent,Williams,ALB,1,MEDIUM,2,8,7,True,83.18742857142857,82.357,3.528000000000006,0.36299999999998916,62.83817227143975,210.33863476809884,343.0,77.0,7,1.0,1.1071428571428572,
2024,Imola,7,Permanent,Williams,ALB,2,HARD,9,9,1,True,163.048,163.048,0.0,0.0,24.015590258600472,108.01761980473309,263.0,0.0,0,0.0,13.164,163.048
2024,Imola,7,Permanent,Williams,ALB,3,MEDIUM,10,23,14,True,84.60307142857143,81.491,-26.39800000000001,-0.7100725274725262,61.873839692153375,206.93309189921322,333.0,0.0,0,0.0,81.7515,84.60307142857143
2024,Imola,7,Permanent,Williams,ALB,4,MEDIUM,24,28,5,True,90.51320000000001,82.127,-26.078999999999994,-5.567499999999998,58.05687311651864,194.1945797201715,316.0,0.0,0,0.0,153.90800000000002,90.51320000000001
2024,Imola,7,Permanent,Williams,ALB,5,MEDIUM,29,51,23,False,83.23252173913045,81.274,-17.232,-0.17135079051383312,62.49461591541566,210.54848503385188,334.0,0.0,0,0.0,137.54880000000003,83.23252173913045
2024,Imola,7,Permanent,Williams,SAR,1,HARD,2,31,30,True,83.45043333333334,82.702,3.972999999999999,0.05196373748609376,65.31867812992779,209.78846478365892,345.0,77.0,20,0.6666666666666666,2.1980666666666666,83.8049
2024,Imola,7,Permanent,Williams,SAR,2,MEDIUM,32,62,31,False,83.21658064516126,81.229,-26.939999999999998,-0.12660766129032414,64.72552911341452,210.6194161909753,345.0,0.0,17,0.5483870967741935,2.704709677419354,83.93049999999998
2024,Interlagos,15,Permanent,Alpine,GAS,1,INTERMEDIATE,2,32,31,True,91.43274193548389,83.92,73.478,1.0215608870967732,63.44863883127674,197.40338845546276,328.0,53.0,22,0.7096774193548387,2.692032258064516,94.50733333333332
2024,Interlagos,15,Permanent,Alpine,GAS,2,INTERMEDIATE,33,69,37,False,127.14851351351354,81.645,-1468.064,-6.750963489805578,64.98272933060655,200.09919880219766,330.0,0.0,12,0.32432432432432434,3.1699999999999995,83.35692
2024,Interlagos,15,Permanent,Alpine,OCO,1,INTERMEDIATE,2,32,31,True,91.27529032258063,84.037,71.85399999999998,1.0557391129032252,61.89722773438455,194.44436008087428,332.0,0.0,30,0.967741935483871,1.3706451612903223,110.714
2024,Interlagos,15,Permanent,Alpine,OCO,2,INTERMEDIATE,33,69,37,False,127.29475675675675,81.771,-1475.5600000000002,-6.766522522522506,63.648888217990326,200.5101461728581,333.0,76.0,13,0.35135135135135137,6.709297297297296,82.45225
2024,Interlagos,15,Permanent,Aston Martin,ALO,1,INTERMEDIATE,2,27,26,True,85.74576923076923,83.949,10.972999999999999,0.042588034188033114,61.57123492423495,196.76231574440698,332.0,84.0,25,0.9615384615384616,1.9269615384615384,85.472
2024,Interlagos,15,Permanent,Aston Martin,ALO,2,INTERMEDIATE,28,32,5,True,124.625,105.422,40.165000000000006,9.15510000000001,60.458715576975585,186.19432712923845,308.0,0.0,2,0.4,6.0122,113.70333333333333
2024,Interlagos,15,Permanent,Aston Martin,ALO,3,INTERMEDIATE,33,69,37,False,128.1796216216216,82.293,-1452.1699999999998,-6.700403271692728,62.333519322524836,201.37670002355307,333.0,85.0,14,0.3783783783783784,6.8229999999999995,84.90278260869566
2024,Interlagos,15,Permanent,Ferrari,LEC,1,INTERMEDIATE,2,24,23,True,85.09091304347825,84.137,2.475999999999999,-0.027076086956525632,63.69843867385524,198.9470443242563,334.0,55.0,23,1.0,0.7525217391304347,
2024,Interlagos,15,Permanent,Ferrari,LEC,2,INTERMEDIATE,25,32,8,True,111.426875,84.479,58.643,7.713559523809527,66.25824583910416,196.19198557266904,323.0,0.0,5,0.625,3.5238750000000003,114.495
2024,Interlagos,15,Permanent,Ferrari,LEC,3,INTERMEDIATE,33,69,37,False,127.05764864864867,81.631,-1458.218,-6.7280132764343135,67.33875357540693,203.21532902765597,316.0,75.0,13,0.35135135135135137,4.5586486486486475,144.63312499999998
2024,Interlagos,15,Permanent,Ferrari,SAI,1,INTERMEDIATE,2,27,26,True,86.29842307692307,84.201,12.173999999999992,0.07911692307692107,63.27636218511006,198.7875595171616,333.0,86.0,25,0.9615384615384616,0.859153846153846,101.195
2024,Interlagos,15,Permanent,Ferrari,SAI,2,INTERMEDIATE,28,32,5,True,123.57660000000001,102.131,31.388000000000005,7.206100000000011,63.64343171176982,189.07583718093952,327.0,0.0,3,0.6,3.9828,112.4755
2024,Interlagos,15,Permanent,Ferrari,SAI,3,INTERMEDIATE,33,38,6,False,329.8538333333333,86.771,-1437.502,-206.57254285714293,64.8582549508332,203.84549936248374,312.0,91.0,5,0.8333333333333334,1.4858333333333331,1524.273
2024,Interlagos,15,Permanent,Haas,BEA,1,INTERMEDIATE,2,27,26,True,86.07673076923078,84.306,10.054999999999993,-0.01797709401709546,,,,,21,0.8076923076923077,3.012,87.386
2024,Interlagos,15,Permanent,Haas,BEA,2,INTERMEDIATE,28,32,5,True,126.8946,103.986,27.236999999999995,6.248899999999999,,,,,5,1.0,1.6342000000000003,
2024,Interlagos,15,Permanent,Haas,BEA,3,INTERMEDIATE,33,69,37,False,126.98800000000001,82.494,-1441.949,-6.6431137980085175,,,,,22,0.5945945945945946,3.7240270270270273,89.92086666666667
2024,Interlagos,15,Permanent,Haas,HUL,1,INTERMEDIATE,2,25,24,True,85.356125,83.764,2.834000000000003,-0.0470230434782598,61.072216484320926,195.8955718826164,334.0,0.0,24,1.0,1.5427083333333333,
2024,Interlagos,15,Permanent,Haas,HUL,2,INTERMEDIATE,26,27,2,True,168.429,106.643,123.572,123.57199999999995,62.518928268892836,198.84861643385494,326.0,89.0,0,0.0,6.698,168.429
2024,Interlagos,15,Permanent,Haas,HUL,3,WET,28,29,2,True,148.113,127.542,-41.141999999999996,-41.14200000000001,59.474980071554675,197.7968569192414,313.0,88.0,0,0.0,,148.113
2024,Interlagos,15,Permanent,Haas,HUL,4,INTERMEDIATE,30,30,1,False,174.656,174.656,0.0,0.0,60.89138017466101,199.40638755483585,316.0,85.0,0,0.0,229.531,174.656
2024,Interlagos,15,Permanent,McLaren,NOR,1,INTERMEDIATE,2,28,27,True,85.74914814814814,83.592,29.00500000000001,0.22369291819291742,62.03440178285553,200.0688783321025,330.0,52.0,27,1.0,0.9837777777777779,
2024,Interlagos,15,Permanent,McLaren,NOR,2,INTERMEDIATE,29,32,4,True,131.6475,117.236,37.47399999999999,12.214999999999984,59.20687483708718,191.53606300031376,325.0,0.0,4,1.0,0.8915000000000001,
2024,Interlagos,15,Permanent,McLaren,NOR,3,INTERMEDIATE,33,69,37,False,127.35627027027029,81.517,-1467.8990000000001,-6.771260787102873,61.61514960534578,203.79256107608032,330.0,82.0,35,0.9459459459459459,1.7860540540540542,815.7545
2024,Interlagos,15,Permanent,McLaren,PIA,1,INTERMEDIATE,2,27,26,True,85.638,84.098,9.292999999999992,0.06028581196581055,61.364946034510346,199.88791354014336,329.0,88.0,26,1.0,0.8081923076923079,
2024,Interlagos,15,Permanent,McLaren,PIA,2,INTERMEDIATE,28,32,5,True,124.7806,101.078,43.164,10.460699999999996,63.358157185402675,201.2210344360049,310.0,89.0,4,0.8,2.3920000000000003,121.36
2024,Interlagos,15,Permanent,McLaren,PIA,3,INTERMEDIATE,33,69,37,False,127.08751351351353,81.532,-1456.266,-6.720026078710272,61.466916661724625,201.986306171746,334.0,0.0,27,0.7297297297297297,2.2062972972972967,232.16960000000003
2024,Interlagos,15,Permanent,Mercedes,HAM,1,INTERMEDIATE,2,27,26,True,86.23111538461538,83.973,12.235,0.03779999999999913,60.178943794445296,195.27532223102259,342.0,0.0,26,1.0,0.7528846153846154,
2024,Interlagos,15,Permanent,Mercedes,HAM,2,INTERMEDIATE,28,32,5,True,122.83420000000001,105.316,41.144000000000005,8.900300000000016,62.714532224110386,202.31068980930505,335.0,87.0,3,0.6,2.168,117.92099999999999
2024,Interlagos,15,Permanent,Mercedes,HAM,3,INTERMEDIATE,33,69,37,False,127.30078378378379,82.041,-1450.439,-6.68260218112848,62.59862241146288,202.65661433763717,319.0,0.0,36,0.972972972972973,0.8397567567567568,1532.48
2024,Interlagos,15,Permanent,Mercedes,RUS,1,INTERMEDIATE,2,28,27,True,85.74040740740739,83.517,28.623999999999995,0.21857264957264777,61.30797655972301,197.44739547233237,322.48999936,0.0,27,1.0,0.0,
2024,Interlagos,15,Permanent,Mercedes,RUS,2,INTERMEDIATE,29,32,4,True,133.35925,122.081,39.913,12.314299999999982,61.396322240105604,199.55065610517443,331.0,88.0,0,0.0,4.395250000000001,133.35925
2024,Interlagos,15,Permanent,Mercedes,RUS,3,INTERMEDIATE,33,69,37,False,126.9932702702703,81.645,-1462.61,-6.734741820768118,63.18396066154426,201.82901564432743,328.0,0.0,30,0.8108108108108109,1.9719166666666668,298.21471428571425
2024,Interlagos,15,Permanent,RB,LAW,1,INTERMEDIATE,2,28,27,True,86.85707407407408,84.034,26.238,0.3121971916971914,,,,,13,0.48148148148148145,3.2654444444444444,86.73292857142857
2024,Interlagos,15,Permanent,RB,LAW,2,WET,29,32,4,True,127.7735,112.061,33.466999999999985,9.753999999999973,,,,,1,0.25,5.0155,128.59066666666666
2024,Interlagos,15,Permanent,RB,LAW,3,INTERMEDIATE,33,69,37,False,127.36905405405405,82.123,-1451.856,-6.6954345661450745,,,,,25,0.6756756756756757,2.8699189189189194,82.68633333333334
2024,Interlagos,15,Permanent,RB,TSU,1,INTERMEDIATE,2,28,27,True,86.24885185185185,84.163,30.683000000000007,0.24669108669108522,62.98876205485352,195.54204931239005,327.0,0.0,5,0.18518518518518517,6.822962962962962,84.93009090909091
2024,Interlagos,15,Permanent,RB,TSU,2,WET,29,32,4,True,129.623,114.797,47.67100000000001,15.341399999999993,62.55312182602022,195.7573889549505,327.0,53.0,2,0.5,5.461,115.10499999999999
2024,Interlagos,15,Permanent,RB,TSU,3,INTERMEDIATE,33,69,37,False,127.44664864864865,81.828,-1461.874,-6.7490398293029665,62.17395153020564,197.08551234817298,342.0,0.0,15,0.40540540540540543,3.8994864864864867,151.5341818181818
2024,Interlagos,15,Permanent,Red Bull,PER,1,INTERMEDIATE,2,27,26,True,86.18538461538462,84.395,15.108000000000004,0.11228444444444378,59.82289833571029,198.66276984362963,334.0,86.0,24,0.9230769230769231,1.4601153846153847,86.163
2024,Interlagos,15,Permanent,Red Bull,PER,2,WET,28,32,5,True,123.71900000000001,101.662,36.11099999999999,8.157499999999999,60.56464479192747,188.537826302278,312.0,0.0,5,1.0,1.4736,
2024,Interlagos,15,Permanent,Red Bull,PER,3,INTERMEDIATE,33,69,37,False,126.95024324324326,82.143,-1438.337,-6.629706495969639,61.92712037033812,202.52767374823227,318.0,88.0,37,1.0,0.7525945945945945,
2024,Interlagos,15,Permanent,Red Bull,VER,1,INTERMEDIATE,2,32,31,True,91.18754838709678,83.43,71.49499999999999,1.0580564516129014,62.248134953951116,198.6300161499714,327.0,0.0,28,0.9032258064516129,1.4269032258064516,116.43333333333334
2024,Interlagos,15,Permanent,Red Bull,VER,2,INTERMEDIATE,33,69,37,False,126.715,80.472,-1475.0880000000002,-6.789855618776658,63.88211308604089,203.7375434908747,325.0,89.0,34,0.918918918918919,0.5703783783783783,85.39533333333334
2024,Interlagos,15,Permanent,Sauber,BOT,1,INTERMEDIATE,2,32,31,True,92.23841935483871,84.726,62.92400000000001,0.9934120967741945,64.14971217665976,195.6137478582209,331.0,0.0,18,0.5806451612903226,3.9317741935483874,100.43176923076923
2024,Interlagos,15,Permanent,Sauber,BOT,2,INTERMEDIATE,33,69,37,False,127.48586486486487,82.877,-1444.452,-6.66422972972971,63.05899518955217,196.75078167996813,327.0,0.0,15,0.40540540540540543,4.038243243243242,151.76727272727274
2024,Interlagos,15,Permanent,Sauber,ZHO,1,INTERMEDIATE,2,27,26,True,87.50711538461536,85.053,19.331999999999994,0.12601333333333226,61.98763959614926,193.92827491186816,329.0,0.0,6,0.23076923076923078,7.84776923076923,86.29445000000001
2024,Interlagos,15,Permanent,Sauber,ZHO,2,INTERMEDIATE,28,28,1,True,126.376,126.376,0.0,0.0,62.21949330630239,199.7401910380653,322.0,93.0,0,0.0,23.242,126.376
2024,Interlagos,15,Permanent,Sauber,ZHO,3,WET,29,31,3,True,141.53666666666666,125.363,21.793000000000006,10.896500000000024,62.869313036415,195.8285113854775,299.0,89.0,0,0.0,57.44733333333334,141.53666666666666
2024,Interlagos,15,Permanent,Sauber,ZHO,4,INTERMEDIATE,32,32,1,True,1392.307,1392.307,0.0,0.0,62.97578301319206,197.6185588384293,298.5,90.0,0,0.0,1390.728,1392.307
2024,Interlagos,15,Permanent,Sauber,ZHO,5,INTERMEDIATE,33,69,37,False,91.15813513513514,83.058,-90.071,-0.8538632053105735,61.12205181566916,195.70550333014305,327.0,0.0,11,0.2972972972972973,3.9848378378378375,91.64046153846154
2024,Interlagos,15,Permanent,Williams,COL,1,INTERMEDIATE,2,26,25,True,85.96120000000002,84.296,1.902000000000001,-0.030394615384617824,,,,,10,0.4,4.28244,85.43693333333333
2024,Interlagos,15,Permanent,Williams,COL,2,INTERMEDIATE,27,30,4,False,114.822,102.804,8.73299999999999,2.6863999999999866,,,,,1,0.25,7.319000000000001,118.82800000000002
2024,Jeddah,2,Street,Alpine,OCO,1,MEDIUM,2,7,6,True,102.86099999999999,96.003,34.22,4.87074285714285,64.70565253813412,213.50684726742736,334.0,64.0,6,1.0,0.7576666666666667,
2024,Jeddah,2,Street,Alpine,OCO,2,HARD,8,49,42,False,98.23142857142855,93.481,-82.55499999999999,-0.4893671501499054,70.95660298377142,223.77600676954606,340.0,0.0,35,0.8333333333333334,1.514952380952381,105.72242857142858
2024,Jeddah,2,Street,Aston Martin,ALO,1,MEDIUM,2,7,6,True,100.13066666666667,94.439,31.158999999999992,4.448114285714282,67.16472629248098,218.59307570658763,324.0,75.0,6,1.0,0.9911666666666669,
2024,Jeddah,2,Street,Aston Martin,ALO,2,HARD,8,50,43,False,97.20327906976745,92.387,-92.513,-0.543354122621566,71.6784996114229,225.43243714941278,327.0,0.0,11,0.2558139534883721,3.3012857142857137,93.26818750000001
2024,Jeddah,2,Street,Aston Martin,STR,1,MEDIUM,2,5,4,False,95.79475000000001,95.56,-0.5339999999999918,-0.1657000000000145,72.86803503527887,228.68017365623328,312.0,73.0,4,1.0,2.166,
2024,Jeddah,2,Street,Ferrari,BEA,1,SOFT,2,7,6,True,101.90966666666668,95.515,33.753,4.872399999999992,67.76616491821348,215.84391951165162,337.0,77.0,6,1.0,0.6646666666666666,
2024,Jeddah,2,Street,Ferrari,BEA,2,HARD,8,50,43,False,97.02030232558138,92.186,-87.40199999999999,-0.5165931742675931,74.63704258254252,227.00620756438778,339.0,0.0,13,0.3023255813953488,4.269651162790698,93.17763333333333
2024,Jeddah,2,Street,Ferrari,LEC,1,MEDIUM,2,7,6,True,99.56633333333333,94.179,30.652,4.328971428571422,72.62670826157918,220.76027841537325,319.0,71.0,5,0.8333333333333334,1.0426,94.382
2024,Jeddah,2,Street,Ferrari,LEC,2,HARD,8,50,43,False,96.92634883720929,91.632,-94.774,-0.547718212020538,75.20018028104907,226.6528828178969,334.0,0.0,19,0.4418604651162791,6.690023255813952,92.68516666666666
2024,Jeddah,2,Street,Haas,HUL,1,MEDIUM,2,33,32,True,100.62718749999999,93.999,-1.2349999999999994,-0.6354186217008808,68.12828581289503,218.67267235016118,330.0,53.0,17,0.53125,3.5467419354838703,94.84806666666667
2024,Jeddah,2,Street,Haas,HUL,2,HARD,34,50,17,False,93.90888235294116,92.366,-18.781999999999996,-0.4117132352941174,76.84988499660649,234.62188634180512,316.0,0.0,0,0.0,19.009294117647055,93.90888235294116
2024,Jeddah,2,Street,Haas,MAG,1,MEDIUM,2,7,6,True,102.00233333333334,95.367,34.04199999999999,4.887371428571425,64.59469834747074,215.1899665768154,330.0,73.0,5,0.8333333333333334,0.8058,96.027
2024,Jeddah,2,Street,Haas,MAG,2,HARD,8,50,43,False,97.9962093023256,92.338,-85.42399999999999,-0.511767743884024,71.67925647661993,224.54017223503197,336.0,0.0,18,0.4186046511627907,4.117999999999999,94.30592
2024,Jeddah,2,Street,McLaren,NOR,1,MEDIUM,2,37,36,True,99.19030555555554,93.309,1.429000000000002,-0.5511756756756739,70.06529959929884,221.37917222709555,313.0,39.0,20,0.5555555555555556,3.0160833333333326,95.9606875
2024,Jeddah,2,Street,McLaren,NOR,2,SOFT,38,50,13,False,93.70799999999998,91.944,-18.00800000000001,-0.5733956043956033,76.58113579122775,234.12050573025863,314.0,0.0,5,0.38461538461538464,3.6712499999999992,94.493875
2024,Jeddah,2,Street,McLaren,PIA,1,MEDIUM,2,7,6,True,99.956,94.379,31.638000000000005,4.521371428571425,69.1564397243126,219.58616955859515,317.0,72.0,6,1.0,1.9518333333333338,
2024,Jeddah,2,Street,McLaren,PIA,2,HARD,8,50,43,False,97.13579069767442,92.31,-91.60399999999998,-0.535569314406524,70.03017378186284,226.11815836664655,334.0,0.0,28,0.6511627906976745,4.232023809523809,92.65606666666666
2024,Jeddah,2,Street,Mercedes,HAM,1,MEDIUM,2,36,35,True,99.42720000000001,93.354,0.42600000000000193,-0.5852235294117648,67.76059174724527,220.65941968245465,333.0,48.0,18,0.5142857142857142,2.9673428571428575,95.86058823529413
2024,Jeddah,2,Street,Mercedes,HAM,2,SOFT,37,50,14,False,93.558,91.746,-16.171000000000006,-0.43473406593407177,74.82716963662693,234.35893812360712,334.0,0.0,13,0.9285714285714286,1.817071428571429,109.485
2024,Jeddah,2,Street,Mercedes,RUS,1,MEDIUM,2,7,6,True,100.74066666666666,95.033,33.69000000000001,4.802571428571424,66.7140310088046,217.47967126457084,331.0,78.0,5,0.8333333333333334,1.4649999999999999,128.836
2024,Jeddah,2,Street,Mercedes,RUS,2,HARD,8,50,43,False,97.1699069767442,92.254,-88.431,-0.5210341286620365,70.38326812755808,225.80624740025098,340.0,0.0,42,0.9767441860465116,1.6049069767441864,151.48
2024,Jeddah,2,Street,RB,RIC,1,MEDIUM,2,7,6,True,102.51533333333333,95.699,34.43899999999999,4.824742857142847,62.70843366203785,213.80083501735615,339.0,72.76785645714286,5,0.8333333333333334,1.3703333333333332,132.474
2024,Jeddah,2,Street,RB,RIC,2,HARD,8,49,42,False,98.68016666666666,93.323,-98.17599999999999,-0.47631123895956334,67.85127927688903,222.07670605569584,336.0,0.0,34,0.8095238095238095,3.0555238095238093,108.207
2024,Jeddah,2,Street,RB,TSU,1,MEDIUM,2,7,6,True,101.78866666666666,95.378,34.04099999999998,4.918057142857129,64.72795420183725,215.80306477624598,334.0,78.0,5,0.8333333333333334,1.7313333333333334,130.914
2024,Jeddah,2,Street,RB,TSU,2,HARD,8,49,42,False,98.46530952380954,93.523,-86.00200000000001,-0.5148251357264377,68.53900764868337,222.9488662398129,341.0,0.0,41,0.9761904761904762,1.184785714285714,94.961
2024,Jeddah,2,Street,Red Bull,PER,1,MEDIUM,2,7,6,True,99.19299999999998,93.842,30.099999999999994,4.28285714285713,69.35916215413968,221.42808074494073,331.0,66.0,5,0.8333333333333334,2.3626666666666662,124.615
2024,Jeddah,2,Street,Red Bull,PER,2,HARD,8,50,43,False,96.7333953488372,92.273,-94.538,-0.5358787375415295,72.96723233461545,226.76375130354003,337.0,0.0,9,0.20930232558139536,6.013714285714285,92.7644411764706
2024,Jeddah,2,Street,Red Bull,VER,1,MEDIUM,2,7,6,True,98.75866666666667,93.676,28.714,4.076285714285702,71.3037495241135,222.6803517082551,309.0,76.0,6,1.0,0.0,
2024,Jeddah,2,Street,Red Bull,VER,2,HARD,8,50,43,False,96.63293023255815,91.773,-97.31,-0.5369559045605554,73.0258141881547,227.4893738014044,331.0,0.0,43,1.0,0.11365116279069766,
2024,Jeddah,2,Street,Sauber,BOT,1,SOFT,2,7,6,True,102.98433333333334,96.225,35.10600000000001,4.946685714285711,64.9535166761598,213.3669151001693,342.0,69.0,6,1.0,0.6451666666666667,
2024,Jeddah,2,Street,Sauber,BOT,2,HARD,8,35,28,True,100.65539285714286,94.857,-79.46799999999999,-0.9524857690202476,69.7889895941394,218.27368346026776,334.0,0.0,24,0.8571428571428571,1.8702142857142856,96.199
2024,Jeddah,2,Street,Sauber,BOT,3,SOFT,36,49,14,False,94.66242857142858,92.706,-21.542999999999992,-0.611041758241761,77.5813987258367,232.23202149597583,321.0,0.0,0,0.0,17.2795,94.66242857142858
2024,Jeddah,2,Street,Sauber,ZHO,1,MEDIUM,2,41,40,True,99.497225,93.736,-2.1599999999999966,-0.4773770168855535,68.97191776207845,220.98645682111697,331.0,50.0,15,0.375,6.906325,94.89200000000001
2024,Jeddah,2,Street,Sauber,ZHO,2,SOFT,42,49,8,False,98.3895,92.208,-45.184,-3.7665476190476137,73.60889423332702,224.41792701727684,313.0,0.0,0,0.0,7.51825,98.3895
2024,Jeddah,2,Street,Williams,ALB,1,MEDIUM,2,7,6,True,102.04533333333332,95.553,34.06,4.865999999999994,61.24397123712021,215.1043747739144,331.0,71.0,6,1.0,0.6595,
2024,Jeddah,2,Street,Williams,ALB,2,HARD,8,50,43,False,98.04020930232556,92.307,-87.676,-0.5170465116279077,67.20907486052249,223.99796245892284,344.0,0.0,35,0.813953488372093,1.800558139534884,92.816375
2024,Jeddah,2,Street,Williams,SAR,1,MEDIUM,2,7,6,True,103.09833333333334,96.203,35.93199999999999,5.066171428571415,61.53379110442534,212.64772969715682,341.0,72.0,6,1.0,0.7186666666666666,
2024,Jeddah,2,Street,Williams,SAR,2,HARD,8,49,42,False,98.23828571428571,93.026,-84.26200000000001,-0.48912989222915376,68.35987459405412,223.22621002985662,336.0,0.0,41,0.9761904761904762,1.0192439024390245,94.843
2024,Las Vegas,22,Street,Alpine,GAS,1,MEDIUM,2,10,9,True,100.72488888888888,99.234,6.307000000000002,0.613099999999989,68.39582837577251,220.05252449310646,345.0,70.0,7,0.7777777777777778,2.410888888888889,103.76050000000001
2024,Las Vegas,22,Street,Alpine,GAS,2,HARD,11,15,5,False,105.02380000000001,98.314,-5.492000000000004,-0.9356999999999968,67.15383274242993,209.9091987688855,361.0,0.0,5,1.0,0.6661999999999999,
2024,Las Vegas,22,Street,Alpine,OCO,1,MEDIUM,2,11,10,True,100.6249,99.367,5.694999999999993,0.4417030303030366,68.54993385113313,219.89996488657707,350.0,74.0,10,1.0,1.1367,
2024,Las Vegas,22,Street,Alpine,OCO,2,MEDIUM,12,12,1,True,114.887,114.887,0.0,0.0,66.53922574501995,192.38800292237414,337.0,67.0,0,0.0,5.598,114.887
2024,Las Vegas,22,Street,Alpine,OCO,3,HARD,13,45,33,True,99.74799999999999,98.207,-12.576000000000008,-0.039484959893045624,69.17995703246467,221.6249794594227,356.0,0.0,23,0.696969696969697,3.1602121212121213,100.7994
2024,Las Vegas,22,Street,Alpine,OCO,4,SOFT,46,49,4,False,101.30199999999999,96.511,-16.921999999999997,-5.062800000000028,69.02799703540657,218.80030871602483,340.0,0.0,0,0.0,8.8945,101.30199999999999
2024,Las Vegas,22,Street,Aston Martin,ALO,1,SOFT,2,4,3,True,101.962,100.165,4.537000000000006,2.268500000000018,65.6891426706324,217.373889095713,354.0,73.0,3,1.0,1.1493333333333335,
2024,Las Vegas,22,Street,Aston Martin,ALO,2,HARD,5,24,20,True,100.6922,98.437,-10.625,-0.11655037593985118,65.69991295171269,219.11637934840323,365.0,0.0,10,0.5,5.739052631578947,101.3901
2024,Las Vegas,22,Street,Aston Martin,ALO,3,HARD,25,50,26,False,98.56196153846153,96.553,-16.093999999999994,-0.13857128205128305,66.51374015918681,223.62903851092273,358.0,0.0,13,0.5,3.9407692307692312,99.26946153846153
2024,Las Vegas,22,Street,Aston Martin,STR,1,MEDIUM,2,9,8,True,100.86775,99.006,2.530000000000001,0.1439761904761943,62.70348298021593,218.11684787990546,361.0,76.0,8,1.0,0.7641249999999999,
2024,Las Vegas,22,Street,Aston Martin,STR,2,HARD,10,28,19,True,100.96873684210526,98.424,-22.700999999999993,-0.36554912280701335,64.26079457744989,218.5780420551976,343.0,0.0,14,0.7368421052631579,3.624052631578947,105.41100000000002
2024,Las Vegas,22,Street,Aston Martin,STR,3,HARD,29,50,22,False,98.68163636363637,97.179,-17.211000000000013,-0.24871710897798038,65.97927245902406,223.27477747504554,351.0,0.0,5,0.22727272727272727,5.6756190476190485,98.87517647058823
2024,Las Vegas,22,Street,Ferrari,LEC,1,MEDIUM,2,9,8,True,100.423125,98.329,8.213000000000008,0.9409642857142922,67.05725418831479,219.26682884849856,352.0,70.0,8,1.0,1.554875,
2024,Las Vegas,22,Street,Ferrari,LEC,2,HARD,10,31,22,True,99.1755909090909,97.13,-11.331000000000003,-0.19517052512704774,68.0788198265153,222.65755671350587,362.0,0.0,14,0.6363636363636364,4.586909090909091,100.658625
2024,Las Vegas,22,Street,Ferrari,LEC,3,HARD,32,50,19,False,97.42747368421053,95.674,-17.795999999999992,-0.314478947368417,69.55888665881437,226.44644011492065,359.0,0.0,18,0.9473684210526315,1.3707777777777777,96.333
2024,Las Vegas,22,Street,Ferrari,SAI,1,MEDIUM,2,10,9,True,99.93177777777778,98.394,7.096000000000004,0.6153166666666596,68.72383764962625,220.33513828977686,355.0,72.0,6,0.6666666666666666,2.400111111111111,102.21933333333334
2024,Las Vegas,22,Street,Ferrari,SAI,2,HARD,11,28,18,True,99.64755555555556,97.477,-11.004000000000005,-0.21447678018575564,69.40955001607675,221.8375840063797,366.0,0.0,17,0.9444444444444444,2.1491111111111114,103.655
2024,Las Vegas,22,Street,Ferrari,SAI,3,HARD,29,50,22,False,97.2736818181818,95.875,-16.328999999999994,-0.24534443817052484,70.59753107518212,226.92428289274048,355.0,0.0,6,0.2727272727272727,5.015499999999999,97.63262499999999
2024,Las Vegas,22,Street,Haas,HUL,1,MEDIUM,2,14,13,True,100.77769230769232,98.998,6.680999999999997,0.34432417582417474,65.47800774168641,219.90760871957767,353.0,72.0,10,0.7692307692307693,1.6095833333333331,101.00266666666666
2024,Las Vegas,22,Street,Haas,HUL,2,HARD,15,33,19,True,99.6796842105263,97.634,-12.066000000000003,-0.16390175438596197,67.1039509839353,221.80946386141346,357.0,0.0,14,0.7368421052631579,1.9004736842105263,99.7202
2024,Las Vegas,22,Street,Haas,HUL,3,HARD,34,50,17,False,98.41635294117648,96.585,-17.560999999999993,-0.4055759803921594,67.82905017420038,224.71184140264936,358.0,0.0,11,0.6470588235294118,4.121647058823529,96.92066666666666
2024,Las Vegas,22,Street,Haas,MAG,1,MEDIUM,2,17,16,True,101.3686875,98.923,4.926000000000002,0.25956617647059266,65.17694798777438,218.2685256497605,346.0,59.0,13,0.8125,2.72525,101.91566666666665
2024,Las Vegas,22,Street,Haas,MAG,2,HARD,18,50,33,False,98.8260303030303,96.557,-20.441999999999993,-0.1734859625668421,67.36390608440405,224.17645431023098,359.0,0.0,17,0.5151515151515151,3.672625,99.4619375
2024,Las Vegas,22,Street,McLaren,NOR,1,MEDIUM,2,9,8,True,100.25812499999999,98.848,5.332999999999998,0.5408928571428623,64.6445463736921,221.01027372120808,358.0,72.0,8,1.0,0.9533750000000001,
2024,Las Vegas,22,Street,McLaren,NOR,2,HARD,10,30,21,True,99.76309523809525,97.795,-9.600999999999999,-0.1449571428571441,65.33814593666612,221.00785659500025,358.0,0.0,11,0.5238095238095238,4.114571428571429,99.2032
2024,Las Vegas,22,Street,McLaren,NOR,3,HARD,31,48,18,True,97.68244444444446,95.527,-12.36099999999999,-0.3049349845201234,67.28891288605517,226.09117775986584,342.0,0.0,0,0.0,10.510166666666668,97.68244444444446
2024,Las Vegas,22,Street,McLaren,NOR,4,SOFT,49,50,2,False,103.594,94.876,-17.435999999999993,-17.435999999999993,68.42038737939262,213.33601827297346,339.0,0.0,0,0.0,28.200499999999998,103.594
2024,Las Vegas,22,Street,McLaren,PIA,1,MEDIUM,2,10,9,True,100.53966666666666,99.01,4.935000000000002,0.5270666666666579,66.17417267168209,220.48185558715267,364.0,73.0,9,1.0,0.7716666666666667,
2024,Las Vegas,22,Street,McLaren,PIA,2,HARD,11,25,15,True,100.51966666666667,97.942,-17.089,-0.4000607142857151,65.66492260395826,219.62046067530363,361.0,0.0,11,0.7333333333333333,2.0354666666666663,103.98675
2024,Las Vegas,22,Street,McLaren,PIA,3,HARD,26,50,25,False,98.24995999999999,96.598,-15.873999999999995,-0.18260461538461512,66.38806612199427,224.76678041065995,367.0,0.0,7,0.28,10.560160000000002,97.41922222222222
2024,Las Vegas,22,Street,Mercedes,HAM,1,MEDIUM,2,13,12,True,99.84825000000001,98.648,3.1569999999999965,0.14479370629370772,66.35893862277182,222.41331496464318,364.0,64.0,10,0.8333333333333334,2.1374166666666667,99.0425
2024,Las Vegas,22,Street,Mercedes,HAM,2,HARD,14,27,14,True,99.30078571428571,97.055,-11.097999999999999,-0.3562571428571416,68.06749557895425,222.49160324501943,360.0,0.0,14,1.0,0.5851428571428572,
2024,Las Vegas,22,Street,Mercedes,HAM,3,HARD,28,50,23,False,97.20765217391306,95.48,-14.784999999999997,-0.16791501976284645,71.3386221050158,227.78874161114476,351.0,0.0,4,0.17391304347826086,7.358043478260869,96.46121052631578
2024,Las Vegas,22,Street,Mercedes,RUS,1,MEDIUM,2,12,11,True,99.05900000000001,98.136,4.445000000000007,0.2052454545454589,69.41755047926468,222.6425245307839,335.0,78.0,11,1.0,0.0,
2024,Las Vegas,22,Street,Mercedes,RUS,2,HARD,13,32,20,True,98.8455,97.359,-12.525000000000006,-0.20203458646616723,69.10164307428299,223.90082857433288,337.0,0.0,19,0.95,0.24855,114.754
2024,Las Vegas,22,Street,Mercedes,RUS,3,HARD,33,50,18,False,97.5635,95.717,-15.835999999999999,-0.315780185758514,70.42130050842395,227.3051875018044,340.0,0.0,18,1.0,0.0,
2024,Las Vegas,22,Street,RB,LAW,1,MEDIUM,2,11,10,True,100.8065,99.404,6.259999999999991,0.44873333333333826,66.94163257796929,219.0110965602877,344.0,70.0,10,1.0,2.1367999999999996,
2024,Las Vegas,22,Street,RB,LAW,2,HARD,12,38,27,True,100.42892592592592,98.737,-12.183999999999997,-0.07174969474969636,66.1638706848944,219.8740788163775,355.0,0.0,25,0.9259259259259259,1.483185185185185,99.367
2024,Las Vegas,22,Street,RB,LAW,3,HARD,39,50,12,False,98.74466666666666,96.98,-16.96799999999999,-0.6929370629370618,71.51656162160194,224.07449960678974,335.0,0.0,0,0.0,8.823454545454545,98.74466666666666
2024,Las Vegas,22,Street,RB,TSU,1,MEDIUM,2,10,9,True,100.57433333333333,99.071,5.947000000000003,0.5794333333333279,65.50815980382909,220.1841879861519,359.0,72.0,8,0.8888888888888888,0.9778749999999999,99.973
2024,Las Vegas,22,Street,RB,TSU,2,HARD,11,29,19,True,100.24063157894734,98.177,-11.27300000000001,-0.18772105263157687,67.31692251570301,220.64795590722463,365.0,0.0,6,0.3157894736842105,6.126944444444445,100.07361538461538
2024,Las Vegas,22,Street,RB,TSU,3,HARD,30,50,21,False,98.65219047619047,96.957,-17.292,-0.2779337662337666,69.28875080676328,223.64529219012564,356.0,0.0,9,0.42857142857142855,5.282571428571429,99.44449999999999
2024,Las Vegas,22,Street,Red Bull,PER,1,HARD,2,17,16,True,100.644125,98.882,6.221000000000004,0.21010588235294397,63.87210561785445,219.23205256419556,364.0,64.0,14,0.875,1.5933125000000001,101.231
2024,Las Vegas,22,Street,Red Bull,PER,2,MEDIUM,18,32,15,True,99.88886666666667,97.883,-12.787999999999997,-0.3016464285714229,66.34627189940946,221.34601209426668,351.0,0.0,7,0.4666666666666667,4.250466666666666,100.538625
2024,Las Vegas,22,Street,Red Bull,PER,3,HARD,33,50,18,False,98.17511111111112,96.326,-16.555999999999997,-0.3346315789473638,67.93456671356671,224.60981613891815,366.0,0.0,16,0.8888888888888888,1.733611111111111,97.0575
2024,Las Vegas,22,Street,Red Bull,VER,1,MEDIUM,2,11,10,True,99.721,98.472,4.489999999999995,0.3199878787878838,63.82383832243427,221.40550486497523,355.0,77.0,9,0.9,1.8606000000000003,104.351
2024,Las Vegas,22,Street,Red Bull,VER,2,HARD,12,27,16,True,99.40268749999998,97.524,-11.909999999999997,-0.2945779411764668,65.4435776659118,222.31637901945012,351.0,0.0,3,0.1875,8.1736875,98.33853846153846
2024,Las Vegas,22,Street,Red Bull,VER,3,HARD,28,50,23,False,97.78178260869566,96.248,-17.536,-0.23255434782608903,65.94150644751335,226.1458550203883,351.0,0.0,12,0.5217391304347826,3.9491818181818186,98.72554545454545
2024,Las Vegas,22,Street,Sauber,BOT,1,HARD,2,17,16,True,101.4369375,99.498,5.372,0.28664852941176644,65.87419028966427,217.3252662895883,360.0,60.0,16,1.0,0.8789375,
2024,Las Vegas,22,Street,Sauber,BOT,2,MEDIUM,18,35,18,True,100.77972222222223,98.594,-7.891000000000005,-0.08790815273477622,67.3669365914955,219.30236987841468,354.0,0.0,15,0.8333333333333334,1.6176666666666666,100.50066666666665
2024,Las Vegas,22,Street,Sauber,BOT,3,HARD,36,49,14,False,98.9727857142857,96.601,-18.331000000000003,-0.5613252747252796,70.4293715276887,223.54944298698607,339.0,0.0,0,0.0,15.265142857142859,98.9727857142857
2024,Las Vegas,22,Street,Sauber,ZHO,1,MEDIUM,2,11,10,True,100.6887,99.307,6.102999999999994,0.47341212121212844,64.2365428937131,219.8192976253525,356.0,74.0,10,1.0,0.6487,
2024,Las Vegas,22,Street,Sauber,ZHO,2,HARD,12,34,23,True,100.45843478260869,98.775,-14.922999999999988,-0.1387747035573127,65.83423350161544,219.92235401276216,356.0,0.0,14,0.6086956521739131,2.9490434782608697,99.69144444444444
2024,Las Vegas,22,Street,Sauber,ZHO,3,HARD,35,50,16,False,98.2465625,96.324,-17.182999999999993,-0.44013088235294096,69.3362012033014,224.92964408269393,358.0,0.0,6,0.375,4.7649375,99.18289999999999
2024,Las Vegas,22,Street,Williams,ALB,1,MEDIUM,2,9,8,True,100.77449999999999,98.803,2.1069999999999993,0.09104761904761897,62.053645800157845,219.05473338164143,361.0,65.0,8,1.0,0.58925,
2024,Las Vegas,22,Street,Williams,ALB,2,HARD,10,25,16,False,100.79237499999999,98.008,-7.667999999999992,-0.15310882352941038,63.70406817652919,219.0113030140484,369.0,0.0,9,0.5625,2.505375,102.84471428571429
2024,Las Vegas,22,Street,Williams,COL,1,HARD,2,16,15,True,101.17326666666666,99.204,4.019999999999996,0.23956071428571435,60.25482193780553,218.18581706986933,363.0,67.0,15,1.0,0.7337333333333335,
2024,Las Vegas,22,Street,Williams,COL,2,MEDIUM,17,26,10,True,100.47780000000002,97.866,-12.930999999999997,-0.7914666666666688,64.020530026506,220.2755744094831,343.0,0.0,2,0.2,3.9823999999999997,100.52350000000001
2024,Las Vegas,22,Street,Williams,COL,3,HARD,27,50,24,False,98.46416666666669,96.867,-12.571000000000012,-0.1566156521739122,65.08846138295087,224.42641802064352,357.0,0.0,17,0.7083333333333334,2.1602916666666667,99.75114285714287
2024,Lusail,23,Permanent,Alpine,GAS,1,MEDIUM,2,35,34,True,92.08823529411765,85.122,-32.30999999999999,-0.7057121466768526,68.99132396590004,210.27148498429437,332.0,30.0,27,0.7941176470588235,3.4640000000000004,89.10714285714285
2024,Lusail,23,Permanent,Alpine,GAS,2,HARD,36,36,1,True,142.16,142.16,0.0,0.0,55.98308516895852,136.19453278974345,261.0,0.0,0,0.0,23.901,142.16
2024,Lusail,23,Permanent,Alpine,GAS,3,HARD,37,37,1,True,141.304,141.304,0.0,0.0,52.436663630354666,136.77412323152512,262.0,47.2055552,0,0.0,3.424,141.304
2024,Lusail,23,Permanent,Alpine,GAS,4,HARD,38,57,20,False,96.83644999999999,83.705,-62.650999999999996,-2.8875375939849675,66.26199392982929,200.60280555652622,310.0,37.0,9,0.45,3.4431999999999996,83.98981818181818
2024,Lusail,23,Permanent,Aston Martin,ALO,1,MEDIUM,2,35,34,True,92.62411764705884,85.649,-27.38600000000001,-0.7051113827349118,63.579960651247895,208.7426744956171,332.0,51.0,27,0.7941176470588235,1.85846875,86.06628571428571
2024,Lusail,23,Permanent,Aston Martin,ALO,2,HARD,36,36,1,True,146.362,146.362,0.0,0.0,39.29800410461348,131.82745856262986,271.0,0.0,1,1.0,1.257,
2024,Lusail,23,Permanent,Aston Martin,ALO,3,MEDIUM,37,37,1,True,135.542,135.542,0.0,0.0,43.745036575437425,142.30917774370664,277.0,0.0,0,0.0,6.161,135.542
2024,Lusail,23,Permanent,Aston Martin,ALO,4,MEDIUM,38,57,20,False,96.5447,83.667,-60.803,-2.7973624060150404,61.629236305347604,200.5995807818279,330.0,33.0,19,0.95,1.7964000000000002,144.47
2024,Lusail,23,Permanent,Aston Martin,STR,2,HARD,2,7,6,True,115.65116666666667,90.935,-50.76899999999999,-12.210771428571457,47.61555637698026,167.2202243058684,302.0,0.0,5,0.8333333333333334,3.3113333333333337,147.099
2024,Lusail,23,Permanent,Aston Martin,STR,3,HARD,8,8,1,False,140.862,140.862,0.0,0.0,37.626181156993,137.55934426984302,277.0,0.0,0,0.0,46.286,140.862
2024,Lusail,23,Permanent,Ferrari,LEC,1,MEDIUM,2,35,34,True,91.10126470588234,84.653,-43.55999999999999,-0.8103078686019847,72.0061986086572,212.72071697336872,311.0,53.0,26,0.7647058823529411,2.406529411764706,87.628125
2024,Lusail,23,Permanent,Ferrari,LEC,2,HARD,36,36,1,True,157.723,157.723,0.0,0.0,43.08356371409965,122.14687558496423,254.0,0.0,0,0.0,9.762,157.723
2024,Lusail,23,Permanent,Ferrari,LEC,3,HARD,37,37,1,True,166.965,166.965,0.0,0.0,34.07271545511739,115.66744766422123,242.0,41.0,1,1.0,1.973,
2024,Lusail,23,Permanent,Ferrari,LEC,4,HARD,38,57,20,False,96.58919999999999,83.242,-64.791,-2.9526496240601507,67.63996793810048,201.00135191275137,314.0,43.0,8,0.4,3.5011999999999994,83.50858333333333
2024,Lusail,23,Permanent,Ferrari,SAI,1,MEDIUM,2,34,33,True,91.65690909090908,84.802,-35.61099999999999,-0.795756350267378,69.49710197713758,211.57186497039558,322.0,45.0,22,0.6666666666666666,2.3733125,87.3009090909091
2024,Lusail,23,Permanent,Ferrari,SAI,2,HARD,35,36,2,True,135.8365,123.309,-25.055000000000007,-25.055000000000028,45.09357744772782,142.6291661543306,281.0,0.0,1,0.5,10.5745,148.364
2024,Lusail,23,Permanent,Ferrari,SAI,3,HARD,37,37,1,True,133.402,133.402,0.0,0.0,49.62097878916949,146.76215314807018,259.0,46.0,0,0.0,3.837,133.402
2024,Lusail,23,Permanent,Ferrari,SAI,4,HARD,38,57,20,False,96.6826,83.465,-62.82499999999999,-2.8545443609022563,64.79035658445693,200.89916055314492,331.0,34.0,19,0.95,0.8814736842105262,84.17
2024,Lusail,23,Permanent,Haas,HUL,2,HARD,2,31,30,True,91.8145,86.235,-36.30500000000001,-0.797082313681869,66.33894851452146,210.87759608875842,329.0,0.0,29,0.9666666666666667,2.3195,127.072
2024,Lusail,23,Permanent,Haas,HUL,3,MEDIUM,32,36,5,True,104.4442,85.767,9.294000000000011,5.161000000000014,54.578520533657375,185.40490560298755,305.0,0.0,0,0.0,18.187,104.4442
2024,Lusail,23,Permanent,Haas,HUL,4,MEDIUM,37,37,1,True,119.627,119.627,0.0,0.0,46.34857205065973,162.49097048195728,289.0,51.0,1,1.0,0.63,
2024,Lusail,23,Permanent,Haas,HUL,5,MEDIUM,38,39,2,False,136.477,127.982,-16.99000000000001,-16.990000000000055,40.31399954381252,141.2309887408802,299.0,38.0,2,1.0,1.2585,
2024,Lusail,23,Permanent,Haas,MAG,1,MEDIUM,2,27,26,True,93.28753846153849,86.106,-53.29299999999999,-1.2888834188034206,67.32824240651225,207.6205724116128,331.0,29.0,8,0.3076923076923077,6.330879999999999,86.99516666666666
2024,Lusail,23,Permanent,Haas,MAG,2,HARD,28,36,9,True,96.57944444444443,85.307,16.673000000000002,2.8823666666666585,63.74559534380889,200.54867317154944,309.0,0.0,4,0.4444444444444444,3.252666666666667,98.194
2024,Lusail,23,Permanent,Haas,MAG,3,HARD,37,37,1,True,130.074,130.074,0.0,0.0,49.746119693693124,148.4666019005463,267.0,53.0,1,1.0,0.888,
2024,Lusail,23,Permanent,Haas,MAG,4,HARD,38,57,20,False,97.14075,84.259,-61.94900000000001,-2.785802255639098,63.9761593902235,199.6432044835154,334.0,32.0,11,0.55,2.6572,84.56422222222221
2024,Lusail,23,Permanent,McLaren,NOR,1,MEDIUM,2,35,34,True,90.74249999999999,84.537,-47.626000000000005,-0.8317715813598161,67.87112886102226,213.4987536049343,324.0,43.0,34,1.0,1.891029411764706,
2024,Lusail,23,Permanent,McLaren,NOR,2,HARD,36,36,1,True,170.429,170.429,0.0,0.0,30.386290686666065,113.78192282552597,253.0,0.0,0,0.0,3.025,170.429
2024,Lusail,23,Permanent,McLaren,NOR,3,HARD,37,37,1,True,167.29,167.29,0.0,0.0,28.143559908446168,116.00183725307552,238.0,0.0,1,1.0,1.722,
2024,Lusail,23,Permanent,McLaren,NOR,4,HARD,38,45,8,True,116.798125,83.473,-61.49600000000001,-9.167416666666659,49.72112715185727,166.59430127849055,324.0,36.645455127272726,8,1.0,0.849875,
2024,Lusail,23,Permanent,McLaren,NOR,5,HARD,46,57,12,False,85.84175,82.384,-29.406000000000006,-1.1496118881118855,73.29522470744116,225.88692278633812,328.0,0.0,3,0.25,6.923272727272726,86.36488888888887
2024,Lusail,23,Permanent,McLaren,PIA,1,MEDIUM,2,34,33,True,90.93784848484849,84.71,-53.57300000000001,-0.8841798128342228,67.72187925373777,213.10135336755124,326.0,50.0,22,0.6666666666666666,3.5671818181818176,85.29754545454546
2024,Lusail,23,Permanent,McLaren,PIA,2,HARD,35,36,2,True,127.88199999999999,127.624,0.5159999999999911,0.5159999999999746,37.30265848612264,151.65888172537504,274.0,0.0,0,0.0,10.5465,127.88199999999999
2024,Lusail,23,Permanent,McLaren,PIA,3,HARD,37,37,1,True,165.54,165.54,0.0,0.0,27.359908081262883,117.06464523166935,257.0,46.0,1,1.0,1.666,
2024,Lusail,23,Permanent,McLaren,PIA,4,HARD,38,57,20,False,96.5688,83.218,-65.039,-2.9581984962406063,62.39439758920821,200.9791458622864,311.0,39.0,20,1.0,1.2079499999999999,
2024,Lusail,23,Permanent,Mercedes,HAM,1,MEDIUM,2,34,33,True,92.83648484848484,85.227,-7.248999999999995,-0.6153118315507999,66.77883973471079,208.5467839635677,329.0,36.0,30,0.9090909090909091,1.8397878787878785,102.47566666666667
2024,Lusail,23,Permanent,Mercedes,HAM,2,HARD,35,35,1,True,177.756,177.756,0.0,0.0,30.62051718404007,108.89634422024285,250.0,0.0,0,0.0,11.948,177.756
2024,Lusail,23,Permanent,Mercedes,HAM,3,HARD,36,36,1,True,169.975,169.975,0.0,0.0,36.39507823188228,114.25604253404592,192.0,38.0,0,0.0,60.613,169.975
2024,Lusail,23,Permanent,Mercedes,HAM,4,HARD,37,47,11,True,101.84736363636365,84.726,-30.927000000000007,-2.5691636363636325,60.4205023029542,190.48498083935786,336.0,42.0,8,0.7272727272727273,14.783636363636363,99.88433333333334
2024,Lusail,23,Permanent,Mercedes,HAM,5,HARD,48,57,10,False,86.551,83.865,-17.323999999999998,-0.9421454545454481,73.66915911950035,222.75101695188334,337.0,79.0,3,0.3,6.450399999999999,87.16242857142858
2024,Lusail,23,Permanent,Mercedes,RUS,1,MEDIUM,2,23,22,True,94.0414090909091,85.546,-51.784000000000006,-1.8228091473743655,65.81164794077439,206.60423586781585,308.0,56.0,14,0.6363636363636364,2.6634545454545453,86.190625
2024,Lusail,23,Permanent,Mercedes,RUS,2,HARD,24,35,12,True,90.54,85.498,1.4579999999999984,0.04907692307692674,68.92234281268746,214.34651047142324,330.0,0.0,9,0.75,1.7517272727272726,95.43566666666668
2024,Lusail,23,Permanent,Mercedes,RUS,3,HARD,36,36,1,True,142.188,142.188,0.0,0.0,47.66055683317939,135.91697592346793,267.0,0.0,0,0.0,5.52,142.188
2024,Lusail,23,Permanent,Mercedes,RUS,4,HARD,37,37,1,True,134.784,134.784,0.0,0.0,43.81618168278845,143.5724547789842,273.0,44.0,0,0.0,9.055,134.784
2024,Lusail,23,Permanent,Mercedes,RUS,5,HARD,38,57,20,False,96.32165,83.355,-62.90299999999999,-2.8693496240601513,64.07275318617326,201.2297700875777,319.0,33.0,19,0.95,1.3646315789473684,106.275
2024,Lusail,23,Permanent,RB,LAW,1,MEDIUM,2,35,34,True,93.1340294117647,86.194,-22.092,-0.6421367456073336,68.86118776971867,207.679910466832,329.0,0.0,27,0.7941176470588235,2.2787812499999998,93.65028571428572
2024,Lusail,23,Permanent,RB,LAW,2,HARD,36,36,1,True,159.436,159.436,0.0,0.0,42.599318405583006,121.59557971184275,238.0,0.0,0,0.0,18.281,159.436
2024,Lusail,23,Permanent,RB,LAW,3,HARD,37,37,1,True,115.739,115.739,0.0,0.0,64.465496299381,166.84251375507782,256.0,79.0,0,0.0,19.745,115.739
2024,Lusail,23,Permanent,RB,LAW,4,HARD,38,40,3,True,126.88233333333334,120.647,-13.649999999999991,-6.825000000000006,48.097474895549034,153.20342121757662,312.0,33.0,2,0.6666666666666666,3.1340000000000003,134.297
2024,Lusail,23,Permanent,RB,LAW,5,SOFT,41,57,17,False,92.48641176470588,86.076,-49.394999999999996,-1.6817156862745093,69.50508407621045,209.06991880878405,333.0,0.0,13,0.7647058823529411,2.197764705882353,99.685
2024,Lusail,23,Permanent,RB,TSU,1,MEDIUM,2,35,34,True,93.15597058823529,86.33,-21.489000000000004,-0.6334000000000012,68.62092635875287,207.47546702199952,326.0,40.0,23,0.6764705882352942,4.477794117647059,86.61745454545455
2024,Lusail,23,Permanent,RB,TSU,2,HARD,36,36,1,True,143.242,143.242,0.0,0.0,50.38350546055901,135.06059561237336,250.0,0.0,0,0.0,15.169,143.242
2024,Lusail,23,Permanent,RB,TSU,3,HARD,37,37,1,True,118.996,118.996,0.0,0.0,59.14413711391251,162.95033290844862,264.0,58.585713371428575,0,0.0,8.887,118.996
2024,Lusail,23,Permanent,RB,TSU,4,HARD,38,40,3,True,131.92333333333332,119.241,-27.54100000000001,-13.770499999999986,47.49323731369523,147.12481067311043,311.0,30.0,2,0.6666666666666666,2.004,146.782
2024,Lusail,23,Permanent,RB,TSU,5,SOFT,41,57,17,False,92.55070588235294,86.144,-47.85300000000001,-1.686360294117642,69.87870481262753,209.30249226750277,329.0,0.0,13,0.7647058823529411,2.981588235294118,99.19675
2024,Lusail,23,Permanent,Red Bull,PER,1,MEDIUM,2,35,34,True,91.7934705882353,85.288,-37.072,-0.7463914438502657,68.30156259682214,210.8279421010411,328.0,48.0,11,0.3235294117647059,6.023970588235294,86.7758695652174
2024,Lusail,23,Permanent,Red Bull,PER,2,HARD,36,36,1,True,143.642,143.642,0.0,0.0,48.06794372538238,135.02928755455895,253.0,0.0,0,0.0,10.943,143.642
2024,Lusail,23,Permanent,Red Bull,PER,3,HARD,37,37,1,True,158.29,158.29,0.0,0.0,39.12762990174584,122.43442580131202,267.0,46.0,1,1.0,1.334,
2024,Lusail,23,Permanent,Red Bull,PER,4,HARD,38,38,1,False,147.063,147.063,0.0,0.0,37.72707823852723,132.7652566600012,259.0,48.0,1,1.0,0.714,
2024,Lusail,23,Permanent,Red Bull,VER,1,MEDIUM,2,35,34,True,90.69476470588233,84.35,-48.95,-0.8452803666921304,67.60823995245896,213.46098279991395,308.0,51.0,34,1.0,0.0,
2024,Lusail,23,Permanent,Red Bull,VER,2,HARD,36,36,1,True,169.155,169.155,0.0,0.0,30.316325152792324,114.26825580627512,255.0,0.0,1,1.0,0.0,
2024,Lusail,23,Permanent,Red Bull,VER,3,HARD,37,37,1,True,168.652,168.652,0.0,0.0,26.083146454927498,115.19132165882263,207.0,57.0,1,1.0,0.0,
2024,Lusail,23,Permanent,Red Bull,VER,4,HARD,38,57,20,False,96.62750000000001,82.905,-67.313,-3.026398496240606,63.227914010928025,200.60924121419586,303.0,44.0,20,1.0,0.0,
2024,Lusail,23,Permanent,Sauber,BOT,1,MEDIUM,2,24,23,True,94.60278260869568,86.295,-53.870000000000005,-1.5846541501976297,66.17708076114873,204.85438146266637,328.0,31.0,18,0.782608695652174,1.5472608695652175,87.3874
2024,Lusail,23,Permanent,Sauber,BOT,2,HARD,25,35,11,True,96.2819090909091,86.288,38.635999999999996,2.1643363636363633,63.0376273718733,201.10086954646434,307.0,0.0,2,0.18181818181818182,13.934181818181816,91.1471111111111
2024,Lusail,23,Permanent,Sauber,BOT,3,MEDIUM,36,36,1,True,171.06,171.06,0.0,0.0,34.23693176581664,113.71590592144925,227.0,0.0,1,1.0,1.513,
2024,Lusail,23,Permanent,Sauber,BOT,4,MEDIUM,37,57,21,False,94.16471428571427,85.533,-33.019000000000005,-1.4550961038961026,64.88039766482075,205.45460413188633,328.0,42.16999936,16,0.7619047619047619,2.7953809523809516,86.9402
2024,Lusail,23,Permanent,Sauber,ZHO,1,MEDIUM,2,35,34,True,92.37123529411762,85.659,-29.968999999999994,-0.6699480519480497,66.18710230991915,209.54641823274764,329.0,39.0,28,0.8235294117647058,1.929529411764706,86.61083333333333
2024,Lusail,23,Permanent,Sauber,ZHO,2,HARD,36,36,1,True,146.39,146.39,0.0,0.0,42.03692791954876,132.0821743858541,250.0,0.0,1,1.0,2.893,
2024,Lusail,23,Permanent,Sauber,ZHO,3,HARD,37,37,1,True,129.664,129.664,0.0,0.0,47.87235299050889,150.97860982592206,277.0,45.0,0,0.0,5.802,129.664
2024,Lusail,23,Permanent,Sauber,ZHO,4,HARD,38,57,20,False,96.99815,83.889,-62.54299999999999,-2.8470593984962416,63.86236675561059,199.83792699999617,306.0,33.0,10,0.5,2.88045,84.3267
2024,Lusail,23,Permanent,Williams,ALB,1,MEDIUM,2,35,34,True,92.99561764705882,86.303,-24.37899999999999,-0.6135194805194789,64.96259237564952,207.9409936064392,326.0,34.0,33,0.9705882352941176,1.3380588235294117,121.917
2024,Lusail,23,Permanent,Williams,ALB,2,SOFT,36,36,1,True,142.739,142.739,0.0,0.0,37.479073069125256,135.88983346353612,250.0,0.0,1,1.0,2.658,
2024,Lusail,23,Permanent,Williams,ALB,3,SOFT,37,37,1,True,118.603,118.603,0.0,0.0,45.652349239094015,162.80184848921382,282.0,56.0,1,1.0,2.929,
2024,Lusail,23,Permanent,Williams,ALB,4,SOFT,38,55,18,True,99.78733333333332,85.559,-54.07799999999999,-2.896503611971099,58.4329247657792,194.2704096382815,326.0,27.0,13,0.7222222222222222,2.513888888888889,88.06219999999999
2024,Lusail,23,Permanent,Williams,ALB,5,SOFT,56,56,1,False,123.543,123.543,0.0,0.0,51.26065757368707,158.78577704108926,288.0,0.0,0,0.0,37.485,123.543
2024,Melbourne,3,Street,Alpine,GAS,1,MEDIUM,2,17,16,True,86.3173125,83.445,33.138999999999996,0.777698529411764,69.49095747118778,217.93570557922126,337.0,0.0,16,1.0,0.5780000000000001,
2024,Melbourne,3,Street,Alpine,GAS,2,HARD,18,41,24,True,84.42770833333334,82.674,14.705999999999989,0.16990130434782666,72.98057377300272,223.0084495472976,329.0,0.0,21,0.875,2.9626250000000005,83.75833333333333
2024,Melbourne,3,Street,Alpine,GAS,3,HARD,42,57,16,False,84.884375,81.09,32.647999999999996,0.7796588235294154,72.43368183300711,222.00950113374824,326.0,29.0,0,0.0,19.8783125,84.884375
2024,Melbourne,3,Street,Alpine,OCO,1,MEDIUM,2,9,8,True,85.44775,82.98,13.267999999999986,1.0573809523809508,70.92925381627148,220.2719973019645,330.0,0.0,7,0.875,1.3478750000000002,97.948
2024,Melbourne,3,Street,Alpine,OCO,2,HARD,10,16,7,True,87.92728571428572,82.882,21.226000000000013,2.2649642857142758,69.35095312729328,213.01691102967948,326.0,0.0,7,1.0,0.6437142857142858,
2024,Melbourne,3,Street,Alpine,OCO,3,HARD,17,42,26,True,84.62092307692306,82.587,-8.86800000000001,-0.045418803418805255,72.81068844959657,223.01697294729547,335.0,0.0,21,0.8076923076923077,3.003576923076923,90.97739999999999
2024,Melbourne,3,Street,Alpine,OCO,4,HARD,43,57,15,False,85.68813333333333,81.354,35.941,1.0930821428571438,71.57924662535011,220.24063436727857,317.0,11.0,13,0.8666666666666667,2.185466666666667,102.8055
2024,Melbourne,3,Street,Aston Martin,ALO,1,HARD,2,17,16,True,84.780125,82.608,24.32499999999999,0.5343058823529396,72.51331769590776,220.63259909732858,331.0,0.0,12,0.75,3.4925,82.981
2024,Melbourne,3,Street,Aston Martin,ALO,2,MEDIUM,18,41,24,True,83.77158333333334,81.98,8.265,0.09803739130434849,72.66243798544313,224.37814815456025,327.0,0.0,9,0.375,5.094,84.3498
2024,Melbourne,3,Street,Aston Martin,ALO,3,HARD,42,58,17,False,85.07835294117648,80.493,41.11400000000002,1.0114877450980413,70.61154611164679,221.18889002028877,305.0,57.0,0,0.0,14.703882352941175,85.07835294117648
2024,Melbourne,3,Street,Aston Martin,STR,1,MEDIUM,2,8,7,True,85.278,83.019,13.810999999999993,1.4518571428571363,71.55751011170753,218.95059065999797,329.0,0.0,7,1.0,0.8552857142857143,
2024,Melbourne,3,Street,Aston Martin,STR,2,HARD,9,37,29,True,84.60737931034481,82.628,9.581000000000003,0.0016625615763532899,71.08516948908299,222.63115552492263,332.0,0.0,14,0.4827586206896552,3.528379310344827,84.09486666666666
2024,Melbourne,3,Street,Aston Martin,STR,3,HARD,38,58,21,False,84.60333333333332,80.93,31.92,0.6249610389610387,69.24202750993103,222.64894622554618,326.0,71.0,1,0.047619047619047616,12.464190476190478,84.44115000000001
2024,Melbourne,3,Street,Ferrari,LEC,1,MEDIUM,2,9,8,True,84.414625,82.519,13.022000000000006,1.1038690476190494,73.65596332148809,223.50060604695298,332.0,0.0,8,1.0,0.529625,
2024,Melbourne,3,Street,Ferrari,LEC,2,HARD,10,34,25,True,83.69952,81.722,8.100999999999999,-0.008681538461537758,76.84835340010741,225.42429152007523,330.0,0.0,10,0.4,4.25475,82.95459999999999
2024,Melbourne,3,Street,Ferrari,LEC,3,HARD,35,58,24,False,82.12016666666666,79.813,22.04400000000001,0.18865565217391383,77.40617363574745,229.11679729561354,327.0,55.0,1,0.041666666666666664,7.959625,80.90821739130435
2024,Melbourne,3,Street,Ferrari,SAI,1,MEDIUM,2,16,15,True,83.29679999999999,81.715,13.710000000000008,0.3194892857142853,77.5063332536302,226.1430472473779,323.0,0.0,15,1.0,0.025533333333333335,
2024,Melbourne,3,Street,Ferrari,SAI,2,HARD,17,41,25,True,83.32628000000001,81.078,-8.254999999999995,-0.1453007692307691,76.49494323428544,226.22306891996442,325.0,0.0,25,1.0,0.011080000000000001,
2024,Melbourne,3,Street,Ferrari,SAI,3,HARD,42,58,17,False,82.69758823529412,80.031,24.147999999999996,0.49291666666666695,75.65195379320038,227.96636519753037,312.0,25.0,17,1.0,0.0,
2024,Melbourne,3,Street,Haas,HUL,1,HARD,2,17,16,True,86.0113125,83.576,29.79100000000001,0.6824867647058832,69.22836992387714,218.98630622196544,336.0,0.0,10,0.625,3.0620625,84.16233333333334
2024,Melbourne,3,Street,Haas,HUL,2,MEDIUM,18,35,18,True,83.96994444444445,82.152,9.36,0.20842414860681022,72.567786457907,225.36476645024194,330.0,0.0,8,0.4444444444444444,3.710222222222222,84.94030000000001
2024,Melbourne,3,Street,Haas,HUL,3,HARD,36,58,23,False,84.64504347826086,81.145,21.932000000000002,0.5402747035573103,70.46159721029682,222.95903977121148,333.0,11.0,13,0.5652173913043478,4.044608695652173,88.29979999999999
2024,Melbourne,3,Street,Haas,MAG,1,MEDIUM,2,7,6,True,86.20033333333333,83.529,13.696999999999989,2.002399999999995,69.2167842698836,217.77399487412907,333.0,0.0,6,1.0,0.9221666666666667,
2024,Melbourne,3,Street,Haas,MAG,2,HARD,8,33,26,True,84.98634615384616,82.809,7.8230000000000075,0.018941880341878856,71.32279093176099,221.47612049468034,335.0,0.0,24,0.9230769230769231,1.8108076923076923,90.599
2024,Melbourne,3,Street,Haas,MAG,3,HARD,34,57,24,False,83.69208333333333,81.082,23.405,0.27397043478260963,71.83043470447353,224.96764610678193,338.0,44.0,13,0.5416666666666666,2.8778333333333337,85.48472727272727
2024,Melbourne,3,Street,McLaren,NOR,1,MEDIUM,2,14,13,True,83.96638461538461,82.609,14.915999999999997,0.5146318681318699,73.05632002773098,224.25649563506465,324.0,0.0,8,0.6153846153846154,3.1531538461538466,85.9394
2024,Melbourne,3,Street,McLaren,NOR,2,HARD,15,40,26,True,83.4166923076923,81.446,7.817999999999998,-0.0979254700854711,71.88070361706986,225.14129222922378,315.0,0.0,17,0.6538461538461539,4.133153846153847,85.18533333333333
2024,Melbourne,3,Street,McLaren,NOR,3,HARD,41,58,18,False,82.36477777777777,79.915,24.079000000000008,0.4059339525283807,72.24269034641978,228.341136886887,323.0,41.0,2,0.1111111111111111,3.9081111111111113,82.61193750000001
2024,Melbourne,3,Street,McLaren,PIA,1,MEDIUM,2,9,8,True,84.511,82.581,13.269000000000005,1.138976190476195,70.45837694128305,223.07987422675535,330.0,0.0,8,1.0,0.8296250000000001,
2024,Melbourne,3,Street,McLaren,PIA,2,HARD,10,39,30,True,83.66566666666667,81.597,8.982,0.002921913236928987,71.27502899358196,224.67804822279376,330.0,0.0,24,0.8,2.610866666666667,87.46699999999998
2024,Melbourne,3,Street,McLaren,PIA,3,HARD,40,58,19,False,83.44836842105263,80.199,37.43299999999999,0.6359263157894745,71.0138751230959,225.41829947286706,330.0,43.0,2,0.10526315789473684,10.112421052631579,83.36264705882354
2024,Melbourne,3,Street,Mercedes,HAM,1,SOFT,2,7,6,True,85.69000000000001,83.07,12.802999999999997,1.840571428571421,72.65562852427507,215.8317743345084,331.0,0.0,6,1.0,0.6668333333333334,
2024,Melbourne,3,Street,Mercedes,HAM,2,HARD,8,15,8,False,83.82475,82.444,-4.022999999999996,-0.3562619047619025,71.67505088220273,224.5070459385315,327.0,79.0,7,0.875,2.846625,88.164
2024,Melbourne,3,Street,Mercedes,RUS,1,MEDIUM,2,8,7,True,85.13285714285713,82.764,13.573000000000008,1.418607142857135,75.59379524645084,221.08104102457432,324.0,0.0,5,0.7142857142857143,2.217142857142857,89.842
2024,Melbourne,3,Street,Mercedes,RUS,2,HARD,9,45,37,True,83.87721621621621,82.097,8.012,-0.04555405405405404,74.18626255550777,224.9363875247935,331.0,0.0,9,0.24324324324324326,5.227918918918919,84.12546428571429
2024,Melbourne,3,Street,Mercedes,RUS,3,HARD,46,56,11,False,81.22154545454545,80.284,-5.778999999999996,-0.2470090909090926,77.18961242448601,231.86544804536106,326.0,79.0,10,0.9090909090909091,1.245818181818182,86.434
2024,Melbourne,3,Street,RB,RIC,1,SOFT,2,5,4,True,87.89175,83.84,13.980000000000004,4.219499999999996,65.29024830556503,214.05253275882254,334.0,0.0,4,1.0,0.61325,
2024,Melbourne,3,Street,RB,RIC,2,HARD,6,29,24,True,85.15075,82.83,6.765000000000001,0.063879130434783,71.1034653361924,221.2261464784728,328.0,0.0,6,0.25,4.104,85.66555555555556
2024,Melbourne,3,Street,RB,RIC,3,HARD,30,57,28,False,83.76860714285714,81.239,23.38199999999999,0.1642372742200358,72.30567001263734,224.8542001014255,330.0,53.0,10,0.35714285714285715,3.750571428571429,84.22749999999999
2024,Melbourne,3,Street,RB,TSU,1,MEDIUM,2,9,8,True,85.20675,82.864,14.402999999999992,1.1920952380952357,70.88088761460139,220.33173108298539,332.0,0.0,8,1.0,1.0755,
2024,Melbourne,3,Street,RB,TSU,2,HARD,10,36,27,True,84.71925925925926,82.673,7.26400000000001,-0.008713675213675354,72.22727943570352,222.51760228391177,315.0,0.0,26,0.9629629629629629,2.0071153846153846,83.252
2024,Melbourne,3,Street,RB,TSU,3,HARD,37,58,22,False,84.54840909090909,81.134,24.897999999999996,0.513679841897233,72.18040344552526,222.8176607442686,334.0,43.0,4,0.18181818181818182,4.355090909090909,85.07900000000001
2024,Melbourne,3,Street,Red Bull,PER,1,MEDIUM,2,14,13,True,84.37046153846154,82.68,15.311999999999998,0.5150549450549482,72.01686161058697,222.94052295415602,332.0,0.0,7,0.5384615384615384,3.1437692307692306,85.772
2024,Melbourne,3,Street,Red Bull,PER,2,HARD,15,35,21,True,84.40509523809524,81.495,11.530999999999992,-0.09265324675324545,71.50376886029972,222.8164622586561,339.0,0.0,11,0.5238095238095238,5.1083333333333325,82.2031
2024,Melbourne,3,Street,Red Bull,PER,3,HARD,36,58,23,False,83.53917391304348,80.388,34.07000000000001,0.4748873517786559,72.22985370333954,225.41786911553427,315.0,21.0,3,0.13043478260869565,10.644772727272725,83.58709999999999
2024,Melbourne,3,Street,Red Bull,VER,1,MEDIUM,2,3,2,False,83.607,83.115,-0.9840000000000089,-0.9840000000000197,74.18453419815003,225.45367678069354,320.0,80.0,2,1.0,0.342,
2024,Melbourne,3,Street,Sauber,BOT,1,MEDIUM,2,8,7,True,89.76942857142856,83.122,42.301,4.544714285714273,67.54261389861774,209.35303314320186,327.0,0.0,7,1.0,1.0201428571428572,
2024,Melbourne,3,Street,Sauber,BOT,2,HARD,9,36,28,True,84.70010714285715,82.34,8.604,0.0092487684729094,74.61029354919835,222.63531493741385,321.0,0.0,3,0.10714285714285714,11.696678571428569,83.85691999999999
2024,Melbourne,3,Street,Sauber,BOT,3,HARD,37,57,21,False,84.4960476190476,81.422,30.61800000000001,0.4530415584415589,73.39444562654424,223.13811126017586,324.0,21.0,8,0.38095238095238093,7.077095238095239,85.79846153846152
2024,Melbourne,3,Street,Sauber,ZHO,1,SOFT,2,6,5,True,87.0682,83.912,14.561999999999998,2.9373000000000027,68.54599653806449,216.05922668890926,332.0,0.0,5,1.0,0.6459999999999999,
2024,Melbourne,3,Street,Sauber,ZHO,2,HARD,7,35,29,True,85.49896551724139,82.602,25.426999999999992,0.10646502463054057,72.81176179577317,220.8621892499612,308.0,0.0,4,0.13793103448275862,5.267172413793103,85.77348
2024,Melbourne,3,Street,Sauber,ZHO,3,HARD,36,57,22,False,84.43790909090909,81.327,30.04400000000001,0.3898351214003395,72.59498285089688,223.17501625966617,313.0,18.0,16,0.7272727272727273,3.139363636363636,83.84216666666667
2024,Melbourne,3,Street,Williams,ALB,1,MEDIUM,2,6,5,True,86.67139999999999,83.438,13.325000000000003,2.6960000000000077,64.93624902347935,216.04359403236165,332.0,0.0,5,1.0,0.5178,
2024,Melbourne,3,Street,Williams,ALB,2,HARD,7,27,21,True,85.22995238095238,82.607,8.992999999999995,0.11445974025974022,68.75665738413403,220.6892957192837,311.0,0.0,1,0.047619047619047616,5.14685,84.27615
2024,Melbourne,3,Street,Williams,ALB,3,HARD,28,57,30,False,83.76379999999999,81.618,21.198999999999998,0.12401245828698607,69.05742000667335,224.59071600765648,325.0,43.0,9,0.3,4.426766666666667,83.03180952380951
2024,Mexico City,20,Permanent,Alpine,GAS,1,MEDIUM,2,28,27,True,92.00237037037039,82.301,-49.64,-1.5127057387057405,49.441875863123364,165.6028820621389,352.0,31.0,24,0.8888888888888888,1.6963703703703703,85.13166666666666
2024,Mexico City,20,Permanent,Alpine,GAS,2,HARD,29,70,42,False,82.62395238095237,81.274,-20.703000000000003,-0.08525970342759973,55.98250723593087,185.06950169098832,353.0,0.0,10,0.23809523809523808,8.429666666666668,82.63228125
2024,Mexico City,20,Permanent,Alpine,OCO,1,HARD,2,48,47,True,88.35025531914893,82.938,-50.66299999999998,-0.5415005781683623,51.32411442368251,173.07384331323,357.0,21.0,37,0.7872340425531915,1.6502553191489362,83.1505
2024,Mexico City,20,Permanent,Alpine,OCO,2,MEDIUM,49,70,22,False,82.19336363636364,80.659,-20.22399999999999,-0.22892151326933927,57.02084946406703,186.05834183585299,352.0,0.0,16,0.7272727272727273,3.3956363636363633,84.35699999999999
2024,Mexico City,20,Permanent,Aston Martin,ALO,1,MEDIUM,2,15,14,False,100.03307142857143,82.722,-49.221999999999994,-4.545879120879124,37.58787159989724,152.20917849395047,350.0,28.0,9,0.6428571428571429,2.126857142857143,120.41580000000002
2024,Mexico City,20,Permanent,Aston Martin,STR,1,MEDIUM,2,26,25,True,92.85228000000001,82.941,-49.727000000000004,-1.722743846153846,46.47825796251243,164.39466348479576,355.0,20.0,17,0.68,2.32572,102.34537499999999
2024,Mexico City,20,Permanent,Aston Martin,STR,2,HARD,27,70,44,False,82.6290909090909,81.311,-20.019999999999996,-0.0918968287526437,54.40927676667558,184.76841208913487,352.0,0.0,11,0.25,5.587000000000001,82.67860606060607
2024,Mexico City,20,Permanent,Ferrari,LEC,1,MEDIUM,2,31,30,True,90.26389999999999,81.262,-52.259000000000015,-1.3318961067853137,50.878174797640135,168.999104463902,351.0,30.0,20,0.6666666666666666,2.8627,82.65029999999999
2024,Mexico City,20,Permanent,Ferrari,LEC,2,HARD,32,69,38,True,81.42015789473685,80.156,-15.818999999999988,-0.05454075938286608,59.416787454489885,187.66960904014437,343.0,0.0,1,0.02631578947368421,7.152,81.38048648648648
2024,Mexico City,20,Permanent,Ferrari,LEC,3,SOFT,70,71,2,False,88.739,78.336,-20.805999999999997,-20.80600000000001,60.540801881692616,173.11475682066393,333.0,0.0,0,0.0,31.005,88.739
2024,Mexico City,20,Permanent,Ferrari,SAI,1,MEDIUM,2,32,31,True,89.82238709677418,81.284,-52.82900000000001,-1.2869657258064533,51.2658321074408,169.77485233453584,351.0,27.0,31,1.0,0.27041935483870966,
2024,Mexico City,20,Permanent,Ferrari,SAI,2,HARD,33,71,39,False,81.1303076923077,80.137,-19.22800000000001,-0.09068704453441286,58.430947599105274,188.14482361747062,336.0,0.0,39,1.0,0.0,
2024,Mexico City,20,Permanent,Haas,HUL,1,MEDIUM,2,29,28,True,91.62203571428572,82.413,-50.434,-1.4311316365626656,47.616595865622095,166.53472025640752,355.0,30.0,19,0.6785714285714286,2.349321428571429,83.92233333333334
2024,Mexico City,20,Permanent,Haas,HUL,2,HARD,30,70,41,False,82.3050487804878,80.748,-15.61800000000001,-0.0793341463414609,54.91245195469014,186.2537459272899,357.0,0.0,13,0.3170731707317073,5.281574999999999,81.69257142857143
2024,Mexico City,20,Permanent,Haas,MAG,1,MEDIUM,2,30,29,True,91.30965517241378,82.232,-50.557,-1.3438507389162573,47.55898293918843,166.84569502222197,358.0,30.0,20,0.6896551724137931,2.7964482758620686,89.20788888888889
2024,Mexico City,20,Permanent,Haas,MAG,2,HARD,31,71,41,False,81.82143902439024,80.637,-20.299999999999997,-0.10053710801393506,55.39803704325306,187.00373395624587,355.0,0.0,7,0.17073170731707318,5.4861707317073165,81.16902941176471
2024,Mexico City,20,Permanent,McLaren,NOR,1,MEDIUM,2,30,29,True,90.82413793103449,81.724,-52.66699999999999,-1.4228108374384234,47.857481354180216,167.74181541643264,354.0,28.0,24,0.8275862068965517,2.061571428571429,83.19160000000001
2024,Mexico City,20,Permanent,McLaren,NOR,2,HARD,31,71,41,False,80.90978048780488,79.691,-19.536,-0.09020871080139145,55.29233936469763,188.64230936429882,354.0,0.0,6,0.14634146341463414,4.837829268292683,81.02868571428571
2024,Mexico City,20,Permanent,McLaren,PIA,1,MEDIUM,2,39,38,True,89.05842105263157,82.231,-52.98200000000001,-0.8277907867381566,48.70876243484167,171.33389803687163,361.0,23.0,32,0.8421052631578947,1.7838684210526314,82.92450000000001
2024,Mexico City,20,Permanent,McLaren,PIA,2,HARD,40,71,32,False,81.34578125,80.064,-18.187999999999988,-0.133270344574779,55.30620515872739,188.01095881783306,355.0,0.0,13,0.40625,4.13096875,80.46715789473686
2024,Mexico City,20,Permanent,Mercedes,HAM,1,MEDIUM,2,28,27,True,91.81107407407409,81.998,-51.41499999999999,-1.5804206349206364,49.328650544609346,165.98591320778738,348.0,29.0,22,0.8148148148148148,1.9739629629629634,95.0042
2024,Mexico City,20,Permanent,Mercedes,HAM,2,HARD,29,71,43,False,81.61502325581395,80.371,-20.702000000000012,-0.08145288432497827,56.23059226400082,187.04889808286097,359.0,0.0,31,0.7209302325581395,4.657558139534884,80.95875
2024,Mexico City,20,Permanent,Mercedes,RUS,1,MEDIUM,2,31,30,True,90.58956666666664,82.04,-52.444,-1.3211379310344833,49.025746621639044,168.33759749646737,352.0,30.0,10,0.3333333333333333,4.4998,90.2696
2024,Mexico City,20,Permanent,Mercedes,RUS,2,HARD,32,71,40,False,81.792925,80.731,-21.02300000000001,-0.07980103189493505,58.26039836963519,186.6405594579263,359.0,0.0,5,0.125,18.140717948717946,81.23362857142858
2024,Mexico City,20,Permanent,RB,LAW,1,HARD,2,39,38,True,89.53681578947366,82.693,-52.06099999999999,-0.8159418973629522,53.14230205159809,170.19153074573643,350.0,31.0,34,0.8947368421052632,2.3004736842105267,83.03425
2024,Mexico City,20,Permanent,RB,LAW,2,MEDIUM,40,65,26,True,83.08057692307692,81.302,-12.74799999999999,-0.11131931623931679,58.661330257025114,183.47935094761078,349.0,0.0,25,0.9615384615384616,1.4043846153846151,82.777
2024,Mexico City,20,Permanent,RB,LAW,3,SOFT,66,70,5,False,87.36720000000001,79.502,-23.89999999999999,-4.544499999999988,56.667044985335124,174.7807370422573,354.0,0.0,3,0.6,2.384,94.209
2024,Mexico City,20,Permanent,Red Bull,PER,1,HARD,2,20,19,True,95.57136842105263,82.367,-47.459,-2.718326315789474,44.19935336081236,159.1327607837045,354.0,30.0,17,0.8947368421052632,1.2862105263157897,87.138
2024,Mexico City,20,Permanent,Red Bull,PER,2,MEDIUM,21,43,23,True,84.29539130434782,81.659,-19.183000000000007,-0.1107332015810294,54.25583688286105,180.46529478521808,335.0,0.0,13,0.5652173913043478,6.470739130434782,85.2732
2024,Mexico City,20,Permanent,Red Bull,PER,3,MEDIUM,44,68,25,True,82.70667999999999,80.97,-14.358000000000004,-0.07608923076923257,55.09640820068003,184.37641132129147,349.0,0.0,10,0.4,6.41268,82.23213333333332
2024,Mexico City,20,Permanent,Red Bull,PER,4,SOFT,69,70,2,False,89.713,79.209,-21.007999999999996,-21.007999999999992,58.64051436851379,169.5391305838446,327.0,0.0,0,0.0,13.9255,89.713
2024,Mexico City,20,Permanent,Red Bull,VER,1,MEDIUM,2,26,25,True,92.26612000000002,81.442,-52.69699999999999,-1.8810530769230769,47.82777458310878,165.2478482423855,346.0,30.0,16,0.64,2.22588,82.75833333333334
2024,Mexico City,20,Permanent,Red Bull,VER,2,HARD,27,71,45,False,82.30324444444445,80.872,-40.328,-0.13629104084321325,56.15533486281661,185.4360000549045,356.0,0.0,11,0.24444444444444444,8.321977777777779,82.40911764705884
2024,Mexico City,20,Permanent,Sauber,BOT,1,HARD,2,49,48,True,88.20289583333333,82.879,-51.99199999999999,-0.5289218953538871,50.93777830000723,173.29990804816916,355.0,30.0,35,0.7291666666666666,2.242625,91.08284615384613
2024,Mexico City,20,Permanent,Sauber,BOT,2,MEDIUM,50,70,21,False,82.55919047619048,81.085,-18.186999999999998,-0.21168571428571448,58.4639497670622,185.82665431473495,324.0,0.0,1,0.047619047619047616,12.239761904761906,82.4996
2024,Mexico City,20,Permanent,Sauber,ZHO,1,HARD,2,43,42,True,89.18183333333334,82.904,-50.18799999999999,-0.6559453042703173,49.25390710779109,171.53373469664857,356.0,24.0,35,0.8333333333333334,2.0592857142857146,83.45114285714286
2024,Mexico City,20,Permanent,Sauber,ZHO,2,MEDIUM,44,70,27,False,82.94637037037036,81.553,-20.230000000000004,-0.14994139194139378,55.263814138047444,184.49600163948958,348.0,0.0,6,0.2222222222222222,8.157148148148147,83.21128571428572
2024,Mexico City,20,Permanent,Williams,COL,1,HARD,2,47,46,True,88.30704347826088,82.551,-50.38300000000001,-0.5784076472402092,48.10923686036102,172.92709146421208,353.0,22.0,33,0.717391304347826,2.193108695652174,83.28176923076923
2024,Mexico City,20,Permanent,Williams,COL,2,MEDIUM,48,70,23,False,82.29108695652174,80.09,-21.322000000000003,-0.18120158102766923,54.76946056681839,185.17315816781684,352.0,0.0,14,0.6086956521739131,3.5558695652173924,83.27666666666667
2024,Miami,6,Street,Alpine,GAS,1,MEDIUM,2,12,11,True,94.67036363636362,93.789,4.717999999999989,0.2587272727272698,62.91757957012885,204.1061343143555,348.0,60.0,10,0.9090909090909091,0.8647,94.498
2024,Miami,6,Street,Alpine,GAS,2,HARD,13,57,45,False,96.66895555555556,92.055,-15.593999999999994,-0.18103069828722035,61.321036265543015,199.28251156390263,351.0,0.0,30,0.6666666666666666,2.028577777777778,95.02660000000002
2024,Miami,6,Street,Alpine,OCO,1,MEDIUM,2,22,21,True,94.58261904761905,93.545,6.918999999999997,0.07523636363636459,64.78007504114349,203.48921453519284,345.0,56.0,20,0.9523809523809523,1.4185238095238095,102.357
2024,Miami,6,Street,Alpine,OCO,2,HARD,23,57,35,False,97.13297142857144,92.037,-19.461,-0.48117366946778706,62.68290786844344,198.12164177551406,343.0,0.0,33,0.9428571428571428,1.7332571428571428,93.4065
2024,Miami,6,Street,Aston Martin,ALO,1,HARD,2,22,21,True,94.77347619047619,93.751,6.822000000000003,0.0955441558441576,60.191763055157075,202.80666767409178,342.0,50.0,18,0.8571428571428571,1.5930952380952381,96.90333333333335
2024,Miami,6,Street,Aston Martin,ALO,2,MEDIUM,23,57,35,False,96.96331428571428,91.727,-16.778999999999996,-0.4808971988795527,58.23190193016175,198.05918364517356,351.0,0.0,26,0.7428571428571429,1.7886969696969697,94.21388888888889
2024,Miami,6,Street,Aston Martin,STR,1,MEDIUM,2,11,10,True,94.7882,93.768,5.677000000000007,0.31105454545454575,59.35322076099139,202.79675559573886,349.0,56.0,10,1.0,0.6601000000000001,
2024,Miami,6,Street,Aston Martin,STR,2,HARD,12,28,17,True,96.90623529411765,93.362,6.4609999999999985,0.2220955882352951,60.16608274797301,198.50510734845685,337.0,0.0,14,0.8235294117647058,2.6947058823529413,102.272
2024,Miami,6,Street,Aston Martin,STR,3,MEDIUM,29,57,29,False,96.47437931034483,91.588,-45.68899999999999,-0.7243852216748791,57.78584019834556,198.7655205611913,356.0,0.0,27,0.9310344827586207,1.149392857142857,93.57849999999999
2024,Miami,6,Street,Ferrari,LEC,1,MEDIUM,2,19,18,True,93.47822222222221,92.689,4.922000000000011,0.05665015479876414,65.15058075481092,205.22317905836405,334.0,53.0,18,1.0,0.6743888888888888,
2024,Miami,6,Street,Ferrari,LEC,2,HARD,20,57,38,False,96.88134210526316,91.084,-14.783000000000001,-0.42983685304738223,63.57872136069318,198.6384850146916,329.0,0.0,33,0.868421052631579,2.675945945945946,95.453
2024,Miami,6,Street,Ferrari,SAI,1,MEDIUM,2,27,26,True,93.77957692307692,92.455,4.292000000000002,0.09404341880341717,65.20698091583438,204.64428915784555,347.0,40.0,25,0.9615384615384616,1.4560384615384616,107.406
2024,Miami,6,Street,Ferrari,SAI,2,HARD,28,57,30,False,97.52599999999998,90.928,-25.781000000000006,-1.0053935483870966,62.41043140132016,197.13627947882358,344.0,0.0,16,0.5333333333333333,2.329862068965517,91.54942857142858
2024,Miami,6,Street,Haas,HUL,1,MEDIUM,2,12,11,True,94.84863636363637,93.561,6.481999999999999,0.37720000000000464,62.2773877290472,202.96017151562552,339.0,58.0,9,0.8181818181818182,2.0015454545454543,94.215
2024,Miami,6,Street,Haas,HUL,2,HARD,13,28,16,True,96.95806250000001,92.922,6.834000000000003,0.3042250000000009,60.50393506733038,199.05866733005075,339.0,0.0,8,0.5,3.5746875,95.324
2024,Miami,6,Street,Haas,HUL,3,MEDIUM,29,57,29,False,96.40834482758619,91.941,-45.798000000000016,-0.7295743842364546,59.04593411930229,199.44281976809899,349.0,0.0,26,0.896551724137931,1.478896551724138,97.827
2024,Miami,6,Street,Haas,MAG,1,HARD,2,22,21,True,95.04071428571429,93.856,7.599000000000004,0.06746883116883276,61.222027414415486,202.75717707364365,348.0,45.0,10,0.47619047619047616,2.8073333333333332,95.13318181818182
2024,Miami,6,Street,Haas,MAG,2,MEDIUM,23,28,6,True,104.831,93.148,37.338999999999984,5.3879428571428445,54.313715392779564,183.77718579414667,346.0,0.0,5,0.8333333333333334,4.452333333333333,146.123
2024,Miami,6,Street,Haas,MAG,3,MEDIUM,29,31,3,True,116.30166666666668,100.373,-44.89,-22.444999999999983,49.70909814942803,165.90206516741057,320.0,0.0,0,0.0,28.641666666666666,116.30166666666668
2024,Miami,6,Street,Haas,MAG,4,MEDIUM,32,57,26,False,93.30342307692308,91.774,-21.951999999999998,-0.16126393162393157,63.481965938909035,206.37546181511993,344.0,0.0,13,0.5,5.713807692307691,93.9336923076923
2024,Miami,6,Street,McLaren,NOR,1,MEDIUM,2,29,28,True,94.95442857142855,91.982,39.165000000000006,0.2975068418171901,59.4130216527395,202.00977918235552,344.0,41.0,21,0.75,2.050814814814815,94.56371428571428
2024,Miami,6,Street,McLaren,NOR,2,HARD,30,57,28,False,96.15117857142856,90.98,-46.43999999999998,-0.9368590585659533,58.156077731763816,199.99005647877772,321.0,0.0,28,1.0,0.0,
2024,Miami,6,Street,McLaren,PIA,1,MEDIUM,2,27,26,True,93.70269230769229,92.453,4.775000000000006,0.10156239316239077,62.35232140751752,204.83580003165716,340.0,51.0,19,0.7307692307692307,2.2159615384615385,94.93542857142857
2024,Miami,6,Street,McLaren,PIA,2,HARD,28,40,13,True,106.42153846153846,91.372,-14.683999999999997,-3.4426098901098863,49.90243736387517,180.85428299784851,339.0,0.0,13,1.0,1.0427692307692307,
2024,Miami,6,Street,McLaren,PIA,3,MEDIUM,41,57,17,False,93.11964705882353,90.634,-21.572999999999993,-0.32847058823529496,60.09725488889353,206.06135304232075,352.0,0.0,13,0.7647058823529411,1.779235294117647,96.438
2024,Miami,6,Street,Mercedes,HAM,1,HARD,2,26,25,True,94.60624,92.852,4.083000000000013,0.10499307692307672,62.40680208707999,203.6443396668839,343.0,39.0,11,0.44,5.032478260869565,93.96535714285713
2024,Miami,6,Street,Mercedes,HAM,2,MEDIUM,27,57,31,False,96.81874193548387,91.233,-14.340999999999994,-0.7828665322580642,57.90599137578356,198.56610077770688,350.0,0.0,27,0.8709677419354839,1.4331000000000003,108.04050000000001
2024,Miami,6,Street,Mercedes,RUS,1,MEDIUM,2,24,23,True,94.74439130434781,93.326,3.674999999999997,0.16229051383399243,61.16058424733705,202.76279017538803,348.0,56.0,20,0.8695652173913043,1.672181818181818,98.90233333333333
2024,Miami,6,Street,Mercedes,RUS,2,HARD,25,57,33,False,97.08839393939394,91.921,-14.698999999999998,-0.5793693181818165,58.967654028491125,198.2682654387573,345.0,0.0,19,0.5757575757575758,2.91103125,92.377
2024,Miami,6,Street,RB,RIC,1,HARD,2,28,27,True,95.58496296296298,93.215,17.836,0.1659902319902303,61.41724957894718,201.1553276688467,342.0,56.0,24,0.8888888888888888,1.2081851851851853,102.372
2024,Miami,6,Street,RB,RIC,2,MEDIUM,29,57,29,False,97.01282758620692,92.122,-45.44199999999999,-0.7566886699507387,60.8886956847824,197.93614394975882,348.0,0.0,29,1.0,0.944448275862069,
2024,Miami,6,Street,RB,TSU,1,MEDIUM,2,28,27,True,94.99414814814816,93.08,13.332999999999998,0.1379768009768002,62.226285072448526,202.1738647937867,348.0,57.0,26,0.9629629629629629,1.4307407407407406,107.67
2024,Miami,6,Street,RB,TSU,2,HARD,29,57,29,False,96.90220689655173,91.682,-46.24600000000001,-0.8722995073891641,61.38756338313797,198.5509267602645,343.0,0.0,13,0.4482758620689655,4.304896551724138,95.53231249999999
2024,Miami,6,Street,Red Bull,PER,1,MEDIUM,2,17,16,True,93.78875,93.147,5.804000000000002,0.14082647058823664,61.93657855588601,204.5344289117576,327.0,61.0,11,0.6875,2.436375,94.65979999999999
2024,Miami,6,Street,Red Bull,PER,2,HARD,18,28,11,True,96.65718181818183,92.161,0.48699999999999477,-0.03339999999999696,59.89553490607168,198.65428385750442,341.0,0.0,4,0.36363636363636365,3.5633333333333335,94.72657142857143
2024,Miami,6,Street,Red Bull,PER,3,MEDIUM,29,57,29,False,96.63431034482757,90.855,-46.846999999999994,-0.9102108374384247,59.269262139920755,198.96045130441843,345.0,0.0,22,0.7586206896551724,2.482464285714286,98.11671428571428
2024,Miami,6,Street,Red Bull,VER,1,MEDIUM,2,23,22,True,93.85940909090908,92.53,18.845,0.20767080745341507,62.90484839250798,204.79063868784436,319.0,53.0,22,1.0,0.0,
2024,Miami,6,Street,Red Bull,VER,2,HARD,24,57,34,False,97.00714705882353,91.261,-15.388000000000005,-0.6146067226890747,59.79119827012106,198.28806915852306,322.0,0.0,9,0.2647058823529412,7.078529411764706,96.43124
2024,Miami,6,Street,Sauber,BOT,1,SOFT,2,11,10,True,95.1163,93.828,3.8530000000000086,0.23709696969697913,62.64496077433187,202.51742106937905,345.0,53.0,10,1.0,0.8495000000000001,
2024,Miami,6,Street,Sauber,BOT,2,HARD,12,29,18,True,98.84683333333334,93.4,21.176999999999992,0.7882920536635737,59.83743714348944,194.88052036360145,324.0,0.0,1,0.05555555555555555,4.214166666666666,98.96794117647059
2024,Miami,6,Street,Sauber,BOT,3,MEDIUM,30,57,28,False,95.21578571428572,92.098,-26.796000000000006,-0.46697318007662564,61.48906722575948,202.13657690557133,339.0,0.0,26,0.9285714285714286,2.0993214285714283,111.0005
2024,Miami,6,Street,Sauber,ZHO,1,MEDIUM,2,28,27,True,95.47944444444445,93.485,16.843000000000004,0.1800079365079377,61.36097082686333,201.7560010174359,345.0,41.0,22,0.8148148148148148,3.2966296296296296,95.4666
2024,Miami,6,Street,Sauber,ZHO,2,SOFT,29,57,29,False,97.13324137931035,91.991,-46.36200000000001,-0.7773965517241388,59.98925213576633,198.2263586816477,351.0,0.0,25,0.8620689655172413,1.2705714285714287,97.33774999999999
2024,Miami,6,Street,Williams,ALB,1,MEDIUM,2,10,9,True,94.87366666666667,93.889,4.676000000000002,0.3168166666666571,57.87630257788908,202.8246043643769,355.0,56.0,9,1.0,0.8445555555555555,
2024,Miami,6,Street,Williams,ALB,2,HARD,11,53,43,True,97.37358139534882,92.552,-1.215999999999994,-0.08293204469948812,55.08254960350414,197.552686582389,350.0,0.0,39,0.9069767441860465,1.37290243902439,106.12075
2024,Miami,6,Street,Williams,ALB,3,SOFT,54,57,4,False,95.2705,90.849,-15.62599999999999,-4.566400000000017,59.40479552185956,200.83519051578335,328.0,0.0,0,0.0,24.27075,95.2705
2024,Miami,6,Street,Williams,SAR,1,MEDIUM,2,11,10,True,94.99780000000001,93.833,4.0249999999999915,0.22870303030303227,59.05524063544463,202.06859266247864,350.0,56.0,10,1.0,0.8968999999999999,
2024,Miami,6,Street,Williams,SAR,2,HARD,12,27,16,False,95.57762500000001,93.452,-15.292999999999992,-0.20618235294117304,59.29793766402984,201.18352068623932,334.0,0.0,15,0.9375,1.84875,108.848
2024,Monte Carlo,9,Street,Alpine,GAS,2,MEDIUM,2,77,76,False,81.02763157894736,75.625,-63.992999999999995,-0.11834064251537886,53.07071425205036,171.6424457631005,333.0,0.0,26,0.34210526315789475,5.332513157894738,80.73774
2024,Monte Carlo,9,Street,Aston Martin,ALO,2,MEDIUM,2,76,75,False,81.14965333333333,77.939,-45.518,-0.1041679374110964,50.893627723106384,170.87436785874306,327.0,0.0,20,0.26666666666666666,9.10491891891892,80.89276363636361
2024,Monte Carlo,9,Street,Aston Martin,STR,2,MEDIUM,2,42,41,True,82.82460975609757,79.016,-37.782,-0.21359425087107894,48.97415862525413,166.56472643909999,313.0,0.0,40,0.975609756097561,1.4718292682926828,134.844
2024,Monte Carlo,9,Street,Aston Martin,STR,3,HARD,43,48,6,True,84.27033333333334,78.062,26.357,3.7087999999999948,55.81808550440407,175.24893613299017,331.0,0.0,0,0.0,16.869500000000002,84.27033333333334
2024,Monte Carlo,9,Street,Aston Martin,STR,4,SOFT,49,76,28,False,78.48007142857145,76.71,-0.465999999999994,0.012941981390260496,56.62288386009452,178.71639646278388,333.0,40.0,21,0.75,3.017928571428571,77.98814285714286
2024,Monte Carlo,9,Street,Ferrari,LEC,2,HARD,2,78,77,False,79.73018181818182,75.162,-99.221,-0.1643013828276976,52.99134771133455,163.93556651470928,313.0,0.0,77,1.0,0.0,
2024,Monte Carlo,9,Street,Ferrari,SAI,2,HARD,2,78,77,False,79.74568831168833,74.726,-95.59199999999998,-0.1581743519638248,52.327499121909575,169.13506490965577,337.0,0.0,63,0.8181818181818182,1.8184545454545453,77.62192857142858
2024,Monte Carlo,9,Street,McLaren,NOR,2,HARD,2,78,77,False,79.69041558441558,75.742,-90.36999999999999,-0.15394084862505758,52.610243870569334,171.95925344878256,329.0,0.0,75,0.974025974025974,1.1552133333333334,77.55449999999999
2024,Monte Carlo,9,Street,McLaren,PIA,2,HARD,2,78,77,False,79.7917142857143,76.281,-99.001,-0.15896805825753046,51.79249958745937,171.98680523455758,330.0,0.0,66,0.8571428571428571,2.0834155844155844,85.84863636363637
2024,Monte Carlo,9,Street,Mercedes,HAM,2,MEDIUM,2,51,50,True,81.58906,77.398,-57.60300000000001,-0.23054496998799467,51.38161784425096,170.6611552007112,333.0,0.0,20,0.4,3.22286,81.43556666666667
2024,Monte Carlo,9,Street,Mercedes,HAM,3,HARD,52,78,27,False,75.82240740740743,74.165,-3.346999999999994,-0.053023199023200115,56.4614131139891,176.1696246226005,337.0,0.0,16,0.5925925925925926,3.8199629629629634,76.03618181818182
2024,Monte Carlo,9,Street,Mercedes,RUS,2,MEDIUM,2,78,77,False,79.67505194805194,75.228,-85.863,-0.16799760765550154,53.41229287938669,171.67993282418638,334.0,0.0,4,0.05194805194805195,12.326467532467532,79.46212328767125
2024,Monte Carlo,9,Street,RB,RIC,2,HARD,2,76,75,False,81.22948000000001,77.172,-51.178,-0.11099746799431087,52.17604765020744,171.37733816373893,343.0,0.0,74,0.9866666666666667,0.8652533333333334,130.108
2024,Monte Carlo,9,Street,RB,TSU,2,HARD,2,77,76,False,80.8741052631579,74.72,-73.55699999999999,-0.1342003827751189,50.92192687003939,171.29959652557898,338.0,0.0,13,0.17105263157894737,22.100573770491803,80.63649206349207
2024,Monte Carlo,9,Street,Red Bull,VER,2,MEDIUM,2,52,51,True,81.56292156862744,78.074,-63.53800000000001,-0.22806117647058802,52.748947676976684,170.79531571246656,311.0,0.0,51,1.0,1.7285098039215685,
2024,Monte Carlo,9,Street,Red Bull,VER,3,HARD,53,78,26,False,75.79823076923077,74.569,-2.475999999999999,-0.019020170940171652,54.4462591617403,176.77152845551402,311.0,33.0,19,0.7307692307692307,3.3234230769230773,75.84299999999999
2024,Monte Carlo,9,Street,Sauber,BOT,2,MEDIUM,2,15,14,True,86.30492857142859,81.221,-18.459000000000003,-0.8269736263736257,47.6137576023532,165.3258816930326,309.0,46.0,13,0.9285714285714286,0.7440714285714284,116.358
2024,Monte Carlo,9,Street,Sauber,BOT,3,HARD,16,76,61,False,79.83647540983607,76.561,-1.2379999999999995,-0.032049867794817256,52.855751936061104,173.28948075035936,338.0,0.0,52,0.8524590163934426,1.8231147540983605,79.16644444444445
2024,Monte Carlo,9,Street,Sauber,ZHO,2,HARD,2,70,69,True,81.89976811594202,77.936,-11.233000000000004,-0.05119112166605639,50.692072326084016,169.14566750011846,324.0,0.0,56,0.8115942028985508,2.6196376811594204,83.4016923076923
2024,Monte Carlo,9,Street,Sauber,ZHO,3,SOFT,71,76,6,False,78.91283333333334,74.718,-8.122,-1.5134571428571484,,,,,0,0.0,43.60883333333334,78.91283333333334
2024,Monte Carlo,9,Street,Williams,ALB,2,HARD,2,77,76,False,80.9840657894737,77.06,-65.195,-0.11618068352699866,45.605775602145684,169.28294671433994,337.0,0.0,60,0.7894736842105263,2.093106666666667,83.5554375
2024,Monte Carlo,9,Street,Williams,SAR,2,HARD,2,57,56,True,82.49337500000001,79.511,-23.489000000000004,-0.07526476418318466,45.06397165460642,167.00932058616507,327.0,0.0,46,0.8214285714285714,2.0986363636363636,82.8444
2024,Monte Carlo,9,Street,Williams,SAR,3,MEDIUM,58,76,19,False,77.26805263157897,75.525,-2.6119999999999948,-0.009375438596487113,,,,,4,0.21052631578947367,9.645842105263156,76.67886666666666
2024,Montreal,9,Street,Alpine,GAS,1,INTERMEDIATE,2,25,24,True,93.23966666666666,85.084,25.767999999999986,-0.24028173913043444,50.99402432411943,167.20220992752766,325.0,0.0,23,0.9583333333333334,1.123695652173913,87.756
2024,Montreal,9,Street,Alpine,GAS,2,INTERMEDIATE,26,40,15,True,95.2558,86.753,-11.13300000000001,-1.3600499999999978,49.34036589082479,163.79202782713358,327.0,0.0,15,1.0,0.7296000000000001,
2024,Montreal,9,Street,Alpine,GAS,3,HARD,41,70,30,False,86.35660000000001,77.013,-23.536,-0.30631813125695284,56.9282021612033,179.8206365836183,333.0,42.0,27,0.9,1.685551724137931,88.617
2024,Montreal,9,Street,Alpine,OCO,1,INTERMEDIATE,2,44,43,True,93.13451162790697,84.927,-1.4860000000000042,-0.13161476895198063,50.883013047695584,166.9378198761633,331.0,0.0,40,0.9302325581395349,1.7037906976744188,94.50733333333334
2024,Montreal,9,Street,Alpine,OCO,2,MEDIUM,45,70,26,False,86.71269230769232,77.012,-16.247,-0.4498516239316266,57.90379158127116,179.00169993886,330.0,48.0,23,0.8846153846153846,1.6172692307692307,78.17233333333333
2024,Montreal,9,Street,Aston Martin,ALO,1,INTERMEDIATE,2,25,24,True,91.51916666666666,85.451,18.201999999999998,-0.27436782608695426,49.89131249034756,169.5340435922292,306.0,0.0,4,0.16666666666666666,10.162416666666667,90.3262
2024,Montreal,9,Street,Aston Martin,ALO,2,INTERMEDIATE,26,44,19,True,95.22636842105264,84.453,-18.988,-1.6948894736842068,46.362010282845134,163.0524039839546,327.0,0.0,5,0.2631578947368421,6.990842105263158,94.05285714285715
2024,Montreal,9,Street,Aston Martin,ALO,3,HARD,45,70,26,False,86.55334615384616,76.303,-17.153999999999996,-0.5305870085470104,55.52024396181188,178.48123635238437,311.0,43.0,6,0.23076923076923078,9.81373076923077,82.4594
2024,Montreal,9,Street,Aston Martin,STR,1,INTERMEDIATE,2,25,24,True,92.72775000000001,86.27,22.176000000000002,-0.2633408695652169,49.77350060518944,167.77978753723582,310.0,0.0,20,0.8333333333333334,1.9712500000000002,86.64675
2024,Montreal,9,Street,Aston Martin,STR,2,INTERMEDIATE,26,44,19,True,93.87657894736842,85.264,-11.058000000000007,-1.2193631578947357,48.654924431993756,164.8834537602587,313.0,0.0,14,0.7368421052631579,2.0186842105263154,102.1336
2024,Montreal,9,Street,Aston Martin,STR,3,HARD,45,70,26,False,86.51342307692309,76.762,-16.012,-0.47345538461538567,56.53737736118081,179.0604793358771,333.0,40.0,17,0.6538461538461539,2.639730769230769,78.62355555555557
2024,Montreal,9,Street,Ferrari,LEC,1,INTERMEDIATE,2,25,24,True,93.13749999999999,86.623,22.840999999999994,-0.2081130434782547,55.31472046539863,167.23009097834824,310.0,0.0,20,0.8333333333333334,1.8150833333333332,87.73125
2024,Montreal,9,Street,Ferrari,LEC,2,INTERMEDIATE,26,28,3,True,118.544,105.291,27.159000000000006,13.57950000000001,41.92068220270721,130.9954220008606,278.0,0.0,1,0.3333333333333333,3.2426666666666666,108.441
2024,Montreal,9,Street,Ferrari,LEC,3,HARD,29,31,3,True,112.75733333333335,99.909,33.748000000000005,16.874000000000024,40.701224945091724,141.29162044563935,300.0,0.0,0,0.0,27.62166666666667,112.75733333333335
2024,Montreal,9,Street,Ferrari,LEC,4,INTERMEDIATE,32,40,9,False,88.85466666666667,86.012,-8.113,-0.7233666666666704,56.8296502084637,177.74720293412727,310.0,50.0,0,0.0,66.64811111111112,88.85466666666667
2024,Montreal,9,Street,Ferrari,SAI,1,INTERMEDIATE,2,25,24,True,93.289625,86.527,29.070000000000007,-0.16519347826086833,51.2467407831945,167.1525937487804,329.0,0.0,24,1.0,1.1524166666666666,
2024,Montreal,9,Street,Ferrari,SAI,2,INTERMEDIATE,26,43,18,True,93.71261111111112,85.861,-9.384999999999991,-1.1334004127966961,51.391896293920425,166.28928591502623,316.0,0.0,18,1.0,1.0372777777777777,
2024,Montreal,9,Street,Ferrari,SAI,3,MEDIUM,44,52,9,False,82.78122222222221,78.957,-12.229,-1.21556666666667,60.27959832248968,187.79109464086835,337.0,52.0,9,1.0,1.304,
2024,Montreal,9,Street,Haas,HUL,1,WET,2,12,11,True,97.15518181818183,94.17,13.503,0.4797363636363628,47.75833603671421,160.77421548841565,305.0,0.0,7,0.6363636363636364,3.2763,95.5625
2024,Montreal,9,Street,Haas,HUL,2,INTERMEDIATE,13,25,13,True,91.42469230769231,86.137,29.703000000000003,0.948725274725279,52.395724900925906,170.8961472440011,320.0,0.0,5,0.38461538461538464,5.064076923076923,93.3545
2024,Montreal,9,Street,Haas,HUL,3,INTERMEDIATE,26,44,19,True,92.72131578947368,85.789,-8.457999999999998,-0.8744982456140314,49.409335755608,168.29094048043063,324.0,0.0,13,0.6842105263157895,2.2348421052631573,96.92133333333334
2024,Montreal,9,Street,Haas,HUL,4,MEDIUM,45,70,26,False,86.2955,76.683,-13.914000000000001,-0.4224051282051291,54.81456161464972,180.45606752508854,334.0,44.0,23,0.8846153846153846,1.1555416666666665,84.31966666666666
2024,Montreal,9,Street,Haas,MAG,1,WET,2,7,6,True,98.59016666666668,93.993,18.62599999999999,2.5509428571428514,46.97396757927581,157.3634993145888,302.0,0.0,6,1.0,1.5196666666666667,
2024,Montreal,9,Street,Haas,MAG,2,INTERMEDIATE,8,25,18,True,91.89166666666668,87.144,31.214000000000013,0.266303405572757,50.27327223058435,169.70767310280175,329.0,0.0,16,0.8888888888888888,1.7955,92.412
2024,Montreal,9,Street,Haas,MAG,3,INTERMEDIATE,26,41,16,True,94.91625,86.231,-10.311000000000007,-1.258723529411762,47.31275101388757,164.50411604200653,318.0,0.0,15,0.9375,1.2484375,101.625
2024,Montreal,9,Street,Haas,MAG,4,MEDIUM,42,54,13,True,87.91438461538459,79.511,26.775999999999996,0.8858736263736285,53.369681375669884,176.95206527433513,337.0,0.0,11,0.8461538461538461,3.1897692307692305,91.881
2024,Montreal,9,Street,Haas,MAG,5,MEDIUM,55,70,16,False,85.01343750000001,76.499,-22.415000000000006,-1.9504014705882304,56.86292919911478,182.8910084778783,349.0,50.0,10,0.625,4.497866666666667,83.02083333333334
2024,Montreal,9,Street,McLaren,NOR,1,INTERMEDIATE,2,26,25,True,91.52192000000001,84.429,43.428,0.04444384615384345,52.296656684456416,169.7015555096393,329.0,0.0,14,0.56,3.0974,90.34181818181818
2024,Montreal,9,Street,McLaren,NOR,2,INTERMEDIATE,27,47,21,True,93.113,83.272,-31.777,-1.6013129870129823,50.673002284697695,167.5710589343599,323.0,0.0,21,1.0,1.0607619047619048,
2024,Montreal,9,Street,McLaren,NOR,3,MEDIUM,48,70,23,False,87.02882608695653,75.558,-11.906000000000006,-0.8343685770750982,54.85201968975807,178.79499554948072,324.0,32.0,13,0.5652173913043478,2.7083478260869565,80.50230000000002
2024,Montreal,9,Street,McLaren,PIA,1,INTERMEDIATE,2,25,24,True,90.67583333333334,85.351,14.882000000000005,-0.29175478260869575,52.65529469736257,171.94545376259398,327.0,0.0,6,0.25,5.095739130434782,89.34755555555554
2024,Montreal,9,Street,McLaren,PIA,2,INTERMEDIATE,26,44,19,True,95.57047368421053,83.938,-12.052999999999997,-1.9783263157894706,47.81999878145938,163.14128124063637,329.0,0.0,19,1.0,1.2707368421052632,
2024,Montreal,9,Street,McLaren,PIA,3,MEDIUM,45,70,26,False,86.83111538461539,76.247,-15.995999999999995,-0.4845808547008527,54.166543059957846,179.15776413016567,330.0,34.0,22,0.8461538461538461,2.49756,80.61025
2024,Montreal,9,Street,Mercedes,HAM,1,INTERMEDIATE,2,25,24,True,91.42858333333334,85.298,16.72999999999999,-0.29407999999999584,50.958937951892295,171.56969530773938,330.0,0.0,24,1.0,0.8012083333333333,
2024,Montreal,9,Street,Mercedes,HAM,2,INTERMEDIATE,26,43,18,True,95.20561111111111,83.88,-13.665000000000006,-1.8383395252837964,48.26106141939305,163.35482604788942,333.0,0.0,16,0.8888888888888888,2.1345555555555555,112.082
2024,Montreal,9,Street,Mercedes,HAM,3,MEDIUM,44,54,11,True,85.68681818181818,77.435,29.039999999999992,0.760554545454544,58.432037217040545,181.13161753338042,307.0,0.0,1,0.09090909090909091,4.963636363636364,84.914
2024,Montreal,9,Street,Mercedes,HAM,4,HARD,55,70,16,False,87.00874999999999,74.856,-31.77000000000001,-2.990220588235297,57.263759438794295,177.83777814485418,337.0,40.0,15,0.9375,1.6366874999999999,106.626
2024,Montreal,9,Street,Mercedes,RUS,1,INTERMEDIATE,2,25,24,True,90.82966666666668,86.014,16.266000000000005,-0.14200260869565132,53.308520298053125,171.4102076630645,311.0,0.0,24,1.0,0.22937500000000002,
2024,Montreal,9,Street,Mercedes,RUS,2,INTERMEDIATE,26,45,20,True,95.03425,83.694,-10.394000000000005,-1.7934804511278193,49.56669119184132,163.9140762655196,307.0,0.0,16,0.8,2.222,91.3445
2024,Montreal,9,Street,Mercedes,RUS,3,HARD,46,54,9,True,85.59055555555555,78.145,30.945999999999998,1.7529833333333278,58.69965367118808,181.37479574433556,329.0,0.0,5,0.5555555555555556,2.6423333333333328,82.96424999999999
2024,Montreal,9,Street,Mercedes,RUS,4,MEDIUM,55,70,16,False,87.3505625,74.895,-33.67100000000001,-3.105883823529412,55.91225666875505,177.3519389431167,334.0,44.0,14,0.875,2.1323125000000003,115.8245
2024,Montreal,9,Street,RB,RIC,1,INTERMEDIATE,2,26,25,True,93.72588,85.962,31.554000000000002,0.011412307692305518,50.40001501000349,166.35144560170968,315.0,0.0,4,0.16,13.628719999999998,93.43509523809523
2024,Montreal,9,Street,RB,RIC,2,INTERMEDIATE,27,43,17,True,93.34947058823529,85.748,-3.158999999999992,-1.1684362745098056,49.98977567493431,166.64530325167368,315.0,0.0,15,0.8823529411764706,2.066294117647059,105.4335
2024,Montreal,9,Street,RB,RIC,3,MEDIUM,44,70,27,False,86.4891111111111,77.076,-15.656999999999996,-0.4135384615384632,55.4414663552792,179.62763508329175,343.0,42.0,16,0.5925925925925926,2.11484,84.04127272727273
2024,Montreal,9,Street,RB,TSU,1,INTERMEDIATE,2,44,43,True,93.12679069767441,84.661,-0.5679999999999978,-0.12478329809725297,48.82160518927625,166.93534379244852,326.0,0.0,40,0.9302325581395349,2.1002790697674416,107.20800000000001
2024,Montreal,9,Street,RB,TSU,2,MEDIUM,45,70,26,False,87.74861538461538,77.309,-15.638000000000005,-0.33896478632478666,54.605891581653054,178.95449682426758,338.0,0.0,20,0.7692307692307693,3.941884615384615,84.09616666666666
2024,Montreal,9,Street,Red Bull,PER,1,INTERMEDIATE,2,25,24,True,93.75245833333334,86.184,33.635999999999996,-0.12006304347825826,48.31722880173839,166.43894765144378,313.0,0.0,20,0.8333333333333334,1.9032083333333334,87.67125
2024,Montreal,9,Street,Red Bull,PER,2,INTERMEDIATE,26,43,18,True,93.01216666666667,85.233,-10.070999999999998,-0.9824860681114548,47.932173770724305,167.42034053051606,333.0,0.0,17,0.9444444444444444,1.1502777777777777,112.077
2024,Montreal,9,Street,Red Bull,PER,3,MEDIUM,44,51,8,False,83.30375,78.819,-15.260999999999996,-1.7616190476190392,55.89092277985004,186.41764881162632,337.0,53.0,6,0.75,1.375,82.15899999999999
2024,Montreal,9,Street,Red Bull,VER,1,INTERMEDIATE,2,25,24,True,90.765125,86.001,16.224000000000004,-0.156781304347824,53.2656826060745,170.9084968471731,311.0,0.0,20,0.8333333333333334,2.533375,93.52775
2024,Montreal,9,Street,Red Bull,VER,2,INTERMEDIATE,26,45,20,True,94.84549999999999,84.079,-9.237000000000009,-1.7989593984962442,49.33160366605748,164.13325729566625,307.0,0.0,19,0.95,0.9719,109.849
2024,Montreal,9,Street,Red Bull,VER,3,MEDIUM,46,70,25,False,86.70643999999999,75.569,-15.25399999999999,-0.6033476923076927,56.48357793028925,180.94773718298168,311.0,33.0,23,0.92,1.65632,86.864
2024,Montreal,9,Street,Sauber,BOT,1,INTERMEDIATE,2,42,41,True,93.55043902439024,85.784,-0.23199999999999932,-0.10832038327525938,49.087889347241365,166.56504371749284,332.0,0.0,30,0.7317073170731707,2.003842105263158,92.68945454545455
2024,Montreal,9,Street,Sauber,BOT,2,MEDIUM,43,70,28,False,86.8228214285714,77.25,-19.77499999999999,-0.36428927203064937,55.945820430508135,179.5615860049946,338.0,45.0,13,0.4642857142857143,4.2776538461538465,87.21106666666667
2024,Montreal,9,Street,Sauber,ZHO,1,INTERMEDIATE,2,24,23,True,93.55804347826087,87.715,8.123999999999995,-0.3798013833992125,49.144057017789294,167.2335821923097,308.0,0.0,5,0.21739130434782608,5.612565217391304,93.41477777777777
2024,Montreal,9,Street,Sauber,ZHO,2,INTERMEDIATE,25,44,20,True,95.5515,87.01,32.39200000000001,-0.19635488721804448,48.724315870510644,163.46917487155403,312.0,0.0,10,0.5,5.6403,99.571
2024,Montreal,9,Street,Sauber,ZHO,3,MEDIUM,45,52,8,True,93.94749999999999,82.032,15.509,0.051571428571439745,48.356798905857765,165.43590763968453,316.0,0.0,0,0.0,86.26233333333334,93.94749999999999
2024,Montreal,9,Street,Sauber,ZHO,4,MEDIUM,53,69,17,False,86.08511764705884,77.325,-44.184,-2.1031397058823504,56.67737088604635,181.1722853070216,324.0,53.0,0,0.0,101.19571428571427,86.08511764705884
2024,Montreal,9,Street,Williams,ALB,1,INTERMEDIATE,2,25,24,True,92.94725000000001,85.842,22.61,-0.25264869565216924,44.44817256171734,167.31341666699174,330.0,0.0,17,0.7083333333333334,2.258833333333333,95.19014285714286
2024,Montreal,9,Street,Williams,ALB,2,INTERMEDIATE,26,44,19,True,93.67347368421053,85.222,-8.504999999999995,-1.1263070175438552,44.52436446499323,165.58365624349105,318.0,0.0,18,0.9473684210526315,2.1254736842105264,111.701
2024,Montreal,9,Street,Williams,ALB,3,MEDIUM,45,52,8,False,82.840375,79.359,-9.652000000000001,-1.2173214285714267,53.24942321873279,187.24954982544494,337.0,52.0,8,1.0,0.6461250000000001,
2024,Montreal,9,Street,Williams,SAR,1,INTERMEDIATE,2,23,22,False,93.0379090909091,86.484,-12.578000000000003,-0.7959446640316192,45.2675259697079,167.30864063921643,327.0,0.0,15,0.6818181818181818,4.03109090909091,95.59257142857143
2024,Monza,16,Permanent,Alpine,GAS,1,MEDIUM,2,10,9,True,87.00200000000001,85.82,4.929000000000002,0.34701666666666586,73.71768415933064,238.33209932554604,351.0,58.0,9,1.0,0.9375555555555556,
2024,Monza,16,Permanent,Alpine,GAS,2,HARD,11,30,20,True,86.8752,84.816,-14.673000000000002,-0.15833533834586377,75.31564763548731,238.27459896252705,345.0,0.0,13,0.65,2.8695999999999997,88.14399999999999
2024,Monza,16,Permanent,Alpine,GAS,3,HARD,31,52,22,False,85.62163636363636,83.755,-21.784000000000006,-0.28304347826086956,75.55826826079354,241.9971916982039,350.0,0.0,5,0.22727272727272727,5.854181818181818,85.78676470588235
2024,Monza,16,Permanent,Alpine,OCO,1,HARD,2,31,30,True,86.47866666666667,85.369,3.9200000000000017,0.03817174638487223,74.61333635725791,239.56671378879145,357.0,59.0,22,0.7333333333333333,2.0583,86.727375
2024,Monza,16,Permanent,Alpine,OCO,2,MEDIUM,32,52,21,False,85.88542857142858,84.343,-20.36699999999999,-0.25992597402597317,76.02251903204582,241.39131850733992,336.0,0.0,0,0.0,11.067238095238096,85.88542857142858
2024,Monza,16,Permanent,Aston Martin,ALO,1,MEDIUM,2,12,11,True,86.46618181818182,85.693,2.5039999999999907,0.0678090909090931,71.67069719912234,239.5692686552763,352.0,64.0,11,1.0,0.8173636363636363,
2024,Monza,16,Permanent,Aston Martin,ALO,2,HARD,13,35,23,True,86.13104347826086,84.504,-15.794999999999987,-0.17296640316205575,74.83082054657962,240.01206747141208,352.0,0.0,9,0.391304347826087,5.44,86.80128571428573
2024,Monza,16,Permanent,Aston Martin,ALO,3,HARD,36,53,18,False,84.70383333333332,82.944,-20.465999999999994,-0.37628998968008,76.00027934362761,244.14097854291026,355.0,0.0,10,0.5555555555555556,3.5222777777777785,86.070375
2024,Monza,16,Permanent,Aston Martin,STR,1,HARD,2,19,18,True,86.72233333333332,85.558,2.978999999999999,0.07367182662538728,71.51585710806424,238.45304657481066,354.0,45.0,18,1.0,1.8119444444444446,
2024,Monza,16,Permanent,Aston Martin,STR,2,HARD,20,36,17,True,86.40717647058825,84.437,-16.331000000000003,-0.2927009803921573,72.62919655464202,238.97890121151906,355.0,0.0,17,1.0,0.7865294117647059,
2024,Monza,16,Permanent,Aston Martin,STR,3,MEDIUM,37,50,14,True,86.09207142857143,83.427,-13.588999999999999,-0.3479978021978042,74.69017399805008,240.06485476282964,356.0,0.0,9,0.6428571428571429,2.832571428571429,83.7212
2024,Monza,16,Permanent,Aston Martin,STR,4,SOFT,51,52,2,False,96.606,82.232,-28.748000000000005,-28.748000000000022,66.43767079772867,214.2509031822125,337.0,0.0,0,0.0,6.388,96.606
2024,Monza,16,Permanent,Ferrari,LEC,1,MEDIUM,2,15,14,True,85.25264285714286,84.362,4.795999999999992,0.16793186813186822,76.4043563009871,242.2999301453498,342.0,63.0,13,0.9285714285714286,1.3811428571428572,90.192
2024,Monza,16,Permanent,Ferrari,LEC,2,HARD,16,53,38,False,84.1845,83.226,-21.620000000000005,-0.09376551044972493,78.16484769450727,246.4545305602008,347.0,0.0,32,0.8421052631578947,1.452078947368421,83.53750000000001
2024,Monza,16,Permanent,Ferrari,SAI,1,MEDIUM,2,19,18,True,85.43677777777776,84.642,4.657000000000011,0.10834055727554387,76.32832035115639,242.416279922963,349.0,63.0,14,0.7777777777777778,1.657888888888889,85.29525
2024,Monza,16,Permanent,Ferrari,SAI,2,HARD,20,53,34,False,84.3865,83.219,-21.592000000000013,-0.10249396485867063,77.88819216523576,245.49794928198477,341.0,0.0,2,0.058823529411764705,9.495235294117649,84.38128125
2024,Monza,16,Permanent,Haas,HUL,1,MEDIUM,2,5,4,True,88.05399999999999,86.434,4.216999999999999,1.275799999999987,71.05609706007127,236.1698492049788,363.0,49.0,4,1.0,0.772,
2024,Monza,16,Permanent,Haas,HUL,2,HARD,6,32,27,True,86.93674074074072,84.983,-30.27499999999999,-0.23218925518925707,73.27818896177018,238.6642129934705,342.0,0.0,6,0.2222222222222222,10.475666666666665,87.28423809523811
2024,Monza,16,Permanent,Haas,HUL,3,HARD,33,52,20,False,85.82849999999999,83.275,-32.58800000000001,-0.4586781954887235,73.70028216758689,241.19232109692658,354.0,0.0,5,0.25,7.940950000000001,86.21766666666666
2024,Monza,16,Permanent,Haas,MAG,1,MEDIUM,2,14,13,True,86.46107692307692,85.785,2.7379999999999995,0.07405494505494924,71.21394907835189,240.02796830196493,357.0,49.0,11,0.8461538461538461,1.4475384615384617,88.11449999999999
2024,Monza,16,Permanent,Haas,MAG,2,HARD,15,53,39,False,85.15651282051283,83.437,-23.307999999999993,-0.12855566801619328,73.95946305852922,243.57005508110387,355.0,0.0,22,0.5641025641025641,4.929435897435897,84.12435294117645
2024,Monza,16,Permanent,McLaren,NOR,1,MEDIUM,2,14,13,True,85.17823076923077,84.391,3.959000000000003,0.11894505494505855,71.3926304621988,242.4221954057931,348.0,64.0,13,1.0,1.3696923076923078,
2024,Monza,16,Permanent,McLaren,NOR,2,HARD,15,32,18,True,85.13955555555555,83.067,-16.426000000000002,-0.32647884416924544,72.2874603573804,243.58663730475666,345.0,0.0,15,0.8333333333333334,2.507944444444444,92.06466666666667
2024,Monza,16,Permanent,McLaren,NOR,3,HARD,33,53,21,False,83.71809523809523,81.432,-22.64099999999999,-0.32629610389610314,73.55154804770544,246.87776345582623,355.0,0.0,10,0.47619047619047616,2.8560952380952385,82.31745454545455
2024,Monza,16,Permanent,McLaren,PIA,1,MEDIUM,2,16,15,True,85.03953333333332,84.077,4.822999999999993,0.1235571428571449,74.84932856305429,243.03736648633432,331.0,66.0,15,1.0,0.0,
2024,Monza,16,Permanent,McLaren,PIA,2,HARD,17,38,22,True,84.65090909090908,82.968,-16.125,-0.2163997741389043,74.35444491624445,244.79810508708417,348.0,0.0,16,0.7272727272727273,2.148090909090909,87.40266666666668
2024,Monza,16,Permanent,McLaren,PIA,3,HARD,39,53,15,False,83.857,81.943,-21.495000000000005,-0.5293571428571391,75.1764324201603,246.8300692556526,354.0,0.0,3,0.2,6.060533333333333,84.12166666666666
2024,Monza,16,Permanent,Mercedes,HAM,1,MEDIUM,2,15,14,True,85.60614285714284,84.771,4.3219999999999885,0.12132747252747157,74.00377534392683,241.66381691465844,343.0,64.0,13,0.9285714285714286,1.7614615384615386,84.938
2024,Monza,16,Permanent,Mercedes,HAM,2,HARD,16,37,22,True,85.11877272727271,83.328,-17.314999999999998,-0.2713783173348393,74.95750666020015,243.24341273503728,346.0,0.0,20,0.9090909090909091,1.6433636363636361,95.2475
2024,Monza,16,Permanent,Mercedes,HAM,3,HARD,38,53,16,False,83.923375,81.512,-20.914,-0.4187176470588181,77.80189116196765,246.5259288394045,340.0,0.0,0,0.0,12.043937500000002,83.923375
2024,Monza,16,Permanent,Mercedes,RUS,1,MEDIUM,2,11,10,True,86.01649999999998,85.046,5.11999999999999,0.24303636363637043,74.74218899817808,240.33404223464476,345.0,65.0,10,1.0,1.1421,
2024,Monza,16,Permanent,Mercedes,RUS,2,HARD,12,33,22,True,85.87777272727271,83.177,-25.14800000000001,-0.3384918125352873,74.5384361508477,241.21402811702183,351.0,0.0,14,0.6363636363636364,3.579454545454546,88.202
2024,Monza,16,Permanent,Mercedes,RUS,3,HARD,34,53,20,False,83.9727,82.036,-22.162999999999997,-0.38600300751879774,76.69245738298699,246.3591170360896,356.0,0.0,7,0.35,3.5615263157894743,82.7713846153846
2024,Monza,16,Permanent,RB,RIC,1,MEDIUM,2,11,10,True,86.7997,85.713,4.784999999999997,0.21455151515151588,70.49262910588575,238.5010007843753,352.0,50.0,10,1.0,0.76,
2024,Monza,16,Permanent,RB,RIC,2,HARD,12,53,42,False,85.66852380952382,84.219,-27.841000000000008,-0.10596418442589664,74.09031719866286,241.6000737791854,360.0,0.0,7,0.16666666666666666,4.427560975609756,85.7413142857143
2024,Monza,16,Permanent,RB,TSU,1,HARD,2,7,6,False,90.23899999999999,86.198,12.781000000000006,2.1534857142857042,68.04500350805434,229.50064816201206,357.0,43.0,5,0.8333333333333334,1.4421666666666664,100.319
2024,Monza,16,Permanent,Red Bull,PER,1,HARD,2,23,22,True,85.62568181818183,84.654,3.4579999999999984,0.05709937888198719,72.65442225209509,241.70690752098832,348.0,61.0,20,0.9090909090909091,1.4502727272727274,85.7865
2024,Monza,16,Permanent,Red Bull,PER,2,HARD,24,35,12,True,86.00508333333333,83.473,-16.762,-0.6576538461538508,75.28928081278772,240.27289431273056,349.0,0.0,2,0.16666666666666666,3.65725,84.2935
2024,Monza,16,Permanent,Red Bull,PER,3,MEDIUM,36,53,18,False,84.85283333333332,82.971,-19.563000000000002,-0.38050257997935844,75.30024516763665,243.91838118727935,354.0,0.0,7,0.3888888888888889,4.792055555555556,83.47472727272726
2024,Monza,16,Permanent,Red Bull,VER,1,HARD,2,22,21,True,85.52761904761904,84.918,3.4980000000000047,0.05207792207792215,73.31512385642226,241.96172012778678,345.0,61.0,17,0.8095238095238095,1.5686190476190478,85.39750000000001
2024,Monza,16,Permanent,Red Bull,VER,2,HARD,23,41,19,True,85.13563157894737,83.424,-19.101,-0.2949789473684177,75.72021858955752,243.00080681396298,339.0,0.0,3,0.15789473684210525,6.7004210526315795,83.5936875
2024,Monza,16,Permanent,Red Bull,VER,3,MEDIUM,42,53,12,False,84.554,81.745,-20.379000000000005,-0.7755314685314687,76.08356927116552,244.44204008711995,336.0,0.0,0,0.0,14.660416666666668,84.554
2024,Monza,16,Permanent,Sauber,BOT,1,HARD,2,33,32,True,86.80396875,85.804,2.5470000000000113,0.015842192082110556,73.44113968406477,238.51292309046428,349.0,53.0,25,0.78125,2.1262187500000005,86.33771428571428
2024,Monza,16,Permanent,Sauber,BOT,2,MEDIUM,34,52,19,False,85.99136842105263,83.609,-21.85300000000001,-0.42061754385964506,75.53361676577781,241.1482884547472,353.0,0.0,2,0.10526315789473684,6.5042105263157906,86.16999999999999
2024,Monza,16,Permanent,Sauber,ZHO,1,MEDIUM,2,15,14,True,87.22535714285713,85.942,3.326999999999998,0.0681296703296676,71.54412331191698,237.05699234266933,352.0,60.0,14,1.0,1.2992142857142857,
2024,Monza,16,Permanent,Sauber,ZHO,2,HARD,16,52,37,False,86.56472972972975,85.092,-21.848,-0.06988169748696135,73.43192426845256,239.1768698659493,343.0,0.0,6,0.16216216216216217,4.846027027027027,86.58938709677422
2024,Monza,16,Permanent,Williams,ALB,1,MEDIUM,2,17,16,True,86.39768749999999,85.468,4.425000000000011,0.09216617647058875,71.7448689818976,239.64351809757855,350.0,58.0,6,0.375,5.0714375,85.91219999999998
2024,Monza,16,Permanent,Williams,ALB,2,HARD,18,53,36,False,85.3848611111111,83.918,-22.114999999999995,-0.12529974259974164,73.42808154984691,242.32225146722905,353.0,0.0,13,0.3611111111111111,4.48825,85.4982608695652
2024,Monza,16,Permanent,Williams,COL,1,MEDIUM,2,16,15,True,86.95286666666668,86.057,3.347999999999999,0.08741071428571526,70.47129811173502,237.9616314243801,359.0,52.0,12,0.8,1.7750666666666666,86.67066666666666
2024,Monza,16,Permanent,Williams,COL,2,HARD,17,53,37,False,85.4555945945946,83.728,-22.62100000000001,-0.10251398767188102,73.00738425039032,242.00760861285082,355.0,0.0,7,0.1891891891891892,3.975648648648648,85.48610000000002
2024,Sakhir,1,Permanent,Alpine,GAS,1,SOFT,2,12,11,True,99.17518181818181,98.503,2.3970000000000056,0.13340909090909,62.43758292899263,194.84500155267057,326.0,57.0,10,0.9090909090909091,0.6379,98.664
2024,Sakhir,1,Permanent,Alpine,GAS,2,HARD,13,31,19,True,99.59847368421052,97.492,-24.132999999999996,-0.329438596491226,64.33017501280398,194.03287583323825,321.0,0.0,17,0.8947368421052632,1.4351052631578949,112.4985
2024,Sakhir,1,Permanent,Alpine,GAS,3,HARD,32,43,12,True,98.70583333333333,96.112,-20.479,-0.7635524475524452,66.3139145690677,195.9242270237407,300.0,0.0,0,0.0,3.7449166666666667,98.70583333333333
2024,Sakhir,1,Permanent,Alpine,GAS,4,SOFT,44,56,13,False,97.08853846153845,94.805,-20.394999999999996,-0.6288351648351607,67.76250775599796,199.4048815058012,301.0,0.0,1,0.07692307692307693,11.148461538461536,97.17208333333332
2024,Sakhir,1,Permanent,Alpine,OCO,1,SOFT,2,10,9,True,99.28133333333332,98.625,2.548000000000002,0.23201666666665877,62.31521459675137,194.58270739434937,325.0,58.0,8,0.8888888888888888,0.7064999999999999,99.152
2024,Sakhir,1,Permanent,Alpine,OCO,2,HARD,11,30,20,True,99.47485,97.363,-17.804000000000002,-0.2099255639097741,65.03048768596625,194.1361829446108,319.0,0.0,13,0.65,2.9494999999999996,98.89514285714287
2024,Sakhir,1,Permanent,Alpine,OCO,3,HARD,31,56,26,False,97.94253846153848,96.226,-21.906999999999996,-0.13766085470085462,66.63585373090784,197.60060484381287,321.0,0.0,6,0.23076923076923078,7.511423076923076,98.2228
2024,Sakhir,1,Permanent,Aston Martin,ALO,1,SOFT,2,15,14,True,98.70828571428572,97.776,3.081000000000003,0.09798681318681444,62.57977299547035,195.10665189072304,324.0,52.0,10,0.7142857142857143,4.119153846153846,99.019
2024,Sakhir,1,Permanent,Aston Martin,ALO,2,HARD,16,41,26,True,98.24034615384616,96.799,-18.552999999999997,-0.14149982905982994,62.13313577832424,196.49918200587268,324.0,0.0,7,0.2692307692307692,6.838384615384617,97.33747368421052
2024,Sakhir,1,Permanent,Aston Martin,ALO,3,HARD,42,57,16,False,96.36156249999999,94.199,-21.623000000000005,-0.46391029411764567,64.17045424301652,200.897082731317,326.0,0.0,3,0.1875,15.29,96.64053846153845
2024,Sakhir,1,Permanent,Aston Martin,STR,1,SOFT,2,9,8,True,99.00225,97.987,4.125,0.3950000000000029,58.83774096433922,194.82486430767446,332.0,57.0,8,1.0,1.016375,
2024,Sakhir,1,Permanent,Aston Martin,STR,2,HARD,10,27,18,True,99.03122222222223,96.494,-17.105000000000004,-0.2503034055727549,62.18130628463552,194.9432762522214,326.0,0.0,18,1.0,1.770888888888889,
2024,Sakhir,1,Permanent,Aston Martin,STR,3,HARD,28,57,30,False,97.10546666666667,95.632,-19.305000000000007,-0.09757107897664037,63.24009883567558,198.91209922462343,326.0,0.0,5,0.16666666666666666,12.289466666666668,97.2932
2024,Sakhir,1,Permanent,Ferrari,LEC,1,SOFT,2,11,10,True,98.31469999999999,96.862,4.875,0.26835757575758423,66.16510269156714,196.92385371086402,320.0,57.0,10,1.0,0.7601,
2024,Sakhir,1,Permanent,Ferrari,LEC,2,HARD,12,34,23,True,97.91043478260868,96.432,-17.857,-0.18916996047431187,67.11324513395715,197.53429633729567,324.0,0.0,20,0.8695652173913043,2.5237391304347825,97.76533333333334
2024,Sakhir,1,Permanent,Ferrari,LEC,3,HARD,35,57,23,False,96.13273913043481,94.09,-19.842,-0.1757687747035582,68.3931080874596,201.1326263489662,325.0,0.0,11,0.4782608695652174,6.679043478260869,95.39416666666666
2024,Sakhir,1,Permanent,Ferrari,SAI,1,SOFT,2,14,13,True,97.82584615384614,97.08,2.516999999999996,0.08701648351648915,66.01436482096159,197.55533360412207,331.0,52.0,11,0.8461538461538461,2.646,98.49799999999999
2024,Sakhir,1,Permanent,Ferrari,SAI,2,HARD,15,35,21,True,97.41861904761906,95.507,-17.950999999999993,-0.20477272727272558,67.8137105724137,199.07406672241902,332.0,0.0,18,0.8571428571428571,2.3557619047619047,97.46033333333332
2024,Sakhir,1,Permanent,Ferrari,SAI,3,HARD,36,57,22,False,95.9865909090909,94.507,-20.293000000000006,-0.22234613212874063,68.63703018904178,201.8729957923732,308.0,0.0,6,0.2727272727272727,4.276454545454545,96.3429375
2024,Sakhir,1,Permanent,Haas,HUL,2,HARD,2,20,19,True,99.71515789473683,97.317,-30.113,-0.453787719298241,62.521392660277925,194.8387225491771,309.0,0.0,3,0.15789473684210525,15.824157894736844,100.05018749999999
2024,Sakhir,1,Permanent,Haas,HUL,3,HARD,21,41,21,True,98.15328571428574,96.548,-19.129999999999995,-0.204755844155846,63.64893377808975,197.51778270970942,330.0,0.0,5,0.23809523809523808,8.868571428571428,98.2800625
2024,Sakhir,1,Permanent,Haas,HUL,4,SOFT,42,56,15,False,96.86746666666667,94.834,-20.506,-0.48327857142856834,65.42302430069641,199.699017955907,335.0,0.0,1,0.06666666666666667,7.992333333333334,96.96557142857145
2024,Sakhir,1,Permanent,Haas,MAG,1,SOFT,2,11,10,True,99.08379999999998,98.399,2.1769999999999925,0.1646424242424264,61.70698943346457,194.56575343679378,333.0,56.0,10,1.0,1.1774999999999998,
2024,Sakhir,1,Permanent,Haas,MAG,2,HARD,12,32,21,True,99.12776190476191,96.89,-19.117000000000004,-0.22766493506493451,64.086540025011,194.88914505130987,330.0,0.0,16,0.7619047619047619,2.1186666666666665,98.50120000000001
2024,Sakhir,1,Permanent,Haas,MAG,3,HARD,33,56,24,False,97.34116666666667,95.57,-19.070999999999998,-0.12506521739130097,65.58665021710644,198.60745566173932,332.0,0.0,16,0.6666666666666666,2.991173913043478,98.637
2024,Sakhir,1,Permanent,McLaren,NOR,1,SOFT,2,13,12,True,98.15166666666666,97.45,2.625,0.13311888111888412,63.33482886553685,196.62410348944616,323.0,54.0,6,0.5,2.7573333333333334,98.28616666666666
2024,Sakhir,1,Permanent,McLaren,NOR,2,HARD,14,33,20,True,97.96010000000001,96.416,-18.14399999999999,-0.238296240601503,62.39383268382773,197.10507129690575,305.0,0.0,12,0.6,3.28365,99.2585
2024,Sakhir,1,Permanent,McLaren,NOR,3,HARD,34,57,24,False,96.41708333333332,94.476,-20.316000000000003,-0.16002782608695734,63.595314356208355,200.36922831959242,323.0,0.0,16,0.6666666666666666,2.691291666666667,97.995875
2024,Sakhir,1,Permanent,McLaren,PIA,1,SOFT,2,12,11,True,98.3269090909091,97.859,2.3569999999999993,0.12130909090909091,62.04995180628389,196.20981024377846,325.0,57.0,11,1.0,1.5676363636363637,
2024,Sakhir,1,Permanent,McLaren,PIA,2,HARD,13,34,22,True,97.99377272727271,96.427,-19.477999999999994,-0.20812478825522457,62.269073668831474,196.9216378586958,306.0,0.0,12,0.5454545454545454,3.241181818181818,99.4769
2024,Sakhir,1,Permanent,McLaren,PIA,3,HARD,35,57,23,False,96.55834782608696,94.774,-23.783,-0.21271146245059494,63.66317461138035,200.4124153484531,326.0,0.0,2,0.08695652173913043,4.019391304347826,95.5312380952381
2024,Sakhir,1,Permanent,Mercedes,HAM,1,SOFT,2,12,11,True,98.47845454545454,97.839,2.6159999999999997,0.11536363636363521,60.37223101591925,195.6752351921341,330.0,59.0,11,1.0,0.9920000000000001,
2024,Sakhir,1,Permanent,Mercedes,HAM,2,HARD,13,33,21,True,98.05595238095236,96.264,-18.948999999999998,-0.24405064935064702,63.39065927081546,196.79645611482988,306.0,0.0,9,0.42857142857142855,3.0497619047619047,96.73841666666668
2024,Sakhir,1,Permanent,Mercedes,HAM,3,HARD,34,57,24,False,96.22941666666668,94.722,-18.836,-0.16201652173912723,65.68779986625836,201.24593655743635,324.0,0.0,4,0.16666666666666666,4.139333333333333,96.35315
2024,Sakhir,1,Permanent,Mercedes,RUS,1,SOFT,2,11,10,True,97.865,96.406,3.8799999999999955,0.26695757575758366,62.71726414358898,197.27988519152953,321.0,62.0,3,0.3,4.908,98.2672857142857
2024,Sakhir,1,Permanent,Mercedes,RUS,2,HARD,12,31,20,True,98.1692,96.234,-19.054999999999993,-0.2787353383458638,64.67237038868461,197.0960667330952,320.0,0.0,9,0.45,4.380650000000001,97.14209090909092
2024,Sakhir,1,Permanent,Mercedes,RUS,3,HARD,32,57,26,False,96.54876923076924,95.065,-20.826999999999998,-0.14603760683760836,65.20110238038666,200.3030903135584,325.0,0.0,5,0.19230769230769232,7.2229230769230774,95.68309523809523
2024,Sakhir,1,Permanent,RB,RIC,1,SOFT,2,13,12,True,99.26774999999999,98.61,2.6640000000000015,0.12634615384615794,60.26044577772984,194.18069104828575,327.0,58.0,10,0.8333333333333334,1.8092499999999998,100.533
2024,Sakhir,1,Permanent,RB,RIC,2,HARD,14,35,22,True,98.94754545454545,97.07,-18.813000000000002,-0.18911462450592725,62.48641590432737,194.78125144665083,322.0,0.0,20,0.9090909090909091,1.8618636363636363,108.239
2024,Sakhir,1,Permanent,RB,RIC,3,SOFT,36,56,21,False,97.14157142857144,95.163,-19.333,-0.16420779220779277,63.64968957919627,198.5668020519316,329.0,0.0,13,0.6190476190476191,2.973,98.132375
2024,Sakhir,1,Permanent,RB,TSU,1,SOFT,2,14,13,True,98.77084615384615,98.31,2.4490000000000123,0.11758791208791283,61.378622137297135,194.7956099839702,325.0,60.0,13,1.0,1.5253076923076927,
2024,Sakhir,1,Permanent,RB,TSU,2,HARD,15,34,20,True,98.95420000000001,97.359,-18.753,-0.25820601503759616,62.74053432246577,195.13247817984603,328.0,0.0,15,0.75,3.2509,97.6134
2024,Sakhir,1,Permanent,RB,TSU,3,HARD,35,56,22,False,97.61972727272727,95.833,-19.944000000000003,-0.20012422360248436,63.41236873381621,197.57908298994718,330.0,0.0,20,0.9090909090909091,1.3681904761904764,106.699
2024,Sakhir,1,Permanent,Red Bull,PER,1,SOFT,2,12,11,True,97.85681818181818,96.541,3.736000000000004,0.1789000000000063,63.00553974089761,196.80089174245967,328.0,56.0,10,0.9090909090909091,1.5932727272727272,100.277
2024,Sakhir,1,Permanent,Red Bull,PER,2,HARD,13,36,24,True,97.29870833333332,95.606,-18.259,-0.16801260869565024,65.68410700383153,198.22503191442163,331.0,0.0,2,0.08333333333333333,12.840208333333335,96.39681818181818
2024,Sakhir,1,Permanent,Red Bull,PER,3,SOFT,37,57,21,False,95.97866666666668,94.364,-20.062000000000012,-0.21285064935064965,65.97269313671157,201.09142961629473,307.0,0.0,0,0.0,19.362047619047623,95.97866666666668
2024,Sakhir,1,Permanent,Red Bull,VER,1,SOFT,2,17,16,True,97.1546875,96.296,3.5999999999999943,0.0906014705882371,64.61601558629134,198.76547590448632,299.0,61.0,16,1.0,0.0,
2024,Sakhir,1,Permanent,Red Bull,VER,2,HARD,18,37,20,True,96.87634999999999,95.16,-18.620000000000005,-0.22169548872180492,64.75049366784339,199.6378027059105,303.0,0.0,20,1.0,0.0,
2024,Sakhir,1,Permanent,Red Bull,VER,3,SOFT,38,57,20,False,95.7728,92.608,-21.52199999999999,-0.28211879699248144,64.70868212483121,201.39298133469302,324.0,0.0,20,1.0,0.0,
2024,Sakhir,1,Permanent,Sauber,BOT,1,SOFT,2,12,11,True,99.41118181818183,98.259,4.885999999999996,0.23340909090909018,62.92838337328254,193.92598794581846,330.0,54.0,10,0.9090909090909091,0.9883,98.259
2024,Sakhir,1,Permanent,Sauber,BOT,2,HARD,13,30,18,True,99.42894444444444,96.454,-19.829000000000008,-0.27825902992775964,64.47072653707653,194.44219381506662,324.0,0.0,16,0.8888888888888888,1.8825555555555558,97.864
2024,Sakhir,1,Permanent,Sauber,BOT,3,HARD,31,56,26,False,99.85353846153846,96.202,-72.30999999999999,-0.6104321367521344,63.70575675491181,193.6950390798067,324.0,0.0,0,0.0,44.89161538461539,99.85353846153846
2024,Sakhir,1,Permanent,Sauber,ZHO,1,SOFT,2,9,8,True,99.27850000000001,98.428,2.929000000000002,0.34261904761904305,61.55710909548141,193.96114013690232,331.0,54.0,8,1.0,0.631,
2024,Sakhir,1,Permanent,Sauber,ZHO,2,HARD,10,28,19,True,98.9621052631579,96.365,-18.653000000000006,-0.2486999999999962,64.52326103849893,195.5171853262617,323.0,0.0,4,0.21052631578947367,6.152777777777778,99.23046666666667
2024,Sakhir,1,Permanent,Sauber,ZHO,3,HARD,29,56,28,False,97.57828571428571,95.458,-19.742999999999995,-0.11393048713737958,65.41043379546805,198.17926892542167,324.0,0.0,8,0.2857142857142857,4.858428571428571,97.85135
2024,Sakhir,1,Permanent,Williams,ALB,1,SOFT,2,15,14,True,98.91528571428573,98.422,2.345000000000013,0.09554725274725326,59.218745205790796,194.64206857450358,326.0,58.0,13,0.9285714285714286,1.8159999999999996,101.171
2024,Sakhir,1,Permanent,Williams,ALB,2,HARD,16,36,21,True,99.08761904761906,97.392,-19.007999999999996,-0.2309493506493478,60.39898144625899,194.43200271737712,330.0,0.0,16,0.7619047619047619,2.6272,98.3794
2024,Sakhir,1,Permanent,Williams,ALB,3,HARD,37,56,20,False,97.35430000000001,95.723,-20.710000000000008,-0.24904060150376028,62.23397980334052,198.41858463956373,308.0,0.0,6,0.3,3.7402,96.35278571428572
2024,Sakhir,1,Permanent,Williams,SAR,1,SOFT,2,10,9,True,105.90966666666667,98.39,63.37900000000002,4.309666666666664,56.32330633964753,182.07444210311414,320.0,0.0,8,0.8888888888888888,2.901888888888889,161.86
2024,Sakhir,1,Permanent,Williams,SAR,2,HARD,11,28,18,True,100.79561111111111,97.594,-31.90299999999999,-0.6524200206398347,60.8178694347494,191.5218289194304,318.0,0.0,0,0.0,68.87049999999999,100.79561111111111
2024,Sakhir,1,Permanent,Williams,SAR,3,HARD,29,40,12,True,99.01258333333334,95.715,-21.76400000000001,-0.8006328671328641,63.988881257125534,194.62104428862335,308.0,0.0,0,0.0,36.216,99.01258333333334
2024,Sakhir,1,Permanent,Williams,SAR,4,SOFT,41,55,15,False,97.59713333333335,94.735,-24.072999999999993,-0.46483571428571036,64.38813227678695,197.80970697868102,326.0,0.0,0,0.0,41.47653333333333,97.59713333333335
2024,Shanghai,5,Permanent,Alpine,GAS,1,MEDIUM,2,11,10,True,103.9155,102.847,5.542999999999992,0.3508060606060654,59.60776284895385,187.31472105156638,336.0,54.0,8,0.8,2.5324999999999998,106.07849999999999
2024,Shanghai,5,Permanent,Alpine,GAS,2,HARD,12,23,12,True,112.36358333333334,101.071,0.8259999999999934,1.6030944055944043,53.9520611928388,173.4118925515432,306.0,0.0,1,0.08333333333333333,8.381416666666667,109.98927272727273
2024,Shanghai,5,Permanent,Alpine,GAS,3,HARD,24,38,15,True,119.95246666666664,101.071,-43.55,-3.0198535714285666,49.128585914902196,162.48655270088966,339.0,0.0,13,0.8666666666666667,1.9129333333333334,129.6815
2024,Shanghai,5,Permanent,Alpine,GAS,4,MEDIUM,39,56,18,False,101.3925,99.198,-17.42,-0.23796800825593298,61.955987476758054,191.8190611182968,326.0,0.0,5,0.2777777777777778,6.589666666666667,101.63984615384616
2024,Shanghai,5,Permanent,Alpine,OCO,1,MEDIUM,2,9,8,True,103.879,102.807,5.268000000000001,0.5335000000000095,60.21374042667964,187.65970041790663,330.0,56.0,8,1.0,0.797375,
2024,Shanghai,5,Permanent,Alpine,OCO,2,HARD,10,23,14,True,109.53700000000002,101.472,16.961,1.6226681318681309,56.593027448802445,177.67957262920146,310.0,0.0,11,0.7857142857142857,2.566642857142857,130.10566666666668
2024,Shanghai,5,Permanent,Alpine,OCO,3,HARD,24,56,33,False,110.36118181818182,100.937,-47.004000000000005,-1.204319184491977,55.54833893436711,176.39230325025645,324.0,0.0,31,0.9393939393939394,1.71865625,124.97800000000001
2024,Shanghai,5,Permanent,Aston Martin,ALO,1,MEDIUM,2,11,10,True,103.0144,100.988,6.920000000000002,0.517878787878794,59.159470188700055,187.77777786464557,326.0,43.0,7,0.7,2.7509,104.23666666666666
2024,Shanghai,5,Permanent,Aston Martin,ALO,2,HARD,12,23,12,True,109.41724999999998,100.944,17.102999999999994,1.9095909090909102,53.09138141162245,176.79413698817103,336.0,0.0,2,0.16666666666666666,9.52275,109.0701
2024,Shanghai,5,Permanent,Aston Martin,ALO,3,SOFT,24,43,20,True,116.87495000000001,99.452,-42.589,-2.8232488721804545,48.10955488710636,165.64868082114828,335.0,0.0,14,0.7,2.27235,115.33366666666666
2024,Shanghai,5,Permanent,Aston Martin,ALO,4,MEDIUM,44,56,13,False,100.93423076923077,97.81,-17.028000000000006,-0.49275824175823824,60.22425421997277,191.47440119352828,335.0,0.0,5,0.38461538461538464,5.019461538461538,101.94662500000001
2024,Shanghai,5,Permanent,Aston Martin,STR,1,SOFT,2,9,8,True,103.436375,102.305,5.388000000000005,0.5230833333333466,56.158470447144836,187.9594001822267,336.0,56.0,5,0.625,2.1948749999999997,104.681
2024,Shanghai,5,Permanent,Aston Martin,STR,2,MEDIUM,10,21,12,True,104.76383333333332,101.281,-0.7450000000000045,0.02188811188811292,55.54092442054026,185.1134755645344,319.0,0.0,3,0.25,4.3157499999999995,105.66644444444445
2024,Shanghai,5,Permanent,Aston Martin,STR,3,HARD,22,26,5,True,139.75039999999998,127.034,4.546000000000021,0.35140000000001764,37.33725790329208,138.78806475772603,298.0,0.0,4,0.8,1.8252,132.862
2024,Shanghai,5,Permanent,Aston Martin,STR,4,MEDIUM,27,35,9,True,122.65811111111108,101.485,-115.84200000000001,-9.583016666666675,43.51193154011497,158.49982362844509,348.0,0.0,5,0.5555555555555556,28.25722222222222,141.8375
2024,Shanghai,5,Permanent,Aston Martin,STR,5,HARD,36,56,21,False,101.918,99.444,-29.073999999999998,-0.30303766233766044,56.67592697244956,190.0006565420434,333.0,0.0,3,0.14285714285714285,9.649095238095239,102.009
2024,Shanghai,5,Permanent,Ferrari,LEC,1,MEDIUM,2,21,20,True,102.65369999999999,101.812,10.156999999999996,0.13332180451127834,60.72852474609724,188.66065208163104,336.0,50.0,11,0.55,3.4579999999999997,103.08655555555555
2024,Shanghai,5,Permanent,Ferrari,LEC,2,HARD,22,56,35,False,111.90328571428572,99.384,-49.637000000000015,-1.4285207282913155,55.707494072005545,173.0281387573959,328.0,0.0,23,0.6571428571428571,2.4711714285714286,103.34333333333335
2024,Shanghai,5,Permanent,Ferrari,SAI,1,MEDIUM,2,17,16,True,102.96043750000001,101.979,5.748000000000005,0.1632808823529433,59.73811764463839,188.65693632155492,334.0,52.0,13,0.8125,1.9384666666666666,104.42199999999998
2024,Shanghai,5,Permanent,Ferrari,SAI,2,HARD,18,56,39,False,111.07751282051282,99.764,-18.442000000000007,-0.9102402834008098,55.154094476366005,174.8483266452338,334.0,0.0,15,0.38461538461538464,5.327076923076923,104.61304166666666
2024,Shanghai,5,Permanent,Haas,HUL,1,MEDIUM,2,8,7,True,104.09971428571428,102.347,5.376999999999995,0.7185357142857061,56.75273224204616,187.50013319031558,340.0,49.0,7,1.0,1.1234285714285714,
2024,Shanghai,5,Permanent,Haas,HUL,2,HARD,9,23,15,True,108.7548,101.42,17.732,1.4171357142857153,53.75974712267967,179.32811019459388,318.0,0.0,9,0.6,4.018733333333333,118.85666666666664
2024,Shanghai,5,Permanent,Haas,HUL,3,HARD,24,56,33,False,110.48390909090908,100.815,-48.471000000000004,-1.225408088235292,52.70972123838615,176.0447129091933,333.0,0.0,30,0.9090909090909091,1.8488387096774193,107.48933333333333
2024,Shanghai,5,Permanent,Haas,MAG,1,HARD,2,17,16,True,104.24668750000001,103.179,6.355000000000004,0.15881029411765277,57.09112940999319,186.0618670092484,346.0,51.0,11,0.6875,1.9618125000000002,103.74640000000002
2024,Shanghai,5,Permanent,Haas,MAG,2,HARD,18,27,10,True,126.8579,101.106,39.684,4.611387878787881,42.07369919689595,153.54570779146346,320.0,0.0,8,0.8,2.8738,140.74599999999998
2024,Shanghai,5,Permanent,Haas,MAG,3,MEDIUM,28,56,29,False,106.29224137931034,101.077,-34.196,-0.7574113300492616,55.16529960228971,183.00966304439385,342.0,0.0,13,0.4482758620689655,5.070142857142856,103.99087499999999
2024,Shanghai,5,Permanent,McLaren,NOR,1,MEDIUM,2,22,21,True,103.7062380952381,101.267,37.37899999999999,0.5178987012987007,55.62577313334986,186.26153536531135,332.0,49.0,17,0.8095238095238095,1.7177142857142857,111.41399999999999
2024,Shanghai,5,Permanent,McLaren,NOR,2,HARD,23,56,34,False,111.29329411764706,98.751,-48.39299999999999,-1.4889533995416362,49.79042553687907,173.96069816956006,312.0,0.0,13,0.38235294117647056,5.932088235294119,102.21409523809524
2024,Shanghai,5,Permanent,McLaren,PIA,1,MEDIUM,2,16,15,True,102.9206,101.607,6.036000000000001,0.20687857142857174,57.67452841296758,188.4927270561508,328.0,56.0,13,0.8666666666666667,1.9618,105.39099999999999
2024,Shanghai,5,Permanent,McLaren,PIA,2,MEDIUM,17,24,8,True,117.24687500000002,99.739,18.292999999999992,4.8507023809523915,44.23354104234016,165.66809478515833,330.0,0.0,3,0.375,2.9365,121.2826
2024,Shanghai,5,Permanent,McLaren,PIA,3,HARD,25,56,32,False,110.05771874999999,100.397,-43.462,-1.2701321480938412,51.03398444596959,176.74129155133525,322.0,0.0,14,0.4375,4.686812499999999,101.37283333333332
2024,Shanghai,5,Permanent,Mercedes,HAM,1,SOFT,2,9,8,True,104.098375,102.906,3.806999999999988,0.4054880952380967,58.09110768099719,185.97017328092318,341.0,55.0,7,0.875,0.8714285714285716,102.906
2024,Shanghai,5,Permanent,Mercedes,HAM,2,MEDIUM,10,21,12,True,105.35408333333334,101.409,3.8699999999999903,0.24295454545454953,58.05316206575964,184.05732691885515,334.0,0.0,11,0.9166666666666666,1.9666666666666666,122.779
2024,Shanghai,5,Permanent,Mercedes,HAM,3,HARD,22,56,35,False,111.48577142857141,100.835,-47.31299999999999,-1.2226896358543415,51.13735689207399,173.94285818338994,337.0,0.0,32,0.9142857142857143,1.4307941176470589,116.46499999999999
2024,Shanghai,5,Permanent,Mercedes,RUS,1,MEDIUM,2,11,10,True,103.15929999999999,101.696,6.320000000000007,0.4709757575757696,57.3022067330527,187.54118145061562,334.0,53.0,10,1.0,1.1123,
2024,Shanghai,5,Permanent,Mercedes,RUS,2,MEDIUM,12,23,12,True,109.43641666666667,100.785,20.071000000000012,2.067143356643356,52.681813577629406,176.82647442012598,337.0,0.0,12,1.0,1.99,
2024,Shanghai,5,Permanent,Mercedes,RUS,3,HARD,24,56,33,False,110.32430303030303,100.112,-48.07900000000001,-1.3317299465240608,52.24895299130685,176.42269309832358,332.0,0.0,29,0.8787878787878788,1.9763939393939396,100.93299999999999
2024,Shanghai,5,Permanent,RB,RIC,1,MEDIUM,2,14,13,True,103.73507692307693,102.976,4.332000000000008,0.14052747252747746,58.49305624244848,186.51787038413158,340.0,56.0,10,0.7692307692307693,3.0913076923076925,104.64433333333334
2024,Shanghai,5,Permanent,RB,RIC,2,MEDIUM,15,33,19,False,123.06621052631579,100.994,-4.841999999999999,1.6341140350877255,45.898951110703294,157.01346529995382,337.0,0.0,16,0.8421052631578947,1.7443684210526316,133.20133333333334
2024,Shanghai,5,Permanent,RB,TSU,1,SOFT,2,8,7,True,104.23028571428573,103.095,4.756,0.5882857142857059,57.215918847623364,185.6905456751523,338.0,56.0,7,1.0,0.7874285714285715,
2024,Shanghai,5,Permanent,RB,TSU,2,MEDIUM,9,23,15,True,109.30433333333332,101.593,17.857,1.4601428571428583,55.500374130896446,177.35421069149777,330.0,0.0,13,0.8666666666666667,2.2728666666666664,119.8375
2024,Shanghai,5,Permanent,RB,TSU,3,HARD,24,26,3,False,135.80433333333335,114.27,-5.722999999999985,-2.861499999999978,44.82292226639637,142.7137603239662,277.0,0.0,3,1.0,1.984,
2024,Shanghai,5,Permanent,Red Bull,PER,1,MEDIUM,2,13,12,True,102.04516666666667,100.881,5.984999999999999,0.2802587412587461,58.441500502983565,190.19855588519712,332.0,56.0,3,0.25,5.685666666666666,102.34266666666667
2024,Shanghai,5,Permanent,Red Bull,PER,2,HARD,14,23,10,True,110.0278,100.038,19.236999999999995,2.6473090909090944,52.892384427740325,177.18239145527264,335.0,0.0,3,0.3,6.5812,112.92757142857143
2024,Shanghai,5,Permanent,Red Bull,PER,3,HARD,24,56,33,False,110.39163636363638,99.388,-51.84299999999999,-1.4419428475935794,52.153574507376725,175.75858693311008,332.0,0.0,15,0.45454545454545453,2.9078125,99.94038888888889
2024,Shanghai,5,Permanent,Red Bull,VER,1,MEDIUM,2,13,12,True,101.44066666666667,100.103,6.423000000000002,0.30211888111888463,59.15138741386069,191.4945097589453,311.0,58.0,12,1.0,0.0,
2024,Shanghai,5,Permanent,Red Bull,VER,2,HARD,14,23,10,True,109.1183,99.519,18.86399999999999,2.527218181818181,53.39976269531061,178.30576909735217,332.0,0.0,8,0.8,1.6456,99.75200000000001
2024,Shanghai,5,Permanent,Red Bull,VER,3,HARD,24,56,33,False,110.38045454545454,98.406,-66.03099999999999,-1.539305815508019,52.517704969166545,176.3799098368414,311.0,0.0,33,1.0,0.0,
2024,Shanghai,5,Permanent,Sauber,BOT,1,MEDIUM,2,9,8,True,103.66875,102.548,4.936000000000007,0.4619285714285763,58.65900495977263,187.7642597517916,342.0,49.0,8,1.0,1.008375,
2024,Shanghai,5,Permanent,Sauber,BOT,2,HARD,10,19,10,False,104.1021,101.276,-18.76400000000001,-0.9401636363636341,59.70551487977601,186.72444987389287,332.0,0.0,10,1.0,1.4011,
2024,Shanghai,5,Permanent,Sauber,ZHO,1,MEDIUM,2,8,7,True,104.80771428571427,103.484,5.079999999999998,0.5761428571428413,55.90417505500172,184.68919806920306,340.0,56.0,7,1.0,0.6437142857142858,
2024,Shanghai,5,Permanent,Sauber,ZHO,2,HARD,9,23,15,True,109.55753333333334,101.765,16.400000000000006,1.4849214285714296,54.20754010059527,177.3443168987196,315.0,0.0,7,0.4666666666666667,3.2283333333333335,112.993875
2024,Shanghai,5,Permanent,Sauber,ZHO,3,HARD,24,40,17,True,118.43676470588235,101.283,-46.2,-2.859502450980397,48.31991308570786,164.39894968604034,339.0,0.0,14,0.8235294117647058,1.8261764705882353,120.16366666666666
2024,Shanghai,5,Permanent,Sauber,ZHO,4,SOFT,41,56,16,False,101.44562499999999,98.633,-17.63600000000001,-0.2804852941176439,60.095659997586445,191.897870288303,334.0,0.0,11,0.6875,2.8950625,103.20320000000001
2024,Shanghai,5,Permanent,Williams,ALB,1,MEDIUM,2,9,8,True,103.95175,102.975,5.213999999999999,0.5059761904761946,54.399530014483254,186.59858367371285,338.0,53.0,8,1.0,1.0085,
2024,Shanghai,5,Permanent,Williams,ALB,2,MEDIUM,10,23,14,True,110.10914285714284,102.151,15.096000000000004,1.557441758241756,48.831408389244956,175.77353166073476,338.0,0.0,12,0.8571428571428571,1.9082307692307694,111.8325
2024,Shanghai,5,Permanent,Williams,ALB,3,HARD,24,56,33,False,110.16830303030302,100.79,-48.275000000000006,-1.1616714572192484,48.83478949180948,175.85401554936973,320.0,0.0,32,0.9696969696969697,1.6135151515151513,111.954
2024,Shanghai,5,Permanent,Williams,SAR,1,SOFT,2,12,11,True,104.27827272727272,103.236,4.981000000000009,0.20845454545454314,53.67166007801791,185.04748575404656,337.0,52.0,11,1.0,1.0467272727272727,
2024,Shanghai,5,Permanent,Williams,SAR,2,MEDIUM,13,24,12,True,113.40674999999999,101.0,15.123000000000005,2.7549545454545483,46.559168369494145,170.38649394531146,330.0,0.0,8,0.6666666666666666,2.694416666666667,114.58
2024,Shanghai,5,Permanent,Williams,SAR,3,HARD,25,56,32,False,109.92475,101.096,-23.605000000000004,-1.073599706744867,50.738124463016845,176.69911471300418,329.0,0.0,21,0.65625,2.868375,104.55690909090909
2024,Silverstone,12,Permanent,Alpine,OCO,1,SOFT,2,19,18,True,95.12505555555556,93.21,7.884999999999991,0.3430371517027872,72.05923053846114,219.9497661218708,333.0,71.0,10,0.5555555555555556,3.6519999999999992,96.64825
2024,Silverstone,12,Permanent,Alpine,OCO,2,INTERMEDIATE,20,21,2,True,110.38050000000001,99.736,-21.289,-21.289000000000026,66.21920530440285,187.86194012482625,293.0,0.0,0,0.0,23.564999999999998,110.38050000000001
2024,Silverstone,12,Permanent,Alpine,OCO,3,MEDIUM,22,26,5,True,106.96860000000001,95.488,3.5019999999999953,1.894800000000002,63.226602417194556,195.72679182800985,298.0,0.0,0,0.0,20.2218,106.96860000000001
2024,Silverstone,12,Permanent,Alpine,OCO,4,INTERMEDIATE,27,38,12,True,104.62733333333334,99.44,-23.296000000000006,-0.895895104895104,64.40671424213159,199.9210541653773,297.0,0.0,0,0.0,14.001,104.62733333333334
2024,Silverstone,12,Permanent,Alpine,OCO,5,MEDIUM,39,50,12,False,94.27550000000001,90.875,-28.52199999999999,-0.9949930069930064,73.17410420328159,222.3795029819803,312.0,0.0,0,0.0,26.853000000000005,94.27550000000001
2024,Silverstone,12,Permanent,Aston Martin,ALO,1,MEDIUM,2,27,26,True,94.79623076923076,92.259,15.311000000000007,0.31558290598290434,67.02534482865363,220.62596137949083,332.0,61.0,25,0.9615384615384616,1.3186153846153845,108.513
2024,Silverstone,12,Permanent,Aston Martin,ALO,2,INTERMEDIATE,28,38,11,True,104.67218181818181,98.684,-25.74300000000001,-1.2237454545454536,60.72406967456912,200.8446487972449,301.0,0.0,0,0.0,9.429636363636364,104.67218181818181
2024,Silverstone,12,Permanent,Aston Martin,ALO,3,MEDIUM,39,52,14,False,92.43328571428573,89.71,-27.803999999999988,-0.7984967032967041,69.82697004724886,226.53205608853136,314.0,0.0,0,0.0,6.390000000000001,92.43328571428573
2024,Silverstone,12,Permanent,Aston Martin,STR,1,MEDIUM,2,26,25,True,94.23852000000001,92.273,8.100999999999999,0.21631461538461497,67.65732646498584,221.72654522824956,328.0,64.0,16,0.64,1.9011739130434782,92.83933333333334
2024,Silverstone,12,Permanent,Aston Martin,STR,2,INTERMEDIATE,27,39,13,True,103.9906153846154,97.759,-23.852000000000004,-0.9066263736263701,61.11736881543474,202.05921322178236,303.0,0.0,6,0.46153846153846156,2.687846153846153,101.96614285714288
2024,Silverstone,12,Permanent,Aston Martin,STR,3,MEDIUM,40,52,13,False,92.05223076923077,89.897,-25.979,-0.8633241758241763,72.5183968249443,227.58527061028306,312.0,0.0,4,0.3076923076923077,3.0667499999999994,92.95566666666667
2024,Silverstone,12,Permanent,Ferrari,LEC,1,MEDIUM,2,19,18,True,93.6376111111111,91.989,13.009999999999991,0.3139308565531474,70.64631985195686,223.0284126459116,329.0,69.0,12,0.6666666666666666,2.7336666666666667,95.86216666666667
2024,Silverstone,12,Permanent,Ferrari,LEC,2,INTERMEDIATE,20,27,8,True,108.33250000000001,102.846,-14.357,-0.7912857142857125,62.75616914962429,193.58560981689612,302.0,0.0,1,0.125,27.917749999999998,109.11628571428572
2024,Silverstone,12,Permanent,Ferrari,LEC,3,INTERMEDIATE,28,37,10,True,104.24680000000001,98.357,-24.781000000000006,-1.4220727272727274,65.00039982484138,201.31803058501066,299.0,0.0,0,0.0,41.336200000000005,104.24680000000001
2024,Silverstone,12,Permanent,Ferrari,LEC,4,SOFT,38,51,14,False,92.376,89.748,-26.137,-0.7601978021978011,75.48051141204483,226.76837358493637,327.0,0.0,3,0.21428571428571427,12.856071428571429,92.87663636363636
2024,Silverstone,12,Permanent,Ferrari,SAI,1,MEDIUM,2,26,25,True,93.49516,91.9,10.122,0.19369999999999976,71.45519480851283,223.82504749670125,323.0,65.0,17,0.68,2.4996,92.718375
2024,Silverstone,12,Permanent,Ferrari,SAI,2,INTERMEDIATE,27,39,13,True,103.36392307692307,96.802,-24.861999999999995,-0.9774285714285699,66.12089382645128,203.5070135681216,302.0,0.0,3,0.23076923076923078,7.977538461538462,101.6979
2024,Silverstone,12,Permanent,Ferrari,SAI,3,HARD,40,50,11,True,92.15718181818181,89.415,-27.319000000000003,-1.2990818181818171,75.603886908052,226.75235923033017,309.0,0.0,0,0.0,11.167909090909092,92.15718181818181
2024,Silverstone,12,Permanent,Ferrari,SAI,4,SOFT,51,52,2,False,100.4195,88.293,-24.253,-24.253000000000004,72.50266686650195,208.75543811727735,307.0,0.0,0,0.0,34.712,100.4195
2024,Silverstone,12,Permanent,Haas,HUL,1,MEDIUM,2,26,25,True,94.11240000000002,92.233,9.009,0.20485076923076817,67.30324525139108,222.55787083742143,325.0,65.0,18,0.72,4.99456,95.16371428571428
2024,Silverstone,12,Permanent,Haas,HUL,2,INTERMEDIATE,27,39,13,True,103.79030769230768,97.245,-25.482,-0.9542802197802202,61.893689728713234,202.97516303021064,303.0,0.0,0,0.0,15.451769230769232,103.79030769230768
2024,Silverstone,12,Permanent,Haas,HUL,3,SOFT,40,52,13,False,92.34853846153845,89.836,-24.812000000000012,-0.826560439560436,73.08517491440885,227.878084543744,312.0,0.0,0,0.0,21.434,92.34853846153845
2024,Silverstone,12,Permanent,Haas,MAG,1,MEDIUM,2,27,26,True,94.98284615384614,92.506,17.10900000000001,0.3075781196581176,66.82447356972072,220.59717347380894,337.0,69.0,24,0.9230769230769231,1.3941538461538463,102.4055
2024,Silverstone,12,Permanent,Haas,MAG,2,INTERMEDIATE,28,37,10,True,106.20249999999999,102.038,-23.26100000000001,-1.0935696969696904,59.09153653706838,197.49370452931902,301.0,0.0,1,0.1,4.553700000000001,104.08066666666667
2024,Silverstone,12,Permanent,Haas,MAG,3,SOFT,38,52,15,False,93.46346666666665,90.093,-31.948999999999998,-0.8372714285714263,70.64722236246097,224.50565239904466,309.0,0.0,8,0.5333333333333333,6.810733333333333,95.95899999999999
2024,Silverstone,12,Permanent,McLaren,NOR,1,MEDIUM,2,27,26,True,93.46223076923077,90.86,12.617999999999995,0.2475398290598277,68.13389623829775,223.65112758686476,327.0,71.0,25,0.9615384615384616,0.8730769230769232,91.69
2024,Silverstone,12,Permanent,McLaren,NOR,2,INTERMEDIATE,28,39,12,True,102.57650000000001,96.746,-24.16900000000001,-0.9965594405594445,62.238236143412855,204.6983934506338,306.0,0.0,11,0.9166666666666666,0.7321666666666666,120.915
2024,Silverstone,12,Permanent,McLaren,NOR,3,SOFT,40,52,13,False,92.02484615384616,89.262,-23.927000000000007,-0.7179120879120864,70.6124821652856,227.86533378826857,313.0,0.0,10,0.7692307692307693,2.767615384615385,90.746
2024,Silverstone,12,Permanent,McLaren,PIA,1,MEDIUM,2,28,27,True,94.36588888888889,90.976,20.614999999999995,0.4011446886446861,66.68981768856096,221.78212966406275,329.0,67.0,27,1.0,1.1484444444444444,
2024,Silverstone,12,Permanent,McLaren,PIA,2,INTERMEDIATE,29,38,10,True,103.68229999999998,97.106,-24.078000000000003,-1.3318848484848453,60.864179973242734,202.52449461590194,304.0,0.0,9,0.9,2.1016,121.184
2024,Silverstone,12,Permanent,McLaren,PIA,3,MEDIUM,39,52,14,False,91.1984285714286,88.748,-24.730000000000004,-0.734615384615387,71.17498643011359,229.80003464168135,309.0,0.0,0,0.0,9.827642857142857,91.1984285714286
2024,Silverstone,12,Permanent,Mercedes,HAM,1,MEDIUM,2,27,26,True,93.63750000000002,91.095,13.763000000000005,0.28696854700854396,71.10338570462731,223.0647271073571,320.0,73.0,26,1.0,1.3940769230769232,
2024,Silverstone,12,Permanent,Mercedes,HAM,2,INTERMEDIATE,28,38,11,True,102.91672727272727,97.22,-23.646,-1.0449727272727267,64.50382779257771,203.9681225565224,305.0,0.0,4,0.36363636363636365,3.0270000000000006,104.42257142857144
2024,Silverstone,12,Permanent,Mercedes,HAM,3,SOFT,39,52,14,False,91.74042857142855,89.438,-27.242999999999995,-0.8030813186813197,75.69239377970024,228.83263468807596,310.0,0.0,14,1.0,0.17685714285714285,
2024,Silverstone,12,Permanent,Mercedes,RUS,1,MEDIUM,2,27,26,True,93.81823076923078,91.298,16.279999999999987,0.31961709401709293,70.48012152284161,222.96884153914962,310.0,63.0,26,1.0,0.5711538461538461,
2024,Silverstone,12,Permanent,Mercedes,RUS,2,INTERMEDIATE,28,33,6,False,106.19866666666667,100.405,-18.120999999999995,-2.3400000000000127,59.75442595189958,197.00170283506867,302.0,0.0,4,0.6666666666666666,2.5536666666666665,112.3735
2024,Silverstone,12,Permanent,RB,RIC,1,MEDIUM,2,26,25,True,94.99272,92.721,11.104,0.2731407692307676,67.42759341891673,220.0285176918262,327.0,61.0,17,0.68,3.7928,98.02925
2024,Silverstone,12,Permanent,RB,RIC,2,INTERMEDIATE,27,37,11,True,105.51809090909092,100.483,-22.304999999999993,-0.9004818181818177,61.04992352102072,199.6346901763454,303.0,0.0,8,0.7272727272727273,4.207272727272727,109.92833333333334
2024,Silverstone,12,Permanent,RB,RIC,3,SOFT,38,51,14,False,94.19742857142857,90.735,-28.51400000000001,-0.7860439560439608,69.75614579162527,222.37783742477706,324.0,0.0,6,0.42857142857142855,3.689428571428571,92.088375
2024,Silverstone,12,Permanent,RB,TSU,1,MEDIUM,2,27,26,True,94.82007692307694,92.57,14.912000000000006,0.3011692307692294,67.57844583991196,220.59093746494977,333.0,73.0,22,0.8461538461538461,1.4078461538461537,93.982
2024,Silverstone,12,Permanent,RB,TSU,2,INTERMEDIATE,28,38,11,True,105.0139090909091,98.67,-24.77799999999999,-1.1990545454545398,62.496306310482716,199.81150915300063,305.0,0.0,6,0.5454545454545454,2.8450909090909096,102.43979999999999
2024,Silverstone,12,Permanent,RB,TSU,3,SOFT,39,52,14,False,93.19842857142855,90.229,-26.546999999999997,-0.7403692307692398,71.74478828642764,225.27179714381387,315.0,0.0,2,0.14285714285714285,5.288785714285715,93.509
2024,Silverstone,12,Permanent,Red Bull,PER,1,HARD,2,19,18,True,93.53977777777777,92.111,8.926000000000002,0.25192569659442626,68.36406568438343,223.15194179533194,336.0,68.0,16,0.8888888888888888,1.1439444444444444,92.756
2024,Silverstone,12,Permanent,Red Bull,PER,2,INTERMEDIATE,20,28,9,True,108.20566666666667,101.997,-13.926000000000002,-0.35613333333333735,57.140316307363655,193.41151470456296,302.0,0.0,1,0.1111111111111111,9.632888888888889,108.3155
2024,Silverstone,12,Permanent,Red Bull,PER,3,INTERMEDIATE,29,37,9,True,105.09766666666667,99.697,-24.688000000000002,-1.5092333333333394,60.37516547206319,199.9888678565644,304.0,0.0,0,0.0,13.905444444444445,105.09766666666667
2024,Silverstone,12,Permanent,Red Bull,PER,4,MEDIUM,38,47,10,True,93.95859999999999,90.136,-29.376000000000005,-1.797466666666664,70.57284287754996,221.96353821252706,321.0,0.0,0,0.0,23.842599999999997,93.95859999999999
2024,Silverstone,12,Permanent,Red Bull,PER,5,SOFT,48,50,3,False,104.19133333333333,89.707,-35.80000000000001,-17.89999999999999,60.87288181464779,201.30836101784496,308.0,0.0,0,0.0,23.230999999999998,104.19133333333333
2024,Silverstone,12,Permanent,Red Bull,VER,1,MEDIUM,2,26,25,True,93.52244,91.661,9.718000000000004,0.23039230769230667,69.64431166581274,223.71497619208643,317.0,73.0,15,0.6,2.7016666666666667,95.03529999999999
2024,Silverstone,12,Permanent,Red Bull,VER,2,INTERMEDIATE,27,38,12,True,102.78424999999999,95.963,-23.206000000000003,-0.9337937062937017,63.07479062821651,204.28133825752877,302.0,0.0,1,0.08333333333333333,7.7259166666666665,102.93045454545454
2024,Silverstone,12,Permanent,Red Bull,VER,3,HARD,39,52,14,False,91.45292857142856,88.952,-29.22200000000001,-0.8552021978021976,74.56834945806666,229.1192945368759,327.0,0.0,9,0.6428571428571429,2.651785714285714,95.4006
2024,Silverstone,12,Permanent,Sauber,BOT,1,MEDIUM,2,26,25,True,95.65451999999999,93.156,14.165000000000006,0.2899099999999989,69.53779288422427,219.12871721837143,323.0,72.0,11,0.44,5.83432,96.70342857142855
2024,Silverstone,12,Permanent,Sauber,BOT,2,INTERMEDIATE,27,37,11,True,105.78127272727274,99.987,-25.38000000000001,-1.0387090909090864,62.785777387833804,197.94465110184157,296.0,0.0,0,0.0,21.01609090909091,105.78127272727274
2024,Silverstone,12,Permanent,Sauber,BOT,3,SOFT,38,51,14,False,94.97378571428574,91.277,-34.411,-1.1532285714285702,71.35883093293805,221.05787786529814,310.0,0.0,1,0.07142857142857142,30.291642857142854,95.18584615384617
2024,Silverstone,12,Permanent,Sauber,ZHO,1,SOFT,2,12,11,True,94.41454545454545,93.221,0.671999999999997,0.21743636363636806,69.66055070044608,221.35345319647547,330.0,76.0,9,0.8181818181818182,1.4808999999999999,94.0115
2024,Silverstone,12,Permanent,Sauber,ZHO,2,MEDIUM,13,19,7,True,99.89085714285714,92.45,-8.736000000000004,-0.22167857142858627,67.02895470820656,209.62900749330663,301.0,0.0,0,0.0,22.067,99.89085714285714
2024,Silverstone,12,Permanent,Sauber,ZHO,3,INTERMEDIATE,20,26,7,True,110.43842857142856,104.56,-20.842,-2.0191785714285824,58.21213705052278,189.61853152414162,299.0,0.0,0,0.0,39.42914285714285,110.43842857142856
2024,Silverstone,12,Permanent,Sauber,ZHO,4,INTERMEDIATE,27,37,11,True,105.57254545454545,101.608,-22.906999999999996,-0.8925181818181787,61.81373737250063,198.88849984373937,301.0,0.0,0,0.0,44.934090909090905,105.57254545454545
2024,Silverstone,12,Permanent,Sauber,ZHO,5,SOFT,38,50,13,False,94.39546153846153,91.014,-34.980000000000004,-1.1864615384615371,71.29349974635907,221.8007614196905,308.0,0.0,0,0.0,47.59861538461538,94.39546153846153
2024,Silverstone,12,Permanent,Williams,ALB,1,MEDIUM,2,27,26,True,94.82907692307693,92.265,14.596000000000004,0.2948136752136737,63.79016124554607,220.6116074926528,332.0,69.0,26,1.0,1.0758076923076922,
2024,Silverstone,12,Permanent,Williams,ALB,2,INTERMEDIATE,28,38,11,True,105.2198181818182,97.843,-30.616,-1.4056545454545444,57.11158001022888,199.85135281176173,305.0,0.0,0,0.0,4.251,105.2198181818182
2024,Silverstone,12,Permanent,Williams,ALB,3,MEDIUM,39,52,14,False,92.206,89.718,-27.959999999999994,-0.8525054945054948,69.05369561148866,227.31717070386804,332.0,0.0,6,0.42857142857142855,4.460785714285715,93.44375
2024,Silverstone,12,Permanent,Williams,SAR,1,MEDIUM,2,27,26,True,95.13973076923077,92.543,18.810999999999993,0.3452420512820492,66.06594739624143,219.46054989850532,330.0,68.0,26,1.0,1.0671923076923078,
2024,Silverstone,12,Permanent,Williams,SAR,2,INTERMEDIATE,28,38,11,True,105.62990909090908,98.811,-27.169999999999987,-1.1726727272727209,58.452608081026916,198.53356175357808,303.0,0.0,5,0.45454545454545453,3.641181818181818,107.63116666666667
2024,Silverstone,12,Permanent,Williams,SAR,3,SOFT,39,52,14,False,92.76321428571428,89.972,-24.168000000000006,-0.6370307692307717,71.44844961180847,225.40218132414097,330.0,0.0,6,0.42857142857142855,6.030357142857143,91.258
2024,Singapore,18,Street,Alpine,GAS,1,MEDIUM,2,37,36,True,100.65036111111112,99.106,11.316000000000003,0.11150592020592272,58.4502117723298,173.92824667695135,308.0,55.0,19,0.5277777777777778,3.024114285714286,99.97158823529412
2024,Singapore,18,Street,Alpine,GAS,2,SOFT,38,61,24,False,99.00983333333333,96.927,-22.146,-0.18551739130434608,58.818438297886274,177.23430837106434,314.0,0.0,15,0.625,3.269083333333333,100.13666666666667
2024,Singapore,18,Street,Alpine,OCO,1,MEDIUM,2,29,28,True,100.12510714285715,98.999,9.653999999999996,0.12299206349206625,58.351463564128416,174.60383330977325,306.0,59.0,19,0.6785714285714286,2.559392857142857,100.24255555555555
2024,Singapore,18,Street,Alpine,OCO,2,HARD,30,61,32,False,99.4733125,97.964,-19.573999999999998,-0.11447653958944476,58.96540024805085,176.20942150692466,314.0,0.0,8,0.25,13.229625,99.62633333333333
2024,Singapore,18,Street,Aston Martin,ALO,1,MEDIUM,2,25,24,True,99.40341666666666,98.524,9.12299999999999,0.10576347826087085,53.25301870811049,175.94110819009356,311.0,55.0,24,1.0,0.8174166666666668,
2024,Singapore,18,Street,Aston Martin,ALO,2,HARD,26,61,36,False,98.92716666666666,97.741,-17.406000000000006,-0.09191557271557022,54.71433834174729,177.44658062074075,316.0,0.0,11,0.3055555555555556,3.4376571428571427,99.09255999999999
2024,Singapore,18,Street,Aston Martin,STR,1,HARD,2,26,25,True,100.39776,99.494,7.644999999999996,0.09447230769230634,53.4666720897305,174.52159211855218,309.0,55.0,17,0.68,2.4810416666666666,100.07875
2024,Singapore,18,Street,Aston Martin,STR,2,MEDIUM,27,61,35,False,99.35968571428572,97.851,-20.555999999999997,-0.0973624649859962,54.593905544383915,176.21377751017596,313.0,0.0,8,0.22857142857142856,4.699000000000001,99.41374074074074
2024,Singapore,18,Street,Ferrari,LEC,1,MEDIUM,2,36,35,True,99.23654285714285,98.187,7.3089999999999975,0.039378431372548324,58.33051082202317,176.80804554654208,319.0,55.0,28,0.8,2.8826857142857145,99.92114285714287
2024,Singapore,18,Street,Ferrari,LEC,2,HARD,37,62,26,False,97.48584615384615,95.371,-18.442000000000007,-0.10810051282051378,61.81206235552211,180.1945555026205,319.0,0.0,13,0.5,4.258115384615386,97.72123076923074
2024,Singapore,18,Street,Ferrari,SAI,1,MEDIUM,2,13,12,True,99.89441666666669,98.694,6.855000000000004,0.25562587412587334,56.70360510822598,175.65191837752113,318.0,55.0,12,1.0,0.6692499999999999,
2024,Singapore,18,Street,Ferrari,SAI,2,HARD,14,62,49,False,98.78318367346937,96.561,-17.195999999999998,-0.04333173469387826,59.67638119813639,177.9529720394225,316.0,0.0,11,0.22448979591836735,9.160458333333334,98.83626315789475
2024,Singapore,18,Street,Haas,HUL,1,MEDIUM,2,29,28,True,99.47932142857144,98.404,9.100999999999999,0.10407909140668029,55.92151462850328,176.85947105320386,309.0,58.0,10,0.35714285714285715,6.446000000000001,99.24327777777778
2024,Singapore,18,Street,Haas,HUL,2,HARD,30,61,32,False,98.89271875,97.47,-22.918000000000006,-0.11277364369501597,55.51595138942299,178.1340983674145,321.0,0.0,20,0.625,3.2080312499999994,98.25733333333334
2024,Singapore,18,Street,Haas,MAG,1,HARD,2,28,27,True,100.2931111111111,98.948,9.183000000000007,0.13182967032966805,55.1697794889108,175.4669606426427,316.0,56.0,22,0.8148148148148148,2.0501111111111108,100.40599999999999
2024,Singapore,18,Street,Haas,MAG,2,MEDIUM,29,49,21,True,103.09666666666665,97.926,50.74499999999999,0.6753584415584418,52.99658769502645,170.33143757178263,319.0,0.0,19,0.9047619047619048,2.3984761904761904,145.2875
2024,Singapore,18,Street,Haas,MAG,3,SOFT,50,57,8,False,103.569125,94.754,-26.37599999999999,-1.9392738095238062,52.141369057475906,169.4096399818775,318.0,0.0,0,0.0,74.28750000000001,103.569125
2024,Singapore,18,Street,McLaren,NOR,1,MEDIUM,2,30,29,True,97.77358620689655,96.495,8.59299999999999,0.07811034482758289,55.94140626531474,179.63929836517653,292.0,28.0,29,1.0,0.0,
2024,Singapore,18,Street,McLaren,NOR,2,HARD,31,62,32,False,97.39728124999999,94.925,-20.486000000000004,-0.10399505131964967,54.47951155147283,180.37562003442864,310.0,0.0,32,1.0,0.0,
2024,Singapore,18,Street,McLaren,PIA,1,MEDIUM,2,38,37,True,98.59756756756755,97.651,7.456000000000003,0.020325509720246205,55.71856084829845,177.76685763125528,309.0,58.0,25,0.6756756756756757,4.278083333333332,98.86966666666666
2024,Singapore,18,Street,McLaren,PIA,2,HARD,39,62,24,False,97.54233333333333,95.745,-20.682000000000002,-0.19126086956521474,54.62001159592484,180.05521981704652,319.0,0.0,4,0.16666666666666666,14.238083333333334,96.70235
2024,Singapore,18,Street,Mercedes,HAM,1,SOFT,2,17,16,True,98.9419375,97.916,8.009,0.15273970588235633,57.53803466756985,177.20926624334308,293.0,53.0,5,0.3125,4.5038125,99.0300909090909
2024,Singapore,18,Street,Mercedes,HAM,2,HARD,18,62,45,False,98.93435555555554,97.393,-19.015,-0.05107905138339842,56.943394170326854,177.5299267129686,320.0,0.0,11,0.24444444444444444,7.048177777777778,98.25455882352942
2024,Singapore,18,Street,Mercedes,RUS,1,MEDIUM,2,27,26,True,98.81115384615383,98.05,8.414000000000001,0.06572102564102417,57.78919661873526,177.12314824695846,308.0,56.0,16,0.6153846153846154,5.590307692307691,99.3279
2024,Singapore,18,Street,Mercedes,RUS,2,HARD,28,62,35,False,98.30568571428573,97.047,-18.906000000000006,-0.08766890756302499,57.12722281033871,178.58634994591057,311.0,0.0,7,0.2,9.547323529411765,97.62628571428571
2024,Singapore,18,Street,RB,RIC,1,SOFT,2,10,9,True,100.64977777777777,99.223,6.733000000000004,0.4284666666666625,57.11269173104302,173.71952001589577,307.0,58.0,8,0.8888888888888888,1.5692499999999998,99.598
2024,Singapore,18,Street,RB,RIC,2,MEDIUM,11,46,36,True,100.34875000000002,98.261,-9.930999999999997,0.0061875160875175875,59.39027247853655,174.92025016365724,313.0,0.0,15,0.4166666666666667,6.285222222222221,100.09085714285713
2024,Singapore,18,Street,RB,RIC,3,SOFT,47,58,12,True,99.97733333333333,96.357,-14.554000000000002,-0.5323496503496515,59.82432630028081,175.2907004605166,294.0,0.0,0,0.0,10.2715,99.97733333333333
2024,Singapore,18,Street,RB,RIC,4,SOFT,59,61,3,False,104.30566666666668,94.486,-19.331000000000003,-9.665500000000005,59.07397748491565,168.26446471135733,293.0,0.0,0,0.0,32.639,104.30566666666668
2024,Singapore,18,Street,RB,TSU,1,MEDIUM,2,33,32,True,99.88265625,98.861,7.947999999999993,0.08378207478005834,58.33279156583118,175.9092594456246,308.0,53.0,16,0.5,3.46525,100.3933125
2024,Singapore,18,Street,RB,TSU,2,SOFT,34,61,28,False,98.43639285714285,96.393,-22.173999999999992,-0.21597947454843844,59.31623678512003,178.57017443610715,307.0,0.0,6,0.21428571428571427,11.263321428571432,97.45495454545453
2024,Singapore,18,Street,Red Bull,PER,1,MEDIUM,2,28,27,True,99.59111111111112,98.357,7.489000000000004,0.08247924297923923,54.78014947123374,176.0941084786648,308.0,57.0,19,0.7037037037037037,2.1355555555555554,100.558625
2024,Singapore,18,Street,Red Bull,PER,2,HARD,29,61,33,False,98.79045454545454,97.477,-18.995000000000005,-0.08908121657753738,56.718820477919785,177.61706214034697,317.0,0.0,31,0.9393939393939394,1.2807575757575758,108.9605
2024,Singapore,18,Street,Red Bull,VER,1,MEDIUM,2,29,28,True,98.50278571428571,97.593,9.082999999999998,0.08966174055829404,57.20955958825682,178.5207042365636,300.0,54.0,7,0.25,10.70125,98.59785714285714
2024,Singapore,18,Street,Red Bull,VER,2,HARD,30,62,33,False,97.39469696969697,95.967,-22.058000000000007,-0.1384575534759351,57.9676566628661,180.53207935071387,309.0,0.0,1,0.030303030303030304,21.834666666666667,96.719875
2024,Singapore,18,Street,Sauber,BOT,1,HARD,2,33,32,True,100.62796875000001,99.404,7.522999999999996,0.052618951612902434,57.0668537737598,174.78958686395237,310.0,56.0,16,0.5,2.81428125,100.0209375
2024,Singapore,18,Street,Sauber,BOT,2,MEDIUM,34,61,28,False,99.17657142857142,97.524,-20.754999999999995,-0.16143130815544207,57.548964714216645,177.29735398638158,316.0,0.0,27,0.9642857142857143,1.8477142857142856,119.526
2024,Singapore,18,Street,Sauber,ZHO,1,HARD,2,34,33,True,100.55860606060604,99.36,7.230000000000004,0.07343983957219336,55.508967848106494,175.19463534799553,310.0,57.0,22,0.6666666666666666,2.6618181818181816,101.10118181818183
2024,Singapore,18,Street,Sauber,ZHO,2,MEDIUM,35,61,27,False,99.16796296296296,97.461,-20.63900000000001,-0.16065201465201767,56.612279256702266,177.22120513423442,307.0,0.0,0,0.0,14.822074074074076,99.16796296296296
2024,Singapore,18,Street,Williams,ALB,1,MEDIUM,2,11,10,True,100.3,99.039,5.915999999999997,0.3427636363636399,51.29862430333693,173.62636235464106,309.0,57.0,10,1.0,0.7102,
2024,Singapore,18,Street,Williams,ALB,2,HARD,12,15,4,False,111.733,96.888,15.251999999999995,4.760799999999971,46.19693163177545,156.25903408575928,298.0,0.0,1,0.25,9.36375,116.06400000000001
2024,Singapore,18,Street,Williams,COL,1,MEDIUM,2,29,28,True,99.48475,98.682,8.453999999999994,0.08102818828681117,53.19776653473099,176.61582995813308,308.0,55.0,28,1.0,1.9310714285714285,
2024,Singapore,18,Street,Williams,COL,2,HARD,30,61,32,False,98.92456250000001,97.262,-23.509,-0.11931341642228632,53.20023411101881,177.46466051195432,314.0,0.0,30,0.9375,1.91603125,98.33349999999999
2024,Spa-Francorchamps,14,Permanent,Alpine,GAS,1,MEDIUM,2,9,8,True,111.570375,110.366,4.737000000000009,0.4669880952381022,72.09721309954351,223.29401946402254,348.0,68.0,8,1.0,0.9359999999999999,
2024,Spa-Francorchamps,14,Permanent,Alpine,GAS,2,HARD,10,28,19,True,110.8483157894737,109.287,-11.11099999999999,-0.20679298245613578,72.08977889310475,225.15741233985983,348.0,0.0,18,0.9473684210526315,1.6580526315789474,113.715
2024,Spa-Francorchamps,14,Permanent,Alpine,GAS,3,HARD,29,44,16,False,109.01062499999999,107.418,-14.644000000000005,-0.3026205882352887,73.76884970073709,228.753853676426,341.0,0.0,12,0.75,2.136125,107.94874999999999
2024,Spa-Francorchamps,14,Permanent,Alpine,OCO,1,MEDIUM,2,12,11,True,111.34518181818181,110.371,4.213000000000008,0.2400272727272727,70.04354037190217,223.95316690726463,340.0,68.0,11,1.0,1.371,
2024,Spa-Francorchamps,14,Permanent,Alpine,OCO,2,HARD,13,30,18,True,110.18444444444445,108.419,-10.921999999999997,-0.24784520123838782,70.7064635872716,226.0920442443789,352.0,0.0,12,0.6666666666666666,3.2990555555555563,109.27533333333334
2024,Spa-Francorchamps,14,Permanent,Alpine,OCO,3,HARD,31,44,14,False,108.83057142857142,106.957,-14.96799999999999,-0.48762197802198076,71.55427713047399,228.79411547804128,347.0,0.0,11,0.7857142857142857,1.9752142857142856,107.15066666666667
2024,Spa-Francorchamps,14,Permanent,Aston Martin,ALO,1,MEDIUM,2,13,12,True,111.11333333333333,110.204,3.337999999999994,0.16553846153846466,70.10116720286841,224.20779601213937,337.0,69.0,6,0.5,3.7435000000000005,111.53333333333335
2024,Spa-Francorchamps,14,Permanent,Aston Martin,ALO,2,HARD,14,44,31,False,109.58277419354839,108.051,-15.924999999999997,-0.15664838709677553,69.78776395196076,227.7363460761125,342.0,0.0,11,0.3548387096774194,9.25832258064516,108.6787
2024,Spa-Francorchamps,14,Permanent,Aston Martin,STR,1,MEDIUM,2,12,11,True,111.51663636363637,110.495,3.5919999999999987,0.17322727272728072,68.80384805016917,223.06188054731177,356.0,62.0,10,0.9090909090909091,1.3098181818181818,115.246
2024,Spa-Francorchamps,14,Permanent,Aston Martin,STR,2,HARD,13,44,32,False,109.8046875,108.105,-16.447000000000003,-0.12362976539589422,69.25904172504723,227.21695250181367,347.0,0.0,24,0.75,2.593,108.754625
2024,Spa-Francorchamps,14,Permanent,Ferrari,LEC,1,MEDIUM,2,12,11,True,110.28827272727273,109.494,3.850999999999999,0.1694818181818149,74.2249978494679,226.95461477621564,323.0,68.0,11,1.0,1.2015454545454547,
2024,Spa-Francorchamps,14,Permanent,Ferrari,LEC,2,HARD,13,25,13,True,109.65084615384616,107.971,-10.308999999999997,-0.3122472527472535,74.95764755458612,227.878559385495,326.0,0.0,13,1.0,1.7515384615384617,
2024,Spa-Francorchamps,14,Permanent,Ferrari,LEC,3,HARD,26,44,19,False,108.16026315789475,107.013,-14.910999999999987,-0.2228614035087681,75.2922640657272,230.70581629517096,327.0,0.0,12,0.631578947368421,3.5346315789473683,109.49357142857143
2024,Spa-Francorchamps,14,Permanent,Ferrari,SAI,1,HARD,2,20,19,True,109.97310526315789,108.831,3.4579999999999984,0.0008017543859704583,72.53987193979991,226.8230939761107,349.0,67.0,18,0.9473684210526315,0.6568421052631579,109.141
2024,Spa-Francorchamps,14,Permanent,Ferrari,SAI,2,MEDIUM,21,28,8,True,110.463375,107.75,-10.073999999999998,-0.8334166666666604,74.11058301817658,226.0011000989936,324.0,0.0,0,0.0,4.397875,110.463375
2024,Spa-Francorchamps,14,Permanent,Ferrari,SAI,3,HARD,29,44,16,False,108.02306250000001,106.364,-15.245999999999995,-0.3221161764705843,74.31722808087856,230.67804654679856,345.0,0.0,4,0.25,6.27575,108.22658333333334
2024,Spa-Francorchamps,14,Permanent,Haas,HUL,1,MEDIUM,2,7,6,True,111.91883333333334,110.769,3.719999999999999,0.5311142857142728,67.9529147433385,222.5357098474553,353.0,68.0,6,1.0,0.9148333333333332,
2024,Spa-Francorchamps,14,Permanent,Haas,HUL,2,HARD,8,20,13,True,111.689,109.269,-9.995999999999995,-0.22304945054944933,70.36783431322841,223.7072674843179,351.0,0.0,12,0.9230769230769231,2.6067692307692307,124.815
2024,Spa-Francorchamps,14,Permanent,Haas,HUL,3,MEDIUM,21,44,24,False,110.09362500000002,108.954,-14.88300000000001,-0.1590891304347832,71.68284020078318,227.21108650431887,326.0,0.0,2,0.08333333333333333,5.4435,110.15086363636364
2024,Spa-Francorchamps,14,Permanent,Haas,MAG,1,MEDIUM,2,17,16,True,111.4588125,110.473,2.823999999999998,0.04919852941176709,68.63896060203041,223.61738171831794,344.0,68.0,11,0.6875,2.8645000000000005,111.52640000000001
2024,Spa-Francorchamps,14,Permanent,Haas,MAG,2,HARD,18,44,27,False,109.61414814814815,107.848,-16.534000000000006,-0.17119047619047556,70.1937685384224,227.8965069016698,344.0,0.0,17,0.6296296296296297,3.176576923076923,110.53299999999999
2024,Spa-Francorchamps,14,Permanent,McLaren,NOR,1,MEDIUM,2,15,14,True,110.37114285714286,109.567,3.4239999999999924,0.07621098901099177,67.35614750981541,225.56817527648633,355.0,66.0,13,0.9285714285714286,1.3557857142857144,113.928
2024,Spa-Francorchamps,14,Permanent,McLaren,NOR,2,HARD,16,29,14,True,109.24785714285716,107.515,-9.97999999999999,-0.3021846153846137,68.07041993647411,228.21433563516183,340.0,0.0,10,0.7142857142857143,2.3668571428571425,111.36875
2024,Spa-Francorchamps,14,Permanent,McLaren,NOR,3,HARD,30,44,15,False,107.76646666666666,105.563,-13.468999999999994,-0.259417857142853,68.52181084035584,230.94183902658426,344.0,0.0,15,1.0,0.9830666666666665,
2024,Spa-Francorchamps,14,Permanent,McLaren,PIA,1,MEDIUM,2,11,10,True,110.49190000000002,109.847,4.106999999999999,0.24635757575758532,68.38226536142014,225.96125678340982,344.0,71.0,10,1.0,1.0847,
2024,Spa-Francorchamps,14,Permanent,McLaren,PIA,2,HARD,12,30,19,True,108.99784210526315,107.024,-11.364999999999995,-0.2072754385964849,68.59525149611582,229.10717661135877,345.0,0.0,16,0.8421052631578947,2.0776842105263156,107.949
2024,Spa-Francorchamps,14,Permanent,McLaren,PIA,3,HARD,31,44,14,False,107.72050000000002,105.84,-14.796000000000006,-0.43286813186813133,69.7325091744574,231.2786801868347,349.0,0.0,7,0.5,3.2005714285714286,108.80442857142859
2024,Spa-Francorchamps,14,Permanent,Mercedes,HAM,1,MEDIUM,2,11,10,True,110.0548,109.109,4.478999999999999,0.2818909090909115,72.38324368229732,227.18674186633754,334.0,71.0,10,1.0,0.0674,
2024,Spa-Francorchamps,14,Permanent,Mercedes,HAM,2,HARD,12,26,15,True,109.49393333333333,107.845,-12.745000000000005,-0.3168107142857126,73.59108652565347,228.73234218272665,338.0,0.0,9,0.6,2.839466666666667,108.02566666666667
2024,Spa-Francorchamps,14,Permanent,Mercedes,HAM,3,HARD,27,44,18,False,107.88383333333334,106.653,-14.265999999999991,-0.24315067079463476,74.064600408271,231.41297807554932,340.0,0.0,8,0.4444444444444444,3.5957058823529415,107.0252
2024,Spa-Francorchamps,14,Permanent,Mercedes,RUS,1,MEDIUM,2,10,9,True,110.63977777777778,109.912,4.492000000000004,0.3177833333333238,69.90378727235482,225.34217151710595,339.0,69.0,9,1.0,0.8872222222222222,
2024,Spa-Francorchamps,14,Permanent,Mercedes,RUS,2,HARD,11,44,34,False,108.42702941176469,107.113,-15.343000000000004,-0.11926585179526078,72.58136202527456,230.6102520445483,346.0,0.0,23,0.6764705882352942,1.6302121212121214,107.99218181818182
2024,Spa-Francorchamps,14,Permanent,RB,RIC,1,SOFT,2,8,7,True,111.66142857142857,110.314,4.054000000000002,0.44846428571426905,69.42271635650545,223.07735040718407,344.0,67.0,7,1.0,0.6231428571428571,
2024,Spa-Francorchamps,14,Permanent,RB,RIC,2,MEDIUM,9,21,13,True,111.19730769230767,109.471,-8.632000000000005,-0.27246153846153826,71.27855963396554,224.15950867809994,333.0,0.0,8,0.6153846153846154,1.8301666666666667,112.48440000000001
2024,Spa-Francorchamps,14,Permanent,RB,RIC,3,HARD,22,44,23,False,108.9354347826087,107.435,-16.790000000000006,-0.20142292490118666,72.54797314946377,228.66936154229592,345.0,0.0,13,0.5652173913043478,3.294478260869565,108.13629999999998
2024,Spa-Francorchamps,14,Permanent,RB,TSU,1,MEDIUM,2,15,14,True,111.80471428571427,110.858,4.016999999999996,0.1515956043956009,69.81520213979387,222.84560747809772,347.0,66.0,13,0.9285714285714286,1.3697692307692308,111.318
2024,Spa-Francorchamps,14,Permanent,RB,TSU,2,HARD,16,44,29,False,109.89206896551724,107.969,-16.87100000000001,-0.16436059113300586,71.54992980613943,227.33727588124427,346.0,6.0,10,0.3448275862068966,4.172551724137931,109.75294736842106
2024,Spa-Francorchamps,14,Permanent,Red Bull,PER,1,MEDIUM,2,11,10,True,110.47740000000002,109.637,4.603999999999999,0.2666060606060638,69.78840174582243,226.22577386361365,330.0,59.18750117647059,10,1.0,1.5725,
2024,Spa-Francorchamps,14,Permanent,Red Bull,PER,2,MEDIUM,12,21,10,True,110.77650000000001,108.305,-9.021999999999991,-0.44073333333333214,70.38041271947816,225.3002927308283,340.0,0.0,10,1.0,1.3596,
2024,Spa-Francorchamps,14,Permanent,Red Bull,PER,3,HARD,22,42,21,True,108.85871428571429,107.223,-8.965000000000003,-0.09266493506493473,70.76247033305754,228.60146881359458,326.0,0.0,5,0.23809523809523808,6.5759523809523825,108.739
2024,Spa-Francorchamps,14,Permanent,Red Bull,PER,4,SOFT,43,44,2,False,114.112,104.701,-18.822000000000003,-18.82200000000001,71.9523928210389,218.35416263061973,319.0,0.0,0,0.0,23.9595,114.112
2024,Spa-Francorchamps,14,Permanent,Red Bull,VER,1,MEDIUM,2,10,9,True,110.63766666666668,109.828,4.826999999999998,0.34663333333331947,66.99048320859023,224.99387132080503,345.0,62.17856914285714,9,1.0,0.49900000000000005,
2024,Spa-Francorchamps,14,Permanent,Red Bull,VER,2,HARD,11,28,18,True,109.39527777777779,107.431,-10.763000000000005,-0.21374509803921452,69.36681251540996,228.33084457523404,346.0,0.0,18,1.0,1.2300555555555557,
2024,Spa-Francorchamps,14,Permanent,Red Bull,VER,3,MEDIUM,29,44,16,False,107.7643125,106.128,-13.590000000000003,-0.2408073529411736,71.78883228152971,231.17494616774812,344.0,0.0,11,0.6875,1.897,106.5094
2024,Spa-Francorchamps,14,Permanent,Sauber,BOT,1,MEDIUM,2,11,10,True,111.47170000000001,110.462,3.774000000000001,0.241024242424247,70.59853957762142,223.48120771677475,344.0,67.0,10,1.0,0.9963,
2024,Spa-Francorchamps,14,Permanent,Sauber,BOT,2,HARD,12,35,24,True,110.36970833333334,108.766,-9.686999999999998,-0.14867347826086602,71.3489834802406,226.28298695883822,348.0,0.0,17,0.7083333333333334,2.2693333333333334,109.65957142857141
2024,Spa-Francorchamps,14,Permanent,Sauber,BOT,3,MEDIUM,36,44,9,False,109.48077777777777,107.019,-14.675999999999988,-0.89548333333334,72.71234608305225,227.69065262721207,342.0,0.0,1,0.1111111111111111,5.378888888888889,107.891875
2024,Spa-Francorchamps,14,Permanent,Sauber,ZHO,1,HARD,2,5,4,False,134.8075,112.099,21.534000000000006,-0.4144000000000285,51.28815773304426,184.99980142480544,344.0,49.0,1,0.25,41.8675,142.37700000000004
2024,Spa-Francorchamps,14,Permanent,Williams,ALB,1,MEDIUM,2,8,7,True,111.40200000000002,110.2,4.081999999999994,0.5133928571428498,65.52988403662438,223.48937473580523,348.0,63.0,7,1.0,0.7567142857142858,
2024,Spa-Francorchamps,14,Permanent,Williams,ALB,2,MEDIUM,9,23,15,True,111.21853333333333,109.702,-8.891999999999996,-0.22379285714285727,65.79056966632102,223.90710548243757,340.0,0.0,7,0.4666666666666667,6.075333333333334,112.135125
2024,Spa-Francorchamps,14,Permanent,Williams,ALB,3,HARD,24,44,21,False,109.29895238095239,107.996,-15.163000000000011,-0.18469480519480677,66.63940485237143,227.7082276149461,347.0,0.0,21,1.0,1.2178095238095237,
2024,Spa-Francorchamps,14,Permanent,Williams,SAR,1,MEDIUM,2,8,7,True,112.0172857142857,110.772,3.347999999999999,0.39807142857141337,65.50458814252357,222.1956390312294,351.0,66.0,7,1.0,0.7625714285714285,
2024,Spa-Francorchamps,14,Permanent,Williams,SAR,2,MEDIUM,9,24,16,True,111.952375,109.428,-8.173000000000002,-0.08742941176470484,67.49915717705106,222.49379015632942,342.0,0.0,5,0.3125,3.749625,112.25663636363637
2024,Spa-Francorchamps,14,Permanent,Williams,SAR,3,HARD,25,44,20,False,109.27740000000001,107.49,-15.719999999999999,-0.2354315789473714,69.79287590988298,228.0076643340858,346.0,0.0,4,0.2,7.990249999999999,109.415625
2024,Spielberg,11,Permanent,Alpine,GAS,1,MEDIUM,2,20,19,True,71.98363157894737,71.011,4.426000000000002,0.13599298245614283,68.30860902272399,214.91980854590395,323.0,56.0,18,0.9473684210526315,1.433421052631579,75.809
2024,Spielberg,11,Permanent,Alpine,GAS,2,HARD,21,42,22,True,72.4930909090909,70.725,-12.625,-0.11008469791078405,67.97850256612446,213.48432231762487,329.0,0.0,20,0.9090909090909091,2.528409090909091,73.6615
2024,Spielberg,11,Permanent,Alpine,GAS,3,MEDIUM,43,71,29,False,71.82475862068966,69.609,-15.950999999999993,-0.009738916256156941,67.92381722607315,215.3350048024873,324.0,0.0,25,0.8620689655172413,1.4123793103448277,74.46674999999999
2024,Spielberg,11,Permanent,Alpine,OCO,1,MEDIUM,2,19,18,True,71.96461111111111,70.919,4.668000000000006,0.14835810113519327,70.03640488015704,215.1500614749467,314.0,59.0,11,0.6111111111111112,2.4095555555555555,72.75314285714286
2024,Spielberg,11,Permanent,Alpine,OCO,2,HARD,20,43,24,True,72.54537499999999,70.86,-13.608000000000004,-0.09319434782608643,69.82611097367308,213.1631621318918,324.0,0.0,20,0.8333333333333334,3.2065416666666664,72.8775
2024,Spielberg,11,Permanent,Alpine,OCO,3,MEDIUM,44,71,28,False,72.03457142857143,69.649,-15.906999999999996,0.0020826491516173517,70.0188343412279,214.8402386374148,323.0,0.0,18,0.6428571428571429,3.230107142857143,73.01780000000001
2024,Spielberg,11,Permanent,Aston Martin,ALO,1,MEDIUM,2,11,10,True,72.017,71.32,3.027000000000001,0.1875151515151552,66.55133010777939,214.6076251711752,328.0,58.0,10,1.0,0.5475999999999999,
2024,Spielberg,11,Permanent,Aston Martin,ALO,2,MEDIUM,12,35,24,True,72.52454166666666,70.912,-9.550000000000011,-0.06262565217391111,65.93354251191329,212.8294455868185,321.0,0.0,21,0.875,1.3669583333333335,76.65400000000001
2024,Spielberg,11,Permanent,Aston Martin,ALO,3,HARD,36,68,33,True,73.0829090909091,70.576,-25.35600000000001,-0.01597159090909042,64.17715382289515,211.71221353368128,323.0,0.0,18,0.5454545454545454,3.468969696969697,72.83840000000001
2024,Spielberg,11,Permanent,Aston Martin,ALO,4,SOFT,69,70,2,False,79.0275,67.694,-22.667,-22.667000000000005,64.13189608284623,194.85599613781991,308.0,0.0,0,0.0,4.577,79.0275
2024,Spielberg,11,Permanent,Aston Martin,STR,1,MEDIUM,2,20,19,True,72.2191052631579,71.336,4.052999999999997,0.12194912280702037,65.79208832371913,213.2468088865184,330.0,49.0,16,0.8421052631578947,1.5326470588235295,73.64566666666667
2024,Spielberg,11,Permanent,Aston Martin,STR,2,MEDIUM,21,43,23,True,72.43621739130434,71.033,-12.816000000000003,-0.10308893280632535,66.0374682003292,212.94485140303098,328.0,0.0,17,0.7391304347826086,1.813590909090909,74.92383333333332
2024,Spielberg,11,Permanent,Aston Martin,STR,3,HARD,44,70,27,False,72.35940740740742,70.143,-16.700000000000003,0.0043394383394364765,63.78632355612518,213.70204272598542,324.0,0.0,8,0.2962962962962963,6.396481481481481,73.00347368421053
2024,Spielberg,11,Permanent,Ferrari,LEC,2,HARD,2,16,15,True,73.19993333333333,70.326,-23.60300000000001,-0.5051142857142855,68.18785427585222,211.06929432698547,315.0,0.0,5,0.3333333333333333,12.975266666666668,73.5567
2024,Spielberg,11,Permanent,Ferrari,LEC,3,MEDIUM,17,33,17,True,72.05735294117648,70.309,-13.768999999999991,-0.2878186274509798,69.81282408053272,214.93050679246534,306.0,0.0,5,0.29411764705882354,7.620529411764706,70.73333333333332
2024,Spielberg,11,Permanent,Ferrari,LEC,4,MEDIUM,34,51,18,True,71.64833333333333,69.894,-14.554000000000002,-0.20712074303405562,68.59017773189962,215.36177644275358,321.0,0.0,6,0.3333333333333333,7.290166666666666,71.79433333333333
2024,Spielberg,11,Permanent,Ferrari,LEC,5,MEDIUM,52,71,20,False,71.75625,69.584,-15.817999999999998,-0.11385488721804611,68.54084331580793,215.49819902127072,327.0,0.0,14,0.7,2.2915,72.981
2024,Spielberg,11,Permanent,Ferrari,SAI,1,MEDIUM,2,22,21,True,71.34219047619047,70.401,4.160000000000011,0.10681818181818148,71.62297310523377,216.60930465060264,315.0,58.0,21,1.0,1.8002380952380952,
2024,Spielberg,11,Permanent,Ferrari,SAI,2,HARD,23,47,25,True,71.32184000000001,69.889,-11.972999999999999,-0.0678400000000001,69.76672110254464,216.34303675765963,313.0,0.0,2,0.08,4.19984,70.70656521739129
2024,Spielberg,11,Permanent,Ferrari,SAI,3,MEDIUM,48,71,24,False,71.27679166666667,69.282,-16.736000000000004,-0.04541086956521466,69.82203002747082,217.51225739196323,315.0,0.0,10,0.4166666666666667,3.3184347826086955,70.8845
2024,Spielberg,11,Permanent,Haas,HUL,1,MEDIUM,2,11,10,True,71.5789,70.217,4.8940000000000055,0.3526242424242467,67.82053241502807,215.85751671426917,330.0,61.0,9,0.9,1.5985555555555555,70.217
2024,Spielberg,11,Permanent,Haas,HUL,2,HARD,12,39,28,True,72.25064285714286,70.544,-14.317999999999998,-0.0803721948549513,66.79587097390734,214.28381714095013,322.0,0.0,7,0.25,4.694,72.56166666666667
2024,Spielberg,11,Permanent,Haas,HUL,3,HARD,40,71,32,False,71.86434375,70.215,-16.235,-0.03061345307917906,65.5746114073995,215.69736598166656,325.0,0.0,2,0.0625,17.767999999999997,71.36819999999999
2024,Spielberg,11,Permanent,Haas,MAG,1,MEDIUM,2,10,9,True,71.70544444444445,70.92,4.034000000000006,0.3252333333333319,65.48089471017363,215.4677858222094,324.0,57.0,9,1.0,0.6033333333333334,
2024,Spielberg,11,Permanent,Haas,MAG,2,HARD,11,38,28,True,72.36539285714285,70.994,-12.11999999999999,-0.07232484948001804,65.9510463308037,213.93568670232625,327.0,0.0,12,0.42857142857142855,3.137518518518519,72.976
2024,Spielberg,11,Permanent,Haas,MAG,3,HARD,39,71,33,False,71.90142424242424,70.125,-15.855999999999995,-0.008871657754009188,65.4966486463909,215.73433596377794,321.0,0.0,19,0.5757575757575758,3.2836666666666665,73.4517857142857
2024,Spielberg,11,Permanent,McLaren,NOR,1,MEDIUM,2,23,22,True,71.09045454545455,69.813,5.224000000000004,0.10595031055900611,68.46422639920462,216.96999871209613,307.0,58.0,5,0.22727272727272727,4.34190909090909,71.32394117647061
2024,Spielberg,11,Permanent,McLaren,NOR,2,HARD,24,51,28,True,70.90842857142857,69.4,-13.686000000000007,-0.06455883962780232,68.68612486009124,217.75284607573823,317.0,0.0,0,0.0,7.238178571428572,70.90842857142857
2024,Spielberg,11,Permanent,McLaren,NOR,3,MEDIUM,52,64,13,False,74.4813076923077,68.016,34.494,1.249934065934068,63.96319078344098,207.93517074743642,322.0,0.0,13,1.0,0.6892307692307693,
2024,Spielberg,11,Permanent,McLaren,PIA,1,MEDIUM,2,25,24,True,71.414125,70.541,3.8020000000000067,0.06562565217391357,66.60366863037873,216.27311435676725,322.0,59.0,22,0.9166666666666666,1.9830833333333333,71.295
2024,Spielberg,11,Permanent,McLaren,PIA,2,HARD,26,51,26,True,71.20303846153845,69.516,-13.170999999999992,-0.08086871794871833,66.07803263763456,216.98749325801808,321.0,0.0,11,0.4230769230769231,5.828130434782609,71.65086666666667
2024,Spielberg,11,Permanent,McLaren,PIA,3,MEDIUM,52,71,20,False,71.1268,68.697,-15.683999999999997,-0.07252330827067653,65.77092868354246,217.63871811105386,323.0,0.0,11,0.55,2.945555555555556,72.97111111111113
2024,Spielberg,11,Permanent,Mercedes,HAM,1,MEDIUM,2,21,20,True,71.507,70.476,5.200000000000003,0.12016691729323375,68.71202764052465,215.98985315437622,322.0,57.0,20,1.0,1.1913,
2024,Spielberg,11,Permanent,Mercedes,HAM,2,HARD,22,53,32,True,71.33290625000001,70.128,-11.575000000000003,-0.030227822580644874,68.24508471754635,216.4630849082381,320.0,0.0,18,0.5625,3.21371875,72.15321428571428
2024,Spielberg,11,Permanent,Mercedes,HAM,3,MEDIUM,54,71,18,False,72.12816666666669,69.562,-22.438000000000002,-0.2766284829721356,65.76494696145944,214.2163938585975,307.0,0.0,0,0.0,18.093555555555554,72.12816666666669
2024,Spielberg,11,Permanent,Mercedes,RUS,1,MEDIUM,2,22,21,True,71.26409523809524,70.193,4.497,0.11066753246753225,69.16417883849456,216.73314548461286,309.0,58.0,11,0.5238095238095238,3.045714285714286,71.8188
2024,Spielberg,11,Permanent,Mercedes,RUS,2,MEDIUM,23,46,24,True,71.33041666666666,69.563,-11.082000000000008,-0.05459043478260597,68.53959016907125,216.60337130648946,312.0,0.0,5,0.20833333333333334,6.219181818181818,71.71521052631579
2024,Spielberg,11,Permanent,Mercedes,RUS,3,HARD,47,71,25,False,71.19684000000001,69.164,-15.951000000000008,-0.04380230769230821,67.97183353380647,217.25138911030677,323.0,0.0,7,0.28,8.38144,70.78594444444443
2024,Spielberg,11,Permanent,RB,RIC,1,MEDIUM,2,10,9,True,71.75533333333334,71.032,3.2590000000000003,0.2449666666666646,66.49106885228154,215.14767833257187,330.0,60.0,9,1.0,0.5704444444444444,
2024,Spielberg,11,Permanent,RB,RIC,2,HARD,11,37,27,True,72.41744444444446,71.27,-12.707999999999998,-0.08335409035409153,67.46669846538987,213.20429437565298,320.0,0.0,27,1.0,1.5786296296296296,
2024,Spielberg,11,Permanent,RB,RIC,3,HARD,38,71,34,False,71.86444117647059,70.426,-15.887,-0.019057142857142082,66.32834353467739,215.1739003272872,325.0,0.0,29,0.8529411764705882,2.017852941176471,77.2302
2024,Spielberg,11,Permanent,RB,TSU,1,MEDIUM,2,21,20,True,72.1488,71.316,4.634,0.12616842105263074,67.73159605656902,214.15133580727164,321.0,55.0,16,0.8,2.5562222222222224,73.48325
2024,Spielberg,11,Permanent,RB,TSU,2,HARD,22,44,23,True,72.4058695652174,71.011,-13.006,-0.11192193675889435,66.81227947770071,213.14450295015854,325.0,0.0,11,0.4782608695652174,4.006869565217391,73.14899999999999
2024,Spielberg,11,Permanent,RB,TSU,3,HARD,45,70,26,False,72.59757692307691,70.318,-20.73899999999999,-0.0707948717948741,65.9576016621638,213.2426478491973,320.0,0.0,8,0.3076923076923077,3.432384615384615,72.05872222222223
2024,Spielberg,11,Permanent,Red Bull,PER,1,MEDIUM,2,21,20,True,71.75789999999998,70.621,5.662000000000006,0.12229022556391064,67.24364149520677,214.90233066994358,317.0,57.0,14,0.7,2.15145,72.61850000000001
2024,Spielberg,11,Permanent,Red Bull,PER,2,HARD,22,51,30,True,71.7933,70.492,-11.661000000000001,-0.04411590656284763,67.80565217039445,214.79816883817318,320.0,0.0,7,0.23333333333333334,8.1128,71.34321739130434
2024,Spielberg,11,Permanent,Red Bull,PER,3,MEDIUM,52,71,20,False,72.6144,69.694,-21.88300000000001,-0.17728721804511305,66.84706674703948,212.79907190210304,326.0,0.0,19,0.95,0.7825,69.717
2024,Spielberg,11,Permanent,Red Bull,VER,1,MEDIUM,2,23,22,True,70.87931818181818,69.857,4.741,0.12375776397515595,68.39085508636184,218.1429518727444,303.0,58.0,22,1.0,0.0,
2024,Spielberg,11,Permanent,Red Bull,VER,2,HARD,24,51,28,True,70.84957142857142,69.451,-13.534000000000006,-0.05697646414887572,68.36601849857253,217.88448368009145,308.0,0.0,27,0.9642857142857143,0.17142857142857143,87.394
2024,Spielberg,11,Permanent,Red Bull,VER,3,MEDIUM,52,64,13,True,73.31776923076924,68.623,6.418000000000006,0.30360989010989314,65.93013756883165,210.95158256224312,316.0,0.0,13,1.0,0.12223076923076924,
2024,Spielberg,11,Permanent,Red Bull,VER,4,SOFT,65,71,7,False,74.53385714285716,67.719,-25.179000000000002,-3.9357500000000076,65.36969683116892,208.0928381569911,312.0,0.0,0,0.0,9.796857142857144,74.53385714285716
2024,Spielberg,11,Permanent,Sauber,BOT,1,MEDIUM,2,19,18,True,72.30544444444443,71.571,3.203000000000003,0.08981424148607098,68.31904847485106,213.72572655776557,321.0,59.0,18,1.0,2.0148333333333337,
2024,Spielberg,11,Permanent,Sauber,BOT,2,HARD,20,42,23,True,72.52900000000001,71.128,-12.841999999999999,-0.1152667984189738,67.93796649382551,213.89414583750363,314.0,0.0,16,0.6956521739130435,2.7590434782608697,74.01228571428571
2024,Spielberg,11,Permanent,Sauber,BOT,3,HARD,43,70,28,False,72.55678571428571,70.449,-18.570999999999998,-0.04668144499178624,66.92361717416064,213.3606951681427,323.0,0.0,14,0.5,3.9249642857142857,72.73328571428571
2024,Spielberg,11,Permanent,Sauber,ZHO,1,HARD,2,28,27,True,72.83037037037036,71.66,4.834000000000003,0.10389133089133083,67.55263464799418,212.46137814236326,311.0,48.0,16,0.5925925925925926,2.6965185185185185,72.70545454545456
2024,Spielberg,11,Permanent,Sauber,ZHO,2,MEDIUM,29,51,23,True,72.77308695652172,70.713,-14.946999999999989,-0.1353418972332024,66.65569374508756,212.8292196014333,317.0,0.0,4,0.17391304347826086,9.742782608695652,72.97715789473685
2024,Spielberg,11,Permanent,Sauber,ZHO,3,HARD,52,70,19,False,72.81163157894737,70.47,-17.855999999999995,-0.16615789473683953,66.57918941134548,212.6654417128714,306.0,0.0,0,0.0,26.237789473684213,72.81163157894737
2024,Spielberg,11,Permanent,Williams,ALB,1,MEDIUM,2,12,11,True,71.95345454545455,71.389,2.2879999999999967,0.13544545454545834,62.40881240721911,214.43741619527356,329.0,52.0,11,1.0,0.648,
2024,Spielberg,11,Permanent,Williams,ALB,2,HARD,13,39,27,True,72.62644444444443,71.171,-11.664000000000001,-0.058915750915752664,62.98760403738949,212.35544242705006,320.0,0.0,25,0.9259259259259259,1.9731111111111108,71.6055
2024,Spielberg,11,Permanent,Williams,ALB,3,HARD,40,70,31,False,72.2824193548387,70.364,-16.674000000000007,-0.005229435483869216,61.582953299307434,214.0572689535665,326.0,0.0,15,0.4838709677419355,3.6363870967741936,73.051625
2024,Spielberg,11,Permanent,Williams,SAR,2,MEDIUM,2,20,19,True,74.12757894736842,71.686,-22.912999999999997,-0.279256140350875,65.74384964171385,208.64633982205763,315.0,0.0,2,0.10526315789473684,10.361157894736843,72.62617647058823
2024,Spielberg,11,Permanent,Williams,SAR,3,HARD,21,49,29,True,72.8434827586207,70.753,-14.897999999999996,-0.10375566502463018,65.26997194868618,212.3567866432561,319.0,0.0,0,0.0,26.511931034482764,72.8434827586207
2024,Spielberg,11,Permanent,Williams,SAR,4,MEDIUM,50,69,20,False,73.18084999999999,70.406,-17.923000000000002,-0.07612406015037534,64.10434135501997,211.30671299343632,321.0,0.0,0,0.0,28.3836,73.18084999999999
2024,Suzuka,4,Permanent,Alpine,GAS,2,HARD,2,16,15,True,211.00600000000006,99.473,-1608.25,-40.90475000000001,57.887877934950794,190.19495365159716,327.0,0.0,13,0.8666666666666667,1.9153999999999995,102.428
2024,Suzuka,4,Permanent,Alpine,GAS,3,MEDIUM,17,32,16,True,100.2956875,98.374,-17.004000000000005,-0.34050441176470214,64.3202652424638,207.31587179448385,307.0,0.0,2,0.125,8.9575625,100.44100000000002
2024,Suzuka,4,Permanent,Alpine,GAS,4,HARD,33,52,20,False,98.77940000000001,96.642,-20.328000000000003,-0.28865263157894844,64.36664136092871,210.44574095570275,325.0,0.0,0,0.0,10.09135,98.77940000000001
2024,Suzuka,4,Permanent,Alpine,OCO,2,HARD,2,19,18,True,192.2770555555556,99.541,-1609.326,-28.800079463364273,59.47700642970977,193.09068870410144,308.0,0.0,12,0.6666666666666666,2.6421666666666668,368.85966666666667
2024,Suzuka,4,Permanent,Alpine,OCO,3,HARD,20,33,14,True,100.16085714285714,97.716,-17.611000000000004,-0.48581098901099234,65.31296460706425,207.68590096316862,308.0,0.0,5,0.35714285714285715,7.764571428571429,100.83000000000001
2024,Suzuka,4,Permanent,Alpine,OCO,4,MEDIUM,34,52,19,False,98.49010526315789,96.232,-21.599000000000004,-0.3708684210526265,65.8681032271354,211.0008284083489,325.0,0.0,0,0.0,20.60763157894737,98.49010526315789
2024,Suzuka,4,Permanent,Aston Martin,ALO,2,SOFT,2,13,12,True,238.57591666666667,97.453,-1613.831,-64.00950000000003,56.903616371858256,190.54513487218958,318.0,0.0,7,0.5833333333333334,2.706416666666667,422.3861999999999
2024,Suzuka,4,Permanent,Aston Martin,ALO,3,MEDIUM,14,33,20,True,98.47810000000001,96.821,-16.75,-0.21929624060150377,64.4839115291932,211.1723130168712,329.0,0.0,3,0.15,6.231299999999999,98.62711764705882
2024,Suzuka,4,Permanent,Aston Martin,ALO,4,HARD,34,53,20,False,96.74195,94.726,-20.317000000000007,-0.27855413533834583,65.67900440898343,214.85352428093913,306.0,0.0,0,0.0,11.35025,96.74195
2024,Suzuka,4,Permanent,Aston Martin,STR,2,SOFT,2,12,11,True,248.8158181818182,98.61,-1606.92,-74.36201818181816,56.00600804543358,187.02856591790794,324.0,0.0,5,0.45454545454545453,3.5605454545454545,367.6403333333333
2024,Suzuka,4,Permanent,Aston Martin,STR,3,MEDIUM,13,22,10,True,100.934,97.935,-13.893,-0.6416242424242354,59.48500593085469,205.81413858846594,333.0,0.0,9,0.9,1.0632,116.221
2024,Suzuka,4,Permanent,Aston Martin,STR,4,HARD,23,34,12,True,99.35183333333333,96.761,-17.192999999999998,-0.5315944055944056,62.32103471389604,208.80787067961836,325.0,0.0,11,0.9166666666666666,0.7045454545454546,96.761
2024,Suzuka,4,Permanent,Aston Martin,STR,5,SOFT,35,52,18,False,97.59266666666666,95.798,-13.909999999999997,-0.21775438596491425,63.43435718370498,212.9943468448147,328.0,0.0,4,0.2222222222222222,6.637666666666667,97.64685714285714
2024,Suzuka,4,Permanent,Ferrari,LEC,2,MEDIUM,2,26,25,True,165.07236,97.48,-1608.43,-15.330686923076914,64.09910780251742,200.66619909566452,327.0,0.0,18,0.72,2.79264,328.5702857142857
2024,Suzuka,4,Permanent,Ferrari,LEC,3,HARD,27,53,27,False,96.61985185185183,95.044,-20.579000000000008,-0.19206715506715585,69.62574777957896,214.7893555043339,314.0,0.0,5,0.18518518518518517,5.386740740740741,96.67259090909091
2024,Suzuka,4,Permanent,Ferrari,SAI,2,MEDIUM,2,15,14,True,218.3557142857143,97.225,-1611.78,-47.67435604395608,60.6310564832065,193.69086269120814,320.0,0.0,10,0.7142857142857143,2.1313571428571434,98.78075000000001
2024,Suzuka,4,Permanent,Ferrari,SAI,3,MEDIUM,16,36,21,True,98.05523809523811,96.469,-16.849000000000004,-0.22079220779220785,67.7816572333319,212.28507243159623,327.0,0.0,7,0.3333333333333333,4.134571428571428,98.28371428571428
2024,Suzuka,4,Permanent,Ferrari,SAI,4,HARD,37,53,17,False,95.92229411764707,93.841,-19.839,-0.3617990196078432,69.33024294160765,216.26337083686343,325.0,0.0,6,0.35294117647058826,5.333294117647059,94.66981818181817
2024,Suzuka,4,Permanent,Haas,HUL,2,SOFT,2,5,4,True,515.8692500000001,100.374,-1607.1100000000001,-487.39670000000024,45.65952549060816,155.34772227905182,329.0,0.0,3,0.75,1.1296666666666666,153.011
2024,Suzuka,4,Permanent,Haas,HUL,3,HARD,6,33,28,True,99.8462142857143,96.751,-13.379000000000005,-0.0459627805145014,62.57656596340567,208.1927548132747,335.0,0.0,16,0.5714285714285714,7.804892857142858,100.76783333333333
2024,Suzuka,4,Permanent,Haas,HUL,4,HARD,34,52,19,False,97.30052631578947,95.325,-22.060000000000002,-0.3279999999999967,64.34950505683352,213.58661403516453,336.0,0.0,12,0.631578947368421,3.381631578947368,98.90014285714287
2024,Suzuka,4,Permanent,Haas,MAG,2,MEDIUM,2,22,21,True,177.98885714285717,99.262,-1603.397,-21.230185714285692,57.97554335657032,195.48832308932512,334.0,0.0,13,0.6190476190476191,5.661095238095238,99.872875
2024,Suzuka,4,Permanent,Haas,MAG,3,HARD,23,52,30,False,98.61823333333334,96.654,-23.75399999999999,-0.13473125695217059,64.11172058682801,210.58164968200356,328.0,0.0,10,0.3333333333333333,4.4918,97.95909999999999
2024,Suzuka,4,Permanent,McLaren,NOR,2,MEDIUM,2,11,10,True,266.59950000000003,96.853,-1609.85,-90.86384848484852,56.195873200155,187.651917814732,303.0,0.0,8,0.8,2.2659999999999996,905.685
2024,Suzuka,4,Permanent,McLaren,NOR,3,HARD,12,26,15,True,98.76186666666666,95.761,-14.725999999999999,-0.28998571428571246,62.48563648082848,210.1855817738205,323.0,0.0,12,0.8,2.3748,102.72699999999999
2024,Suzuka,4,Permanent,McLaren,NOR,4,HARD,27,53,27,False,96.70711111111112,95.186,-20.89999999999999,-0.1924902319902338,64.39435717246657,214.46077601230775,326.0,0.0,27,1.0,1.8974814814814818,
2024,Suzuka,4,Permanent,McLaren,PIA,2,MEDIUM,2,12,11,True,251.09463636363637,97.631,-1613.139,-75.48462727272727,56.2130860660819,188.94420106150605,305.0,0.0,9,0.8181818181818182,1.5044,905.9265
2024,Suzuka,4,Permanent,McLaren,PIA,3,HARD,13,32,20,True,98.65745,96.747,-19.076000000000008,-0.24168496240601692,62.5663377675701,210.86964672003924,320.0,0.0,11,0.55,2.49965,97.79844444444444
2024,Suzuka,4,Permanent,McLaren,PIA,4,HARD,33,53,21,False,96.74023809523813,94.802,-18.88199999999999,-0.2115272727272734,63.497856169814895,214.90886247800125,324.0,0.0,20,0.9523809523809523,1.616857142857143,115.493
2024,Suzuka,4,Permanent,Mercedes,HAM,2,HARD,2,23,22,True,174.93613636363636,98.096,-1608.507,-19.652857707509863,60.96836102317669,197.7567874450841,325.0,0.0,21,0.9545454545454546,1.7322272727272727,1709.973
2024,Suzuka,4,Permanent,Mercedes,HAM,3,HARD,24,39,16,True,97.733375,95.432,-16.096999999999994,-0.2944117647058827,67.64948756290742,212.23509883810198,306.0,0.0,1,0.0625,4.1549375,97.75173333333332
2024,Suzuka,4,Permanent,Mercedes,HAM,4,MEDIUM,40,53,14,False,96.22478571428572,93.952,-18.63600000000001,-0.4479538461538486,69.48098460633851,215.5394381479338,310.0,0.0,4,0.2857142857142857,5.073714285714286,96.5233
2024,Suzuka,4,Permanent,Mercedes,RUS,2,HARD,2,22,21,True,178.06466666666665,97.737,-1607.924,-21.47669090909089,59.371644431706514,197.73532557057572,322.0,0.0,17,0.8095238095238095,2.0195238095238093,98.79450000000001
2024,Suzuka,4,Permanent,Mercedes,RUS,3,HARD,23,37,15,True,97.904,95.149,-16.72200000000001,-0.3774750000000001,65.88233408367445,212.29262693279938,308.0,0.0,7,0.4666666666666667,5.364199999999999,98.7875
2024,Suzuka,4,Permanent,Mercedes,RUS,4,MEDIUM,38,53,16,False,96.37575,94.404,-19.022999999999996,-0.3421676470588226,66.5826780161605,215.55330122191748,334.0,0.0,9,0.5625,3.70925,97.52585714285715
2024,Suzuka,4,Permanent,RB,TSU,2,SOFT,2,7,5,True,120.3374,98.887,-102.188,-20.4597,53.378548310307615,172.23759639281488,309.0,0.0,5,1.0,1.7003999999999997,
2024,Suzuka,4,Permanent,RB,TSU,3,HARD,8,22,15,True,100.37486666666663,97.17,-16.128,-0.3082821428571413,61.92835010508611,207.1441553223988,330.0,0.0,14,0.9333333333333333,0.9499285714285712,99.562
2024,Suzuka,4,Permanent,RB,TSU,4,HARD,23,52,30,False,98.00983333333332,96.342,-19.05600000000001,-0.14123492769744192,63.573651963312955,211.97521348432323,327.0,0.0,2,0.06666666666666667,24.708266666666667,97.99982142857142
2024,Suzuka,4,Permanent,Red Bull,PER,2,MEDIUM,2,15,14,True,218.43185714285715,96.568,-1610.476,-47.71514725274728,58.442523311922685,194.39529127834186,323.0,0.0,8,0.5714285714285714,2.8535,98.63900000000001
2024,Suzuka,4,Permanent,Red Bull,PER,3,MEDIUM,16,33,18,True,98.15905555555555,96.206,-15.416999999999987,-0.2674520123839002,63.64752041717411,211.49661027854552,326.0,0.0,9,0.5,5.680444444444444,99.31
2024,Suzuka,4,Permanent,Red Bull,PER,4,HARD,34,53,20,False,95.92125000000001,93.945,-20.218000000000004,-0.26709548872180516,65.87006293995987,216.32449381331557,326.0,0.0,2,0.1,9.56265,94.97411111111113
2024,Suzuka,4,Permanent,Red Bull,VER,2,MEDIUM,2,16,15,True,210.1449333333333,96.437,-1610.8590000000002,-41.81967142857141,59.52176010388764,196.2963949427625,301.0,0.0,15,1.0,0.0,
2024,Suzuka,4,Permanent,Red Bull,VER,3,MEDIUM,17,34,18,True,97.78194444444443,95.617,-17.251999999999995,-0.2707481940144461,63.819176806552704,212.61151045428142,324.0,0.0,16,0.8888888888888888,0.5923333333333334,106.65
2024,Suzuka,4,Permanent,Red Bull,VER,4,HARD,35,53,19,False,95.8201052631579,93.706,-20.239999999999995,-0.31359649122806504,66.14504888580424,217.25424783163552,322.0,0.0,18,0.9473684210526315,0.41068421052631576,115.503
2024,Suzuka,4,Permanent,Sauber,BOT,2,SOFT,2,6,5,True,431.3196,98.279,-1607.29,-326.5292,51.12734812944107,166.11733883064062,325.0,0.0,4,0.8,1.1245999999999998,1708.578
2024,Suzuka,4,Permanent,Sauber,BOT,3,HARD,7,22,16,True,100.1405,96.706,-15.137999999999991,-0.2312117647058807,66.03122680176406,207.49547918326954,324.0,0.0,12,0.75,3.1195,102.25300000000001
2024,Suzuka,4,Permanent,Sauber,BOT,4,HARD,23,52,30,False,98.62923333333333,96.608,-23.92,-0.13871924360400456,65.47936954500224,210.401050123682,324.0,0.0,30,1.0,0.7852666666666668,
2024,Suzuka,4,Permanent,Sauber,ZHO,2,SOFT,2,7,6,True,371.922,99.597,-1596.679,-230.62628571428587,52.423745368067244,170.81776138800015,329.0,0.0,5,0.8333333333333334,1.0184999999999997,1699.553
2024,Suzuka,4,Permanent,Sauber,ZHO,3,HARD,8,11,4,True,103.54475000000001,97.16,-17.284999999999997,-5.15150000000001,65.7478376522819,200.3860296139848,301.0,0.0,0,0.0,5.984249999999999,103.54475000000001
2024,Suzuka,4,Permanent,Sauber,ZHO,4,HARD,12,12,1,False,128.193,128.193,0.0,0.0,58.75523985514289,159.85951338611912,293.0,0.0,0,0.0,31.777,128.193
2024,Suzuka,4,Permanent,Williams,SAR,2,HARD,2,22,21,True,177.89880952380952,98.968,-1602.54,-21.223099999999977,56.50385188379993,195.07723114015937,329.0,0.0,19,0.9047619047619048,1.2708999999999997,902.033
2024,Suzuka,4,Permanent,Williams,SAR,3,HARD,23,34,12,True,99.98958333333333,96.59,-21.451000000000008,-0.8459195804195772,61.201854893726576,207.73351283993892,328.0,0.0,7,0.5833333333333334,2.1886666666666668,97.34079999999999
2024,Suzuka,4,Permanent,Williams,SAR,4,MEDIUM,35,41,7,True,105.74914285714286,95.497,27.601000000000013,3.0185714285714216,59.05063125232196,196.07643711782757,308.0,0.0,0,0.0,5.609571428571428,105.74914285714286
2024,Suzuka,4,Permanent,Williams,SAR,5,SOFT,42,52,11,False,97.44372727272726,94.9,-17.456000000000003,-0.7649272727272721,64.42343640255882,213.4863222262845,308.0,0.0,0,0.0,28.699090909090913,97.44372727272726
2024,Yas Marina Circuit,18,Unknown,Alpine,DOO,1,MEDIUM,2,22,21,True,92.71133333333334,90.198,-27.776999999999987,-0.4052090909090906,,,,,20,0.9523809523809523,1.7087619047619047,91.563
2024,Yas Marina Circuit,18,Unknown,Alpine,DOO,2,HARD,23,57,35,False,90.60982857142858,89.121,-21.427999999999997,-0.11061848739495923,,,,,9,0.2571428571428571,5.577685714285714,90.01884615384614
2024,Yas Marina Circuit,18,Unknown,Alpine,GAS,1,MEDIUM,2,14,13,True,92.57861538461538,89.406,-17.519000000000005,-0.9003626373626377,58.33994867105096,175.16150061589443,307.0,60.0,6,0.46153846153846156,3.744076923076923,90.30714285714285
2024,Yas Marina Circuit,18,Unknown,Alpine,GAS,2,HARD,15,58,44,False,90.1896590909091,89.212,-18.91900000000001,-0.06515863284002903,58.66505477857398,175.12765165015426,311.0,0.0,14,0.3181818181818182,7.003363636363637,89.65503333333335
2024,Yas Marina Circuit,18,Unknown,Aston Martin,ALO,1,MEDIUM,2,13,12,True,93.29216666666666,89.434,-16.912000000000006,-0.9059090909090914,51.74545780873676,176.12060994190264,310.0,60.0,12,1.0,1.165,
2024,Yas Marina Circuit,18,Unknown,Aston Martin,ALO,2,HARD,14,37,24,True,90.88333333333333,89.565,-19.793000000000006,-0.1910252173913031,54.7162794575068,175.79480454124868,316.0,0.0,6,0.25,5.055208333333334,91.00883333333334
2024,Yas Marina Circuit,18,Unknown,Aston Martin,ALO,3,HARD,38,58,21,False,89.4662857142857,87.948,-21.00800000000001,-0.2876753246753244,54.83591639146552,178.47381713229578,305.0,59.0,6,0.2857142857142857,6.236476190476189,89.84819999999999
2024,Yas Marina Circuit,18,Unknown,Aston Martin,STR,1,MEDIUM,2,11,10,True,93.8587,89.685,-20.501999999999995,-1.4601151515151483,51.40078321388864,175.44504967971463,309.0,56.0,10,1.0,1.5036,
2024,Yas Marina Circuit,18,Unknown,Aston Martin,STR,2,HARD,12,32,21,True,91.31614285714286,89.744,-19.457000000000008,-0.23785844155844166,54.05963675224532,173.04952066409655,297.0,0.0,14,0.6666666666666666,3.105809523809524,93.21785714285714
2024,Yas Marina Circuit,18,Unknown,Aston Martin,STR,3,HARD,33,57,25,False,90.08856,88.604,-20.712999999999994,-0.1782423076923066,55.136212108366756,177.52543655379367,313.0,55.0,13,0.52,2.8983600000000003,90.80983333333332
2024,Yas Marina Circuit,18,Unknown,Ferrari,LEC,1,MEDIUM,2,20,19,True,91.64405263157894,89.273,-20.824000000000012,-0.4612807017543858,57.16955102071274,177.32804478778604,319.0,57.0,19,1.0,1.1603684210526317,
2024,Yas Marina Circuit,18,Unknown,Ferrari,LEC,2,HARD,21,58,38,False,89.11415789473685,88.018,-18.744,-0.09958354305723037,61.34436523157076,178.70567950025247,318.0,0.0,4,0.10526315789473684,16.061078947368422,88.49708823529411
2024,Yas Marina Circuit,18,Unknown,Ferrari,SAI,1,MEDIUM,2,25,24,True,90.67520833333333,88.909,-18.927999999999997,-0.31311434782608677,58.35832337233772,175.7663156159904,318.0,0.0,5,0.20833333333333334,3.5252916666666665,89.99336842105264
2024,Yas Marina Circuit,18,Unknown,Ferrari,SAI,2,HARD,26,58,33,False,88.78542424242424,87.765,-19.525999999999996,-0.11324966577540013,59.72923643177741,178.73376023672154,316.0,60.0,11,0.3333333333333333,4.390909090909091,88.14504545454547
2024,Yas Marina Circuit,18,Unknown,Haas,HUL,1,MEDIUM,2,13,12,True,93.03416666666668,89.348,-17.397000000000006,-0.9831958041957998,55.70944655949172,177.36534055979303,309.0,61.0,12,1.0,1.1598333333333335,
2024,Yas Marina Circuit,18,Unknown,Haas,HUL,2,HARD,14,58,45,False,90.15415555555555,89.152,-19.608999999999995,-0.05687457180500647,55.82311812825251,177.57499709031345,321.0,0.0,35,0.7777777777777778,2.2371999999999996,91.8728
2024,Yas Marina Circuit,18,Unknown,Haas,MAG,1,MEDIUM,2,12,11,True,93.54918181818181,89.202,-17.632000000000005,-1.1425999999999983,53.96638793162772,176.3474902281228,316.0,59.0,10,0.9090909090909091,1.1896,90.423
2024,Yas Marina Circuit,18,Unknown,Haas,MAG,2,HARD,13,29,17,True,91.7055294117647,89.826,-22.024,-0.39657352941176716,56.06913857574805,172.99503969497707,315.0,0.0,17,1.0,0.8407058823529412,
2024,Yas Marina Circuit,18,Unknown,Haas,MAG,3,HARD,30,30,1,True,121.98,121.98,0.0,0.0,57.47632118850142,178.5692772741407,296.0,66.0,1,1.0,0.03,
2024,Yas Marina Circuit,18,Unknown,Haas,MAG,4,SOFT,31,55,25,True,90.61172,87.235,-20.409999999999997,-0.10392615384615514,52.610339802515284,170.9317360313188,319.0,0.0,0,0.0,24.755800000000004,90.61172
2024,Yas Marina Circuit,18,Unknown,Haas,MAG,5,SOFT,56,57,2,False,99.3155,85.637,-27.357,-27.357000000000003,49.77413761666714,168.33603983010156,317.0,54.0,0,0.0,53.5125,99.3155
2024,Yas Marina Circuit,18,Unknown,McLaren,NOR,1,MEDIUM,2,26,25,True,90.56759999999998,88.86,-16.78200000000001,-0.2686653846153856,56.024706726028676,180.69877458766493,290.0,58.0,25,1.0,0.0,
2024,Yas Marina Circuit,18,Unknown,McLaren,NOR,2,HARD,27,58,32,False,88.68621875,87.438,-17.655,-0.11320472873900307,54.575617270525534,179.38137558631072,310.0,0.0,32,1.0,0.0,
2024,Yas Marina Circuit,18,Unknown,McLaren,PIA,1,MEDIUM,2,4,3,True,102.99233333333332,92.201,-29.715000000000003,-14.8575,55.143374495248175,176.16002705433561,294.0,61.0,3,1.0,1.099,
2024,Yas Marina Circuit,18,Unknown,McLaren,PIA,2,HARD,5,32,28,True,90.55785714285715,88.95,-19.260000000000005,-0.12068363437328758,55.91335978603781,178.31071147435807,309.0,58.0,21,0.75,6.046785714285714,92.42999999999999
2024,Yas Marina Circuit,18,Unknown,McLaren,PIA,3,HARD,33,58,26,False,89.5676153846154,87.69,-32.43799999999999,-0.2867610256410254,54.831998753807255,178.97099811322576,319.0,0.0,16,0.6153846153846154,2.4357307692307693,91.38910000000001
2024,Yas Marina Circuit,18,Unknown,Mercedes,HAM,1,HARD,2,34,33,True,91.03275757575757,89.481,-24.938999999999993,-0.19215006684491712,57.313604526598475,176.587861639733,320.0,0.0,12,0.36363636363636365,4.92969696969697,89.86766666666665
2024,Yas Marina Circuit,18,Unknown,Mercedes,HAM,2,MEDIUM,35,58,24,False,88.575375,87.278,-20.937999999999988,-0.2235891304347788,57.16760433971187,178.6019933743861,296.0,58.0,7,0.2916666666666667,6.078499999999999,88.86811764705884
2024,Yas Marina Circuit,18,Unknown,Mercedes,RUS,1,MEDIUM,2,26,25,True,91.33115999999998,89.488,-17.78099999999999,-0.26385307692307663,57.90708117927908,177.77447890182123,308.0,57.0,13,0.52,7.353119999999999,90.15141666666666
2024,Yas Marina Circuit,18,Unknown,Mercedes,RUS,2,HARD,27,58,32,False,89.15221875,88.195,-19.260999999999996,-0.11373185483870842,57.1681707689901,178.06315465174146,311.0,0.0,3,0.09375,4.330125,88.50644827586208
2024,Yas Marina Circuit,18,Unknown,RB,LAW,1,MEDIUM,2,23,22,True,92.3480909090909,89.738,-19.650999999999996,-0.3077707509881437,,,,,13,0.5909090909090909,3.2875454545454548,90.87
2024,Yas Marina Circuit,18,Unknown,RB,LAW,2,HARD,24,24,1,True,116.467,116.467,0.0,0.0,,,,,0,0.0,7.861,116.467
2024,Yas Marina Circuit,18,Unknown,RB,LAW,3,HARD,25,29,5,True,94.33739999999999,89.585,-18.209999999999994,-3.6445999999999863,,,,,0,0.0,15.4626,94.33739999999999
2024,Yas Marina Circuit,18,Unknown,RB,LAW,4,HARD,30,55,26,False,90.69692307692308,88.751,-34.229,-0.3028355555555573,,,,,0,0.0,16.291307692307694,90.69692307692308
2024,Yas Marina Circuit,18,Unknown,RB,TSU,1,MEDIUM,2,22,21,True,92.59071428571428,90.115,-28.995000000000005,-0.3789090909090902,58.51421703484075,176.8163333601558,308.0,59.0,15,0.7142857142857143,2.261095238095238,91.14300000000001
2024,Yas Marina Circuit,18,Unknown,RB,TSU,2,HARD,23,57,35,False,90.33191428571429,89.2,-20.791999999999987,-0.09037619047619107,58.85099620835185,177.05654999962061,307.0,0.0,6,0.17142857142857143,6.786441176470587,90.47962068965518
2024,Yas Marina Circuit,18,Unknown,Red Bull,VER,1,MEDIUM,2,29,28,True,91.19089285714286,89.412,-23.081000000000003,-0.21897400109468873,57.20955958825682,178.5207042365636,300.0,54.0,13,0.4642857142857143,3.221214285714286,90.06793333333331
2024,Yas Marina Circuit,18,Unknown,Red Bull,VER,2,HARD,30,58,29,False,89.32010344827586,87.765,-30.715000000000003,-0.23061182266009833,57.833362054942235,180.1572977343875,309.0,0.0,9,0.3103448275862069,5.943586206896552,88.1751
2024,Yas Marina Circuit,18,Unknown,Sauber,BOT,1,MEDIUM,2,6,5,True,97.89020000000001,89.944,-24.15599999999999,-5.593899999999988,55.84776962801601,174.4684136383506,310.0,57.0,5,1.0,1.2456,
2024,Yas Marina Circuit,18,Unknown,Sauber,BOT,2,HARD,7,30,24,False,94.06858333333332,89.482,13.421999999999997,0.18921478260869712,57.53052954475411,175.42855464694628,297.0,58.0,6,0.25,10.761541666666668,95.10477777777778
2024,Yas Marina Circuit,18,Unknown,Sauber,ZHO,1,MEDIUM,2,12,11,True,93.77718181818182,89.914,-26.964,-1.3938636363636336,55.64736075828048,176.337375280688,306.0,58.0,8,0.7272727272727273,2.103272727272727,90.415
2024,Yas Marina Circuit,18,Unknown,Sauber,ZHO,2,HARD,13,39,27,True,90.96022222222221,89.708,-20.578999999999994,-0.17053785103785277,55.621270714070825,174.04675357630907,310.0,0.0,17,0.6296296296296297,2.7669629629629635,92.3857
2024,Yas Marina Circuit,18,Unknown,Sauber,ZHO,3,HARD,40,57,18,False,90.13344444444445,87.982,-28.122,-0.5093353973168167,56.732468164678856,178.71618208799393,307.0,60.0,5,0.2777777777777778,6.6075,90.54700000000001
2024,Yas Marina Circuit,18,Unknown,Williams,ALB,1,MEDIUM,2,12,11,True,93.85536363636365,90.06,-27.99000000000001,-1.4351636363636306,51.350273079328495,171.00775302787503,309.0,0.0,11,1.0,1.165,
2024,Yas Marina Circuit,18,Unknown,Williams,ALB,2,HARD,13,57,45,False,90.46540000000002,89.438,-19.114999999999995,-0.045548089591567205,44.1502802911626,158.9532624000705,298.0,56.0,12,0.26666666666666666,7.855911111111111,89.97254545454545
2024,Yas Marina Circuit,18,Unknown,Williams,COL,1,MEDIUM,2,3,2,True,126.369,122.028,8.682000000000002,8.681999999999968,51.16778070817997,174.94386304163388,308.0,60.0,1,0.5,3.112,130.71
2024,Yas Marina Circuit,18,Unknown,Williams,COL,2,HARD,4,26,23,False,91.96460869565216,89.411,-14.632000000000005,-0.14434980237154305,53.298627888424534,177.47485474432565,307.0,59.0,0,0.0,27.4815652173913,91.96460869565216
2024,Zandvoort,15,Permanent,Alpine,GAS,1,MEDIUM,2,32,31,True,77.3079677419355,76.551,3.3659999999999997,0.03705524193548318,63.44863883127674,197.40338845546276,328.0,53.0,16,0.5161290322580645,4.174096774193549,77.30053333333333
2024,Zandvoort,15,Permanent,Alpine,GAS,2,HARD,33,71,39,False,76.22876923076923,74.855,-22.153000000000006,-0.10560566801619382,64.95753637187524,200.17896562717158,330.0,0.0,6,0.15384615384615385,13.32,76.27551515151515
2024,Zandvoort,15,Permanent,Alpine,OCO,1,MEDIUM,2,30,29,True,77.8935172413793,77.104,1.875,0.024735467980294527,61.908098782231214,195.79083697471418,332.0,58.0,23,0.7931034482758621,1.7812758620689655,78.20816666666666
2024,Zandvoort,15,Permanent,Alpine,OCO,2,HARD,31,71,41,False,76.71521951219512,75.39,-19.715000000000003,-0.058790243902437214,63.466795001018546,199.16899072324128,333.0,0.0,6,0.14634146341463414,10.381146341463415,76.67017142857142
2024,Zandvoort,15,Permanent,Aston Martin,ALO,1,MEDIUM,2,31,30,True,77.48346666666667,76.661,4.584000000000003,0.03588075639599562,61.53371468405298,196.56689531957355,332.0,58.0,19,0.6333333333333333,2.1991724137931037,77.64954545454545
2024,Zandvoort,15,Permanent,Aston Martin,ALO,2,HARD,32,71,40,False,76.24555000000001,74.758,-20.835000000000008,-0.08665159474671749,62.17075696437919,200.03496893691363,333.0,0.0,32,0.8,2.174325,75.8035
2024,Zandvoort,15,Permanent,Aston Martin,STR,1,MEDIUM,2,30,29,True,77.57034482758618,76.778,3.0619999999999976,0.038864039408865854,59.66814201919283,196.72148211026712,331.0,28.0,25,0.8620689655172413,1.7821034482758618,77.68175
2024,Zandvoort,15,Permanent,Aston Martin,STR,2,HARD,31,71,41,False,76.36556097560975,75.255,-19.006,-0.07366184668989383,62.28233481813023,199.68976804444796,338.0,0.0,28,0.6829268292682927,2.6081951219512196,77.20853846153847
2024,Zandvoort,15,Permanent,Ferrari,LEC,1,MEDIUM,2,24,23,True,76.67269565217393,76.131,3.2520000000000095,0.03447035573122415,63.69843867385524,198.9470443242563,334.0,55.0,23,1.0,0.7153478260869565,
2024,Zandvoort,15,Permanent,Ferrari,LEC,2,HARD,25,72,48,False,75.50341666666667,74.585,-18.474000000000004,-0.05825662179765443,67.09951671301793,202.0386398708788,323.0,0.0,4,0.08333333333333333,5.229,75.12011363636363
2024,Zandvoort,15,Permanent,Ferrari,SAI,1,MEDIUM,2,30,29,True,76.7513448275862,76.174,2.396000000000001,0.0037940886699507023,63.39838161521504,198.5097518910932,333.0,56.0,16,0.5517241379310345,2.677137931034483,76.83038461538462
2024,Zandvoort,15,Permanent,Ferrari,SAI,2,HARD,31,72,42,False,75.39030952380952,74.117,-20.287000000000006,-0.06971112551657137,65.36469179350738,202.31535589236893,336.0,0.0,24,0.5714285714285714,3.6722857142857155,74.86700000000002
2024,Zandvoort,15,Permanent,Haas,HUL,1,MEDIUM,2,14,13,True,77.6493846153846,76.731,3.878,0.18479120879121186,59.780656834551735,196.18992068292792,333.0,59.0,11,0.8461538461538461,0.7300000000000001,76.898
2024,Zandvoort,15,Permanent,Haas,HUL,2,HARD,15,71,57,False,76.646649122807,75.657,-18.983000000000004,-0.038364661654135046,62.19220739793549,199.03699801218562,334.0,0.0,18,0.3157894736842105,8.406157894736843,76.66628205128207
2024,Zandvoort,15,Permanent,Haas,MAG,1,HARD,2,40,39,True,77.6835641025641,76.363,6.483000000000004,0.01542044534412939,60.64481469641303,196.9329006654456,343.0,27.0,28,0.717948717948718,2.250384615384615,77.92145454545454
2024,Zandvoort,15,Permanent,Haas,MAG,2,MEDIUM,41,71,31,False,77.12241935483873,74.954,-18.863,-0.08000967741935609,59.520429464661675,197.60045301802023,340.0,0.0,26,0.8387096774193549,1.8117741935483873,79.24960000000002
2024,Zandvoort,15,Permanent,McLaren,NOR,1,MEDIUM,2,28,27,True,76.20574074074075,75.689,3.1069999999999993,-8.302808302929511e-05,62.03440178285553,200.0688783321025,330.0,52.0,27,1.0,0.731037037037037,
2024,Zandvoort,15,Permanent,McLaren,NOR,2,HARD,29,72,44,False,75.16104545454546,73.817,-21.333000000000013,-0.059113460183227474,61.46443483252059,202.6655894373925,330.0,0.0,40,0.9090909090909091,0.5272045454545454,79.6265
2024,Zandvoort,15,Permanent,McLaren,PIA,1,MEDIUM,2,33,32,True,76.5474375,75.932,3.2520000000000095,0.005500733137829497,61.63507308691232,199.8344066361027,329.0,57.0,28,0.875,1.669516129032258,76.08475
2024,Zandvoort,15,Permanent,McLaren,PIA,2,HARD,34,72,39,False,75.40256410256411,74.237,-19.480999999999995,-0.06309230769230745,61.490815613015684,202.39458667881678,334.0,0.0,34,0.8717948717948718,1.6047692307692307,78.5792
2024,Zandvoort,15,Permanent,Mercedes,HAM,1,SOFT,2,23,22,True,77.21263636363636,76.489,2.913000000000011,0.04022360248447381,60.267005198047435,196.50234832456934,342.0,57.0,22,1.0,0.737772727272727,
2024,Zandvoort,15,Permanent,Mercedes,HAM,2,HARD,24,48,25,True,76.16708,74.709,-16.022000000000006,-0.16946076923076797,62.15986745068079,200.1989044791944,335.0,0.0,6,0.24,3.64076,75.29378947368421
2024,Zandvoort,15,Permanent,Mercedes,HAM,3,SOFT,49,72,24,False,75.20762500000001,73.878,-17.923999999999992,-0.15261173913043097,62.0018121960591,202.47802948016226,319.0,0.0,8,0.3333333333333333,8.349166666666667,75.6160625
2024,Zandvoort,15,Permanent,Mercedes,RUS,1,MEDIUM,2,25,24,True,76.65595833333333,76.257,2.7890000000000015,0.03331347826087344,61.3651752262564,199.06173350513865,314.0,58.0,8,0.3333333333333333,3.5664999999999996,76.7089375
2024,Zandvoort,15,Permanent,Mercedes,RUS,2,HARD,26,54,29,True,76.24962068965516,74.532,-16.729000000000013,-0.13198177339901662,62.58758301796657,199.8648159392318,331.0,0.0,7,0.2413793103448276,3.8695357142857145,75.46968181818183
2024,Zandvoort,15,Permanent,Mercedes,RUS,3,SOFT,55,72,18,False,75.4125,73.927,-18.76899999999999,-0.3115407636738881,63.39135315665708,202.106214594179,328.0,0.0,0,0.0,10.017833333333336,75.4125
2024,Zandvoort,15,Permanent,RB,RIC,1,MEDIUM,2,29,28,True,77.63149999999999,77.076,2.509999999999991,0.014454844006569663,63.57423587484462,196.79758251186993,327.0,56.0,13,0.4642857142857143,2.779964285714286,77.62146666666669
2024,Zandvoort,15,Permanent,RB,RIC,2,HARD,30,71,42,False,76.30842857142856,75.222,-19.708000000000013,-0.08002041973908051,64.40072700733138,199.5745131149481,331.0,0.0,31,0.7380952380952381,2.6334761904761903,77.8169090909091
2024,Zandvoort,15,Permanent,RB,TSU,1,SOFT,2,14,13,True,77.68492307692307,76.551,2.4009999999999962,0.12615384615384923,62.072034458039674,196.17813447897746,327.0,51.0,13,1.0,1.049923076923077,
2024,Zandvoort,15,Permanent,RB,TSU,2,MEDIUM,15,32,18,True,77.97944444444445,75.552,-16.132000000000005,-0.21186377708978266,63.549565830972334,195.13375209620398,327.0,0.0,16,0.8888888888888888,1.8010555555555554,78.3575
2024,Zandvoort,15,Permanent,RB,TSU,3,HARD,33,71,39,False,77.18597435897433,75.561,-19.632000000000005,-0.06124757085020257,62.229376703972704,197.21126759986973,342.0,0.0,39,1.0,0.8624871794871795,
2024,Zandvoort,15,Permanent,Red Bull,PER,1,MEDIUM,2,29,28,True,76.75396428571428,76.361,3.7040000000000077,0.02593021346469799,59.754417715990186,198.23458894983895,334.0,57.0,21,0.75,2.0651923076923078,77.07228571428571
2024,Zandvoort,15,Permanent,Red Bull,PER,2,HARD,30,72,43,False,75.6283488372093,74.587,-21.581000000000003,-0.06935819993959717,61.96563227772289,201.38362310725378,318.0,0.0,16,0.37209302325581395,4.395837209302326,75.82937037037037
2024,Zandvoort,15,Permanent,Red Bull,VER,1,MEDIUM,2,27,26,True,76.50296153846155,75.946,3.784000000000006,0.04194495726495798,62.4090662424482,199.69657285145047,327.0,56.0,22,0.8461538461538461,1.1061923076923077,77.34725
2024,Zandvoort,15,Permanent,Red Bull,VER,2,HARD,28,72,45,False,75.54273333333335,74.752,-18.685000000000002,-0.05108115942029059,63.452441680054434,202.41033917559702,325.0,0.0,0,0.0,13.200266666666668,75.54273333333335
2024,Zandvoort,15,Permanent,Sauber,BOT,1,SOFT,2,15,14,True,78.03742857142856,76.882,4.445999999999998,0.152382417582417,64.31537044669687,195.27892037952157,331.0,58.0,11,0.7857142857142857,2.238785714285714,77.878
2024,Zandvoort,15,Permanent,Sauber,BOT,2,HARD,16,43,28,True,77.93271428571428,76.073,-14.879000000000005,-0.06511658456485764,63.76088653914365,195.76308038159704,327.0,0.0,4,0.14285714285714285,5.096214285714287,77.82458333333334
2024,Zandvoort,15,Permanent,Sauber,BOT,3,MEDIUM,44,70,27,False,77.28762962962963,75.822,-19.647999999999996,-0.15535164835164975,62.956553105915894,197.3213477494999,327.0,0.0,0,0.0,16.398,77.28762962962963
2024,Zandvoort,15,Permanent,Sauber,ZHO,1,MEDIUM,2,18,17,True,78.4275294117647,77.83,2.4200000000000017,0.04487009803921707,61.59690816644124,194.80074943287616,329.0,58.0,10,0.5882352941176471,2.9227647058823534,78.64842857142858
2024,Zandvoort,15,Permanent,Sauber,ZHO,2,HARD,19,51,33,True,78.30663636363637,76.4,-16.795,-0.04460661764705643,61.16083387049671,194.62541749945925,322.0,0.0,8,0.24242424242424243,7.384181818181819,78.63504
2024,Zandvoort,15,Permanent,Sauber,ZHO,3,SOFT,52,70,19,False,77.60715789473684,75.724,-23.605999999999995,-0.34379649122806694,62.44650746262629,196.57215596224785,327.0,0.0,0,0.0,33.5488947368421,77.60715789473684
2024,Zandvoort,15,Permanent,Williams,ALB,1,MEDIUM,2,12,11,True,77.96463636363636,76.959,1.7269999999999897,0.053763636363636215,57.96838210822693,195.1070151038286,330.0,56.0,11,1.0,0.7000909090909091,
2024,Zandvoort,15,Permanent,Williams,ALB,2,HARD,13,54,42,True,77.24371428571429,75.52,-16.229,-0.04830094805931381,60.46526515592434,197.34682988047538,330.0,0.0,29,0.6904761904761905,2.8779047619047624,78.11953846153845
2024,Zandvoort,15,Permanent,Williams,ALB,3,MEDIUM,55,71,17,False,76.22635294117649,74.434,-20.319000000000003,-0.43001715686274483,59.85122261850597,199.46807948086314,342.0,0.0,5,0.29411764705882354,7.739294117647059,76.54733333333333
2024,Zandvoort,15,Permanent,Williams,SAR,1,MEDIUM,2,22,21,True,78.15704761904762,77.424,4.2039999999999935,0.06323506493506495,58.283963939067256,194.56712671909622,333.0,56.0,20,0.9523809523809523,1.844952380952381,77.713
2024,Zandvoort,15,Permanent,Williams,SAR,2,HARD,23,71,49,False,77.13612244897959,75.539,-20.137,-0.037846428571428004,59.681035916658814,197.19782225450552,334.0,0.0,17,0.3469387755102041,7.626734693877551,77.25093749999999
2025,Austin,19,Permanent,Alpine,COL,1,MEDIUM,2,32,31,True,103.58422580645163,100.302,-0.9869999999999948,-0.23417419354838737,61.532462196288655,188.62162224539247,339.0,58.0,17,0.5483870967741935,2.7492333333333336,103.82278571428571
2025,Austin,19,Permanent,Alpine,COL,2,SOFT,33,55,23,False,100.92565217391302,99.173,-19.367000000000004,-0.197742094861662,63.84043704747949,193.8198928294773,328.0,0.0,6,0.2608695652173913,4.460434782608695,101.16005882352941
2025,Austin,19,Permanent,Alpine,GAS,1,MEDIUM,2,27,26,True,103.80961538461537,100.944,-0.847999999999999,-0.282136752136754,62.00940109433896,188.4726140079352,329.0,61.0,23,0.8846153846153846,1.6227692307692307,101.86266666666667
2025,Austin,19,Permanent,Alpine,GAS,2,SOFT,28,55,28,False,101.37617857142855,99.27,-19.47,-0.10243048713738237,65.11242510733774,192.93303082213893,319.0,0.0,15,0.5357142857142857,4.608535714285715,100.54030769230768
2025,Austin,19,Permanent,Aston Martin,ALO,1,MEDIUM,2,30,29,True,103.2026896551724,100.42,0.16599999999999682,-0.2521078817733994,58.254910612864116,189.59555461055467,330.0,60.0,13,0.4482758620689655,3.685551724137931,101.09706249999999
2025,Austin,19,Permanent,Aston Martin,ALO,2,SOFT,31,56,26,False,100.36857692307694,98.789,-20.792,-0.22612410256410284,60.6110749638185,195.2158570899385,323.0,0.0,2,0.07692307692307693,8.158846153846154,99.52433333333333
2025,Austin,19,Permanent,Aston Martin,STR,1,SOFT,2,28,27,True,103.53274074074073,100.261,-1.7789999999999964,-0.3013040293040296,58.02613524884216,189.0023632247435,342.0,56.0,18,0.6666666666666666,2.0542962962962963,101.17211111111111
2025,Austin,19,Permanent,Aston Martin,STR,2,MEDIUM,29,56,28,False,100.32835714285714,99.071,-19.724000000000004,-0.1644926108374342,60.26381016494259,195.00099185538247,334.0,0.0,26,0.9285714285714286,1.5270357142857143,109.51650000000001
2025,Austin,19,Permanent,Ferrari,HAM,1,MEDIUM,2,31,30,True,102.33693333333335,99.355,0.796999999999997,-0.2274852057842038,62.99907467138042,191.3453708405271,332.0,59.0,21,0.7,2.6591333333333336,103.09322222222222
2025,Austin,19,Permanent,Ferrari,HAM,2,SOFT,32,56,25,False,99.81631999999999,98.361,-16.268,-0.13710000000000278,66.21252908238407,196.31378350513577,312.0,0.0,1,0.04,9.434239999999999,99.85708333333334
2025,Austin,19,Permanent,Ferrari,LEC,1,SOFT,2,22,21,True,103.23585714285716,99.378,1.941999999999993,-0.29082207792207704,63.09618264593573,189.54799023618395,315.0,47.0,8,0.38095238095238093,4.5481904761904755,104.74769230769233
2025,Austin,19,Permanent,Ferrari,LEC,2,MEDIUM,23,56,34,False,99.58541176470588,98.231,-19.613,-0.0991786096256681,65.97576442905341,196.66716307308255,331.0,0.0,7,0.20588235294117646,5.168727272727273,99.6475925925926
2025,Austin,19,Permanent,Haas,BEA,1,MEDIUM,2,30,29,True,102.86789655172413,100.207,-1.382000000000005,-0.25134285714285726,59.47414045314829,190.51990789871928,334.0,42.0,26,0.896551724137931,2.031310344827586,120.117
2025,Austin,19,Permanent,Haas,BEA,2,SOFT,31,56,26,False,100.60661538461542,99.119,-18.908,-0.20250324786324891,61.32022713553947,193.9547911710395,335.0,0.0,19,0.7307692307692307,2.6368461538461534,99.62214285714286
2025,Austin,19,Permanent,Haas,OCO,1,HARD,2,24,23,True,104.3831304347826,100.485,-2.2460000000000093,-0.3560652173913059,58.393756717980395,187.23337036894003,331.0,61.0,23,1.0,1.168304347826087,
2025,Austin,19,Permanent,Haas,OCO,2,MEDIUM,25,56,32,False,100.40975,99.263,-20.721000000000004,-0.1080267595307923,63.662110494451476,195.25575162016239,338.0,0.0,10,0.3125,4.30084375,100.693
2025,Austin,19,Permanent,McLaren,NOR,1,MEDIUM,2,32,31,True,102.02941935483871,99.333,1.0769999999999982,-0.2379064516129061,60.15298484895563,192.05617969924612,334.0,60.0,19,0.6129032258064516,4.457677419354838,101.87058333333334
2025,Austin,19,Permanent,McLaren,NOR,2,SOFT,33,56,24,False,99.28170833333336,97.62,-20.209999999999994,-0.2060413043478243,63.08263424285587,196.78488933349914,336.0,0.0,17,0.7083333333333334,3.061833333333334,101.269
2025,Austin,19,Permanent,McLaren,PIA,1,MEDIUM,2,30,29,True,102.52820689655172,99.785,0.605000000000004,-0.24162118226600846,59.898640350287685,190.78647213959945,333.0,59.0,10,0.3448275862068966,3.179724137931035,101.72047368421053
2025,Austin,19,Permanent,McLaren,PIA,2,SOFT,31,56,26,False,99.70926923076922,98.564,-20.055999999999997,-0.19452547008547252,63.182062835807606,196.9994065196831,309.0,0.0,1,0.038461538461538464,6.00946153846154,99.73595999999999
2025,Austin,19,Permanent,Mercedes,ANT,1,MEDIUM,2,31,30,True,103.53586666666665,98.875,0.7209999999999894,-0.34304071190211466,60.340119243826145,187.64592852803108,335.0,0.0,20,0.6666666666666666,3.1109333333333336,105.9796
2025,Austin,19,Permanent,Mercedes,ANT,2,SOFT,32,56,25,False,100.18248,97.577,-23.575000000000003,-0.22011538461538624,63.10543478135173,194.10997262278187,336.0,0.0,20,0.8,1.9532800000000001,103.51379999999999
2025,Austin,19,Permanent,Mercedes,RUS,1,MEDIUM,2,33,32,True,102.403625,100.02,0.7409999999999997,-0.21441422287390097,60.70951623359279,190.8822167117164,326.0,54.0,29,0.90625,2.9536875,100.95833333333333
2025,Austin,19,Permanent,Mercedes,RUS,2,SOFT,34,56,23,False,99.66626086956522,98.224,-18.637,-0.1974584980237146,63.55149122455925,196.73429676019776,312.0,0.0,9,0.391304347826087,3.190565217391304,100.14957142857143
2025,Austin,19,Permanent,RB,HAD,1,HARD,2,28,27,True,103.9738888888889,101.031,-2.5149999999999864,-0.2998589743589742,61.76669365213828,188.31235989894276,333.0,58.0,26,0.9629629629629629,1.6948148148148148,101.438
2025,Austin,19,Permanent,RB,HAD,2,SOFT,29,56,28,False,100.52235714285715,98.724,-20.27799999999999,-0.15850246305418514,63.58288467827568,194.11682426524965,332.0,0.0,14,0.5,4.474035714285714,100.79421428571426
2025,Austin,19,Permanent,RB,LAW,1,MEDIUM,2,30,29,True,103.27965517241381,100.789,-1.1460000000000008,-0.26706995073891693,59.95298669712202,189.50019748983482,336.0,58.0,14,0.4827586206896552,2.7068965517241383,101.08273333333334
2025,Austin,19,Permanent,RB,LAW,2,SOFT,31,56,26,False,100.3861923076923,98.983,-20.205000000000013,-0.2019094017094021,62.4427551626536,195.1462477515563,336.0,0.0,25,0.9615384615384616,1.5508800000000003,99.601
2025,Austin,19,Permanent,Red Bull,TSU,1,MEDIUM,2,29,28,True,102.86321428571429,100.057,0.3580000000000041,-0.238946360153254,59.29643338980379,190.87422425732413,335.0,57.0,15,0.5357142857142857,3.5368571428571434,103.58784615384616
2025,Austin,19,Permanent,Red Bull,TSU,2,SOFT,30,56,27,False,100.22096296296296,98.803,-21.223,-0.1928540903540918,62.61897587273945,195.02615278659877,311.0,0.0,0,0.0,13.799259259259259,100.22096296296296
2025,Austin,19,Permanent,Red Bull,VER,1,MEDIUM,2,33,32,True,101.733875,99.203,1.1670000000000016,-0.20634127565982324,60.339186660376164,192.40519481103044,311.0,43.0,32,1.0,0.0,
2025,Austin,19,Permanent,Red Bull,VER,2,SOFT,34,56,23,False,99.32456521739132,97.991,-20.045,-0.21466007905138645,63.10880167323624,197.7273121171693,329.0,0.0,23,1.0,0.0,
2025,Austin,19,Permanent,Sauber,BOR,1,SOFT,2,14,13,True,106.03876923076925,100.99,-0.8509999999999991,-0.20915384615384422,56.39992573120401,184.5408153414269,336.0,61.0,13,1.0,0.8132307692307692,
2025,Austin,19,Permanent,Sauber,BOR,2,MEDIUM,15,36,22,True,101.85754545454546,100.053,-20.717,-0.18594014680971344,62.14869780950001,192.79067257717827,329.0,0.0,14,0.6363636363636364,4.125909090909091,103.122125
2025,Austin,19,Permanent,Sauber,BOR,3,SOFT,37,55,19,False,100.78352631578947,98.275,-19.058999999999997,-0.2010736842105221,62.16193487288203,194.20770243883973,331.0,0.0,16,0.8421052631578947,1.9813684210526317,105.29533333333332
2025,Austin,19,Permanent,Sauber,HUL,1,MEDIUM,2,33,32,True,102.6244375,99.81,-1.0030000000000001,-0.23972470674486815,61.27256284338883,191.32137698285985,338.0,42.0,18,0.5625,2.9196875,103.1747857142857
2025,Austin,19,Permanent,Sauber,HUL,2,SOFT,34,56,23,False,100.26578260869564,98.372,-19.461,-0.25787055335968645,62.818644022343896,195.74285600357956,314.0,0.0,0,0.0,4.9535217391304345,100.26578260869564
2025,Austin,19,Permanent,Williams,ALB,1,HARD,2,7,6,True,106.70733333333334,101.723,27.683000000000007,3.971371428571412,55.12020055862218,184.06033650462894,317.0,62.0,4,0.6666666666666666,3.0406666666666666,102.1405
2025,Austin,19,Permanent,Williams,ALB,2,MEDIUM,8,36,29,True,102.03324137931037,99.343,-38.72,-0.26375517241379554,60.12517456449195,191.3086750730981,337.0,0.0,22,0.7586206896551724,2.4504827586206894,100.40885714285714
2025,Austin,19,Permanent,Williams,ALB,3,SOFT,37,56,20,False,100.20065000000001,98.328,-20.60199999999999,-0.26065037593985163,61.29787722090896,194.60437164022872,336.0,0.0,15,0.75,1.9420000000000002,98.63879999999999
2025,Austin,19,Permanent,Williams,SAI,1,MEDIUM,2,5,4,False,100.76725,100.327,-0.5180000000000007,-0.12430000000000513,61.081567212026506,193.7071129704182,341.0,68.0,4,1.0,0.5465,
2025,Baku,17,Street,Alpine,COL,1,MEDIUM,2,16,15,True,120.32220000000004,107.606,-53.051,-3.710582142857143,54.91532664409804,177.89544435926845,344.0,32.0,10,0.6666666666666666,2.8416666666666663,108.65339999999999
2025,Baku,17,Street,Alpine,COL,2,HARD,17,50,34,False,107.61749999999999,106.055,-30.469999999999985,-0.1609779984721158,65.01339934278245,198.63729078195522,340.0,0.0,2,0.058823529411764705,11.522088235294119,107.66521875
2025,Baku,17,Street,Alpine,GAS,1,HARD,2,35,34,True,113.12417647058824,106.716,-53.271,-0.8685381207028275,61.29976835695345,188.9579519265832,352.0,28.0,22,0.6470588235294118,2.395882352941176,107.42041666666665
2025,Baku,17,Street,Alpine,GAS,2,MEDIUM,36,50,15,False,107.48253333333332,105.492,-19.037000000000006,-0.41865357142856685,65.50757680912271,199.0003570931547,353.0,0.0,13,0.8666666666666667,2.877133333333333,105.6255
2025,Baku,17,Street,Aston Martin,ALO,1,MEDIUM,2,21,20,True,116.76894999999999,106.621,-52.253000000000014,-2.3210142857142877,56.733767255978435,183.0344736289626,345.0,33.0,20,1.0,1.2289999999999999,
2025,Baku,17,Street,Aston Martin,ALO,2,HARD,22,51,30,False,106.79989999999998,105.002,-24.222999999999985,-0.19763448275861784,64.1189107128921,199.8449790942077,349.0,0.0,22,0.7333333333333333,2.561666666666667,109.00975
2025,Baku,17,Street,Aston Martin,STR,1,MEDIUM,2,37,36,True,112.64447222222223,106.442,-52.64800000000001,-0.8005365508365472,60.35337417056143,189.6650020017533,346.0,33.0,20,0.5555555555555556,4.524583333333332,107.00775
2025,Baku,17,Street,Aston Martin,STR,2,HARD,38,51,14,False,107.16528571428572,105.083,-17.283,-0.5172703296703355,63.32553948354107,199.20735256469018,327.0,0.0,1,0.07142857142857142,8.151571428571428,105.75592307692308
2025,Baku,17,Street,Ferrari,HAM,1,HARD,2,36,35,True,111.80742857142857,105.213,-53.74900000000001,-0.8699299719887941,61.821514666533005,191.90627278475338,350.0,30.0,16,0.45714285714285713,3.3318823529411765,106.05657894736842
2025,Baku,17,Street,Ferrari,HAM,2,MEDIUM,37,51,15,False,105.66319999999999,103.977,-15.616,-0.352942857142856,66.39225542294592,202.5450129563422,352.0,0.0,11,0.7333333333333333,2.2792666666666666,108.46099999999998
2025,Baku,17,Street,Ferrari,LEC,1,MEDIUM,2,19,18,True,117.3183888888889,106.016,-51.64399999999999,-2.8332765737874075,58.53803980628151,183.10729447288307,346.0,30.0,17,0.9444444444444444,1.2519999999999998,183.79
2025,Baku,17,Street,Ferrari,LEC,2,HARD,20,51,32,False,105.8856875,104.274,-18.414999999999992,-0.1300857771260989,66.37268401793096,201.97561995356958,341.0,0.0,30,0.9375,1.4197812499999998,114.416
2025,Baku,17,Street,Haas,BEA,1,HARD,2,28,27,True,114.51796296296297,106.944,-53.757999999999996,-1.3393211233211275,57.830528353523924,187.0100371852413,361.0,29.0,27,1.0,0.7103703703703705,
2025,Baku,17,Street,Haas,BEA,2,MEDIUM,29,51,23,False,105.77260869565217,104.288,-18.348,-0.19639920948616782,66.88228214364354,201.99207696603727,348.0,0.0,10,0.43478260869565216,3.734782608695653,106.17207692307693
2025,Baku,17,Street,Haas,OCO,2,MEDIUM,2,2,1,True,166.878,166.878,0.0,0.0,40.64797142607308,129.93854905737103,276.0,0.0,1,1.0,1.89,
2025,Baku,17,Street,Haas,OCO,3,HARD,3,51,49,False,109.47193877551021,105.388,-50.48899999999999,-0.34751591836734763,62.44845182349649,195.49167230282822,350.0,0.0,36,0.7346938775510204,2.3648333333333333,105.86607692307692
2025,Baku,17,Street,McLaren,NOR,1,MEDIUM,2,37,36,True,111.51097222222221,105.171,-53.385000000000005,-0.8483815958815942,60.06862735917813,192.42544754959246,348.0,38.0,34,0.9444444444444444,1.5558611111111111,160.3895
2025,Baku,17,Street,McLaren,NOR,2,HARD,38,51,14,False,106.10600000000001,104.155,-17.884,-0.5300791208791246,63.46759721254913,201.99451989097986,354.0,0.0,14,1.0,0.7990714285714284,
2025,Baku,17,Street,Mercedes,ANT,1,MEDIUM,2,18,17,True,118.36394117647058,106.243,-54.369,-3.2496127450980383,55.83360358354699,180.18466380990074,344.0,42.0,17,1.0,0.8678235294117647,
2025,Baku,17,Street,Mercedes,ANT,2,HARD,19,51,33,False,105.56251515151516,104.091,-18.102000000000004,-0.14179645721924886,66.3241104750408,202.14765433733177,348.0,0.0,23,0.696969696969697,2.1833636363636364,107.0327
2025,Baku,17,Street,Mercedes,RUS,1,HARD,2,39,38,True,111.0566842105263,104.692,-55.286,-0.7959873071452048,62.34371310574494,192.38385244330829,350.0,42.0,21,0.5526315789473685,5.519315789473684,105.28170588235294
2025,Baku,17,Street,Mercedes,RUS,2,MEDIUM,40,51,12,False,105.55183333333332,103.754,-15.951000000000008,-0.5961048951048925,68.24682115960914,202.49985538162775,327.0,0.0,0,0.0,14.987166666666665,105.55183333333332
2025,Baku,17,Street,RB,HAD,1,MEDIUM,2,29,28,True,113.82389285714287,106.017,-51.673000000000016,-1.3086122058018557,61.2054362457346,188.09197405260952,337.0,43.0,18,0.6428571428571429,3.0654642857142855,106.4997
2025,Baku,17,Street,RB,HAD,2,HARD,30,51,22,False,105.38045454545454,103.884,-18.820000000000007,-0.26192433653303315,68.69259684897989,202.34523880724822,327.0,0.0,2,0.09090909090909091,7.755136363636365,105.51199999999999
2025,Baku,17,Street,RB,LAW,1,MEDIUM,2,20,19,True,117.15284210526316,106.258,-54.43499999999999,-2.6785368421052573,58.02994807841265,182.6286820231202,342.0,39.0,12,0.631578947368421,2.5547368421052625,106.86871428571429
2025,Baku,17,Street,RB,LAW,2,HARD,21,51,31,False,105.89499999999997,104.531,-18.712999999999994,-0.1545479838709667,65.5594763788512,201.99227883152955,339.0,0.0,5,0.16129032258064516,6.231566666666666,105.88499999999999
2025,Baku,17,Street,Red Bull,TSU,1,HARD,2,38,37,True,111.38645945945949,104.952,-53.647999999999996,-0.8115372214319588,60.93822746252909,192.6175008280737,331.0,35.0,20,0.5405405405405406,3.801378378378378,105.6855882352941
2025,Baku,17,Street,Red Bull,TSU,2,MEDIUM,39,51,13,False,106.264,104.434,-18.736999999999995,-0.6250219780219753,64.41022494950792,201.04810514405688,346.0,0.0,13,1.0,1.0436923076923077,
2025,Baku,17,Street,Red Bull,VER,1,HARD,2,40,39,True,110.701,104.653,-55.43499999999999,-0.7547279352226693,62.19695361980714,193.56002248164052,329.0,44.0,39,1.0,0.0,
2025,Baku,17,Street,Red Bull,VER,2,MEDIUM,41,51,11,False,105.48981818181818,103.388,-16.96900000000001,-0.7258999999999998,65.9551473409085,202.66443323725224,329.0,0.0,11,1.0,0.0,
2025,Baku,17,Street,Sauber,BOR,1,HARD,2,26,25,True,114.67208,106.512,-53.241,-1.5542638461538445,59.801990921165114,187.08166808128584,346.0,29.0,22,0.88,2.05624,106.754
2025,Baku,17,Street,Sauber,BOR,2,MEDIUM,27,51,25,False,106.43972,104.93,-18.36200000000001,-0.19226384615384667,65.58806131150858,201.1788548222036,357.0,0.0,12,0.48,8.223080000000001,105.34846153846155
2025,Baku,17,Street,Sauber,HUL,1,HARD,2,36,35,True,112.73411428571427,106.173,-52.34700000000001,-0.8108425770308132,60.44547425847105,190.18155949162912,350.0,30.0,34,0.9714285714285714,0.8875588235294117,107.369
2025,Baku,17,Street,Sauber,HUL,2,MEDIUM,37,51,15,False,105.86886666666666,104.37,-16.909999999999997,-0.4318357142857103,68.70046091773825,203.0179931182873,331.0,0.0,3,0.2,7.344933333333333,106.18174999999998
2025,Baku,17,Street,Williams,ALB,2,MEDIUM,2,15,14,True,120.84735714285716,107.566,-50.88799999999999,-4.07323296703297,53.0166225504176,177.0971298500122,353.0,0.0,13,0.9285714285714286,0.769076923076923,107.914
2025,Baku,17,Street,Williams,ALB,3,HARD,16,51,36,False,106.13883333333334,104.152,-18.837000000000003,-0.12656499356499368,64.07351289569341,201.55060736188338,357.0,0.0,22,0.6111111111111112,6.4175555555555555,106.83385714285714
2025,Baku,17,Street,Williams,SAI,1,MEDIUM,2,27,26,True,113.9888846153846,105.71,-55.131,-1.5461494017094028,58.832297968486195,188.00986638520055,325.0,41.0,10,0.38461538461538464,4.1517307692307694,106.2208125
2025,Baku,17,Street,Williams,SAI,2,HARD,28,51,24,False,105.52579166666668,103.972,-18.558000000000007,-0.22386565217390966,65.95220728419429,202.86527884447784,328.0,0.0,4,0.16666666666666666,5.322,105.56385
2025,Catalunya,1,Permanent,Alpine,COL,1,SOFT,2,14,13,True,83.29315384615384,82.147,2.7220000000000084,0.12724175824176223,,,,,11,0.8461538461538461,1.593230769230769,83.3895
2025,Catalunya,1,Permanent,Alpine,COL,2,MEDIUM,15,39,25,True,83.7416,81.386,-12.689999999999998,-0.05813307692307876,,,,,14,0.56,3.1855199999999995,83.47363636363636
2025,Catalunya,1,Permanent,Alpine,COL,3,SOFT,40,54,15,True,83.6724,78.353,9.027000000000001,0.2046214285714301,,,,,0,0.0,21.722666666666665,83.6724
2025,Catalunya,1,Permanent,Alpine,COL,4,SOFT,55,66,12,False,90.41674999999998,79.978,-44.872,-3.512073426573423,,,,,8,0.6666666666666666,4.666583333333334,107.52025
2025,Catalunya,1,Permanent,Alpine,GAS,1,SOFT,2,10,9,True,82.41155555555555,81.329,3.007000000000005,0.23933333333332513,42.06121249112192,143.02916770349233,308.0,31.0,8,0.8888888888888888,1.8241111111111112,85.67
2025,Catalunya,1,Permanent,Alpine,GAS,2,SOFT,11,31,21,True,83.19171428571428,81.636,-12.570999999999998,-0.13123506493506576,66.01745771594875,205.2175722438292,309.0,72.0,9,0.42857142857142855,4.0790999999999995,83.7795
2025,Catalunya,1,Permanent,Alpine,GAS,3,MEDIUM,32,55,24,True,83.79333333333334,80.035,11.396,0.2053739130434811,51.07928098597036,167.87589303286703,320.0,0.0,5,0.20833333333333334,5.246086956521739,84.59657894736843
2025,Catalunya,1,Permanent,Alpine,GAS,4,SOFT,56,66,11,False,91.59572727272726,77.896,-27.656999999999996,-3.3192363636363598,65.26135813016894,207.9280041577225,301.0,73.0,9,0.8181818181818182,4.042181818181818,97.53399999999999
2025,Catalunya,1,Permanent,Aston Martin,ALO,1,SOFT,2,15,14,True,83.44485714285715,81.67,4.570999999999998,0.3577582417582437,45.74783945633293,159.84066733919033,307.0,35.0,14,1.0,1.3657857142857142,
2025,Catalunya,1,Permanent,Aston Martin,ALO,2,MEDIUM,16,42,27,True,82.4278888888889,80.454,-14.820000000000007,-0.08963247863247857,63.848980548218336,206.0803007949048,328.0,0.0,23,0.8518518518518519,1.9544444444444447,82.71675
2025,Catalunya,1,Permanent,Aston Martin,ALO,3,SOFT,43,54,12,True,83.28991666666668,78.997,-1.1310000000000002,0.07285664335664038,,,,,11,0.9166666666666666,1.0443333333333331,78.997
2025,Catalunya,1,Permanent,Aston Martin,ALO,4,SOFT,55,66,12,False,93.0765,78.128,-60.57199999999999,-4.89066433566434,,,,,10,0.8333333333333334,1.53875,78.311
2025,Catalunya,1,Permanent,Ferrari,HAM,1,SOFT,2,16,15,True,81.93006666666666,80.639,4.371000000000009,0.17757500000000254,53.48264731037828,161.9867241999392,324.0,34.0,10,0.6666666666666666,2.4012000000000002,82.7662
2025,Catalunya,1,Permanent,Ferrari,HAM,2,MEDIUM,17,46,30,True,81.40113333333332,80.03,-14.664000000000001,-0.08649922135706328,61.274799641315056,187.30839711686943,329.0,0.0,2,0.06666666666666667,9.980433333333334,81.42510714285713
2025,Catalunya,1,Permanent,Ferrari,HAM,3,SOFT,47,55,9,True,84.06822222222222,78.335,5.977000000000004,0.46831666666665595,51.33861938272191,161.40086128279182,325.0,0.0,0,0.0,8.381222222222224,84.06822222222222
2025,Catalunya,1,Permanent,Ferrari,HAM,4,SOFT,56,66,11,False,98.17590909090909,77.706,-50.09599999999999,-5.895190909090902,68.48992298005231,207.02642253036507,317.0,73.0,9,0.8181818181818182,2.2431,104.082
2025,Catalunya,1,Permanent,Ferrari,LEC,1,SOFT,2,17,16,True,81.560125,80.725,3.7319999999999993,0.10917058823529631,50.61974148074333,165.41106034584456,308.0,38.0,8,0.5,3.8276250000000003,81.77487500000001
2025,Catalunya,1,Permanent,Ferrari,LEC,2,MEDIUM,18,40,23,True,81.31026086956524,79.467,-13.415000000000006,-0.11354841897233355,58.69390366560316,183.23546286704575,307.0,0.0,2,0.08695652173913043,4.936434782608695,81.32695238095239
2025,Catalunya,1,Permanent,Ferrari,LEC,3,MEDIUM,41,55,15,True,82.36573333333334,79.181,3.3670000000000044,0.10868571428571541,52.414618590176346,173.7216042961835,333.0,0.0,0,0.0,12.560733333333333,82.36573333333334
2025,Catalunya,1,Permanent,Ferrari,LEC,4,SOFT,56,66,11,False,99.17918181818182,77.259,-48.711,-6.447109090909084,68.67417243377818,210.44398673503179,308.0,74.0,4,0.36363636363636365,5.465909090909091,98.91457142857143
2025,Catalunya,1,Permanent,Haas,BEA,1,SOFT,2,8,7,True,83.119,82.068,2.318000000000012,0.21882142857142173,36.59553127645999,133.24018247917567,298.0,0.0,7,1.0,0.8012857142857143,
2025,Catalunya,1,Permanent,Haas,BEA,2,MEDIUM,9,35,27,True,82.85977777777778,80.386,-10.604,-0.07926373626373741,61.113281578602304,195.24910509262483,308.0,43.0,10,0.37037037037037035,4.924851851851851,83.03558823529411
2025,Catalunya,1,Permanent,Haas,BEA,3,MEDIUM,36,54,19,True,82.93615789473684,80.017,0.07799999999998875,0.035756140350878214,49.54093282929369,167.8438457522634,313.0,0.0,12,0.631578947368421,3.1596315789473683,86.47014285714285
2025,Catalunya,1,Permanent,Haas,BEA,4,SOFT,55,66,12,False,93.23075,78.907,-56.403000000000006,-4.65010839160839,67.6017607517601,207.67110813973522,299.0,58.0,11,0.9166666666666666,1.01,136.078
2025,Catalunya,1,Permanent,Haas,OCO,1,SOFT,2,20,19,True,83.33021052631578,82.28,4.2620000000000005,0.12857894736842226,51.36947888878875,168.45465327605837,304.0,0.0,18,0.9473684210526315,1.2092631578947368,82.357
2025,Catalunya,1,Permanent,Haas,OCO,2,MEDIUM,21,43,23,True,82.59608695652175,80.553,-14.426999999999992,-0.10847134387351927,55.89247589318165,181.61034912484453,307.0,0.0,20,0.8695652173913043,2.1101739130434787,87.99966666666667
2025,Catalunya,1,Permanent,Haas,OCO,3,MEDIUM,44,66,23,False,88.49391304347827,78.624,-16.967000000000013,0.06731027667983981,53.07102151204956,179.07507145879708,303.0,0.0,20,0.8695652173913043,2.0865217391304345,85.68133333333333
2025,Catalunya,1,Permanent,McLaren,NOR,1,SOFT,2,21,20,True,81.13090000000001,80.531,4.713000000000008,0.08306766917293346,49.61732924096569,172.58945110422732,302.0,51.0,11,0.55,2.78375,81.42544444444444
2025,Catalunya,1,Permanent,McLaren,NOR,2,MEDIUM,22,48,27,True,80.81259259259258,79.449,-15.088000000000008,-0.1142954822954853,50.69770033800822,178.0968207308665,322.0,0.0,5,0.18518518518518517,4.392555555555556,81.0066818181818
2025,Catalunya,1,Permanent,McLaren,NOR,3,SOFT,49,55,7,True,82.95842857142858,77.304,-3.203000000000003,-0.2842500000000127,47.666857159509235,168.5033716533267,303.0,54.0,2,0.2857142857142857,6.762571428571428,84.8098
2025,Catalunya,1,Permanent,McLaren,NOR,4,SOFT,56,66,11,False,100.9019090909091,76.187,-69.178,-7.632645454545453,68.8806560565457,215.81999812916004,304.0,77.0,10,0.9090909090909091,1.9276363636363636,146.697
2025,Catalunya,1,Permanent,McLaren,PIA,1,SOFT,2,22,21,True,80.9575238095238,79.866,5.024000000000001,0.09594545454545307,49.73293954012816,174.06832526155296,325.0,48.0,21,1.0,0.0,
2025,Catalunya,1,Permanent,McLaren,PIA,2,MEDIUM,23,49,27,True,80.71644444444445,79.235,-15.489000000000004,-0.13593467643467694,49.13927239267356,173.33473439503598,330.0,0.0,21,0.7777777777777778,1.227925925925926,83.01333333333334
2025,Catalunya,1,Permanent,McLaren,PIA,3,SOFT,50,55,6,True,83.68716666666667,77.766,-6.583999999999989,-1.053514285714295,52.10026415950108,183.48207055908014,321.0,47.0,6,1.0,0.0,
2025,Catalunya,1,Permanent,McLaren,PIA,4,SOFT,56,66,11,False,101.17463636363637,75.743,-71.34900000000002,-7.814672727272725,64.76177072819641,211.97076935228947,332.0,75.0,11,1.0,0.0,
2025,Catalunya,1,Permanent,Mercedes,ANT,1,SOFT,2,21,20,True,82.18509999999999,81.368,4.63300000000001,0.10589924812029998,49.97231580729539,170.73506447440155,325.0,0.0,16,0.8,2.8420499999999995,83.4405
2025,Catalunya,1,Permanent,Mercedes,ANT,2,MEDIUM,22,49,28,True,81.53317857142858,80.371,-15.474000000000004,-0.11268445539134946,52.29224767639458,178.23510280514472,332.0,0.0,3,0.10714285714285714,10.19289285714286,80.8122
2025,Catalunya,1,Permanent,Mercedes,ANT,3,SOFT,50,53,4,False,83.98,78.255,-21.25699999999999,-6.384400000000002,44.266461743885216,163.88005799424533,304.0,55.0,0,0.0,22.66,83.98
2025,Catalunya,1,Permanent,Mercedes,RUS,1,SOFT,2,20,19,True,81.97226315789472,81.126,4.591000000000008,0.11035438596491047,49.989536498814324,170.11940732976748,308.0,42.0,17,0.8947368421052632,2.4563684210526318,81.557
2025,Catalunya,1,Permanent,Mercedes,RUS,2,MEDIUM,21,41,21,True,81.37285714285714,79.163,-12.617999999999995,-0.12845454545454532,53.496186481038436,178.25335223173118,308.0,0.0,19,0.9047619047619048,2.114809523809523,88.1825
2025,Catalunya,1,Permanent,Mercedes,RUS,3,SOFT,42,55,14,True,82.00814285714286,78.437,6.908999999999992,0.23508131868131446,52.29439490938602,176.29400869329996,307.0,0.0,2,0.14285714285714285,5.116357142857141,82.54983333333334
2025,Catalunya,1,Permanent,Mercedes,RUS,4,SOFT,56,66,11,False,98.88181818181819,77.244,-48.977999999999994,-6.375481818181815,66.96186222688704,210.6579095891834,306.0,67.0,10,0.9090909090909091,1.6223636363636367,127.547
2025,Catalunya,1,Permanent,RB,HAD,1,SOFT,2,19,18,True,82.41122222222222,81.647,3.448999999999998,0.09363054695562402,,,,,10,0.5555555555555556,2.7907777777777776,82.78125
2025,Catalunya,1,Permanent,RB,HAD,2,MEDIUM,20,48,29,True,81.77744827586208,80.651,-14.837000000000003,-0.10388669950738828,,,,,7,0.2413793103448276,5.163724137931034,81.10309090909091
2025,Catalunya,1,Permanent,RB,HAD,3,SOFT,49,55,7,True,87.92399999999999,79.595,12.420999999999992,1.875035714285702,,,,,0,0.0,16.804142857142857,87.92399999999999
2025,Catalunya,1,Permanent,RB,HAD,4,SOFT,56,66,11,False,94.05181818181818,77.77,-29.482,-4.143672727272723,,,,,9,0.8181818181818182,6.034181818181816,100.595
2025,Catalunya,1,Permanent,RB,LAW,1,SOFT,2,18,17,True,82.79288235294116,81.967,4.225999999999999,0.06587254901960685,46.7760081450198,165.5561225553848,326.0,0.0,12,0.7058823529411765,2.7967058823529416,82.1424
2025,Catalunya,1,Permanent,RB,LAW,2,MEDIUM,19,44,26,True,82.37176923076923,80.771,-15.333000000000013,-0.14899213675213743,55.1128886469827,185.51682168186608,326.0,0.0,13,0.5,5.021807692307693,82.92107692307692
2025,Catalunya,1,Permanent,RB,LAW,3,SOFT,45,66,22,False,89.26404545454547,79.424,-19.602999999999994,-0.11531733483907507,55.24719144551925,188.67715584484702,297.0,0.0,13,0.5909090909090909,11.594181818181818,98.01355555555556
2025,Catalunya,1,Permanent,Red Bull,TSU,1,MEDIUM,2,8,7,True,83.4497142857143,82.249,3.5349999999999966,0.3846428571428495,39.76960787514254,132.47179490253725,309.0,36.0,7,1.0,0.6697142857142858,
2025,Catalunya,1,Permanent,Red Bull,TSU,2,SOFT,9,24,16,True,83.1569375,79.888,-12.929999999999993,-0.1835750000000008,65.55422175133614,202.7244899606509,309.0,71.0,11,0.6875,2.7686874999999995,81.1854
2025,Catalunya,1,Permanent,Red Bull,TSU,3,SOFT,25,44,20,True,82.35359999999999,80.192,-11.191999999999993,-0.08425112781955017,56.595919844547446,179.28378875011134,327.0,0.0,11,0.55,3.3952,83.85966666666667
2025,Catalunya,1,Permanent,Red Bull,TSU,4,SOFT,45,54,10,True,83.4303,77.998,1.9549999999999983,0.18554545454546034,48.648180496420416,163.12369474034458,320.0,0.0,7,0.7,2.8840000000000003,79.61333333333333
2025,Catalunya,1,Permanent,Red Bull,TSU,5,SOFT,55,66,12,False,93.04574999999998,79.526,-53.562,-4.525856643356638,65.46818346372777,206.32907762008318,308.0,71.0,11,0.9166666666666666,1.4249166666666666,133.672
2025,Catalunya,1,Permanent,Red Bull,VER,1,SOFT,2,13,12,True,81.36200000000001,80.083,5.947000000000003,0.27363636363636745,43.36156212476502,154.5833017606764,308.0,41.0,7,0.5833333333333334,2.58025,81.2232
2025,Catalunya,1,Permanent,Red Bull,VER,2,SOFT,14,29,16,True,81.38343750000001,79.45,-12.691000000000003,-0.23472794117646814,63.89192708297761,206.80574161778398,326.0,40.0,12,0.75,3.53525,84.14775
2025,Catalunya,1,Permanent,Red Bull,VER,3,MEDIUM,30,47,18,True,80.60955555555556,78.216,-12.72099999999999,-0.12954179566563404,49.06534092472532,169.30088760576885,323.0,0.0,2,0.1111111111111111,4.661555555555555,80.80668750000001
2025,Catalunya,1,Permanent,Red Bull,VER,4,SOFT,48,55,8,True,82.57975,77.141,-1.2710000000000008,0.01307142857143285,47.84562674164031,166.55142447483883,306.0,43.0,7,0.875,4.621124999999999,95.915
2025,Catalunya,1,Permanent,Red Bull,VER,5,HARD,56,66,11,False,101.40145454545454,77.019,-67.045,-7.372563636363638,65.40474150845363,215.2544588441276,325.0,72.0,10,0.9090909090909091,1.3426363636363634,145.126
2025,Catalunya,1,Permanent,Sauber,BOR,1,SOFT,2,19,18,True,83.26627777777777,82.114,4.390999999999991,0.15115892672858913,48.11999822229851,167.54116957501182,310.0,28.0,11,0.6111111111111112,2.492888888888889,83.70614285714285
2025,Catalunya,1,Permanent,Sauber,BOR,2,MEDIUM,20,49,30,True,82.40146666666669,80.881,-17.10499999999999,-0.08468609566184802,55.65149368905939,184.2663259277853,309.0,0.0,15,0.5,4.987833333333333,83.16266666666665
2025,Catalunya,1,Permanent,Sauber,BOR,3,SOFT,50,66,17,False,90.77494117647059,78.297,-18.346999999999994,-1.0603897058823537,,,,,12,0.7058823529411765,2.2878823529411765,92.3486
2025,Catalunya,1,Permanent,Sauber,HUL,1,SOFT,2,9,8,True,82.573125,81.71,3.0390000000000015,0.2810119047619086,37.25859596337818,138.68817314264797,307.0,29.0,8,1.0,0.631375,
2025,Catalunya,1,Permanent,Sauber,HUL,2,MEDIUM,10,45,36,True,82.30499999999999,80.709,-13.305999999999997,-0.0801786357786355,58.07045352882548,188.24747126433283,316.0,0.0,16,0.4444444444444444,4.876971428571429,82.5025
2025,Catalunya,1,Permanent,Sauber,HUL,3,SOFT,46,56,11,True,87.12327272727273,79.794,-5.403000000000006,1.133927272727274,48.85214089168727,171.40101507145278,310.0,35.0,2,0.18181818181818182,15.364454545454548,85.05055555555556
2025,Catalunya,1,Permanent,Sauber,HUL,4,SOFT,57,66,10,False,92.0201,77.575,-31.400000000000006,-4.707315151515143,66.6042618373094,211.0058643111309,307.0,73.0,8,0.8,3.3647,104.4725
2025,Catalunya,1,Permanent,Williams,ALB,1,SOFT,2,6,5,True,83.4472,82.127,2.581000000000003,0.5114000000000082,30.194293448755708,122.43166925641036,274.0,40.0,5,1.0,0.966,
2025,Catalunya,1,Permanent,Williams,ALB,2,SOFT,7,26,20,True,83.66544999999999,80.508,-17.772000000000006,-0.1422473684210516,59.64740991302675,198.43667689195496,312.0,66.0,17,0.85,3.95955,89.56366666666666
2025,Catalunya,1,Permanent,Williams,ALB,3,SOFT,27,27,1,False,122.219,122.219,0.0,0.0,63.77819635486525,207.26954523491588,310.0,74.0,0,0.0,29.749,122.219
2025,Catalunya,1,Permanent,Williams,SAI,1,SOFT,2,9,8,True,83.382,82.37,2.460000000000008,0.2583333333333376,,,,,8,1.0,1.219875,
2025,Catalunya,1,Permanent,Williams,SAI,2,SOFT,10,34,25,True,83.06504,81.02,-21.40299999999999,-0.17103307692307684,,,,,5,0.2,5.3312083333333335,83.1015
2025,Catalunya,1,Permanent,Williams,SAI,3,MEDIUM,35,55,21,True,84.79247619047618,80.378,30.417,0.5700194805194799,,,,,6,0.2857142857142857,4.667142857142859,83.05973333333333
2025,Catalunya,1,Permanent,Williams,SAI,4,SOFT,56,66,11,False,90.0500909090909,79.317,-57.815,-4.095699999999997,,,,,10,0.9090909090909091,1.300727272727273,91.203
2025,Hungaroring,14,Permanent,Alpine,COL,1,MEDIUM,2,13,12,True,84.126,83.51,1.012999999999991,-0.026475524475526382,57.61186037351783,185.27950828775462,318.0,71.0,12,1.0,0.7623333333333333,
2025,Hungaroring,14,Permanent,Alpine,COL,2,HARD,14,35,22,True,83.89068181818182,81.647,-24.53,-0.20906437041219572,60.14531232012171,186.22120894004843,301.0,0.0,7,0.3181818181818182,5.573619047619048,83.96253333333334
2025,Hungaroring,14,Permanent,Alpine,COL,3,HARD,36,69,34,False,82.8384705882353,80.827,-22.659999999999997,-0.13139190221543104,58.8723773481328,188.63561295625914,321.0,0.0,22,0.6470588235294118,3.7388529411764706,84.28616666666667
2025,Hungaroring,14,Permanent,Alpine,GAS,1,HARD,2,32,31,True,83.87064516129034,83.352,0.8619999999999948,0.011285483870966846,60.922116140619714,186.03187519389215,318.0,77.0,31,1.0,1.5457741935483873,
2025,Hungaroring,14,Permanent,Alpine,GAS,2,MEDIUM,33,69,37,False,82.98310810810811,81.433,-16.849000000000004,-0.036603603603604075,61.83049464959607,188.00907113176132,322.0,0.0,32,0.8648648648648649,1.6186216216216216,85.68679999999999
2025,Hungaroring,14,Permanent,Aston Martin,ALO,1,MEDIUM,2,39,38,True,83.14097368421051,81.784,2.027000000000001,0.0008581901739762409,59.342798133987294,187.93720835116767,295.0,78.0,11,0.2894736842105263,6.606540540540541,82.97870370370369
2025,Hungaroring,14,Permanent,Aston Martin,ALO,2,HARD,40,70,31,False,81.65725806451613,80.113,-20.851,-0.16724919354838824,58.579089132368125,191.49900014573385,298.0,0.0,0,0.0,26.894266666666667,81.65725806451613
2025,Hungaroring,14,Permanent,Aston Martin,STR,1,MEDIUM,2,36,35,True,83.45745714285715,82.878,2.5900000000000034,-0.0018602240896367658,57.85396254914287,187.3882157379837,320.0,71.0,29,0.8285714285714286,2.0224285714285712,83.899
2025,Hungaroring,14,Permanent,Aston Martin,STR,2,HARD,37,70,34,False,81.6790294117647,80.708,-17.72,-0.11386264323911227,58.53941311317749,191.71671361157422,320.0,0.0,32,0.9411764705882353,2.3357058823529413,90.1555
2025,Hungaroring,14,Permanent,Ferrari,HAM,1,HARD,2,42,41,True,83.56724390243903,82.192,1.100999999999999,-0.022964111498255998,59.50860157268577,187.06192352583136,319.0,72.0,35,0.8536585365853658,1.7967804878048783,82.31383333333333
2025,Hungaroring,14,Permanent,Ferrari,HAM,2,MEDIUM,43,69,27,False,81.84618518518519,80.022,-19.292,-0.10286996336996602,62.80865058936332,191.28783560708996,323.0,0.0,19,0.7037037037037037,2.1706296296296297,83.0775
2025,Hungaroring,14,Permanent,Ferrari,LEC,1,MEDIUM,2,19,18,True,82.28983333333333,81.74,1.7230000000000132,0.0267461300309581,64.59160678454703,189.86834854745496,294.0,77.0,18,1.0,0.0,
2025,Hungaroring,14,Permanent,Ferrari,LEC,2,HARD,20,40,21,True,82.29733333333331,80.904,-15.064999999999998,-0.17860649350649244,64.27924904765246,189.9700712414937,316.0,0.0,11,0.5238095238095238,4.264428571428572,81.21080000000002
2025,Hungaroring,14,Permanent,Ferrari,LEC,3,HARD,41,70,30,False,82.06453333333333,80.44,-15.070999999999998,-0.03984961067853195,62.09217157816674,190.83121238996227,307.0,0.0,4,0.13333333333333333,7.924466666666666,82.06923076923077
2025,Hungaroring,14,Permanent,Haas,BEA,1,MEDIUM,2,30,29,True,83.88627586206897,83.114,1.304000000000002,0.02046551724137868,59.509801098086385,186.017422057063,320.0,77.0,14,0.4827586206896552,4.193413793103449,84.04440000000001
2025,Hungaroring,14,Permanent,Haas,BEA,2,HARD,31,48,18,False,84.1176111111111,81.989,-11.015,-0.1411506707946336,59.08532733330718,185.82172256535338,301.0,0.0,5,0.2777777777777778,4.326555555555556,84.41653846153847
2025,Hungaroring,14,Permanent,Haas,OCO,1,MEDIUM,2,14,13,True,84.04707692307693,83.217,1.1770000000000067,-0.0033901098901063377,58.03666207221634,185.01984643590217,318.0,76.0,13,1.0,0.7307692307692307,
2025,Hungaroring,14,Permanent,Haas,OCO,2,HARD,15,69,55,False,83.24510909090907,81.916,-19.067999999999998,-0.03217460317460196,59.70862738740351,187.72145719351005,316.0,0.0,38,0.6909090909090909,5.3536481481481495,82.69864705882352
2025,Hungaroring,14,Permanent,McLaren,NOR,1,MEDIUM,2,31,30,True,82.3930333333333,81.44,1.6029999999999944,-0.00039532814238161737,59.81614906049654,189.50038870592192,312.0,73.0,30,1.0,0.6503333333333333,
2025,Hungaroring,14,Permanent,McLaren,NOR,2,HARD,32,70,39,False,81.00820512820512,79.918,-19.245000000000005,-0.08259757085020239,60.753762385878645,193.55995001486096,318.0,0.0,28,0.717948717948718,2.2562307692307693,82.39754545454547
2025,Hungaroring,14,Permanent,McLaren,PIA,1,MEDIUM,2,18,17,True,82.40582352941176,81.663,1.426000000000002,-0.009791666666666504,58.73469835787312,189.3201053141853,292.0,78.0,15,0.8823529411764706,2.5326470588235295,82.07
2025,Hungaroring,14,Permanent,McLaren,PIA,2,HARD,19,45,27,True,82.08822222222223,80.898,-14.927000000000007,-0.11115079365079511,60.09513066944905,190.77569498399706,309.0,0.0,26,0.9629629629629629,1.5479259259259257,98.914
2025,Hungaroring,14,Permanent,McLaren,PIA,3,HARD,46,70,25,False,80.66512,79.412,-17.235,-0.1253646153846153,61.05630258184336,193.90585055510414,329.0,0.0,12,0.48,3.3693600000000004,80.99653846153848
2025,Hungaroring,14,Permanent,Mercedes,ANT,1,MEDIUM,2,21,20,True,83.8681,83.162,1.296999999999997,0.0030646616541358156,57.461067813251425,185.51438842205548,322.0,73.0,20,1.0,0.7817000000000001,
2025,Hungaroring,14,Permanent,Mercedes,ANT,2,HARD,22,69,48,False,82.43964583333333,80.745,-21.635000000000005,-0.08092102692140606,59.719988829534394,189.4738862276896,326.0,0.0,22,0.4583333333333333,5.090979166666667,82.21496153846154
2025,Hungaroring,14,Permanent,Mercedes,RUS,1,MEDIUM,2,19,18,True,82.58705555555555,81.931,0.9039999999999964,-0.014343653250771886,59.907847224326694,189.29342583750613,300.0,79.0,13,0.7222222222222222,2.5132777777777777,82.7694
2025,Hungaroring,14,Permanent,Mercedes,RUS,2,HARD,20,43,24,True,82.37633333333333,80.85,-15.555999999999997,-0.14925826086956526,61.47137723340916,190.01298566221342,321.0,0.0,4,0.16666666666666666,6.721260869565217,81.58790000000002
2025,Hungaroring,14,Permanent,Mercedes,RUS,3,HARD,44,70,27,False,81.14985185185186,79.409,-17.49900000000001,-0.10500793650793777,62.19512615537367,192.91603905642768,326.0,0.0,6,0.2222222222222222,10.592538461538462,81.18342857142858
2025,Hungaroring,14,Permanent,RB,HAD,1,MEDIUM,2,33,32,True,83.85762499999998,83.116,0.5700000000000074,0.010484237536656848,59.55232027832721,185.4108910947311,316.0,75.0,30,0.9375,0.9419374999999999,84.3895
2025,Hungaroring,14,Permanent,RB,HAD,2,HARD,34,69,36,False,82.02249999999998,80.802,-18.025000000000006,-0.07802908622908497,61.584765778369025,190.2075552990666,318.0,0.0,31,0.8611111111111112,1.6120277777777778,84.9012
2025,Hungaroring,14,Permanent,RB,LAW,1,MEDIUM,2,40,39,True,83.35905128205127,82.279,-0.09500000000001307,-0.01764311740890674,60.61336457850222,186.94340880620493,316.0,68.0,35,0.8974358974358975,1.815846153846154,83.23875000000001
2025,Hungaroring,14,Permanent,RB,LAW,2,HARD,41,70,30,False,81.5928,80.457,-19.793999999999997,-0.13626829810901064,63.31831230260016,191.53400763930546,314.0,0.0,21,0.7,2.550533333333334,81.05833333333334
2025,Hungaroring,14,Permanent,Red Bull,TSU,1,MEDIUM,2,20,19,True,84.10094736842105,83.424,2.551000000000002,0.018475438596494257,56.800516959464375,185.29130657512167,320.0,78.0,19,1.0,1.456157894736842,
2025,Hungaroring,14,Permanent,Red Bull,TSU,2,SOFT,21,37,17,True,83.7895294117647,81.331,-15.528000000000006,-0.1968504901960765,58.545348211152756,186.13622483746164,299.0,0.0,12,0.7058823529411765,2.507588235294118,85.6318
2025,Hungaroring,14,Permanent,Red Bull,TSU,3,HARD,38,69,32,False,82.75303124999999,81.18,-17.38600000000001,-0.08790597507331466,58.80140599683692,188.52101024759847,324.0,0.0,18,0.5625,3.3631562500000003,83.28685714285714
2025,Hungaroring,14,Permanent,Red Bull,VER,1,MEDIUM,2,17,16,True,83.52850000000001,83.083,1.6850000000000023,-0.0014852941176450266,58.73299170702279,187.07281340795873,318.0,77.0,16,1.0,0.89625,
2025,Hungaroring,14,Permanent,Red Bull,VER,2,HARD,18,48,31,True,82.92245161290325,81.316,-14.914000000000001,-0.12260403225806625,60.19117846706471,188.5982104450353,325.0,0.0,14,0.45161290322580644,9.262933333333335,83.06376470588236
2025,Hungaroring,14,Permanent,Red Bull,VER,3,HARD,49,70,22,False,81.56618181818182,79.576,-15.913000000000011,-0.1270536420101632,59.75554633648228,191.54874253982578,321.0,0.0,20,0.9090909090909091,1.3384545454545453,88.84649999999999
2025,Hungaroring,14,Permanent,Sauber,BOR,1,MEDIUM,2,40,39,True,83.23782051282053,82.777,1.2720000000000056,-0.012940080971658842,60.204105148340595,188.12896183160706,315.0,73.0,17,0.4358974358974359,4.776435897435897,83.09172727272727
2025,Hungaroring,14,Permanent,Sauber,BOR,2,HARD,41,70,30,False,81.67966666666666,80.705,-18.461000000000013,-0.1295501668520579,61.52292635737711,191.7139079339958,308.0,0.0,13,0.43333333333333335,3.1005333333333334,82.09900000000002
2025,Hungaroring,14,Permanent,Sauber,HUL,1,SOFT,2,5,4,True,84.97999999999999,84.122,1.4949999999999903,0.47599999999998743,57.660470795935396,182.99700627958705,331.0,78.0,4,1.0,0.37075,
2025,Hungaroring,14,Permanent,Sauber,HUL,2,MEDIUM,6,41,36,True,83.52050000000003,81.896,-13.296000000000006,-0.03503217503217315,60.95984187690907,187.60469367110218,323.0,0.0,23,0.6388888888888888,4.146527777777778,83.71261538461539
2025,Hungaroring,14,Permanent,Sauber,HUL,3,MEDIUM,42,69,28,False,82.48346428571429,80.013,-27.717,-0.1976313628899807,61.24799683938122,190.22523097122635,331.0,0.0,14,0.5,7.105428571428573,83.10442857142858
2025,Hungaroring,14,Permanent,Williams,ALB,1,SOFT,2,14,13,True,84.05646153846153,83.314,1.3700000000000045,-0.001247252747253232,57.22049217022897,184.6704172233572,323.0,76.0,13,1.0,0.7183076923076922,
2025,Hungaroring,14,Permanent,Williams,ALB,2,MEDIUM,15,38,24,True,83.77595833333334,81.772,-15.232,-0.08037347826086805,59.28435746734409,186.6812878868756,300.0,0.0,20,0.8333333333333334,2.6398636363636365,87.23625
2025,Hungaroring,14,Permanent,Williams,ALB,3,HARD,39,69,31,False,82.58016129032256,80.779,-20.212999999999994,-0.09722217741935678,59.23877379638078,189.1355136087376,323.0,0.0,13,0.41935483870967744,3.988354838709677,82.7
2025,Hungaroring,14,Permanent,Williams,SAI,1,SOFT,2,15,14,True,83.94764285714284,83.21,1.1620000000000061,0.0032373626373608756,58.7493498144768,185.3664034276115,322.0,75.0,14,1.0,0.7637142857142856,
2025,Hungaroring,14,Permanent,Williams,SAI,2,HARD,16,51,36,True,83.4809722222222,81.824,-14.197000000000003,-0.049105920205920084,59.31587392300374,187.0759557586846,322.0,0.0,24,0.6666666666666666,2.8413142857142857,83.72983333333333
2025,Hungaroring,14,Permanent,Williams,SAI,3,MEDIUM,52,69,18,False,82.2233888888889,79.79,-17.793999999999997,-0.26137358101134955,60.73050989807129,189.77555369339402,330.0,0.0,13,0.7222222222222222,2.656277777777778,80.3794
2025,Imola,7,Permanent,Alpine,GAS,1,MEDIUM,2,9,8,True,83.04225,81.541,3.628,0.09571428571428718,68.28849968095707,211.95967789445717,332.0,78.0,8,1.0,0.7278749999999999,
2025,Imola,7,Permanent,Alpine,GAS,2,HARD,10,29,20,True,84.933,81.243,8.854,0.17777744360902198,67.8211427032321,206.51327546375327,332.0,0.0,18,0.9,2.0168999999999997,93.4225
2025,Imola,7,Permanent,Alpine,GAS,3,HARD,30,63,34,False,90.39379411764705,80.398,-47.227000000000004,0.02736180290297877,60.562340451741875,194.42848664016182,333.0,0.0,20,0.5882352941176471,3.7381470588235293,88.6585
2025,Imola,7,Permanent,Aston Martin,ALO,1,MEDIUM,2,12,11,True,82.46736363636363,81.401,4.001999999999995,0.3152909090909092,67.22094923341805,211.88831856675992,330.0,74.0,11,1.0,0.9281818181818181,
2025,Imola,7,Permanent,Aston Martin,ALO,2,HARD,13,46,34,True,86.01097058823531,81.367,11.369,0.10995126050420322,63.05605520158799,203.8005185525456,309.0,0.0,21,0.6176470588235294,2.722941176470588,86.8536923076923
2025,Imola,7,Permanent,Aston Martin,ALO,3,MEDIUM,47,63,17,False,94.26911764705883,79.894,-40.903999999999996,-2.7401887254901967,55.08872115416354,186.83307850747977,336.0,0.0,14,0.8235294117647058,2.776411764705882,103.281
2025,Imola,7,Permanent,Aston Martin,STR,1,MEDIUM,2,14,13,True,82.54584615384616,81.527,4.516999999999996,0.2199835164835178,65.08718069284807,212.14420202846384,335.0,78.0,13,1.0,0.8245384615384617,
2025,Imola,7,Permanent,Aston Martin,STR,2,HARD,15,46,32,True,86.265125,81.553,10.11,0.10218804985337332,60.848362361418054,203.35617742098998,334.0,0.0,17,0.53125,2.699032258064516,88.3982
2025,Imola,7,Permanent,Aston Martin,STR,3,MEDIUM,47,63,17,False,94.40323529411765,80.501,-42.40299999999999,-2.6611764705882366,53.45535434133493,186.42128997765772,349.0,0.0,16,0.9411764705882353,0.9874375000000001,80.716
2025,Imola,7,Permanent,Ferrari,HAM,1,HARD,2,29,28,True,83.14746428571428,81.23,22.486000000000004,0.19037246852764342,67.13242070722576,211.0823026279489,347.0,59.0,28,1.0,0.5815357142857144,
2025,Imola,7,Permanent,Ferrari,HAM,2,MEDIUM,30,46,17,True,85.55635294117647,79.473,-25.212999999999994,-0.5379362745098043,66.30590061776635,205.6540466239229,335.0,0.0,6,0.35294117647058826,5.517058823529412,83.18927272727274
2025,Imola,7,Permanent,Ferrari,HAM,3,HARD,47,63,17,False,96.17570588235293,78.265,-52.369,-3.4334534313725515,58.266087763106974,183.21178276335678,339.0,0.0,15,0.8823529411764706,1.6800588235294118,105.032
2025,Imola,7,Permanent,Ferrari,LEC,1,MEDIUM,2,10,9,True,82.40677777777779,81.428,3.852000000000004,0.28423333333332834,70.76080207357947,212.73522159962778,336.0,72.0,9,1.0,0.6117777777777778,
2025,Imola,7,Permanent,Ferrari,LEC,2,HARD,11,29,19,True,83.84810526315789,80.505,4.288000000000011,0.09705438596491812,69.71323791330872,209.617515108488,342.0,0.0,8,0.42105263157894735,4.628894736842105,85.21109090909091
2025,Imola,7,Permanent,Ferrari,LEC,3,HARD,30,63,34,False,90.90079411764707,79.048,-53.82500000000002,0.0364087089381224,60.69411467919446,193.3514173889516,333.0,0.0,28,0.8235294117647058,1.990705882352941,89.71750000000002
2025,Imola,7,Permanent,Haas,BEA,1,HARD,2,29,28,True,83.47235714285713,81.885,24.884,0.18466940339354235,67.55154437197405,210.63306488802593,335.0,51.0,26,0.9285714285714286,1.381,81.9565
2025,Imola,7,Permanent,Haas,BEA,2,MEDIUM,30,31,2,True,111.1435,88.912,-44.462999999999994,-44.46299999999999,47.685049934974295,158.38577737817795,310.0,0.0,2,1.0,1.5274999999999999,
2025,Imola,7,Permanent,Haas,BEA,3,HARD,32,63,32,False,89.82634375,79.521,-49.491000000000014,-0.19536638563050004,60.62988709755646,196.57430206297667,347.0,0.0,10,0.3125,26.786437499999998,93.83318181818181
2025,Imola,7,Permanent,Haas,OCO,2,HARD,2,27,26,False,83.30146153846152,81.413,-22.095,-0.14774085470085693,70.80591324226523,211.29749097905903,310.0,0.0,7,0.2692307692307692,9.127461538461539,83.33821052631579
2025,Imola,7,Permanent,McLaren,NOR,1,MEDIUM,2,28,27,True,81.67933333333333,80.829,4.366,0.009112332112329712,68.60191959054761,214.84357418471293,329.0,77.0,9,0.3333333333333333,6.4472962962962965,81.59944444444444
2025,Imola,7,Permanent,McLaren,NOR,2,HARD,29,46,18,True,86.01338888888888,79.466,-22.015,-1.04294427244582,61.54894918291569,204.02286960273014,304.0,0.0,1,0.05555555555555555,17.35077777777778,83.71941176470588
2025,Imola,7,Permanent,McLaren,NOR,3,HARD,47,63,17,False,97.64229411764707,78.311,-56.23599999999999,-3.944901960784316,50.074285279743805,180.21515080500782,331.0,0.0,9,0.5294117647058824,3.0401176470588234,91.12525000000001
2025,Imola,7,Permanent,McLaren,PIA,1,MEDIUM,2,13,12,True,81.81408333333334,81.096,4.603999999999999,0.20759790209790388,66.9520439386455,214.864910303239,307.0,77.0,12,1.0,1.8176666666666665,
2025,Imola,7,Permanent,McLaren,PIA,2,HARD,14,30,17,True,85.93476470588234,80.698,9.905000000000001,0.5477916666666658,61.555046513393386,204.08985502808275,336.0,0.0,10,0.5882352941176471,4.146,92.37842857142856
2025,Imola,7,Permanent,McLaren,PIA,3,HARD,31,63,33,False,90.28875757575757,78.894,-26.593999999999994,0.16083522727272945,57.27213768220539,194.6142396480697,330.0,0.0,13,0.3939393939393939,6.0890625,86.12819999999998
2025,Imola,7,Permanent,Mercedes,ANT,1,HARD,2,29,28,True,83.14582142857144,81.239,22.69999999999999,0.1930599343185557,66.74749888673178,210.7169592808294,337.0,72.0,28,1.0,1.010892857142857,
2025,Imola,7,Permanent,Mercedes,ANT,2,MEDIUM,30,44,15,False,84.80846666666667,80.62,-51.72999999999999,-1.3944999999999974,63.803194716526036,207.25332299487647,329.0,0.0,15,1.0,1.8753333333333333,
2025,Imola,7,Permanent,Mercedes,RUS,1,MEDIUM,2,11,10,True,82.6193,81.385,7.677999999999997,0.5102848484848541,69.2462233619423,212.19452989079267,314.0,79.0,8,0.8,2.2418,82.7955
2025,Imola,7,Permanent,Mercedes,RUS,2,HARD,12,29,18,True,84.4165,81.334,4.757999999999996,0.1040237358101154,65.23525373131852,207.91808312599053,334.0,0.0,13,0.7222222222222222,2.0749444444444447,87.05919999999999
2025,Imola,7,Permanent,Mercedes,RUS,3,HARD,30,63,34,False,90.72279411764706,79.733,-51.91300000000001,0.011691520244463197,58.587858800807325,193.59216665922523,344.0,0.0,21,0.6176470588235294,3.9033235294117645,87.89476923076924
2025,Imola,7,Permanent,RB,HAD,1,MEDIUM,2,29,28,True,83.13875,81.233,23.239000000000004,0.19802380952381224,66.96163880829376,210.83428468326846,335.0,66.0,16,0.5714285714285714,3.0036071428571423,82.32725
2025,Imola,7,Permanent,RB,HAD,2,HARD,30,46,17,True,86.22552941176471,80.295,-17.454000000000008,-0.4127524509803929,65.62854546427403,203.60853912979704,310.0,0.0,9,0.5294117647058824,3.6066470588235293,91.366375
2025,Imola,7,Permanent,RB,HAD,3,HARD,47,63,17,False,96.11888235294118,79.473,-51.47800000000001,-3.2262107843137264,55.274638121051616,183.11731214293096,349.0,0.0,15,0.8823529411764706,1.8897647058823528,114.18
2025,Imola,7,Permanent,RB,LAW,1,MEDIUM,2,10,9,True,82.74377777777778,81.798,2.5700000000000074,0.14331666666666307,69.30796424719284,212.8844620158005,338.0,80.0,9,1.0,1.22,
2025,Imola,7,Permanent,RB,LAW,2,HARD,11,29,19,True,85.21231578947366,81.245,10.350999999999999,0.20928596491228507,67.18934972728957,205.8393952982786,329.0,0.0,18,0.9473684210526315,1.8641578947368422,115.803
2025,Imola,7,Permanent,RB,LAW,3,HARD,30,63,34,False,90.32461764705882,80.473,-45.358000000000004,0.027428418640183114,61.14126484611166,194.2785264631125,337.0,0.0,31,0.9117647058823529,2.163382352941176,99.20733333333334
2025,Imola,7,Permanent,Red Bull,TSU,1,HARD,2,29,28,True,83.65071428571427,81.993,28.232,0.2302731253420943,64.30393211148412,209.55072015616315,340.0,68.0,25,0.8928571428571429,1.2644074074074074,91.88799999999999
2025,Imola,7,Permanent,Red Bull,TSU,2,MEDIUM,30,63,34,False,90.65791176470587,80.039,-49.47200000000001,-0.012955691367456633,56.30614304455352,193.57839978442087,336.0,0.0,30,0.8823529411764706,1.7810000000000001,80.7945
2025,Imola,7,Permanent,Red Bull,VER,1,MEDIUM,2,29,28,True,81.66089285714285,80.856,11.596999999999994,0.08724548440065931,68.07197546244434,214.96822056584574,307.0,78.0,28,1.0,0.0,
2025,Imola,7,Permanent,Red Bull,VER,2,HARD,30,46,17,True,84.90547058823529,79.513,-37.702,-1.0605686274509807,64.31052149033829,207.2005500113933,311.0,0.0,17,1.0,0.0,
2025,Imola,7,Permanent,Red Bull,VER,3,HARD,47,63,17,False,98.84170588235294,77.988,-56.41499999999999,-4.364215686274509,52.39871022036524,177.8956018581669,305.0,0.0,17,1.0,0.0,
2025,Imola,7,Permanent,Sauber,BOR,1,MEDIUM,2,12,11,True,82.73418181818182,81.582,4.171999999999997,0.2519454545454579,68.34662205937988,212.8621191100217,331.0,72.0,11,1.0,1.6496363636363638,
2025,Imola,7,Permanent,Sauber,BOR,2,HARD,13,29,17,True,85.69811764705884,81.886,10.647999999999996,0.2347647058823534,66.42197081846419,205.21690694359035,334.0,0.0,17,1.0,2.1595882352941183,
2025,Imola,7,Permanent,Sauber,BOR,3,HARD,30,46,17,True,86.74305882352941,81.039,-8.679000000000002,0.04751960784313678,64.64861988733578,202.79887715276232,310.0,0.0,12,0.7058823529411765,2.7726470588235292,81.5658
2025,Imola,7,Permanent,Sauber,BOR,4,MEDIUM,47,63,17,False,94.10464705882353,80.63,-36.120000000000005,-2.4599950980392133,55.71166843444206,186.87445995696874,340.0,0.0,14,0.8235294117647058,1.911470588235294,81.19833333333332
2025,Imola,7,Permanent,Sauber,HUL,1,HARD,2,29,28,True,83.43835714285714,81.922,24.921999999999997,0.2020722495894921,68.64504121998323,210.78956304617913,332.0,50.0,15,0.5357142857142857,3.1297142857142863,84.4656923076923
2025,Imola,7,Permanent,Sauber,HUL,2,MEDIUM,30,63,34,False,91.03779411764705,80.401,-51.479,-0.020547746371276057,59.102651567078375,193.41823998979692,335.0,0.0,27,0.7941176470588235,2.026794117647059,93.96042857142857
2025,Imola,7,Permanent,Williams,ALB,1,MEDIUM,2,29,28,True,82.78157142857143,81.583,20.735000000000014,0.16042309797482593,66.03324557953574,211.35432646748592,333.0,76.0,11,0.39285714285714285,6.760678571428571,83.214
2025,Imola,7,Permanent,Williams,ALB,2,HARD,30,47,18,True,87.36127777777779,80.384,-16.324000000000012,0.007906088751290122,60.011862475848574,200.64674957268699,309.0,0.0,4,0.2222222222222222,6.217833333333335,86.66328571428572
2025,Imola,7,Permanent,Williams,ALB,3,HARD,48,63,16,False,95.834625,78.289,-43.05799999999999,-3.680044117647054,54.03782407181608,183.22826818195801,336.0,0.0,14,0.875,1.4883124999999997,99.818
2025,Imola,7,Permanent,Williams,SAI,1,MEDIUM,2,11,10,True,82.54679999999999,81.38,6.102999999999994,0.40151515151515393,65.71840781303429,211.6561440783461,333.0,79.0,10,1.0,0.6401999999999999,
2025,Imola,7,Permanent,Williams,SAI,2,HARD,12,29,18,True,84.74572222222223,81.268,6.772999999999996,0.17674406604747353,65.15131010786396,207.17774326246797,335.0,0.0,18,1.0,1.3439999999999999,
2025,Imola,7,Permanent,Williams,SAI,3,HARD,30,63,34,False,90.5374411764706,79.836,-50.126000000000005,0.007807333842627335,56.739773668260554,194.01095269294254,335.0,0.0,25,0.7352941176470589,2.572941176470588,87.37877777777777
2025,Interlagos,15,Permanent,Alpine,COL,1,MEDIUM,2,29,28,True,83.09732142857145,75.342,-38.498999999999995,-1.1340621237000499,57.32053030123348,188.28073798257884,332.0,0.0,28,1.0,1.3984285714285714,
2025,Interlagos,15,Permanent,Alpine,COL,2,SOFT,30,43,11,True,76.83854545454545,74.301,-13.081000000000003,-0.5075090909090897,57.852122589053955,194.1053290673353,333.0,51.0,10,0.9090909090909091,2.269727272727273,92.679
2025,Interlagos,15,Permanent,Alpine,COL,3,MEDIUM,44,71,28,False,74.83553571428571,72.816,-19.819000000000003,-0.12301888341543314,51.389215947364384,176.87736811558526,338.0,0.0,24,0.8571428571428571,3.319925925925926,78.78550000000001
2025,Interlagos,15,Permanent,Alpine,GAS,1,SOFT,2,18,17,True,87.48141176470588,74.672,-31.47500000000001,-2.5217549019607852,62.23346921049869,197.3702604041914,330.0,85.0,17,1.0,0.7986470588235294,
2025,Interlagos,15,Permanent,Alpine,GAS,2,MEDIUM,19,38,20,True,75.86335,74.027,-17.373000000000005,-0.2103165413533826,56.51057587932656,183.00687572675437,335.0,0.0,20,1.0,0.6747000000000001,
2025,Interlagos,15,Permanent,Alpine,GAS,3,,42,71,30,False,74.71953333333335,73.736,3.292999999999992,0.04843114571746437,53.43322118057596,178.0088568939819,335.0,35.0,28,0.9333333333333333,0.770448275862069,74.0915
2025,Interlagos,15,Permanent,Aston Martin,ALO,1,HARD,2,28,27,True,83.37088888888887,74.924,-31.18400000000001,-1.1954505494505512,56.11927474867043,187.7848155283307,335.0,0.0,23,0.8518518518518519,1.4376538461538462,77.73225
2025,Interlagos,15,Permanent,Aston Martin,ALO,2,MEDIUM,29,46,15,True,76.41606666666667,74.343,-14.831999999999994,-0.2990000000000026,59.596613113659544,198.2316073481657,337.0,54.0,5,0.3333333333333333,4.586533333333334,76.53339999999999
2025,Interlagos,15,Permanent,Aston Martin,ALO,3,MEDIUM,47,71,25,False,74.85276,73.312,-17.393,-0.1435823076923082,49.72161027595105,175.65939585658944,338.0,35.0,13,0.52,3.4356800000000005,75.68258333333331
2025,Interlagos,15,Permanent,Aston Martin,STR,1,HARD,2,29,28,True,83.12707142857143,74.536,-36.40199999999999,-1.17729666119321,56.88182218966428,188.71735348342276,339.0,0.0,21,0.75,2.358678571428572,82.56671428571428
2025,Interlagos,15,Permanent,Aston Martin,STR,2,MEDIUM,30,54,22,True,75.94268181818182,74.375,-14.051000000000002,-0.13164144551100976,57.400558873444275,189.67412869045864,310.0,0.0,17,0.7727272727272727,1.746380952380953,74.85780000000001
2025,Interlagos,15,Permanent,Aston Martin,STR,3,MEDIUM,55,71,17,False,74.79964705882354,73.094,-16.23100000000001,-0.2604852941176462,49.17580808488373,173.4481279553559,339.0,33.0,10,0.5882352941176471,2.7601764705882355,75.96628571428572
2025,Interlagos,15,Permanent,Ferrari,HAM,1,SOFT,2,2,1,True,125.836,125.836,0.0,0.0,62.90659461244037,198.66029860828687,321.0,88.0,1,1.0,1.619,
2025,Interlagos,15,Permanent,Ferrari,HAM,2,HARD,3,14,12,True,88.33758333333333,74.982,-40.396,-3.2688776223776213,61.96234518505518,199.84024369041293,329.0,87.0,11,0.9166666666666666,2.935833333333333,120.497
2025,Interlagos,15,Permanent,Ferrari,HAM,3,MEDIUM,15,32,18,True,76.73177777777778,74.273,-12.554000000000002,-0.16985345717234346,61.79709172812252,197.24376506501787,326.0,0.0,4,0.2222222222222222,4.609111111111111,77.0697142857143
2025,Interlagos,15,Permanent,Ferrari,HAM,4,MEDIUM,33,37,5,False,81.6722,73.844,-17.117999999999995,-3.478899999999994,,,,,0,0.0,21.881999999999998,81.6722
2025,Interlagos,15,Permanent,Ferrari,LEC,1,MEDIUM,2,5,4,False,112.21600000000001,103.56,18.339,5.173599999999984,62.889913842744946,199.95934423499534,325.0,88.0,4,1.0,1.6152499999999999,
2025,Interlagos,15,Permanent,Haas,BEA,1,SOFT,2,17,16,True,88.0911875,74.312,-29.24900000000001,-2.7382544117647054,60.37946175215519,197.93352389359208,330.0,85.0,16,1.0,0.910875,
2025,Interlagos,15,Permanent,Haas,BEA,2,MEDIUM,18,42,22,True,75.76395454545455,73.823,-13.704000000000008,-0.13275945793337157,56.455457846842805,185.5190099868066,336.0,43.0,15,0.6818181818181818,2.844818181818182,75.03014285714286
2025,Interlagos,15,Permanent,Haas,BEA,3,MEDIUM,43,71,29,False,74.7505172413793,73.483,-18.497,-0.13022364532019784,52.67957477683648,178.3535404698695,333.0,0.0,9,0.3103448275862069,6.296896551724139,74.09025
2025,Interlagos,15,Permanent,Haas,OCO,1,HARD,2,8,7,True,104.21642857142858,79.208,-18.423999999999992,-3.214500000000018,60.83635864936263,196.77470554814664,329.0,85.0,7,1.0,0.8555714285714286,
2025,Interlagos,15,Permanent,Haas,OCO,2,MEDIUM,9,47,36,True,75.91505555555557,73.481,-12.769000000000005,-0.04623088803088576,59.567010966285096,189.94698015628413,327.0,37.0,12,0.3333333333333333,5.702171428571428,75.822625
2025,Interlagos,15,Permanent,Haas,OCO,3,MEDIUM,48,71,24,False,74.98254166666666,73.571,-15.50500000000001,-0.10420391304347569,51.639638628324455,173.24444602394385,340.0,0.0,9,0.375,5.774217391304347,75.07619999999999
2025,Interlagos,15,Permanent,McLaren,NOR,1,MEDIUM,2,30,29,True,81.845,73.489,-23.275999999999996,-1.0965847290640398,56.4017419810771,189.45226807301768,325.0,0.0,29,1.0,0.0,
2025,Interlagos,15,Permanent,McLaren,NOR,2,SOFT,31,50,17,True,75.61817647058822,73.968,-14.913000000000011,-0.2757034313725497,58.15032705164014,200.1770156462072,305.0,78.0,11,0.6470588235294118,3.055823529411765,74.1635
2025,Interlagos,15,Permanent,McLaren,NOR,3,MEDIUM,51,71,21,False,74.3505238095238,73.04,-18.944000000000003,-0.2555896103896122,48.94333830404281,172.6411384989906,324.0,0.0,17,0.8095238095238095,1.308,78.27375
2025,Interlagos,15,Permanent,McLaren,PIA,1,MEDIUM,2,38,37,True,80.56427027027026,74.133,-24.858000000000004,-0.6933774300616402,56.70157952384506,191.02772832264466,304.0,0.0,23,0.6216216216216216,2.5105135135135135,75.09842857142857
2025,Interlagos,15,Permanent,McLaren,PIA,2,,39,51,11,True,73.96781818181819,73.156,4.4879999999999995,0.2568909090909133,62.35070135377693,205.29848479524497,303.0,90.0,1,0.09090909090909091,3.655363636363636,74.01689999999999
2025,Interlagos,15,Permanent,McLaren,PIA,3,MEDIUM,52,71,20,False,74.2415,72.742,-17.655,-0.2254691729323323,46.495270532142285,166.6235236500844,302.0,0.0,12,0.6,2.3019,73.07124999999999
2025,Interlagos,15,Permanent,Mercedes,ANT,1,SOFT,2,21,20,True,85.3475,74.127,-23.195999999999998,-1.9948436090225576,60.838113197826424,197.5802027500833,332.0,82.0,19,0.95,1.68565,79.328
2025,Interlagos,15,Permanent,Mercedes,ANT,2,MEDIUM,22,47,22,True,75.53250000000001,73.672,-13.712000000000003,-0.16208413325804735,55.42221207771746,186.2744045212816,336.0,0.0,7,0.3181818181818182,4.523863636363637,74.7248
2025,Interlagos,15,Permanent,Mercedes,ANT,3,MEDIUM,48,71,24,False,74.42025,73.123,-19.027,-0.17441913043477986,48.40021488464245,172.92109878813488,332.0,0.0,2,0.08333333333333333,6.894500000000001,73.61609090909093
2025,Interlagos,15,Permanent,Mercedes,RUS,1,MEDIUM,2,34,33,True,81.38172727272728,74.119,-30.277,-0.8643094919786075,58.47048028771748,189.0536893357798,335.0,0.0,20,0.6060606060606061,3.982878787878788,75.64884615384615
2025,Interlagos,15,Permanent,Mercedes,RUS,2,SOFT,35,48,10,True,76.11510000000001,73.218,-13.554000000000002,-0.6422363636363592,62.336285006358764,202.10394953814358,308.0,90.0,2,0.2,5.8009,74.567
2025,Interlagos,15,Permanent,Mercedes,RUS,3,MEDIUM,49,71,23,False,74.48617391304347,73.097,-17.177000000000007,-0.1596719367588952,50.508630933262125,171.9698149407926,310.0,0.0,17,0.7391304347826086,2.667826086956522,73.84166666666667
2025,Interlagos,15,Permanent,RB,HAD,1,SOFT,2,18,17,True,87.41688235294117,74.553,-26.613,-2.4917696078431377,63.04507552759188,200.48524081310018,319.0,88.0,14,0.8235294117647058,1.8908823529411762,77.30533333333334
2025,Interlagos,15,Permanent,RB,HAD,2,MEDIUM,19,37,19,True,76.23794736842105,74.254,-15.736000000000004,-0.20991929824561004,55.59967942681644,181.8735697247468,326.0,0.0,8,0.42105263157894735,3.1040000000000005,75.25645454545453
2025,Interlagos,15,Permanent,RB,HAD,3,MEDIUM,38,71,31,False,74.76690322580646,73.983,3.0779999999999887,0.03315604838709508,53.57911756339215,178.31581340461335,309.0,0.0,21,0.6774193548387096,2.056645161290323,74.529
2025,Interlagos,15,Permanent,RB,LAW,1,SOFT,2,19,18,True,86.88561111111113,74.318,-27.838000000000008,-2.3024303405572737,62.69332534592963,198.82899876465396,329.0,87.0,17,0.9444444444444444,1.5197222222222222,79.832
2025,Interlagos,15,Permanent,RB,LAW,2,MEDIUM,20,71,49,False,75.59851020408163,74.029,-15.291000000000011,-0.022649591836734602,54.811315709093556,178.8193766700663,334.0,0.0,27,0.5510204081632653,5.280673469387755,75.29627272727274
2025,Interlagos,15,Permanent,Red Bull,TSU,1,HARD,2,2,1,True,119.58,119.58,0.0,0.0,56.135576161686544,197.71647560047666,325.4833344,91.0,1,1.0,1.261,
2025,Interlagos,15,Permanent,Red Bull,TSU,2,MEDIUM,3,24,22,True,83.00236363636365,74.911,-34.928,-1.3749192546583837,56.33034352191428,190.21334249262102,331.0,0.0,21,0.9545454545454546,1.088590909090909,114.737
2025,Interlagos,15,Permanent,Red Bull,TSU,3,MEDIUM,25,47,20,True,76.62034999999999,74.019,-25.474999999999994,-0.31543383458646546,55.20236674666734,191.11152109487492,336.0,40.0,11,0.55,4.94195,78.3408888888889
2025,Interlagos,15,Permanent,Red Bull,TSU,4,MEDIUM,48,71,24,False,75.04299999999999,72.774,-29.042,-0.2541382608695645,52.57885161401651,173.7033522400628,335.0,0.0,0,0.0,12.601333333333335,75.04299999999999
2025,Interlagos,15,Permanent,Red Bull,VER,1,HARD,2,7,6,True,104.98083333333334,78.495,-12.951999999999998,-4.429342857142876,60.80748358525397,201.39299800198265,303.0,90.0,6,1.0,0.8900000000000001,
2025,Interlagos,15,Permanent,Red Bull,VER,2,MEDIUM,8,34,27,True,76.18992592592593,73.049,-25.004000000000005,-0.15694749694749968,55.75662950169431,186.70698561291456,310.0,0.0,13,0.48148148148148145,3.846148148148148,74.73757142857143
2025,Interlagos,15,Permanent,Red Bull,VER,3,MEDIUM,35,54,17,True,75.02005882352941,73.307,-13.823000000000008,-0.25169117647058936,58.7571074201824,194.80495218202137,307.0,0.0,8,0.47058823529411764,4.043882352941177,73.74555555555555
2025,Interlagos,15,Permanent,Red Bull,VER,4,SOFT,55,71,17,False,74.23582352941176,72.447,-16.617999999999995,-0.2740588235294121,48.55565202065316,168.05550887563484,311.0,32.0,13,0.7647058823529411,2.2387058823529418,77.078
2025,Interlagos,15,Permanent,Sauber,HUL,1,MEDIUM,2,36,35,True,81.45494285714287,74.979,-35.74000000000001,-0.7805974789915965,56.77666138173095,188.64029012441418,342.0,0.0,32,0.9142857142857143,1.5180285714285713,76.69599999999998
2025,Interlagos,15,Permanent,Sauber,HUL,2,SOFT,37,71,32,False,75.539,73.91,-15.299999999999997,-0.0542987536656898,52.0399374896889,179.92115794362655,342.0,0.0,24,0.75,2.15375,74.761625
2025,Interlagos,15,Permanent,Williams,ALB,1,MEDIUM,2,35,34,True,81.72617647058824,74.525,-30.930999999999997,-0.7916773109243707,54.74916059885311,189.4224660530503,332.0,0.0,25,0.7352941176470589,2.3195882352941175,75.88622222222222
2025,Interlagos,15,Permanent,Williams,ALB,2,SOFT,36,55,17,True,76.02994117647059,73.495,-13.183000000000007,-0.21676225490196235,53.87294319449129,188.49009926334676,311.0,0.0,16,0.9411764705882353,1.8537058823529415,78.437
2025,Interlagos,15,Permanent,Williams,ALB,3,MEDIUM,56,71,16,False,74.8806875,72.4,-14.078999999999994,-0.18139852941176643,48.606014513241504,171.88250212202485,331.0,35.0,11,0.6875,2.1626250000000002,76.63199999999999
2025,Interlagos,15,Permanent,Williams,SAI,1,SOFT,2,17,16,True,88.21393749999999,74.897,-32.405,-2.7490044117647017,58.605061244796715,198.91404500303832,330.0,87.0,16,1.0,0.7596875000000001,
2025,Interlagos,15,Permanent,Williams,SAI,2,MEDIUM,18,38,21,True,75.93333333333332,73.683,-19.882000000000005,-0.20642077922077964,50.44024826910914,176.0647448385161,331.0,0.0,21,1.0,1.4334761904761906,
2025,Interlagos,15,Permanent,Williams,SAI,3,,42,71,30,False,74.76219999999999,73.981,1.48899999999999,0.03408453837597327,52.10121658579113,182.21455710759045,342.0,0.0,30,1.0,1.5431000000000001,
2025,Jeddah,5,Street,Alpine,DOO,2,HARD,2,32,31,True,100.43216129032258,95.407,-63.143000000000015,-0.7340060483870997,67.48239988445864,218.108325994306,336.0,0.0,30,0.967741935483871,1.2207096774193549,96.225
2025,Jeddah,5,Street,Alpine,DOO,3,HARD,33,49,17,False,95.54364705882352,93.15,-19.678999999999988,-0.313659313725487,73.17920279499752,229.71948132886206,333.0,0.0,3,0.17647058823529413,8.718058823529413,95.88099999999999
2025,Jeddah,5,Street,Aston Martin,ALO,1,MEDIUM,2,19,18,True,103.54361111111112,95.098,-64.70899999999999,-2.2297409700722355,67.26373310342996,211.48822236138665,332.0,42.0,17,0.9444444444444444,1.1924444444444446,96.232
2025,Jeddah,5,Street,Aston Martin,ALO,2,HARD,20,50,31,False,94.86329032258065,93.009,-19.459000000000003,-0.17530080645161233,73.11553739286343,231.4148622730611,340.0,0.0,18,0.5806451612903226,3.952096774193549,95.06692307692309
2025,Jeddah,5,Street,Aston Martin,STR,1,HARD,2,39,38,True,99.28181578947365,95.171,-60.729,-0.5208684757632152,68.60572498806859,220.638516403534,332.0,35.0,25,0.6578947368421053,3.2317105263157893,95.39207692307693
2025,Jeddah,5,Street,Aston Martin,STR,2,MEDIUM,40,49,10,False,95.3745,92.745,-17.351000000000013,-0.8418969696969638,74.15239812276725,230.56091217854507,333.0,0.0,3,0.3,4.8406,96.12885714285713
2025,Jeddah,5,Street,Ferrari,HAM,1,MEDIUM,2,23,22,True,101.6239090909091,94.444,-65.676,-1.5763602484472066,70.06611997556932,216.69884325151463,335.0,45.0,17,0.7727272727272727,2.2247272727272724,95.42479999999999
2025,Jeddah,5,Street,Ferrari,HAM,2,HARD,24,50,27,False,93.98633333333335,92.6,-18.366,-0.18455738705738858,75.83475763718413,234.0011896341176,320.0,0.0,8,0.2962962962962963,4.644074074074075,94.36194736842106
2025,Jeddah,5,Street,Ferrari,LEC,1,MEDIUM,2,29,28,True,99.53771428571427,93.368,-68.664,-1.0770804597701114,71.46004778721269,220.94130345267305,323.0,52.0,26,0.9285714285714286,1.8656666666666668,94.19749999999999
2025,Jeddah,5,Street,Ferrari,LEC,2,HARD,30,50,21,False,93.33052380952381,92.192,-17.915999999999997,-0.23696363636363635,76.45856434054575,235.43192465079815,340.0,0.0,5,0.23809523809523808,4.568368421052632,93.6014375
2025,Jeddah,5,Street,Haas,BEA,1,MEDIUM,2,18,17,True,103.823,95.057,-62.391000000000005,-2.3734142156862763,65.2798812323199,211.59796083929433,334.0,36.0,16,0.9411764705882353,1.1471176470588236,98.409
2025,Jeddah,5,Street,Haas,BEA,2,HARD,19,50,32,False,94.90065625,93.238,-20.066000000000003,-0.16712591642228575,74.4757450272149,232.0740961938452,338.0,0.0,23,0.71875,2.763967741935484,96.2377777777778
2025,Jeddah,5,Street,Haas,OCO,2,HARD,2,50,49,False,98.30761224489797,94.309,-60.251999999999995,-0.32899214285714373,70.06550910562018,223.5087290572253,340.0,0.0,40,0.8163265306122449,2.355145833333333,95.61088888888888
2025,Jeddah,5,Street,McLaren,NOR,1,HARD,2,34,33,True,98.41387878787879,92.952,-66.48899999999999,-0.7867583556149705,69.26240583753892,222.92859293925255,334.0,46.0,21,0.6363636363636364,1.8975454545454546,93.59608333333334
2025,Jeddah,5,Street,McLaren,NOR,2,MEDIUM,35,50,16,False,93.267,91.778,-17.51700000000001,-0.3893352941176462,73.19325286134904,234.72462838664757,332.0,0.0,8,0.5,2.8835,94.282
2025,Jeddah,5,Street,McLaren,PIA,1,MEDIUM,2,19,18,True,102.49477777777778,93.418,-67.61800000000001,-2.4236635706914305,66.2447807543217,214.2456050215006,328.0,45.0,18,1.0,1.4351111111111112,
2025,Jeddah,5,Street,McLaren,PIA,2,HARD,20,50,31,False,93.44729032258064,92.228,-18.378,-0.12638669354838816,73.40046183071408,235.07937764586453,339.0,0.0,20,0.6451612903225806,1.8484333333333334,92.99363636363637
2025,Jeddah,5,Street,Mercedes,ANT,1,MEDIUM,2,19,18,True,103.10283333333334,94.386,-65.621,-2.331877192982455,65.77940402047203,212.92321657272888,330.0,54.0,14,0.7777777777777778,2.058333333333333,94.91725
2025,Jeddah,5,Street,Mercedes,ANT,2,HARD,20,50,31,False,94.0762258064516,92.396,-19.480000000000004,-0.15241129032258233,74.02599416523401,233.16881035057654,331.0,0.0,7,0.22580645161290322,9.891133333333332,94.15270833333334
2025,Jeddah,5,Street,Mercedes,RUS,1,MEDIUM,2,20,19,True,102.26405263157893,93.857,-67.043,-2.154649122807013,66.15783440741794,214.59033990777203,319.0,44.0,9,0.47368421052631576,3.4293684210526316,94.66319999999999
2025,Jeddah,5,Street,Mercedes,RUS,2,HARD,21,50,30,False,94.12753333333333,92.893,-16.525999999999996,-0.08824293659621942,73.44224888045416,233.12127929266435,335.0,0.0,5,0.16666666666666666,5.943758620689655,93.45904
2025,Jeddah,5,Street,RB,HAD,1,HARD,2,34,33,True,99.31527272727273,94.092,-64.81200000000001,-0.719854278074863,69.89926731877887,221.28816671208648,340.0,42.0,22,0.6666666666666666,3.192875,94.68254545454546
2025,Jeddah,5,Street,RB,HAD,2,MEDIUM,35,50,16,False,94.7140625,93.257,-16.866,-0.3614161764705883,72.34768413341476,231.97023827754916,343.0,0.0,15,0.9375,1.0125625,110.49
2025,Jeddah,5,Street,RB,LAW,1,MEDIUM,2,20,19,True,102.72868421052631,95.085,-63.47500000000001,-1.9873245614035038,66.77030169534365,213.61629721109315,336.0,44.0,13,0.6842105263157895,1.9907894736842107,95.72250000000001
2025,Jeddah,5,Street,RB,LAW,2,HARD,21,50,30,False,94.67593333333335,92.998,-17.834000000000003,-0.19135483870967623,73.39249391483662,232.18013875804965,335.0,0.0,20,0.6666666666666666,2.6463000000000005,95.4322
2025,Jeddah,5,Street,Red Bull,VER,1,MEDIUM,2,21,20,True,101.60065,93.511,-68.4,-2.013122556390979,68.37129960456141,216.563590452233,314.0,48.0,20,1.0,0.0,
2025,Jeddah,5,Street,Red Bull,VER,2,HARD,22,50,29,False,93.599,92.28,-23.37899999999999,-0.187051724137933,74.96639387926854,234.90141255271936,331.0,0.0,4,0.13793103448275862,3.9396551724137927,92.78776000000002
2025,Jeddah,5,Street,Sauber,BOR,2,HARD,2,49,48,False,98.66899999999998,94.447,-66.145,-0.3343922058184971,69.02792882996776,223.05182791722999,335.0,0.0,32,0.6666666666666666,3.243666666666666,95.6445625
2025,Jeddah,5,Street,Sauber,HUL,1,HARD,2,33,32,True,100.03121875,95.047,-63.379999999999995,-0.722422104105572,67.35270320285585,219.70722759222124,339.0,36.0,29,0.90625,1.877375,96.14033333333333
2025,Jeddah,5,Street,Sauber,HUL,2,MEDIUM,34,49,16,False,95.2011875,93.446,-11.221999999999994,-0.22951617647058528,73.21142225648732,231.33684670287724,326.0,0.0,3,0.1875,4.795933333333333,95.4820769230769
2025,Jeddah,5,Street,Williams,ALB,1,MEDIUM,2,22,21,True,102.13671428571429,94.892,-64.25300000000001,-1.66265974025974,63.769009517784426,214.69819189454307,331.0,44.0,20,0.9523809523809523,1.6944285714285714,98.088
2025,Jeddah,5,Street,Williams,ALB,2,HARD,23,50,28,False,94.68253571428569,93.477,-19.950999999999993,-0.17286234263820302,68.74040513101684,231.34793581716477,337.0,0.0,28,1.0,1.3605714285714285,
2025,Jeddah,5,Street,Williams,SAI,1,MEDIUM,2,21,20,True,102.47094999999999,94.69,-65.59599999999999,-1.8868293233082727,65.38375851100308,213.9438294694524,334.0,44.0,13,0.65,2.5106,95.62942857142856
2025,Jeddah,5,Street,Williams,SAI,2,HARD,22,50,29,False,94.77634482758621,92.466,-23.358000000000004,-0.1878995073891645,72.53307630191387,230.97375724427155,339.0,0.0,9,0.3103448275862069,13.479206896551727,93.84679999999999
2025,Las Vegas,22,Street,Alpine,COL,1,HARD,2,25,24,True,101.46691666666668,96.946,-20.504000000000005,-0.4790139130434775,,,,,8,0.3333333333333333,5.866208333333333,99.4299375
2025,Las Vegas,22,Street,Alpine,COL,2,MEDIUM,26,49,24,False,97.12354166666667,95.78,-19.162000000000006,-0.20072565217391145,,,,,9,0.375,5.8866249999999996,97.48733333333332
2025,Las Vegas,22,Street,Alpine,GAS,1,MEDIUM,2,2,1,True,128.486,128.486,0.0,0.0,,,,,1,1.0,2.614,
2025,Las Vegas,22,Street,Alpine,GAS,2,HARD,3,50,48,False,98.25235416666668,95.674,-42.72699999999999,-0.1667708966565346,,,,,22,0.4583333333333333,5.343395833333333,97.53857692307692
2025,Las Vegas,22,Street,Aston Martin,ALO,1,MEDIUM,2,16,15,True,102.96693333333334,97.372,6.162999999999997,-0.5744285714285705,,,,,14,0.9333333333333333,0.9673571428571429,97.627
2025,Las Vegas,22,Street,Aston Martin,ALO,2,HARD,17,50,34,False,97.07417647058824,95.629,-13.873999999999995,-0.07332131398013729,,,,,21,0.6176470588235294,3.4960588235294123,96.89338461538462
2025,Las Vegas,22,Street,Ferrari,HAM,1,HARD,2,29,28,True,99.84246428571429,95.753,-18.056999999999988,-0.4354956212369969,,,,,28,1.0,1.0068214285714285,
2025,Las Vegas,22,Street,Ferrari,HAM,2,MEDIUM,30,50,21,False,96.28976190476189,94.553,-21.385999999999996,-0.3085233766233761,,,,,0,0.0,6.003380952380953,96.28976190476189
2025,Las Vegas,22,Street,Ferrari,LEC,1,MEDIUM,2,24,23,True,100.36165217391303,96.225,-13.62100000000001,-0.4594337944664041,,,,,21,0.9130434782608695,3.0362173913043478,98.7575
2025,Las Vegas,22,Street,Ferrari,LEC,2,HARD,25,50,26,False,95.47834615384615,94.304,-16.86500000000001,-0.16008854700854985,,,,,25,0.9615384615384616,1.4946538461538463,94.669
2025,Las Vegas,22,Street,Haas,BEA,1,MEDIUM,2,17,16,True,102.68962499999999,97.189,-10.737000000000009,-0.5504588235294076,,,,,6,0.375,4.2095,100.21429999999998
2025,Las Vegas,22,Street,Haas,BEA,2,HARD,18,50,33,False,96.61930303030303,94.519,-19.184999999999988,-0.141083556149731,,,,,20,0.6060606060606061,3.3535151515151513,95.57815384615385
2025,Las Vegas,22,Street,Haas,OCO,1,MEDIUM,2,27,26,True,100.43723076923077,96.234,-16.087999999999994,-0.42001777777777755,,,,,24,0.9230769230769231,1.849,99.4325
2025,Las Vegas,22,Street,Haas,OCO,2,HARD,28,50,23,False,95.99547826086958,94.557,-18.537000000000006,-0.23687944664031832,,,,,10,0.43478260869565216,2.6952608695652174,96.71923076923076
2025,Las Vegas,22,Street,McLaren,NOR,1,MEDIUM,2,22,21,True,100.20309523809523,95.591,-8.914999999999992,-0.5190181818181806,,,,,19,0.9047619047619048,2.384952380952381,98.7305
2025,Las Vegas,22,Street,McLaren,NOR,2,HARD,23,50,28,False,95.74071428571429,93.965,-14.716999999999999,-0.09644170771756712,,,,,8,0.2857142857142857,5.395607142857143,95.207
2025,Las Vegas,22,Street,McLaren,PIA,1,MEDIUM,2,21,20,True,101.02105,96.282,-10.462999999999994,-0.5303466165413534,,,,,20,1.0,1.393,
2025,Las Vegas,22,Street,McLaren,PIA,2,HARD,22,50,29,False,95.4786551724138,94.086,-16.631,-0.15734384236453258,,,,,19,0.6551724137931034,2.4372142857142856,96.85889999999999
2025,Las Vegas,22,Street,Mercedes,ANT,1,SOFT,2,2,1,True,122.573,122.573,0.0,0.0,,,,,1,1.0,0.319,
2025,Las Vegas,22,Street,Mercedes,ANT,2,HARD,3,50,48,False,97.0895,93.998,-44.03699999999999,-0.20308825445071563,,,,,18,0.375,5.768791666666668,97.75106666666669
2025,Las Vegas,22,Street,Mercedes,RUS,1,MEDIUM,2,17,16,True,101.5003125,96.183,-9.219999999999999,-0.5577779411764696,,,,,16,1.0,1.597375,
2025,Las Vegas,22,Street,Mercedes,RUS,2,HARD,18,18,1,True,111.552,111.552,0.0,0.0,,,,,0,0.0,3.478,111.552
2025,Las Vegas,22,Street,Mercedes,RUS,3,HARD,19,50,32,False,95.41696875,94.592,-1.277000000000001,-0.021384714076247677,,,,,12,0.375,5.55974193548387,95.35985000000001
2025,Las Vegas,22,Street,RB,HAD,1,MEDIUM,2,20,19,True,101.58415789473683,97.012,-9.256,-0.47515964912280134,,,,,18,0.9473684210526315,1.507,102.417
2025,Las Vegas,22,Street,RB,HAD,2,HARD,21,50,30,False,95.93756666666667,94.62,-17.948999999999998,-0.15571101223581948,,,,,0,0.0,7.2520999999999995,95.93756666666667
2025,Las Vegas,22,Street,RB,LAW,1,MEDIUM,2,2,1,True,137.377,137.377,0.0,0.0,,,,,1,1.0,0.91,
2025,Las Vegas,22,Street,RB,LAW,2,HARD,3,28,26,True,99.99626923076924,96.713,-38.09800000000001,-0.36286393162393266,,,,,25,0.9615384615384616,1.7513076923076925,140.329
2025,Las Vegas,22,Street,RB,LAW,3,HARD,29,49,21,False,96.5855238095238,94.837,-19.099999999999994,-0.25558961038961003,,,,,7,0.3333333333333333,5.948428571428572,97.00735714285713
2025,Las Vegas,22,Street,Red Bull,TSU,2,HARD,2,27,26,True,100.93984615384615,96.434,-36.354,-0.5240683760683789,,,,,10,0.38461538461538464,6.106961538461538,103.1530625
2025,Las Vegas,22,Street,Red Bull,TSU,3,MEDIUM,28,50,23,False,96.22908695652173,94.967,-16.399,-0.18889920948616806,,,,,6,0.2608695652173913,7.378826086956521,96.457
2025,Las Vegas,22,Street,Red Bull,VER,1,MEDIUM,2,25,24,True,99.56829166666667,95.574,-7.337999999999994,-0.44803956521738786,,,,,24,1.0,0.0,
2025,Las Vegas,22,Street,Red Bull,VER,2,HARD,26,50,25,False,95.06911999999997,93.365,-17.808000000000007,-0.20717153846153988,,,,,25,1.0,0.0,
2025,Las Vegas,22,Street,Sauber,BOR,2,MEDIUM,2,2,1,False,161.626,161.626,0.0,0.0,,,,,0,0.0,30.329,161.626
2025,Las Vegas,22,Street,Sauber,HUL,1,HARD,2,30,29,True,99.74437931034483,95.883,-16.453000000000003,-0.3987778325123153,,,,,17,0.5862068965517241,2.54625,96.65716666666667
2025,Las Vegas,22,Street,Sauber,HUL,2,MEDIUM,31,50,20,False,95.89869999999999,94.592,-18.055999999999997,-0.28739398496240737,,,,,0,0.0,6.8268,95.89869999999999
2025,Las Vegas,22,Street,Williams,ALB,1,HARD,2,13,12,True,102.67025,97.269,-15.512,-1.618171328671323,,,,,12,1.0,0.8370833333333335,
2025,Las Vegas,22,Street,Williams,ALB,2,MEDIUM,14,14,1,True,122.604,122.604,0.0,0.0,,,,,1,1.0,2.893,
2025,Las Vegas,22,Street,Williams,ALB,3,HARD,15,34,20,True,98.51030000000002,95.184,-42.806,-0.6275067669172935,,,,,6,0.3,17.238249999999997,99.58557142857144
2025,Las Vegas,22,Street,Williams,ALB,4,MEDIUM,35,35,1,False,131.179,131.179,0.0,0.0,,,,,0,0.0,29.171,131.179
2025,Las Vegas,22,Street,Williams,SAI,1,MEDIUM,2,22,21,True,100.86576190476191,96.35,-8.004000000000005,-0.465020779220779,,,,,8,0.38095238095238093,5.980904761904761,99.05523076923077
2025,Las Vegas,22,Street,Williams,SAI,2,HARD,23,50,28,False,95.72671428571428,94.496,-18.305999999999997,-0.17505363984673847,,,,,9,0.32142857142857145,3.0674642857142858,94.82968421052631
2025,Lusail,23,Permanent,Alpine,COL,1,HARD,2,7,6,True,92.6605,88.683,19.977999999999994,2.873457142857132,65.97983626075025,208.9078200880344,329.0,66.0,6,1.0,0.7621666666666668,
2025,Lusail,23,Permanent,Alpine,COL,2,MEDIUM,8,32,25,True,93.61128000000001,87.257,-43.27499999999999,-1.2003623076923113,66.37156385486941,206.46198413266953,333.0,0.0,25,1.0,1.43044,
2025,Lusail,23,Permanent,Alpine,COL,3,MEDIUM,33,56,24,False,86.93770833333333,85.644,-22.742999999999995,-0.22195173913043098,73.50709910656255,222.8947306257326,309.0,0.0,20,0.8333333333333334,2.6027391304347827,86.3455
2025,Lusail,23,Permanent,Alpine,GAS,1,MEDIUM,2,7,6,True,97.397,88.088,52.730999999999995,7.5150285714285605,62.76942484207132,198.4300817969107,313.0,64.0,4,0.6666666666666666,2.1660000000000004,115.6565
2025,Lusail,23,Permanent,Alpine,GAS,2,HARD,8,32,25,True,92.89456,87.198,-26.619,-0.980162307692308,67.91117151095847,207.8768614518235,333.0,0.0,22,0.88,2.107217391304348,98.652
2025,Lusail,23,Permanent,Alpine,GAS,3,MEDIUM,33,56,24,False,86.78179166666666,85.376,-25.340000000000003,-0.249396956521735,75.29529102603475,222.65386981376503,329.0,0.0,15,0.625,2.7148749999999997,85.64733333333334
2025,Lusail,23,Permanent,Aston Martin,ALO,1,MEDIUM,2,7,6,True,90.94350000000001,87.726,17.567000000000007,2.4773999999999914,65.69315114606188,211.32693753929803,331.0,76.0,6,1.0,1.0719999999999998,
2025,Lusail,23,Permanent,Aston Martin,ALO,2,MEDIUM,8,32,25,True,93.49312000000002,85.851,-48.05499999999999,-1.338438461538463,64.67589244066461,206.65316761348504,312.0,0.0,11,0.44,3.73372,87.17921428571427
2025,Lusail,23,Permanent,Aston Martin,ALO,3,HARD,33,57,25,False,86.28976,83.94,-25.248999999999995,-0.3047923076923082,71.93910567556564,224.1702876728066,310.0,0.0,7,0.28,5.748166666666666,86.706
2025,Lusail,23,Permanent,Aston Martin,STR,1,MEDIUM,2,7,6,True,92.66666666666667,88.265,22.151999999999987,3.11234285714284,64.26310360512863,208.87046474746765,334.0,56.0,6,1.0,0.8513333333333333,
2025,Lusail,23,Permanent,Aston Martin,STR,2,MEDIUM,8,24,17,True,96.47723529411765,87.529,-41.620000000000005,-2.3829558823529426,62.34519101915255,199.94122304671615,336.0,0.0,17,1.0,0.7838235294117648,
2025,Lusail,23,Permanent,Aston Martin,STR,3,MEDIUM,25,49,25,True,86.96172,85.228,-17.798000000000002,-0.20957384615384506,72.09229798216136,222.49059506706138,309.0,0.0,3,0.12,8.480599999999999,87.04168181818183
2025,Lusail,23,Permanent,Aston Martin,STR,4,SOFT,50,55,6,False,91.14883333333334,83.484,-20.183000000000007,-2.4239714285714444,66.39357697783285,212.9423841913274,308.0,0.0,0,0.0,11.170833333333334,91.14883333333334
2025,Lusail,23,Permanent,Ferrari,HAM,1,SOFT,2,7,6,True,92.17766666666667,88.266,19.795,2.7527428571428456,64.6061998986224,209.42740377171515,338.0,61.0,6,1.0,0.5603333333333333,
2025,Lusail,23,Permanent,Ferrari,HAM,2,MEDIUM,8,32,25,True,93.68268000000002,87.098,-46.165000000000006,-1.2382392307692307,65.7497679278268,206.6139212334746,337.0,0.0,25,1.0,0.92108,
2025,Lusail,23,Permanent,Ferrari,HAM,3,MEDIUM,33,57,25,False,86.59880000000001,84.848,-21.811999999999998,-0.21357692307692366,72.69203602066098,223.43612363980537,332.0,0.0,15,0.6,3.0465416666666667,85.5613
2025,Lusail,23,Permanent,Ferrari,LEC,1,MEDIUM,2,7,6,True,91.73633333333333,88.042,18.045999999999992,2.49674285714285,67.42112833529664,210.26993810285921,337.0,64.0,5,0.8333333333333334,1.3183333333333334,107.451
2025,Lusail,23,Permanent,Ferrari,LEC,2,MEDIUM,8,32,25,True,93.56696,86.915,-44.38199999999999,-1.2531438461538436,66.06791277810079,206.9673231249541,338.0,0.0,25,1.0,1.04496,
2025,Lusail,23,Permanent,Ferrari,LEC,3,HARD,33,57,25,False,86.04447999999998,84.432,-23.39399999999999,-0.24692384615384677,73.26401510744194,225.27043139298607,334.0,0.0,20,0.8,1.7181600000000001,89.90119999999999
2025,Lusail,23,Permanent,Haas,BEA,1,MEDIUM,2,7,6,True,91.967,87.786,19.676999999999992,2.705257142857135,65.27562347955181,209.35475382260515,334.0,73.0,6,1.0,0.9263333333333333,
2025,Lusail,23,Permanent,Haas,BEA,2,MEDIUM,8,32,25,True,93.53532,86.817,-44.27600000000001,-1.2390561538461538,66.03930319690609,206.27539696093908,331.0,0.0,24,0.96,0.7334166666666668,87.698
2025,Lusail,23,Permanent,Haas,BEA,3,HARD,33,40,8,True,90.948375,84.93,-34.872,-2.8817499999999967,70.63364056587388,212.27803513966185,331.0,0.0,6,0.75,2.3745000000000003,104.9775
2025,Lusail,23,Permanent,Haas,BEA,4,HARD,41,41,1,False,121.134,121.134,0.0,0.0,56.69536778563355,161.16762242677683,290.0,0.0,0,0.0,31.328,121.134
2025,Lusail,23,Permanent,Haas,OCO,1,MEDIUM,2,8,7,True,96.71285714285715,88.328,38.12100000000001,5.225678571428561,61.63621363264744,199.37572479043777,335.0,55.0,6,0.8571428571428571,1.6502857142857141,127.608
2025,Lusail,23,Permanent,Haas,OCO,2,HARD,9,9,1,True,160.736,160.736,0.0,0.0,40.640702638769234,120.48388746278073,240.0,0.0,1,1.0,0.551,
2025,Lusail,23,Permanent,Haas,OCO,3,MEDIUM,10,34,25,True,89.46628000000001,87.143,-34.94,-0.3644946153846153,69.81973382498863,215.61977600546268,329.0,0.0,24,0.96,1.6722400000000002,125.828
2025,Lusail,23,Permanent,Haas,OCO,4,HARD,35,56,22,False,86.90059090909091,85.056,-23.25399999999999,-0.24429644268774828,73.0160181715541,222.7663805812891,328.0,0.0,20,0.9090909090909091,1.4711818181818186,97.15549999999999
2025,Lusail,23,Permanent,McLaren,NOR,1,MEDIUM,2,25,24,True,93.94958333333334,85.615,2.3710000000000093,-0.7592391304347824,62.35248399544917,205.92140034430335,312.0,40.0,17,0.7083333333333334,2.263541666666667,85.93885714285715
2025,Lusail,23,Permanent,McLaren,NOR,2,MEDIUM,26,44,19,True,86.52352631578945,84.607,-18.334999999999994,-0.310554385964909,70.66365424187839,223.74236264866633,333.0,0.0,5,0.2631578947368421,4.228631578947369,86.601
2025,Lusail,23,Permanent,McLaren,NOR,3,HARD,45,57,13,False,85.59761538461538,83.197,-23.661,-0.7401538461538415,71.77704557205031,226.01449876876228,334.0,0.0,11,0.8461538461538461,1.4986153846153845,95.3965
2025,Lusail,23,Permanent,McLaren,PIA,1,MEDIUM,2,24,23,True,94.25321739130435,85.068,3.3629999999999995,-0.7682697628458517,62.60492653948863,205.5093826748388,309.0,43.0,23,1.0,0.0,
2025,Lusail,23,Permanent,McLaren,PIA,2,MEDIUM,25,42,18,True,86.42655555555557,84.143,-18.84700000000001,-0.3725944272445839,71.04408443738555,223.8988865565433,338.0,0.0,15,0.8333333333333334,0.9631176470588234,92.60666666666667
2025,Lusail,23,Permanent,McLaren,PIA,3,HARD,43,57,15,False,85.00793333333333,82.996,-22.653000000000006,-0.5262357142857139,72.46528667082383,227.4061194184001,315.0,0.0,0,0.0,13.133799999999999,85.00793333333333
2025,Lusail,23,Permanent,Mercedes,ANT,1,MEDIUM,2,7,6,True,90.32033333333334,87.305,15.98899999999999,2.247828571428563,66.5540758605707,212.91560554077424,330.0,79.0,5,0.8333333333333334,1.3165,103.942
2025,Lusail,23,Permanent,Mercedes,ANT,2,MEDIUM,8,32,25,True,93.45460000000001,86.25,-51.57200000000002,-1.3467530769230789,64.49254849228359,206.541972916286,331.0,0.0,23,0.92,1.70404,116.56200000000001
2025,Lusail,23,Permanent,Mercedes,ANT,3,HARD,33,57,25,False,85.50220000000002,83.955,-22.75500000000001,-0.21519384615384624,73.54326723504471,226.51542100278405,318.0,0.0,13,0.52,3.1899600000000006,86.71441666666665
2025,Lusail,23,Permanent,Mercedes,RUS,1,MEDIUM,2,7,6,True,90.96416666666666,87.772,17.241,2.444257142857134,64.98974307147738,211.4129178903035,335.0,77.0,6,1.0,0.9581666666666667,
2025,Lusail,23,Permanent,Mercedes,RUS,2,MEDIUM,8,32,25,True,93.70232,86.633,-50.51999999999998,-1.3207361538461555,63.994526363905784,206.2196488542753,337.0,0.0,24,0.96,1.18336,141.283
2025,Lusail,23,Permanent,Mercedes,RUS,3,HARD,33,57,25,False,85.83643999999998,83.198,-25.062999999999988,-0.2843792307692295,72.2712389561478,225.4917828304726,336.0,0.0,21,0.84,4.159400000000001,90.14474999999999
2025,Lusail,23,Permanent,RB,HAD,1,MEDIUM,2,7,6,True,91.24283333333334,87.917,17.804999999999993,2.509799999999992,67.20651685185238,211.45065556371085,329.0,70.0,6,1.0,1.1211666666666666,
2025,Lusail,23,Permanent,RB,HAD,2,MEDIUM,8,32,25,True,93.52087999999999,86.425,-46.91,-1.303090000000001,66.28763711039625,206.5385537394112,328.0,0.0,22,0.88,1.28832,104.81099999999999
2025,Lusail,23,Permanent,RB,HAD,3,HARD,33,55,23,False,89.2924347826087,84.317,51.255999999999986,0.48287549407114516,70.68460984438023,216.83874785881298,327.0,0.0,9,0.391304347826087,12.282826086956522,89.97264285714286
2025,Lusail,23,Permanent,RB,LAW,1,MEDIUM,2,7,6,True,92.12483333333334,88.006,20.054000000000002,2.779285714285705,65.10252961733742,209.17949618966074,333.0,52.0,6,1.0,0.8098333333333333,
2025,Lusail,23,Permanent,RB,LAW,2,MEDIUM,8,32,25,True,93.54328,86.816,-43.27600000000001,-1.2292469230769214,66.29269701165126,206.5609373599006,334.0,0.0,24,0.96,1.15475,87.355
2025,Lusail,23,Permanent,RB,LAW,3,HARD,33,57,25,False,86.06191999999999,83.971,-24.629999999999995,-0.2951653846153836,74.52239042298275,225.03047093578752,329.0,0.0,17,0.68,2.5525,84.30187500000001
2025,Lusail,23,Permanent,Red Bull,TSU,1,MEDIUM,2,7,6,True,92.19116666666666,88.323,19.964,2.783057142857132,61.46339777271691,209.73338801955805,345.0,45.0,6,1.0,0.583,
2025,Lusail,23,Permanent,Red Bull,TSU,2,MEDIUM,8,32,25,True,93.51988,86.974,-43.23100000000001,-1.2174269230769232,62.950535639139595,206.67646477999315,338.0,0.0,25,1.0,1.11924,
2025,Lusail,23,Permanent,Red Bull,TSU,3,HARD,33,57,25,False,86.07544,84.139,-24.340000000000003,-0.2884923076923064,70.43398371148157,224.74847754569828,338.0,0.0,25,1.0,1.20988,
2025,Lusail,23,Permanent,Red Bull,VER,1,MEDIUM,2,7,6,True,89.72683333333333,86.843,14.861999999999995,2.076142857142851,66.39452131460314,214.8915270063322,309.0,59.0,6,1.0,2.1778333333333335,
2025,Lusail,23,Permanent,Red Bull,VER,2,MEDIUM,8,32,25,True,92.76216000000001,85.359,-56.39099999999999,-1.4348900000000024,65.77100700845276,208.54180505229922,311.0,0.0,12,0.48,2.3573333333333335,85.948
2025,Lusail,23,Permanent,Red Bull,VER,3,HARD,33,57,25,False,85.27543999999997,83.498,-21.902,-0.22794076923077028,71.89602299548525,227.39643641467293,332.0,0.0,21,0.84,0.8168695652173913,90.30950000000001
2025,Lusail,23,Permanent,Sauber,BOR,1,MEDIUM,2,7,6,True,92.58283333333334,88.605,20.671000000000006,2.920199999999994,64.81949403977893,209.41327281179682,343.0,64.0,6,1.0,0.5773333333333334,
2025,Lusail,23,Permanent,Sauber,BOR,2,MEDIUM,8,32,25,True,93.60876,87.179,-42.272999999999996,-1.1877023076923083,65.90697198394635,206.47003010587696,336.0,0.0,24,0.96,1.0659166666666666,87.773
2025,Lusail,23,Permanent,Sauber,BOR,3,SOFT,33,57,25,False,86.7674,85.233,-21.409999999999997,-0.20961923076923064,73.83125647629535,222.91263249257807,309.0,0.0,4,0.16,4.69024,85.85519047619047
2025,Lusail,23,Permanent,Sauber,HUL,1,SOFT,2,6,5,False,88.40400000000001,88.139,-0.7049999999999983,-0.16329999999999262,70.94137117769874,218.93756453343863,336.0,85.0,5,1.0,0.41879999999999995,
2025,Lusail,23,Permanent,Williams,ALB,1,HARD,2,7,6,True,92.38083333333331,88.381,19.857,2.7833999999999937,61.964975360334414,209.6749367198652,338.0,40.0,6,1.0,0.7618333333333333,
2025,Lusail,23,Permanent,Williams,ALB,2,MEDIUM,8,32,25,True,93.53144,87.123,-43.188,-1.2109261538461544,63.1277823559501,206.91508846169455,336.0,0.0,25,1.0,0.95828,
2025,Lusail,23,Permanent,Williams,ALB,3,MEDIUM,33,57,25,False,86.22224,84.261,-23.906000000000006,-0.27158769230769264,70.89403084898278,224.47720955331923,332.0,0.0,18,0.72,2.3547083333333334,84.60171428571428
2025,Lusail,23,Permanent,Williams,SAI,1,MEDIUM,2,7,6,True,90.62683333333332,87.394,16.587999999999994,2.312199999999999,64.22322022804065,211.66007746114295,327.0,77.0,5,0.8333333333333334,1.796833333333333,104.711
2025,Lusail,23,Permanent,Williams,SAI,2,MEDIUM,8,32,25,True,93.18863999999999,86.165,-49.00200000000001,-1.33046153846154,65.04176858112274,207.126844515553,311.0,0.0,8,0.32,7.72792,89.93976470588235
2025,Lusail,23,Permanent,Williams,SAI,3,HARD,33,57,25,False,85.44232,83.859,-23.336,-0.24589461538461507,73.74633678332913,226.54662185064993,310.0,0.0,0,0.0,13.6206,85.44232
2025,Melbourne,1,Street,Alpine,GAS,1,INTERMEDIATE,2,2,1,True,171.31,171.31,0.0,0.0,27.897136003479744,109.2506083513276,265.0,38.0,1,1.0,1.494,
2025,Melbourne,1,Street,Alpine,GAS,2,INTERMEDIATE,3,3,1,True,162.892,162.892,0.0,0.0,32.30888000105261,116.08143149814033,268.0,31.0,0,0.0,3.361,162.892
2025,Melbourne,1,Street,Alpine,GAS,3,INTERMEDIATE,4,4,1,True,154.589,154.589,0.0,0.0,34.562695336405106,122.51095242201579,283.0,39.0,1,1.0,2.346,
2025,Melbourne,1,Street,Alpine,GAS,4,INTERMEDIATE,5,33,29,True,97.65206896551723,89.299,-30.060000000000016,-0.8858369458128089,61.67973132455777,193.38567324460655,309.0,0.0,20,0.6896551724137931,2.43575,91.17811111111112
2025,Melbourne,1,Street,Alpine,GAS,5,HARD,34,46,13,True,113.63046153846153,85.02,-28.980000000000004,-2.880010989010987,51.38454164975541,168.08688896206488,320.0,0.0,13,1.0,1.3985384615384615,
2025,Melbourne,1,Street,Alpine,GAS,6,INTERMEDIATE,47,57,11,False,110.97972727272726,90.866,-35.428,-5.299063636363637,50.879797694081965,170.05733256294255,307.0,35.0,9,0.8181818181818182,1.8326363636363638,91.089
2025,Melbourne,1,Street,Aston Martin,ALO,1,INTERMEDIATE,2,2,1,True,169.408,169.408,0.0,0.0,25.03781838764355,111.37632187910759,254.0,39.0,1,1.0,2.394,
2025,Melbourne,1,Street,Aston Martin,ALO,2,INTERMEDIATE,3,3,1,True,163.345,163.345,0.0,0.0,27.94021962262205,115.58151791141334,250.0,35.0,1,1.0,2.543,
2025,Melbourne,1,Street,Aston Martin,ALO,3,INTERMEDIATE,4,4,1,True,154.706,154.706,0.0,0.0,32.37233024558348,120.93637484856869,259.0,46.67000064,1,1.0,2.578,
2025,Melbourne,1,Street,Aston Martin,ALO,4,INTERMEDIATE,5,32,28,False,97.13664285714285,88.819,-53.36200000000001,-1.0983180076628343,59.25066253590439,194.14689304245613,328.0,40.0,28,1.0,1.569071428571429,
2025,Melbourne,1,Street,Aston Martin,STR,1,INTERMEDIATE,2,2,1,True,169.481,169.481,0.0,0.0,23.289995922253926,111.14739933668513,249.03999744,39.0,1,1.0,1.885,
2025,Melbourne,1,Street,Aston Martin,STR,2,INTERMEDIATE,3,3,1,True,163.938,163.938,0.0,0.0,27.327145120140226,115.06851738399881,250.0,30.0,1,1.0,1.485,
2025,Melbourne,1,Street,Aston Martin,STR,3,INTERMEDIATE,4,4,1,True,154.871,154.871,0.0,0.0,29.480865090355106,120.13983795246952,228.0,44.0,1,1.0,1.282,
2025,Melbourne,1,Street,Aston Martin,STR,4,INTERMEDIATE,5,33,29,True,98.38765517241382,90.657,-17.642999999999986,-0.7608512315270934,58.79441235721601,191.4902532088661,312.0,0.0,11,0.3793103448275862,4.8261724137931035,93.78216666666667
2025,Melbourne,1,Street,Aston Martin,STR,5,HARD,34,44,11,True,114.55945454545454,85.538,-20.254999999999995,-2.1198909090909077,48.12727719061505,164.2944989652974,326.0,0.0,8,0.7272727272727273,2.700181818181818,117.048
2025,Melbourne,1,Street,Aston Martin,STR,6,INTERMEDIATE,45,57,13,False,107.88815384615387,90.323,-6.299000000000007,-2.3404505494505514,51.36051056265233,175.00303066168814,303.0,36.0,8,0.6153846153846154,2.7254615384615386,92.2568
2025,Melbourne,1,Street,Ferrari,HAM,1,INTERMEDIATE,2,2,1,True,169.908,169.908,0.0,0.0,32.985153407957355,109.89718443111427,249.0,44.0,1,1.0,0.805,
2025,Melbourne,1,Street,Ferrari,HAM,2,INTERMEDIATE,3,3,1,True,163.813,163.813,0.0,0.0,38.39126581832437,115.49255774049917,249.0,34.0,1,1.0,0.834,
2025,Melbourne,1,Street,Ferrari,HAM,3,INTERMEDIATE,4,4,1,True,154.1,154.1,0.0,0.0,41.43517515300968,122.23956982994962,261.0,48.0,1,1.0,0.971,
2025,Melbourne,1,Street,Ferrari,HAM,4,INTERMEDIATE,5,33,29,True,97.62713793103448,89.737,-31.292999999999992,-0.8888379310344816,63.412431552107385,193.4027227418124,329.0,0.0,28,0.9655172413793104,0.9259642857142857,93.017
2025,Melbourne,1,Street,Ferrari,HAM,5,HARD,34,47,14,True,115.06742857142856,84.218,3.8100000000000023,-1.7327296703296746,53.40796551957929,164.71639616870766,328.0,0.0,12,0.8571428571428571,2.162785714285714,123.7045
2025,Melbourne,1,Street,Ferrari,HAM,6,INTERMEDIATE,48,57,10,False,108.5942,89.874,-26.800999999999988,-5.95650909090908,56.93799520758566,174.06115927032306,325.0,48.0,9,0.9,1.5331,119.219
2025,Melbourne,1,Street,Ferrari,LEC,1,INTERMEDIATE,2,2,1,True,167.233,167.233,0.0,0.0,31.736434273804342,113.43643693808637,260.0,38.0,1,1.0,0.971,
2025,Melbourne,1,Street,Ferrari,LEC,2,INTERMEDIATE,3,3,1,True,162.161,162.161,0.0,0.0,33.71167671194154,117.39612203646777,236.0,44.0,1,1.0,1.296,
2025,Melbourne,1,Street,Ferrari,LEC,3,INTERMEDIATE,4,4,1,True,155.802,155.802,0.0,0.0,31.84096778973767,120.74208006665916,266.0,52.0,1,1.0,2.261,
2025,Melbourne,1,Street,Ferrari,LEC,4,INTERMEDIATE,5,34,30,True,97.8929666666667,89.337,-8.692000000000007,-0.7004932146829819,61.364848017603855,192.96462789956564,308.0,0.0,11,0.36666666666666664,3.878965517241379,93.22136842105263
2025,Melbourne,1,Street,Ferrari,LEC,5,HARD,35,47,13,True,116.77946153846156,85.271,25.584999999999994,-2.041675824175825,49.87816423773912,161.88106270599505,333.0,0.0,9,0.6923076923076923,2.088153846153846,118.251
2025,Melbourne,1,Street,Ferrari,LEC,6,INTERMEDIATE,48,57,10,False,107.75319999999999,89.801,-25.08,-5.818048484848478,53.839500184675956,175.80088130216998,314.0,45.0,9,0.9,1.4837,116.044
2025,Melbourne,1,Street,Haas,BEA,1,INTERMEDIATE,2,2,1,False,169.798,169.798,0.0,0.0,27.377005974610302,110.9617574352229,233.0,31.0,1,1.0,1.496,
2025,Melbourne,1,Street,Haas,BEA,3,INTERMEDIATE,3,3,1,False,165.379,165.379,0.0,0.0,28.27438387529329,113.63897231932773,223.0,27.0,1,1.0,1.072,
2025,Melbourne,1,Street,Haas,BEA,5,INTERMEDIATE,4,4,1,True,165.744,165.744,0.0,0.0,29.71810565061691,113.36257942392457,237.0,0.0,1,1.0,1.249,
2025,Melbourne,1,Street,Haas,BEA,6,MEDIUM,5,44,40,True,104.421875,87.603,-2.4510000000000076,0.2830563789868665,55.25166026066119,180.9735437830984,308.0,0.0,25,0.625,6.310025,98.86373333333334
2025,Melbourne,1,Street,Haas,BEA,7,INTERMEDIATE,45,57,13,False,103.03430769230769,90.226,-11.224000000000004,-3.060499999999996,56.267399381468486,183.44621916125317,313.0,32.0,0,0.0,27.752230769230774,103.03430769230769
2025,Melbourne,1,Street,Haas,OCO,1,INTERMEDIATE,2,2,1,True,169.919,169.919,0.0,0.0,29.536905826552747,110.61492124171397,243.0,33.0,1,1.0,1.953,
2025,Melbourne,1,Street,Haas,OCO,2,INTERMEDIATE,3,3,1,True,165.071,165.071,0.0,0.0,29.47670168866718,113.86633927763044,241.0,25.0,1,1.0,1.743,
2025,Melbourne,1,Street,Haas,OCO,3,INTERMEDIATE,4,4,1,True,162.192,162.192,0.0,0.0,31.03162524560763,115.42856710712458,244.0,0.0,1,1.0,1.345,
2025,Melbourne,1,Street,Haas,OCO,4,INTERMEDIATE,5,39,35,True,104.88040000000001,91.155,-6.326999999999998,0.4665983193277304,55.51399559601325,180.50186638953662,307.0,0.0,12,0.34285714285714286,4.947285714285713,97.35586956521739
2025,Melbourne,1,Street,Haas,OCO,5,MEDIUM,40,46,7,True,99.74585714285715,86.764,39.71000000000001,4.9921428571428486,58.825668102293776,190.6423313418367,303.0,0.0,0,0.0,28.19142857142857,99.74585714285715
2025,Melbourne,1,Street,Haas,OCO,6,INTERMEDIATE,47,57,11,False,104.31627272727273,90.924,-36.30199999999999,-3.276854545454542,54.38028081557689,181.2521996503859,303.0,42.0,5,0.45454545454545453,21.049272727272726,101.747
2025,Melbourne,1,Street,McLaren,NOR,1,INTERMEDIATE,2,2,1,True,169.888,169.888,0.0,0.0,23.324869931401334,110.86149369338402,286.0,58.0,1,1.0,0.0,
2025,Melbourne,1,Street,McLaren,NOR,2,INTERMEDIATE,3,3,1,True,161.723,161.723,0.0,0.0,27.036169833579265,116.74102610591154,238.0,51.0,1,1.0,0.0,
2025,Melbourne,1,Street,McLaren,NOR,3,INTERMEDIATE,4,4,1,True,156.053,156.053,0.0,0.0,31.761629483599503,120.79107949399562,253.0,61.0,1,1.0,0.0,
2025,Melbourne,1,Street,McLaren,NOR,4,INTERMEDIATE,5,34,30,True,96.3685666666667,87.495,-21.375,-0.8510751946607342,58.67536067402342,195.87811161933655,322.0,0.0,30,1.0,0.0,
2025,Melbourne,1,Street,McLaren,NOR,5,HARD,35,44,10,True,123.28099999999999,82.167,-17.86099999999999,-5.630799999999987,39.390289240809196,153.07508575883827,306.0,0.0,10,1.0,0.0,
2025,Melbourne,1,Street,McLaren,NOR,6,INTERMEDIATE,45,57,13,False,107.51338461538461,87.126,-9.280999999999992,-2.5965109890109845,51.029958524003256,175.2773682927802,321.0,43.0,12,0.9230769230769231,0.5855384615384616,91.567
2025,Melbourne,1,Street,McLaren,PIA,1,INTERMEDIATE,2,2,1,True,169.543,169.543,0.0,0.0,22.208735914976096,110.09374112727964,281.0,48.0,1,1.0,2.201,
2025,Melbourne,1,Street,McLaren,PIA,2,INTERMEDIATE,3,3,1,True,162.307,162.307,0.0,0.0,26.832892096128887,116.3202449608077,240.0,51.0,1,1.0,2.032,
2025,Melbourne,1,Street,McLaren,PIA,3,INTERMEDIATE,4,4,1,True,155.725,155.725,0.0,0.0,29.712715823899867,120.36549085524634,259.0,52.0,1,1.0,1.963,
2025,Melbourne,1,Street,McLaren,PIA,4,INTERMEDIATE,5,34,30,True,96.52076666666669,87.916,-16.129999999999995,-0.8007036707452719,58.254844197518025,195.9313632591616,330.0,0.0,29,0.9666666666666667,1.6075666666666664,127.025
2025,Melbourne,1,Street,McLaren,PIA,5,HARD,35,44,10,True,131.2844,83.242,67.30099999999999,-0.7421939393939332,38.66647890815574,144.2192008373827,305.0,0.0,5,0.5,2.7845999999999997,137.47359999999998
2025,Melbourne,1,Street,McLaren,PIA,6,INTERMEDIATE,45,57,13,False,102.30023076923077,88.559,-8.667000000000002,-1.9685769230769201,52.375099336379115,184.85752071139592,332.0,43.0,9,0.6923076923076923,8.471153846153847,107.94725000000001
2025,Melbourne,1,Street,Mercedes,ANT,1,INTERMEDIATE,2,2,1,True,169.8,169.8,0.0,0.0,24.15813736226202,110.66698410809532,254.0,39.0,1,1.0,1.301,
2025,Melbourne,1,Street,Mercedes,ANT,2,INTERMEDIATE,3,3,1,True,164.755,164.755,0.0,0.0,26.26121595409858,113.55076594885533,258.0,27.0,1,1.0,1.39,
2025,Melbourne,1,Street,Mercedes,ANT,3,INTERMEDIATE,4,4,1,True,154.598,154.598,0.0,0.0,28.577920680077376,119.78679277074046,259.0,37.0,1,1.0,1.486,
2025,Melbourne,1,Street,Mercedes,ANT,4,INTERMEDIATE,5,33,29,True,97.50810344827585,89.032,-26.528000000000006,-0.8768783251231518,59.81179391640507,193.57256104933776,325.0,0.0,22,0.7586206896551724,1.8172857142857144,95.07042857142856
2025,Melbourne,1,Street,Mercedes,ANT,5,HARD,34,44,11,True,116.73263636363639,84.901,-34.32000000000001,-2.7758909090909087,45.16407957491989,161.97938556042268,332.0,0.0,11,1.0,1.1748181818181818,
2025,Melbourne,1,Street,Mercedes,ANT,6,INTERMEDIATE,45,57,13,False,107.16461538461537,88.149,-6.942999999999998,-2.37040659340659,49.54539941968654,175.69975335714625,327.0,29.0,13,1.0,1.1767692307692306,
2025,Melbourne,1,Street,Mercedes,RUS,1,INTERMEDIATE,2,2,1,True,168.126,168.126,0.0,0.0,24.436533710526618,111.13732332464772,286.0,42.0,1,1.0,2.099,
2025,Melbourne,1,Street,Mercedes,RUS,2,INTERMEDIATE,3,3,1,True,162.437,162.437,0.0,0.0,28.219189968109063,116.41306121369993,238.0,53.0,1,1.0,1.27,
2025,Melbourne,1,Street,Mercedes,RUS,3,INTERMEDIATE,4,4,1,True,156.507,156.507,0.0,0.0,28.646770870792228,119.51633748608916,256.0,59.0,1,1.0,1.858,
2025,Melbourne,1,Street,Mercedes,RUS,4,INTERMEDIATE,5,34,30,True,97.6904,89.041,-6.193999999999988,-0.7103074527252476,59.928102867582886,193.3172190598581,308.0,0.0,6,0.2,7.613633333333334,92.856125
2025,Melbourne,1,Street,Mercedes,RUS,5,HARD,35,44,10,True,119.44060000000002,85.065,-19.742999999999995,-4.058569696969695,44.83947640339992,157.9802512923855,307.0,0.0,7,0.7,6.9895,112.375
2025,Melbourne,1,Street,Mercedes,RUS,6,INTERMEDIATE,45,57,13,False,107.53484615384615,89.117,-7.212999999999994,-2.4006043956043905,51.55970784306694,175.1191473765579,307.0,40.0,9,0.6923076923076923,2.863769230769231,91.24425000000001
2025,Melbourne,1,Street,RB,TSU,1,INTERMEDIATE,2,2,1,True,168.219,168.219,0.0,0.0,31.24024241819312,111.78093072093387,258.0,46.0,1,1.0,2.961,
2025,Melbourne,1,Street,RB,TSU,2,INTERMEDIATE,3,3,1,True,162.92,162.92,0.0,0.0,33.15629775392631,116.16717290668262,256.0,36.0,1,1.0,1.839,
2025,Melbourne,1,Street,RB,TSU,3,INTERMEDIATE,4,4,1,True,155.195,155.195,0.0,0.0,34.63089407630355,120.51060290928442,276.0,47.0,0,0.0,3.374,155.195
2025,Melbourne,1,Street,RB,TSU,4,INTERMEDIATE,5,33,29,True,97.67406896551724,90.031,-30.790000000000006,-0.8871359605911343,62.27648929693683,193.05874091845305,309.0,0.0,10,0.3448275862068966,7.157344827586206,95.1715789473684
2025,Melbourne,1,Street,RB,TSU,5,MEDIUM,34,47,14,True,115.76507142857142,84.194,6.501000000000005,-1.4935626373626396,49.324033899731035,162.9712779205101,327.0,0.0,10,0.7142857142857143,9.066142857142857,111.1305
2025,Melbourne,1,Street,RB,TSU,6,INTERMEDIATE,48,57,10,False,108.59400000000001,91.511,-24.775000000000006,-5.626387878787874,53.713947720412044,174.5475130252562,310.0,47.0,8,0.8,2.0531999999999995,103.8985
2025,Melbourne,1,Street,Red Bull,LAW,3,INTERMEDIATE,2,2,1,True,169.299,169.299,0.0,0.0,21.701658418666213,110.90066161816715,254.0,35.0,1,1.0,1.532,
2025,Melbourne,1,Street,Red Bull,LAW,4,INTERMEDIATE,3,3,1,True,165.341,165.341,0.0,0.0,24.806505117705758,113.80910402179236,252.0,31.0,1,1.0,2.097,
2025,Melbourne,1,Street,Red Bull,LAW,5,INTERMEDIATE,4,4,1,True,160.393,160.393,0.0,0.0,28.904460209899142,116.83238433464093,249.0,0.0,1,1.0,1.503,
2025,Melbourne,1,Street,Red Bull,LAW,6,INTERMEDIATE,5,33,29,True,98.758,90.803,-2.9509999999999934,-0.6634512315270943,57.75817686405079,191.24789306710971,326.0,0.0,15,0.5172413793103449,3.48,94.5977857142857
2025,Melbourne,1,Street,Red Bull,LAW,7,MEDIUM,34,46,13,False,109.43384615384615,82.97,-24.818000000000012,-4.89078021978022,49.044841479874854,172.08283402605224,322.0,0.0,9,0.6923076923076923,3.024384615384615,93.67075
2025,Melbourne,1,Street,Red Bull,VER,1,INTERMEDIATE,2,2,1,True,169.322,169.322,0.0,0.0,24.164636070303157,110.54485156109227,259.0,45.0,1,1.0,0.949,
2025,Melbourne,1,Street,Red Bull,VER,2,INTERMEDIATE,3,3,1,True,162.145,162.145,0.0,0.0,26.988223940312956,116.69485348936966,241.0,41.0,1,1.0,1.112,
2025,Melbourne,1,Street,Red Bull,VER,3,INTERMEDIATE,4,4,1,True,155.775,155.775,0.0,0.0,31.546942703008995,120.58205330242336,260.0,41.0,1,1.0,1.02,
2025,Melbourne,1,Street,Red Bull,VER,4,INTERMEDIATE,5,34,30,True,97.12989999999999,88.046,-15.010999999999996,-0.785246051167964,58.85923714181496,193.87409148070077,326.0,0.0,14,0.4666666666666667,7.293866666666665,92.37231249999999
2025,Melbourne,1,Street,Red Bull,VER,5,MEDIUM,35,46,12,True,116.54258333333331,83.081,-11.902000000000001,-4.5122412587412555,46.33098994891135,161.7243714388023,323.0,0.0,7,0.5833333333333334,2.988818181818182,119.35659999999999
2025,Melbourne,1,Street,Red Bull,VER,6,INTERMEDIATE,47,57,11,False,109.83245454545455,87.4,-39.81299999999999,-5.955063636363637,49.47612116649993,171.70447194143756,325.0,43.0,10,0.9090909090909091,1.5424545454545457,122.406
2025,Melbourne,1,Street,Sauber,BOR,1,INTERMEDIATE,2,2,1,False,169.572,169.572,0.0,0.0,24.914927256990275,111.27111709401746,239.0,34.0,1,1.0,1.191,
2025,Melbourne,1,Street,Sauber,BOR,3,INTERMEDIATE,3,3,1,False,165.217,165.217,0.0,0.0,25.953665188549927,113.61387424332514,239.0,28.0,1,1.0,0.781,
2025,Melbourne,1,Street,Sauber,BOR,5,INTERMEDIATE,4,4,1,True,154.822,154.822,0.0,0.0,31.138511550944774,120.71502337006636,240.0,32.0,1,1.0,1.245,
2025,Melbourne,1,Street,Sauber,BOR,6,MEDIUM,5,44,40,True,103.142575,84.192,-25.73400000000001,0.07908170731707238,54.834204050171095,183.31982317715273,310.0,0.0,22,0.55,15.680025,106.83166666666665
2025,Melbourne,1,Street,Sauber,BOR,7,INTERMEDIATE,45,45,1,False,96.255,96.255,0.0,0.0,66.27771765279286,196.8018808394521,294.0,69.0,0,0.0,14.815,96.255
2025,Melbourne,1,Street,Sauber,HUL,1,INTERMEDIATE,2,2,1,True,169.398,169.398,0.0,0.0,22.99451352188692,111.31005906695302,253.0,38.0,1,1.0,0.786,
2025,Melbourne,1,Street,Sauber,HUL,2,INTERMEDIATE,3,3,1,True,164.223,164.223,0.0,0.0,27.45454949797779,114.13504781989111,246.0,29.0,1,1.0,0.994,
2025,Melbourne,1,Street,Sauber,HUL,3,INTERMEDIATE,4,4,1,True,155.137,155.137,0.0,0.0,32.40377743140214,120.53194973597579,243.0,39.0,1,1.0,1.602,
2025,Melbourne,1,Street,Sauber,HUL,4,INTERMEDIATE,5,33,29,True,98.6745172413793,90.071,-13.414999999999992,-0.7570733990147789,59.83710981481374,191.45403152454156,316.0,0.0,12,0.41379310344827586,5.2444137931034485,94.135
2025,Melbourne,1,Street,Sauber,HUL,5,MEDIUM,34,44,11,True,113.83818181818182,85.243,-17.851,-1.832290909090906,47.48018121112035,165.7362591880911,307.0,0.0,7,0.6363636363636364,4.128545454545455,111.893
2025,Melbourne,1,Street,Sauber,HUL,6,INTERMEDIATE,45,57,13,False,107.76669230769228,90.36,-6.277000000000001,-2.2945604395604366,50.91774070867899,175.50171843846067,310.0,35.0,13,1.0,1.1205384615384615,
2025,Melbourne,1,Street,Williams,ALB,1,INTERMEDIATE,2,2,1,True,168.864,168.864,0.0,0.0,25.51182712748268,110.43387663720384,253.0,40.0,1,1.0,0.652,
2025,Melbourne,1,Street,Williams,ALB,2,INTERMEDIATE,3,3,1,True,163.623,163.623,0.0,0.0,27.796299389264956,116.20296818002457,253.0,41.0,1,1.0,0.818,
2025,Melbourne,1,Street,Williams,ALB,3,INTERMEDIATE,4,4,1,True,154.281,154.281,0.0,0.0,29.323345487243362,121.44877218715754,272.0,45.0,1,1.0,1.844,
2025,Melbourne,1,Street,Williams,ALB,4,INTERMEDIATE,5,33,29,True,97.62693103448278,89.628,-31.905,-0.8988157635467984,57.8206780441355,192.9879995182271,312.0,0.0,25,0.8620689655172413,2.135586206896552,92.09799999999998
2025,Melbourne,1,Street,Williams,ALB,5,MEDIUM,34,44,11,True,117.06390909090909,84.597,-42.137000000000015,-3.0786454545454567,43.16419202483527,161.04702879850106,329.0,0.0,7,0.6363636363636364,2.1529999999999996,115.03825
2025,Melbourne,1,Street,Williams,ALB,6,INTERMEDIATE,45,57,13,False,107.78692307692306,89.944,-6.628999999999991,-2.364032967032963,49.57672715576064,174.32066734716656,325.0,37.0,13,1.0,1.5739999999999996,
2025,Mexico City,20,Permanent,Alpine,COL,1,HARD,2,48,47,True,84.51893617021277,83.59,1.8819999999999908,-0.005712303422756213,54.34880232744366,180.40230770757327,347.0,59.0,27,0.574468085106383,4.272127659574468,84.39865
2025,Mexico City,20,Permanent,Alpine,COL,2,SOFT,49,70,22,False,84.11850000000001,81.342,-14.15100000000001,0.11669057029926683,55.62149963453837,182.04789549374047,355.0,0.0,6,0.2727272727272727,10.081772727272728,82.9709375
2025,Mexico City,20,Permanent,Alpine,GAS,1,MEDIUM,2,33,32,True,84.85246875,83.831,0.5539999999999878,0.00708119501466325,55.3872575146986,179.7749151430289,341.0,54.0,16,0.5,3.7415000000000003,84.7945
2025,Mexico City,20,Permanent,Alpine,GAS,2,SOFT,34,70,37,False,84.13697297297298,82.271,-14.248999999999995,0.039556899004267884,56.40841323254589,181.57651233869095,333.0,0.0,1,0.02702702702702703,19.33205405405405,84.17730555555555
2025,Mexico City,20,Permanent,Aston Martin,ALO,1,SOFT,2,20,19,True,84.28526315789475,82.884,2.2860000000000014,0.08912456140351241,52.24221944554031,180.87974611837348,353.0,53.0,16,0.8421052631578947,1.3997894736842103,83.80533333333334
2025,Mexico City,20,Permanent,Aston Martin,ALO,2,MEDIUM,21,34,14,False,85.04528571428573,81.708,-11.680000000000007,-0.29696703296703575,54.39641312251841,179.19900423445227,351.0,0.0,4,0.2857142857142857,4.288428571428571,84.7425
2025,Mexico City,20,Permanent,Aston Martin,STR,1,SOFT,2,26,25,True,84.00735999999999,82.898,2.1430000000000007,0.02378538461538443,53.12647840958456,181.63177263165824,353.0,56.0,13,0.52,2.4407200000000002,83.77775
2025,Mexico City,20,Permanent,Aston Martin,STR,2,MEDIUM,27,43,17,True,83.83511764705882,82.079,-16.101,-0.2855147058823532,54.37049267084855,181.83175428528858,354.0,0.0,10,0.5882352941176471,2.4592941176470586,82.93457142857143
2025,Mexico City,20,Permanent,Aston Martin,STR,3,SOFT,44,70,27,False,83.76962962962962,80.593,-0.9570000000000078,0.04609035409035333,52.9693342207782,181.83513299116694,349.0,0.0,7,0.25925925925925924,5.479111111111111,82.1129
2025,Mexico City,20,Permanent,Ferrari,HAM,1,SOFT,2,23,22,True,83.40045454545454,82.546,5.619,0.0734861660079048,54.59184795107441,183.42186532495526,345.0,52.0,4,0.18181818181818182,4.816863636363636,83.51799999999999
2025,Mexico City,20,Permanent,Ferrari,HAM,2,MEDIUM,24,47,24,True,83.77999999999999,81.711,-25.278000000000006,-0.2522521739130399,54.66756566419312,182.05530841226047,354.0,0.0,11,0.4583333333333333,2.8622083333333332,84.67676923076922
2025,Mexico City,20,Permanent,Ferrari,HAM,3,SOFT,48,71,24,False,83.42929166666666,80.601,-14.341000000000008,0.10974217391304487,53.81307350115366,183.0602361054988,346.0,0.0,9,0.375,3.605333333333333,83.50693333333334
2025,Mexico City,20,Permanent,Ferrari,LEC,1,SOFT,2,31,30,True,83.16923333333334,82.475,4.211999999999989,0.0643001112347054,56.46453959576762,183.64602977658913,328.0,58.0,9,0.3,7.200733333333333,83.37895238095238
2025,Mexico City,20,Permanent,Ferrari,LEC,2,MEDIUM,32,71,40,False,83.18545,81.588,-6.780000000000001,0.02316585365853445,56.516508519175915,183.48438317428057,331.0,0.0,0,0.0,22.520175000000002,83.18545
2025,Mexico City,20,Permanent,Haas,BEA,1,SOFT,2,24,23,True,83.36491304347827,82.696,2.5940000000000083,0.02772233201580848,54.15685609086201,183.1414808845987,350.0,55.0,11,0.4782608695652174,3.242521739130435,83.40375
2025,Mexico City,20,Permanent,Haas,BEA,2,MEDIUM,25,48,24,True,83.33391666666667,81.809,-16.503,-0.17305217391304265,54.220568861867015,182.98898676365175,348.0,0.0,12,0.5,3.5453333333333332,82.51816666666667
2025,Mexico City,20,Permanent,Haas,BEA,3,SOFT,49,71,23,False,83.17991304347827,80.705,-10.182000000000002,0.10077667984189616,54.29764190882376,183.4179394496814,344.0,0.0,0,0.0,13.748739130434785,83.17991304347827
2025,Mexico City,20,Permanent,Haas,OCO,1,SOFT,2,27,26,True,83.95938461538461,82.908,3.2390000000000043,0.03280615384615332,52.822265415510145,181.8798772738754,354.0,50.0,26,1.0,0.8355384615384615,
2025,Mexico City,20,Permanent,Haas,OCO,2,MEDIUM,28,71,44,False,83.63695454545454,81.869,-18.989000000000004,0.008072445384072582,54.15978534486744,182.95550696126733,352.0,0.0,5,0.11363636363636363,9.384477272727274,83.629
2025,Mexico City,20,Permanent,McLaren,NOR,1,SOFT,2,34,33,True,82.67030303030303,82.076,2.888999999999996,0.03402205882353107,54.53610349293898,184.9269407661748,324.0,60.0,33,1.0,0.0,
2025,Mexico City,20,Permanent,McLaren,NOR,2,MEDIUM,35,71,37,False,82.85727027027028,80.764,1.5940000000000083,0.04288454243717444,52.14275364500994,184.25732347978987,345.0,0.0,37,1.0,0.0,
2025,Mexico City,20,Permanent,McLaren,PIA,1,SOFT,2,24,23,True,83.58508695652174,82.892,2.75,0.01875988142292442,52.492911065013416,182.83762944327833,363.0,58.0,23,1.0,0.9749565217391304,
2025,Mexico City,20,Permanent,McLaren,PIA,2,MEDIUM,25,47,23,True,83.32008695652175,81.533,-15.313000000000002,-0.14768972332015934,52.9932395689256,183.07784189996204,360.0,0.0,23,1.0,0.9334782608695654,
2025,Mexico City,20,Permanent,McLaren,PIA,3,SOFT,48,71,24,False,82.96545833333333,80.422,-9.055999999999997,0.09348391304347924,54.231637813876524,184.08594233065514,357.0,0.0,19,0.7916666666666666,1.9497083333333334,80.698
2025,Mexico City,20,Permanent,Mercedes,ANT,1,SOFT,2,22,21,True,83.51704761904763,82.774,2.475999999999999,0.02876883116883199,53.20791005323919,182.77385624117866,356.0,60.0,21,1.0,0.8022380952380953,
2025,Mexico City,20,Permanent,Mercedes,ANT,2,MEDIUM,23,47,24,True,83.455,81.845,-14.37400000000001,-0.1419747826086933,54.11932805968761,182.50415274422386,354.0,0.0,24,1.0,1.171625,
2025,Mexico City,20,Permanent,Mercedes,ANT,3,SOFT,48,71,24,False,83.23433333333334,80.826,-14.798999999999992,0.0661556521739152,54.056445118413,183.12251922576098,335.0,0.0,9,0.375,3.686625,83.08353333333335
2025,Mexico City,20,Permanent,Mercedes,RUS,1,SOFT,2,25,24,True,83.6065,82.622,3.0130000000000052,0.012759130434782988,54.02288109778566,182.83069968634916,354.0,53.0,24,1.0,1.2307500000000002,
2025,Mexico City,20,Permanent,Mercedes,RUS,2,MEDIUM,26,48,22,True,82.40477272727274,81.342,3.8659999999999997,0.05472332015810267,54.61243423531454,183.0808335892454,355.0,0.0,22,1.0,1.5997727272727273,
2025,Mexico City,20,Permanent,Mercedes,RUS,3,SOFT,49,71,23,False,83.48056521739132,80.052,-12.170000000000002,0.12877569169960346,53.86917145470124,182.4891381139791,354.0,0.0,22,0.9565217391304348,1.3833043478260867,102.554
2025,Mexico City,20,Permanent,RB,HAD,1,MEDIUM,2,34,33,True,84.10860606060605,82.974,3.3810000000000002,0.03239204545454592,56.110321410575,181.39692273249173,356.0,54.0,30,0.9090909090909091,1.9934545454545451,85.14033333333333
2025,Mexico City,20,Permanent,RB,HAD,2,SOFT,35,70,36,False,83.83408333333333,81.714,3.2439999999999998,0.0794364221364237,59.00577994437218,182.14027499422636,343.0,0.0,16,0.4444444444444444,3.785805555555556,84.5998
2025,Mexico City,20,Permanent,RB,LAW,1,SOFT,2,2,1,True,91.076,91.076,0.0,0.0,51.00877351632856,167.11383931791968,329.0,58.0,1,1.0,1.203,
2025,Mexico City,20,Permanent,RB,LAW,2,HARD,3,5,3,False,99.024,85.124,-24.965999999999994,-12.482999999999999,47.07644973925506,154.1420122374238,321.0,0.0,0,0.0,32.93266666666667,99.024
2025,Mexico City,20,Permanent,Red Bull,TSU,1,MEDIUM,2,36,35,True,83.97025714285714,82.832,3.227000000000004,0.03039159663865423,53.05632703713734,182.11368225538578,356.0,56.0,17,0.4857142857142857,4.927371428571429,83.66416666666665
2025,Mexico City,20,Permanent,Red Bull,TSU,2,SOFT,37,71,35,False,83.67071428571428,81.486,-28.435000000000002,-0.006026330532212491,52.699562354814226,182.08744888371044,354.0,0.0,25,0.7142857142857143,2.763171428571428,84.75019999999999
2025,Mexico City,20,Permanent,Red Bull,VER,1,MEDIUM,2,37,36,True,83.51433333333333,82.538,3.8429999999999893,0.017638610038611086,53.68391351076924,182.91994807028664,352.0,48.0,23,0.6388888888888888,6.642777777777777,83.73407692307691
2025,Mexico City,20,Permanent,Red Bull,VER,2,SOFT,38,71,34,False,82.80264705882354,81.108,-5.878,0.04937692895339901,54.99114070275361,184.24958625487793,353.0,0.0,11,0.3235294117647059,5.480676470588235,82.15534782608697
2025,Mexico City,20,Permanent,Sauber,BOR,1,MEDIUM,2,37,35,True,84.06637142857143,83.231,2.2169999999999987,0.01740364145658245,54.18637851362417,181.73230046988905,354.0,57.0,34,0.9714285714285714,1.560542857142857,83.329
2025,Mexico City,20,Permanent,Sauber,BOR,2,SOFT,38,71,34,False,83.38532352941175,81.121,-17.223,0.05713445378151454,55.6129759897805,183.18510919257884,354.0,0.0,24,0.7058823529411765,2.185,83.632
2025,Mexico City,20,Permanent,Sauber,HUL,1,SOFT,2,25,24,False,84.59025,83.091,1.5290000000000106,0.00042782608695825334,54.98078853664607,180.76433182390969,351.0,60.0,16,0.6666666666666666,2.3864583333333336,84.08574999999999
2025,Mexico City,20,Permanent,Williams,ALB,1,HARD,2,41,40,True,84.20162499999999,83.332,-0.5370000000000061,-0.0022117260788007027,52.10334528082138,180.91389920294537,358.0,56.0,22,0.55,2.5597749999999997,83.91388888888888
2025,Mexico City,20,Permanent,Williams,ALB,2,SOFT,42,70,29,False,83.36796551724137,80.48,3.4129999999999967,0.11248078817734002,53.64624400010556,182.8840537609476,357.0,0.0,7,0.2413793103448276,5.524241379310345,82.80195454545452
2025,Mexico City,20,Permanent,Williams,SAI,1,MEDIUM,2,17,16,True,84.31025,83.322,2.8880000000000052,0.08901470588235612,52.13745682032772,181.41112575897603,350.0,53.0,16,1.0,1.42425,
2025,Mexico City,20,Permanent,Williams,SAI,2,SOFT,18,46,29,True,83.47024137931034,81.69,-16.51400000000001,-0.10238275862068993,53.85553960433742,184.45444994863325,353.0,0.0,10,0.3448275862068966,4.460344827586207,83.8037894736842
2025,Mexico City,20,Permanent,Williams,SAI,3,SOFT,47,56,10,True,84.0826,80.098,-22.683000000000007,-1.1948848484848469,53.99578801075362,182.74961230995902,355.0,0.0,6,0.6,2.979,80.99875
2025,Mexico City,20,Permanent,Williams,SAI,4,SOFT,57,67,11,False,82.87154545454545,81.145,-14.412999999999997,-0.6100363636363618,53.70979509667537,185.8681435382571,354.0,57.0,6,0.5454545454545454,2.9721818181818183,84.30699999999999
2025,Monte Carlo,10,Street,Alpine,COL,1,HARD,2,12,11,True,87.59218181818181,79.827,-31.067000000000007,-2.8113363636363617,66.49396766161202,200.37145024736589,322.0,57.0,11,1.0,0.9233636363636364,
2025,Monte Carlo,10,Street,Alpine,COL,2,MEDIUM,13,25,13,True,79.15830769230769,75.435,-18.708,-0.5963021978021941,65.45467731871813,197.12562918648013,321.0,0.0,10,0.7692307692307693,2.168153846153846,77.002
2025,Monte Carlo,10,Street,Alpine,COL,3,MEDIUM,26,76,51,False,78.46682352941177,75.298,-20.137,-0.0725266063348425,61.676630934630154,192.7080025043461,332.0,37.0,44,0.8627450980392157,1.4021176470588235,75.68671428571429
2025,Monte Carlo,10,Street,Alpine,GAS,2,MEDIUM,2,7,6,False,90.89766666666667,78.054,-29.712000000000003,-7.234628571428582,64.94343400919686,197.93230767602915,326.0,55.0,5,0.8333333333333334,1.1456666666666666,108.723
2025,Monte Carlo,10,Street,Aston Martin,ALO,1,HARD,2,15,14,True,84.4347142857143,75.593,-31.479,-2.237116483516482,65.08597902716134,196.73728715406088,334.0,0.0,8,0.5714285714285714,2.444714285714286,77.209
2025,Monte Carlo,10,Street,Aston Martin,ALO,2,HARD,16,36,21,False,77.93733333333333,75.823,-17.968000000000004,-0.3310155844155834,64.80829718152266,201.28737262382543,334.0,51.0,2,0.09523809523809523,18.727619047619047,77.87163157894736
2025,Monte Carlo,10,Street,Aston Martin,STR,1,HARD,2,16,15,True,85.35506666666666,78.472,-29.36,-1.7245964285714253,63.73784536724703,199.01369139263895,337.0,55.0,15,1.0,0.9408,
2025,Monte Carlo,10,Street,Aston Martin,STR,2,HARD,17,63,47,True,79.03370212765958,76.433,-18.851,-0.018815911193339648,64.70518893918668,199.5507288592743,340.0,0.0,37,0.7872340425531915,1.9782127659574469,77.2947
2025,Monte Carlo,10,Street,Aston Martin,STR,3,MEDIUM,64,76,13,False,77.79307692307692,74.877,-19.581000000000003,-0.6084505494505462,41.869186364362655,153.72550413326084,335.0,0.0,9,0.6923076923076923,3.474769230769231,75.75825
2025,Monte Carlo,10,Street,Ferrari,HAM,1,HARD,2,17,16,True,83.35537500000001,74.977,-36.459999999999994,-1.8793235294117632,67.25910169018503,199.02988190476574,332.0,0.0,15,0.9375,1.6234375,74.977
2025,Monte Carlo,10,Street,Ferrari,HAM,2,HARD,18,55,38,True,76.16278947368423,74.533,-15.204999999999998,-0.06621884232410716,68.20699650122253,203.035091803563,337.0,0.0,2,0.05263157894736842,10.168657894736842,76.16130555555556
2025,Monte Carlo,10,Street,Ferrari,HAM,3,MEDIUM,56,78,23,False,76.86747826086956,74.09,-16.12700000000001,-0.2585988142292505,60.54970157437748,183.11762825515356,312.0,44.0,0,0.0,43.403826086956535,76.86747826086956
2025,Monte Carlo,10,Street,Ferrari,LEC,1,MEDIUM,2,21,20,True,81.39025,74.807,-28.98700000000001,-1.2689902255639112,67.49949372359515,203.056612606618,336.0,52.0,17,0.85,1.79325,75.20166666666667
2025,Monte Carlo,10,Street,Ferrari,LEC,2,HARD,22,48,27,True,75.64559259259259,74.055,-17.68100000000001,-0.21048656898657028,69.87353671672103,203.8895250860343,330.0,0.0,1,0.037037037037037035,5.528777777777778,75.00073076923077
2025,Monte Carlo,10,Street,Ferrari,LEC,3,MEDIUM,49,78,30,False,76.07523333333334,74.342,-16.608000000000004,-0.07086874304783274,60.0458043623379,187.20325389198848,325.0,0.0,27,0.9,1.6121666666666667,81.14833333333333
2025,Monte Carlo,10,Street,Haas,BEA,2,HARD,2,16,15,True,82.68299999999999,74.855,-30.01599999999999,-1.337260714285711,64.70828306440626,199.87236230768545,338.0,53.0,7,0.4666666666666667,10.192933333333334,85.42175
2025,Monte Carlo,10,Street,Haas,BEA,3,MEDIUM,17,76,60,False,78.47264999999999,75.355,-20.641999999999996,-0.05169044178938623,63.99483475990457,193.74833317534845,343.0,0.0,55,0.9166666666666666,1.800322033898305,76.62320000000001
2025,Monte Carlo,10,Street,Haas,OCO,1,MEDIUM,2,15,14,True,84.63271428571429,76.453,-34.95,-2.225397802197803,64.52500179952571,200.0385282919099,336.0,54.0,13,0.9285714285714286,1.3317692307692306,80.33
2025,Monte Carlo,10,Street,Haas,OCO,2,MEDIUM,16,27,12,True,78.81625000000001,75.774,-18.235,-0.6858356643356637,67.65511075526145,200.58856571774083,326.0,53.0,9,0.75,2.0925,83.17166666666667
2025,Monte Carlo,10,Street,Haas,OCO,3,HARD,28,77,50,False,77.58586,75.157,-17.257999999999996,-0.02442194477791057,64.16643799077376,192.08173186372434,324.0,0.0,34,0.68,2.9364599999999994,76.7663125
2025,Monte Carlo,10,Street,McLaren,NOR,1,MEDIUM,2,18,17,True,82.33947058823529,74.659,-29.354,-1.646529411764705,64.15198457476585,202.53187673281536,333.0,56.0,17,1.0,0.0,
2025,Monte Carlo,10,Street,McLaren,NOR,2,HARD,19,49,31,True,75.57700000000001,73.872,-15.570000000000007,-0.1366564516129056,67.66454912466894,203.14918514370385,314.0,0.0,22,0.7096774193548387,2.802645161290323,75.22666666666666
2025,Monte Carlo,10,Street,McLaren,NOR,3,HARD,50,78,29,False,76.13258620689656,73.221,-17.671999999999997,-0.1077157635467995,65.67141108469237,208.10462603699656,338.0,0.0,26,0.896551724137931,1.6826896551724135,76.37466666666667
2025,Monte Carlo,10,Street,McLaren,PIA,1,MEDIUM,2,19,18,True,82.1323888888889,74.934,-31.416999999999987,-1.5379742002063974,65.12775624516145,199.85757121685572,330.0,0.0,8,0.4444444444444444,3.4957777777777777,77.9002
2025,Monte Carlo,10,Street,McLaren,PIA,2,HARD,20,47,28,True,75.87882142857143,73.818,-19.628,-0.19089299397919782,67.5435245384327,204.61582140145512,316.0,0.0,3,0.10714285714285714,5.833607142857142,75.85560000000001
2025,Monte Carlo,10,Street,McLaren,PIA,3,HARD,48,78,31,False,75.75387096774193,73.745,-16.00800000000001,-0.061468548387098476,57.23898856851629,188.4284510866293,339.0,0.0,12,0.3870967741935484,5.010483870967742,75.7227894736842
2025,Monte Carlo,10,Street,Mercedes,ANT,1,HARD,2,68,67,True,80.31914925373135,75.019,-36.388999999999996,-0.1356037592784748,66.10628054807455,200.07131011719116,335.0,0.0,51,0.7611940298507462,3.2923582089552235,78.17675
2025,Monte Carlo,10,Street,Mercedes,ANT,2,MEDIUM,69,70,2,True,86.812,79.503,-14.617999999999995,-14.618000000000011,28.61506294287206,124.00561707884951,262.42928601317357,37.0,1,0.5,3.6965000000000003,79.503
2025,Monte Carlo,10,Street,Mercedes,ANT,3,HARD,71,75,5,False,78.50480000000002,73.518,-16.677999999999997,-3.8846999999999987,,,,,0,0.0,15.0378,78.50480000000002
2025,Monte Carlo,10,Street,Mercedes,RUS,1,HARD,2,52,51,True,80.6834705882353,75.966,-35.57000000000001,-0.23054081447963826,69.3378028705968,203.04293634126,330.0,0.0,49,0.9607843137254902,0.9543800000000001,78.762
2025,Monte Carlo,10,Street,Mercedes,RUS,2,MEDIUM,53,67,15,True,78.13813333333333,73.483,-14.450000000000003,-0.4733321428571422,67.50664562251373,202.4126941509204,316.0,56.0,2,0.13333333333333333,8.784666666666668,78.06423076923078
2025,Monte Carlo,10,Street,Mercedes,RUS,3,HARD,68,76,9,False,76.29788888888889,73.405,-16.587000000000003,-1.3606500000000092,32.42978446099037,123.56121893413413,274.7218752,37.0,0,0.0,22.447333333333333,76.29788888888889
2025,Monte Carlo,10,Street,RB,HAD,1,MEDIUM,2,13,12,True,85.66058333333332,77.088,-29.604,-2.6992692307692265,63.14051506986735,195.2844754116226,336.0,0.0,12,1.0,1.9472499999999997,
2025,Monte Carlo,10,Street,RB,HAD,2,SOFT,14,18,5,True,80.6774,75.981,-17.700000000000003,-3.797999999999994,65.46634388688778,198.9594875545752,314.0,59.0,1,0.2,13.7274,77.32875
2025,Monte Carlo,10,Street,RB,HAD,3,HARD,19,77,59,False,77.62786440677966,76.044,-16.525999999999996,-0.019057568673291964,60.93054015673795,193.6914407283893,341.0,0.0,1,0.01694915254237288,41.19331914893617,77.35724137931034
2025,Monte Carlo,10,Street,RB,LAW,1,MEDIUM,2,30,29,True,81.82051724137929,76.607,-35.70100000000001,-0.6807201970443348,64.57176959853061,199.60407174968125,340.0,54.0,15,0.5172413793103449,4.604517241379311,79.95085714285715
2025,Monte Carlo,10,Street,RB,LAW,2,SOFT,31,39,9,True,79.03433333333334,75.8,-17.73100000000001,-1.3596500000000098,65.33622167957174,194.47994188351313,318.0,0.0,1,0.1111111111111111,17.744666666666667,77.22225
2025,Monte Carlo,10,Street,RB,LAW,3,HARD,40,77,38,False,76.99899999999998,75.321,-15.837000000000003,-0.04241426851953352,63.43849169214589,198.56117714584877,331.0,57.0,14,0.3684210526315789,12.82678947368421,76.97320833333333
2025,Monte Carlo,10,Street,Red Bull,TSU,2,HARD,2,72,71,True,79.90174647887326,75.32,-33.55600000000001,-0.11525523138833078,60.857172340227926,194.89546066967384,341.0,0.0,64,0.9014084507042254,1.7092535211267608,83.6512857142857
2025,Monte Carlo,10,Street,Red Bull,TSU,3,MEDIUM,73,76,4,False,80.548,74.913,-16.040000000000006,-5.267400000000017,,,,,1,0.25,5.6572499999999994,82.10199999999999
2025,Monte Carlo,10,Street,Red Bull,VER,1,HARD,2,27,26,True,80.16057692307693,75.035,-29.995000000000005,-0.8333254700854722,66.51359301715877,202.5484307196811,338.0,0.0,23,0.8846153846153846,1.71524,76.22233333333334
2025,Monte Carlo,10,Street,Red Bull,VER,2,MEDIUM,28,76,49,True,75.75751020408163,74.23,-16.182999999999993,-0.027127040816326754,62.30655410001266,194.6997237026508,337.0,0.0,44,0.8979591836734694,1.4857755102040815,75.493
2025,Monte Carlo,10,Street,Red Bull,VER,3,SOFT,77,78,2,False,85.55099999999999,77.77,-15.561999999999998,-15.561999999999998,,,,,1,0.5,8.3265,77.77
2025,Monte Carlo,10,Street,Sauber,BOR,2,HARD,2,25,24,True,80.90995833333334,75.721,-31.78099999999999,-0.5885847826086943,63.3412419773226,199.23084990442828,344.0,44.0,13,0.5416666666666666,3.2709565217391305,83.5469090909091
2025,Monte Carlo,10,Street,Sauber,BOR,3,SOFT,26,34,9,True,79.91699999999999,75.193,-16.899,-1.0120000000000122,66.99307019341198,200.9583612517445,308.0,57.0,5,0.5555555555555556,5.134777777777777,76.74125
2025,Monte Carlo,10,Street,Sauber,BOR,4,MEDIUM,35,76,42,False,78.46692857142858,74.884,-18.379999999999995,-0.05971858034194881,62.91558541017859,190.0491264773991,337.0,0.0,25,0.5952380952380952,3.905047619047619,76.82176470588236
2025,Monte Carlo,10,Street,Sauber,HUL,1,MEDIUM,2,11,10,True,88.51610000000001,79.404,-33.0,-3.3136545454545407,66.20825129483732,200.8281465179467,315.0,55.0,10,1.0,0.8315000000000001,
2025,Monte Carlo,10,Street,Sauber,HUL,2,HARD,12,43,32,True,79.14068750000001,76.106,-18.813999999999993,-0.07556781524926638,65.88530045713098,199.8781887907886,342.0,0.0,28,0.875,1.7133749999999999,77.31375
2025,Monte Carlo,10,Street,Sauber,HUL,3,SOFT,44,76,33,False,78.63442424242425,75.223,-16.673000000000002,-0.11885795454545217,64.05974288842681,193.4844992389967,336.0,46.0,25,0.7575757575757576,2.3368484848484847,78.255
2025,Monte Carlo,10,Street,Williams,ALB,1,MEDIUM,2,31,30,True,81.67973333333333,76.556,-35.282,-0.6412364849833136,62.903405768091815,197.77878841347498,334.0,0.0,30,1.0,1.0451,
2025,Monte Carlo,10,Street,Williams,ALB,2,MEDIUM,32,39,8,True,79.376625,75.303,-17.691000000000003,-2.0214880952380874,63.534509886063525,202.88703054820297,335.0,52.0,1,0.125,4.587875,79.95857142857143
2025,Monte Carlo,10,Street,Williams,ALB,3,HARD,40,76,37,False,77.5358918918919,74.597,-17.38000000000001,-0.21718492176386917,57.40715719680185,191.77374132651235,340.0,0.0,14,0.3783783783783784,13.60491891891892,77.09991304347825
2025,Monte Carlo,10,Street,Williams,SAI,1,HARD,2,47,46,True,80.76947826086958,75.516,-36.09299999999999,-0.29540943570767747,64.46819115453796,200.30046906286398,334.0,48.0,28,0.6086956521739131,3.996847826086957,78.348
2025,Monte Carlo,10,Street,Williams,SAI,2,MEDIUM,48,52,5,True,79.2508,74.496,-18.241,-4.094799999999997,63.61370220440861,202.15373118156583,310.0,53.0,0,0.0,21.0068,79.2508
2025,Monte Carlo,10,Street,Williams,SAI,3,MEDIUM,53,76,24,False,76.8755,73.988,-16.263999999999996,-0.23885478260869555,55.121812852116015,179.36162505540142,329.0,0.0,7,0.2916666666666667,21.601916666666664,77.46770588235294
2025,Montreal,10,Street,Alpine,COL,1,MEDIUM,2,13,12,True,77.66066666666667,77.262,-0.5970000000000084,0.0007412587412622106,66.3200011045034,200.4065129950285,322.0,57.0,12,1.0,1.3995833333333334,
2025,Montreal,10,Street,Alpine,COL,2,HARD,14,65,52,True,77.68576923076922,76.076,-18.825000000000003,-0.05063399641424024,65.37901275593893,200.25656163912677,332.0,0.0,36,0.6923076923076923,3.2342692307692307,77.42575
2025,Montreal,10,Street,Alpine,COL,3,HARD,66,66,1,True,114.74,114.74,0.0,0.0,34.977837619585756,135.28463430428124,282.0,54.0,1,1.0,1.815,
2025,Montreal,10,Street,Alpine,COL,4,HARD,67,67,1,True,116.92,116.92,0.0,0.0,34.49350826398388,132.14011496459653,243.0,37.0,1,1.0,2.107,
2025,Montreal,10,Street,Alpine,COL,5,HARD,68,69,2,False,113.8105,105.834,15.953000000000003,15.952999999999994,39.66832121244225,136.33896266212136,278.0,37.0,1,0.5,2.6705,105.834
2025,Montreal,10,Street,Alpine,GAS,1,HARD,2,52,51,True,77.73939215686275,76.409,-2.7959999999999923,-0.02353583710407289,66.64646284874321,200.35726479637125,345.0,50.0,51,1.0,0.969862745098039,
2025,Montreal,10,Street,Alpine,GAS,2,MEDIUM,53,65,13,True,77.22846153846154,74.993,-17.036,-0.6125824175824159,69.11922810050503,202.23466636762734,334.0,0.0,7,0.5384615384615384,3.3037692307692312,76.01066666666667
2025,Montreal,10,Street,Alpine,GAS,3,MEDIUM,66,66,1,True,116.515,116.515,0.0,0.0,36.00197734785383,133.83682837591942,258.0,38.0,1,1.0,2.682,
2025,Montreal,10,Street,Alpine,GAS,4,MEDIUM,67,67,1,True,115.427,115.427,0.0,0.0,36.05141075906399,133.2330507434586,251.0,37.0,1,1.0,2.083,
2025,Montreal,10,Street,Alpine,GAS,5,MEDIUM,68,69,2,False,112.845,106.73,12.22999999999999,12.229999999999956,39.59061149750394,137.03682373241494,287.0,49.0,2,1.0,1.1524999999999999,
2025,Montreal,10,Street,Aston Martin,ALO,1,MEDIUM,2,14,13,True,77.41115384615385,76.369,1.3880000000000052,0.1663626373626399,65.72884052483583,200.0294920829451,334.0,53.0,11,0.8461538461538461,1.4848461538461537,78.44200000000001
2025,Montreal,10,Street,Aston Martin,ALO,2,HARD,15,49,35,True,77.39208571428571,75.931,-18.424000000000007,-0.12268291316526533,65.09866986247134,200.44046329227555,334.0,0.0,26,0.7428571428571429,5.529057142857145,76.30433333333332
2025,Montreal,10,Street,Aston Martin,ALO,3,HARD,50,65,16,True,76.6868125,75.024,-17.53,-0.4444220588235248,66.33530072072182,203.08651351890217,331.0,0.0,8,0.5,7.8991875,77.82300000000001
2025,Montreal,10,Street,Aston Martin,ALO,4,HARD,66,66,1,True,99.524,99.524,0.0,0.0,46.46820342532786,154.6555627197746,287.0,53.0,0,0.0,30.992,99.524
2025,Montreal,10,Street,Aston Martin,ALO,5,HARD,67,67,1,True,113.748,113.748,0.0,0.0,39.86484177753309,136.29342758531902,285.0,53.0,0,0.0,35.877,113.748
2025,Montreal,10,Street,Aston Martin,ALO,6,HARD,68,68,1,True,99.322,99.322,0.0,0.0,51.27873888051014,154.96483872338354,305.0,57.0,0,0.0,39.309,99.322
2025,Montreal,10,Street,Aston Martin,ALO,7,HARD,69,70,2,False,91.839,87.108,-9.461999999999989,-9.461999999999993,57.801216658159895,169.60963013411367,306.0,45.0,0,0.0,27.126,91.839
2025,Montreal,10,Street,Aston Martin,STR,1,HARD,2,23,22,True,78.13040909090908,77.394,-1.6229999999999905,-0.0033975155279511063,63.40799133537648,198.81386680142097,337.0,52.0,22,1.0,1.3209545454545457,
2025,Montreal,10,Street,Aston Martin,STR,2,HARD,24,50,27,True,77.58374074074074,76.217,-17.317999999999998,-0.12243101343101424,64.09153087208398,199.59801516282144,340.0,0.0,17,0.6296296296296297,3.2544444444444443,76.77
2025,Montreal,10,Street,Aston Martin,STR,3,MEDIUM,51,65,15,True,77.32406666666667,74.902,-27.07799999999999,-0.7579714285714287,66.94261423760766,200.95702357001804,335.0,0.0,3,0.2,4.840933333333333,75.36825
2025,Montreal,10,Street,Aston Martin,STR,4,SOFT,66,66,1,True,123.386,123.386,0.0,0.0,29.310250851033018,126.19233051249998,254.0,0.0,1,1.0,2.915,
2025,Montreal,10,Street,Aston Martin,STR,5,SOFT,67,67,1,True,115.934,115.934,0.0,0.0,30.603574733591596,133.7554051745512,256.0,27.0,1,1.0,1.099,
2025,Montreal,10,Street,Aston Martin,STR,6,SOFT,68,69,2,False,108.66900000000001,101.811,13.715999999999994,13.715999999999958,37.886910559934556,142.6392745444808,293.0,37.0,1,0.5,2.529,101.811
2025,Montreal,10,Street,Ferrari,HAM,1,MEDIUM,2,14,13,True,76.86453846153846,76.433,0.16600000000001103,0.02941208791208788,67.86885855982834,202.54772275891426,332.0,53.0,13,1.0,1.4873076923076924,
2025,Montreal,10,Street,Ferrari,HAM,2,HARD,15,44,30,True,77.11446666666667,75.748,-18.176000000000002,-0.17090100111234852,68.44590243062328,201.92979450142795,337.0,0.0,8,0.26666666666666666,6.137566666666666,77.08604545454544
2025,Montreal,10,Street,Ferrari,HAM,3,HARD,45,66,22,True,76.6459090909091,74.805,-9.712999999999994,-0.18250028232636847,67.47261315582689,202.78699550269025,313.0,0.0,0,0.0,21.783636363636365,76.6459090909091
2025,Montreal,10,Street,Ferrari,HAM,4,HARD,67,67,1,True,115.724,115.724,0.0,0.0,41.60838483021853,135.68428661699906,272.0,54.0,0,0.0,39.992,115.724
2025,Montreal,10,Street,Ferrari,HAM,5,HARD,68,68,1,True,110.618,110.618,0.0,0.0,46.56645977235302,140.74291549043352,232.0,53.0,0,0.0,28.874,110.618
2025,Montreal,10,Street,Ferrari,HAM,6,HARD,69,70,2,False,106.7405,97.731,18.019000000000005,18.018999999999984,47.2173882981228,145.33190323196462,290.0,44.0,0,0.0,16.0565,106.7405
2025,Montreal,10,Street,Ferrari,LEC,1,HARD,2,27,26,True,76.70215384615385,76.019,-1.2920000000000016,-0.062436239316240934,68.0502790237085,203.29505874119772,336.0,52.0,12,0.46153846153846156,2.7252307692307696,76.46714285714286
2025,Montreal,10,Street,Ferrari,LEC,2,HARD,28,52,25,True,76.18028,74.971,-16.90599999999999,-0.1806676923076929,69.4734326318132,204.32393406538478,330.0,0.0,7,0.28,3.5046,75.52983333333333
2025,Montreal,10,Street,Ferrari,LEC,3,MEDIUM,53,66,14,True,76.41442857142859,74.261,-16.23299999999999,-0.5231868131868147,68.02860209120094,204.33707030764666,325.0,0.0,1,0.07142857142857142,12.450357142857143,75.24815384615384
2025,Montreal,10,Street,Ferrari,LEC,4,MEDIUM,67,67,1,True,112.504,112.504,0.0,0.0,39.18180280836343,137.7345591750027,263.6666666666667,51.0,0,0.0,24.119,112.504
2025,Montreal,10,Street,Ferrari,LEC,5,MEDIUM,68,68,1,True,114.938,114.938,0.0,0.0,40.6202963281218,135.1095120329518,234.0,50.0,0,0.0,17.114,114.938
2025,Montreal,10,Street,Ferrari,LEC,6,MEDIUM,69,70,2,False,116.8965,110.8,12.192999999999998,12.192999999999977,33.79113022952664,133.02937637974745,275.0,39.0,2,1.0,1.698,
2025,Montreal,10,Street,Haas,BEA,1,MEDIUM,2,17,16,True,78.03956249999999,77.297,-0.16699999999998738,0.05884852941176725,64.80219998437497,199.82024711568596,338.0,53.0,16,1.0,0.7000625,
2025,Montreal,10,Street,Haas,BEA,2,HARD,18,65,48,True,77.35102083333334,75.397,-19.589,-0.06833874294398516,67.02232441609202,201.1863674374493,343.0,0.0,36,0.75,2.1582708333333334,76.49491666666668
2025,Montreal,10,Street,Haas,BEA,3,SOFT,66,66,1,True,118.863,118.863,0.0,0.0,40.80187694418482,130.4481796163469,281.38750016,0.0,0,0.0,12.619,118.863
2025,Montreal,10,Street,Haas,BEA,4,SOFT,67,67,1,True,116.832,116.832,0.0,0.0,43.93866018004234,133.51080261574737,255.0,31.0,0,0.0,23.168,116.832
2025,Montreal,10,Street,Haas,BEA,5,SOFT,68,69,2,False,114.645,107.065,15.159999999999997,15.15999999999997,36.63507029057469,135.37268076208935,269.0,11.0,1,0.5,4.641,107.065
2025,Montreal,10,Street,Haas,OCO,1,HARD,2,56,55,True,77.32158181818181,76.384,-2.73299999999999,-0.026791774891773947,67.29330406486213,201.27670834964502,336.0,53.0,24,0.43636363636363634,6.1684363636363635,77.04577419354838
2025,Montreal,10,Street,Haas,OCO,2,MEDIUM,57,65,9,True,77.67188888888889,74.593,-18.929000000000002,-1.5783333333333431,67.90854326075902,200.79925641931578,324.0,0.0,0,0.0,16.17411111111111,77.67188888888889
2025,Montreal,10,Street,Haas,OCO,3,MEDIUM,66,66,1,True,106.256,106.256,0.0,0.0,45.01896378733612,146.51907622215754,261.0,53.0,0,0.0,18.277,106.256
2025,Montreal,10,Street,Haas,OCO,4,MEDIUM,67,67,1,True,117.088,117.088,0.0,0.0,42.93314200140216,131.9450607768131,225.0,36.0,0,0.0,20.16,117.088
2025,Montreal,10,Street,Haas,OCO,5,MEDIUM,68,69,2,False,124.46350000000001,123.241,2.4450000000000074,2.445000000000007,33.24628634250879,125.39345811567475,250.0,41.0,0,0.0,47.071,124.46350000000001
2025,Montreal,10,Street,McLaren,NOR,1,HARD,2,28,27,True,76.59566666666667,76.141,-1.5020000000000095,-0.039412087912088,65.81637583053924,203.40849687681558,333.0,54.0,25,0.9259259259259259,0.8806666666666666,76.649
2025,Montreal,10,Street,McLaren,NOR,2,MEDIUM,29,46,18,True,76.30938888888889,74.725,-16.706000000000003,-0.32866769865840983,67.39209135885473,204.18057234869664,313.0,0.0,4,0.2222222222222222,4.8018888888888895,75.32028571428573
2025,Montreal,10,Street,McLaren,NOR,3,HARD,47,66,20,False,75.50385000000001,74.229,-16.382999999999996,-0.2908669172932358,66.02697842971513,206.001564438229,338.0,0.0,13,0.65,1.9727999999999999,75.00285714285714
2025,Montreal,10,Street,McLaren,PIA,1,MEDIUM,2,15,14,True,76.74364285714286,76.209,-0.32500000000000284,0.02225714285713974,65.78171567000793,202.64435081961742,317.0,56.0,14,1.0,1.7246428571428574,
2025,Montreal,10,Street,McLaren,PIA,2,HARD,16,44,29,True,76.3816896551724,75.203,-17.093000000000004,-0.16159211822660088,67.18639293996321,203.924276674024,330.0,0.0,23,0.7931034482758621,3.0276206896551723,75.71333333333335
2025,Montreal,10,Street,McLaren,PIA,3,HARD,45,66,22,True,75.63518181818182,74.255,-15.730999999999995,-0.24126482213438533,66.40002366000546,205.7939000771377,339.0,0.0,22,1.0,1.264909090909091,
2025,Montreal,10,Street,McLaren,PIA,4,SOFT,67,67,1,True,111.532,111.532,0.0,0.0,36.17168137061833,139.4046585380817,298.0,0.0,0,0.0,3.785,111.532
2025,Montreal,10,Street,McLaren,PIA,5,SOFT,68,68,1,True,118.447,118.447,0.0,0.0,29.538340409716394,128.88324891489262,230.0,35.0,0,0.0,10.057,118.447
2025,Montreal,10,Street,McLaren,PIA,6,SOFT,69,70,2,False,123.7125,123.49,-0.4450000000000074,-0.4450000000000277,25.86872072381525,126.32759949714004,284.0,37.0,1,0.5,3.0075000000000003,123.935
2025,Montreal,10,Street,Mercedes,ANT,1,MEDIUM,2,13,12,True,76.57858333333334,76.159,1.1460000000000008,0.05687062937063155,67.79520508402128,201.14201633811965,335.0,55.0,11,0.9166666666666666,1.61575,77.73
2025,Montreal,10,Street,Mercedes,ANT,2,HARD,14,37,24,True,76.67745833333333,75.362,-17.491,-0.2439621739130416,67.57630104391582,202.2709917142786,315.0,0.0,5,0.20833333333333334,4.296083333333333,76.03863157894737
2025,Montreal,10,Street,Mercedes,ANT,3,HARD,38,66,29,True,75.64237931034482,74.455,-16.410999999999987,-0.1698049261083748,67.1666546186355,204.374632303678,333.0,0.0,28,0.9655172413793104,1.9322068965517245,91.064
2025,Montreal,10,Street,Mercedes,ANT,4,HARD,67,67,1,True,104.172,104.172,0.0,0.0,44.487682651142414,150.03302064337305,289.0,53.0,1,1.0,2.625,
2025,Montreal,10,Street,Mercedes,ANT,5,HARD,68,68,1,True,123.303,123.303,0.0,0.0,30.930070034967866,124.79631237930931,237.0,54.0,0,0.0,3.115,123.303
2025,Montreal,10,Street,Mercedes,ANT,6,HARD,69,70,2,False,125.0385,123.706,2.664999999999992,2.6649999999999854,28.61506294287206,124.00561707884951,262.42928601317357,37.0,2,1.0,0.6085,
2025,Montreal,10,Street,Mercedes,RUS,1,MEDIUM,2,12,11,True,76.3349090909091,75.808,0.2780000000000058,0.05722727272727287,71.10899223001594,203.8122446887402,308.0,57.0,11,1.0,0.0,
2025,Montreal,10,Street,Mercedes,RUS,2,HARD,13,41,29,True,76.4391724137931,75.299,-16.873999999999995,-0.1522093596059127,69.2401138861005,203.26482294367673,329.0,0.0,25,0.8620689655172413,1.2325862068965516,76.10325
2025,Montreal,10,Street,Mercedes,RUS,3,HARD,42,66,25,True,75.71176,74.119,-17.810000000000002,-0.23655384615384709,68.85216363593221,204.95813169262803,330.0,0.0,22,0.88,1.05336,76.356
2025,Montreal,10,Street,Mercedes,RUS,4,HARD,67,67,1,True,103.5,103.5,0.0,0.0,45.70725544213951,150.11058711976048,297.0,56.0,1,1.0,0.0,
2025,Montreal,10,Street,Mercedes,RUS,5,HARD,68,68,1,True,126.769,126.769,0.0,0.0,32.20569652205577,122.85470551683295,266.0,42.0,1,1.0,0.0,
2025,Montreal,10,Street,Mercedes,RUS,6,HARD,69,70,2,False,125.6765,123.817,3.7190000000000083,3.718999999999977,32.54118348871819,123.91244224467107,274.7218752,37.0,2,1.0,0.0,
2025,Montreal,10,Street,RB,HAD,1,MEDIUM,2,12,11,True,77.7930909090909,77.198,0.7340000000000089,0.05296363636363946,63.896691415336406,199.3958900443504,336.0,54.0,11,1.0,0.948,
2025,Montreal,10,Street,RB,HAD,2,HARD,13,65,53,True,77.7226603773585,76.292,-19.12700000000001,-0.04552564102564107,63.43050094179761,199.7573481647238,341.0,0.0,48,0.9056603773584906,1.729301886792453,78.67960000000001
2025,Montreal,10,Street,RB,HAD,3,SOFT,66,66,1,True,121.476,121.476,0.0,0.0,36.98755648879014,128.19737808945672,257.0,0.0,1,1.0,2.164,
2025,Montreal,10,Street,RB,HAD,4,SOFT,67,67,1,True,115.651,115.651,0.0,0.0,39.2481729464103,134.29173666848226,260.0,35.0,0,0.0,6.668,115.651
2025,Montreal,10,Street,RB,HAD,5,SOFT,68,69,2,False,110.005,102.898,14.213999999999999,14.213999999999995,44.87071072728598,141.81710469687985,281.0,33.0,1,0.5,2.969,102.898
2025,Montreal,10,Street,RB,LAW,1,HARD,2,37,36,True,77.94194444444446,77.352,-1.331000000000003,-0.014125868725867805,64.92708766755064,199.69732911466986,340.0,54.0,35,0.9722222222222222,1.4392857142857143,78.026
2025,Montreal,10,Street,RB,LAW,2,MEDIUM,38,53,16,False,78.56649999999999,76.32,-16.09899999999999,-0.46663823529411746,64.8149269891071,198.41666131508384,331.0,0.0,2,0.125,12.304625,77.53042857142859
2025,Montreal,10,Street,Red Bull,TSU,1,HARD,2,55,54,True,77.50392592592594,76.557,-3.483000000000004,-0.024953992757766087,63.37926300066413,200.66294608499175,341.0,55.0,29,0.5370370370370371,2.496351851851852,77.17475999999999
2025,Montreal,10,Street,Red Bull,TSU,2,MEDIUM,56,65,10,True,78.2904,75.358,-18.575000000000003,-1.1111757575757568,64.09925938115364,199.10878515765128,339.0,0.0,6,0.6,2.6116,81.334
2025,Montreal,10,Street,Red Bull,TSU,3,MEDIUM,66,66,1,True,113.199,113.199,0.0,0.0,30.440763104343954,136.6876555694213,291.0,57.0,0,0.0,10.758,113.199
2025,Montreal,10,Street,Red Bull,TSU,4,MEDIUM,67,67,1,True,117.242,117.242,0.0,0.0,30.272559157640718,132.33191488922873,218.0,52.0,1,1.0,2.201,
2025,Montreal,10,Street,Red Bull,TSU,5,MEDIUM,68,69,2,False,114.1265,106.349,15.554999999999993,15.554999999999998,34.49325364251533,136.22056506287274,278.0,34.0,1,0.5,2.0265,106.349
2025,Montreal,10,Street,Red Bull,VER,1,MEDIUM,2,11,10,True,76.45419999999999,75.901,0.5729999999999933,0.09533333333333635,66.00530093904294,203.35741897010166,332.0,56.0,10,1.0,1.2152,
2025,Montreal,10,Street,Red Bull,VER,2,HARD,12,36,25,True,76.73552,75.464,-16.986999999999995,-0.1806299999999999,66.76181494971925,202.78618529118862,338.0,0.0,20,0.8,2.1193600000000004,76.7266
2025,Montreal,10,Street,Red Bull,VER,3,HARD,37,66,30,True,75.6085,74.287,-17.52499999999999,-0.16467652947719755,67.41374683900027,205.56104768723407,337.0,0.0,17,0.5666666666666667,3.212862068965517,76.80107692307692
2025,Montreal,10,Street,Red Bull,VER,4,HARD,67,67,1,True,103.478,103.478,0.0,0.0,38.09351905976671,150.6847461599766,294.0,34.0,0,0.0,3.742,103.478
2025,Montreal,10,Street,Red Bull,VER,5,HARD,68,68,1,True,125.276,125.276,0.0,0.0,30.63089732475075,123.69055672652436,257.0,38.0,0,0.0,3.508,125.276
2025,Montreal,10,Street,Red Bull,VER,6,HARD,69,70,2,False,125.214,123.745,2.9380000000000024,2.9379999999999855,30.31387174131907,124.87286711062505,261.0,32.0,2,1.0,0.869,
2025,Montreal,10,Street,Sauber,BOR,1,HARD,2,48,47,True,77.80172340425533,76.911,-1.9380000000000024,-0.019206637372803044,65.0635254195199,200.04552371660242,344.0,44.0,27,0.574468085106383,3.2589148936170207,77.53085
2025,Montreal,10,Street,Sauber,BOR,2,MEDIUM,49,65,17,True,77.35282352941176,75.414,-17.513999999999996,-0.3806519607843128,66.73240691994407,200.3494776386722,337.0,0.0,6,0.35294117647058826,7.064647058823529,77.89772727272727
2025,Montreal,10,Street,Sauber,BOR,3,MEDIUM,66,66,1,True,113.764,113.764,0.0,0.0,43.48677619200424,136.61789670568018,285.0,59.0,1,1.0,1.698,
2025,Montreal,10,Street,Sauber,BOR,4,MEDIUM,67,67,1,True,117.562,117.562,0.0,0.0,43.24859314972394,131.1396620246318,232.0,30.0,1,1.0,2.668,
2025,Montreal,10,Street,Sauber,BOR,5,MEDIUM,68,69,2,False,113.45949999999999,106.03,14.858999999999995,14.858999999999984,42.34840998946732,136.36168093224384,274.0,41.0,2,1.0,1.659,
2025,Montreal,10,Street,Sauber,HUL,1,MEDIUM,2,18,17,True,77.60741176470589,76.987,0.6680000000000064,0.036333333333333676,66.3474965733746,200.48213409902857,326.0,55.0,14,0.8235294117647058,2.0322941176470586,77.29466666666667
2025,Montreal,10,Street,Sauber,HUL,2,HARD,19,65,47,True,77.06359574468085,75.372,-19.046000000000006,-0.09591604995374577,66.55876687376553,202.08210720810703,342.0,0.0,32,0.6808510638297872,3.9834680851063826,76.7446
2025,Montreal,10,Street,Sauber,HUL,3,HARD,66,66,1,True,101.808,101.808,0.0,0.0,45.9944680303342,153.81384212941475,290.0,48.0,1,1.0,2.477,
2025,Montreal,10,Street,Sauber,HUL,4,HARD,67,67,1,True,112.362,112.362,0.0,0.0,43.77510961479161,137.83558404866645,272.0,46.0,1,1.0,1.701,
2025,Montreal,10,Street,Sauber,HUL,5,HARD,68,68,1,True,99.18,99.18,0.0,0.0,58.73005479392827,156.61231102610745,301.0,54.0,1,1.0,2.412,
2025,Montreal,10,Street,Sauber,HUL,6,HARD,69,70,2,False,92.713,88.571,-8.284000000000006,-8.284000000000017,57.58328093707877,167.89386170571873,293.0,54.0,1,0.5,3.617,88.571
2025,Montreal,10,Street,Williams,ALB,1,MEDIUM,2,22,21,True,78.13504761904761,77.275,0.7329999999999899,0.0805948051948046,63.05339025253662,198.6331023438793,334.0,51.0,16,0.7619047619047619,1.71775,78.083
2025,Montreal,10,Street,Williams,ALB,2,HARD,23,46,24,False,78.03337499999999,76.197,-15.051000000000002,-0.1522578260869519,62.46978242042109,199.13235949574738,340.0,0.0,23,0.9583333333333334,1.59975,80.839
2025,Montreal,10,Street,Williams,SAI,1,HARD,2,56,55,True,77.38225454545456,76.426,-2.1899999999999977,-0.0256668109668097,64.42875157224223,200.62088630064457,334.0,48.0,46,0.8363636363636363,1.8285555555555557,77.03555555555556
2025,Montreal,10,Street,Williams,SAI,2,MEDIUM,57,65,9,True,77.30600000000001,74.389,-18.99199999999999,-1.448050000000006,65.64441284230837,201.60023744611848,329.0,0.0,9,1.0,1.0734444444444446,
2025,Montreal,10,Street,Williams,SAI,3,MEDIUM,66,66,1,True,105.951,105.951,0.0,0.0,40.06366583581018,146.4105287992333,291.0,36.0,1,1.0,0.672,
2025,Montreal,10,Street,Williams,SAI,4,MEDIUM,67,67,1,True,117.479,117.479,0.0,0.0,33.53068013466112,130.98098927599207,235.0,34.0,1,1.0,0.436,
2025,Montreal,10,Street,Williams,SAI,5,MEDIUM,68,69,2,False,124.1965,123.54,1.3129999999999882,1.3129999999999682,30.109354987974065,125.54078897622213,267.0,35.0,2,1.0,0.9055,
2025,Monza,16,Permanent,Alpine,COL,1,MEDIUM,2,33,32,True,84.85062500000001,83.793,1.7039999999999935,-0.01442155425219895,75.51598960092319,243.64138341947194,350.0,60.0,20,0.625,2.7402187500000004,84.35166666666666
2025,Monza,16,Permanent,Alpine,COL,2,HARD,34,52,19,False,84.32794736842105,82.239,-22.095,-0.3308368421052594,76.68011200569136,245.53586128423484,340.0,0.0,1,0.05263157894736842,7.4200526315789475,84.41705555555556
2025,Monza,16,Permanent,Alpine,GAS,1,HARD,2,49,48,True,84.30008333333335,82.797,0.7719999999999914,-0.04284759009986985,77.32783370499692,245.5884879529582,345.0,62.0,37,0.7708333333333334,2.982958333333334,83.88472727272728
2025,Monza,16,Permanent,Alpine,GAS,2,SOFT,50,52,3,False,89.36066666666666,82.185,-21.38799999999999,-10.693999999999985,77.25223567756748,231.69379981917018,343.0,0.0,2,0.6666666666666666,2.3026666666666666,82.185
2025,Monza,16,Permanent,Aston Martin,ALO,1,MEDIUM,2,20,19,True,84.81121052631578,84.146,2.539999999999992,0.0011596491228129749,74.1753762399206,243.3346161988915,351.0,58.0,19,1.0,0.6806315789473686,
2025,Monza,16,Permanent,Aston Martin,ALO,2,HARD,21,24,4,False,95.11099999999999,83.757,2.228999999999999,0.6365999999999827,65.54985513231378,215.9333887731152,333.0,0.0,0,0.0,11.23575,95.11099999999999
2025,Monza,16,Permanent,Aston Martin,STR,1,HARD,2,49,48,True,84.1295,83.003,1.546999999999997,-0.030906426400346423,73.48279840422846,245.71403388608343,358.0,61.0,48,1.0,1.0885,
2025,Monza,16,Permanent,Aston Martin,STR,2,SOFT,50,52,3,False,93.82466666666666,82.164,-34.74600000000001,-17.372999999999998,72.45492496449062,220.55372037877797,338.0,0.0,1,0.3333333333333333,2.8216666666666668,99.596
2025,Monza,16,Permanent,Ferrari,HAM,1,MEDIUM,2,38,37,True,83.85210810810811,82.878,1.679000000000002,-0.030975817923187036,76.85492287382993,246.92137436110605,365.0,60.0,26,0.7027027027027027,4.218513513513514,83.55372727272729
2025,Monza,16,Permanent,Ferrari,HAM,2,HARD,39,53,15,False,83.2504,81.546,-20.918000000000006,-0.5507892857142872,79.15104765409826,249.41544935465612,359.0,0.0,3,0.2,5.126866666666667,81.78991666666667
2025,Monza,16,Permanent,Ferrari,LEC,1,MEDIUM,2,33,32,True,83.78412500000002,82.736,1.8410000000000082,-0.040435483870968424,78.63396319778904,247.15495171678987,355.0,52.0,12,0.375,4.0464375,83.5055
2025,Monza,16,Permanent,Ferrari,LEC,2,HARD,34,53,20,False,83.02885,81.294,-21.679000000000002,-0.33529548872180526,79.42330322182733,249.56440999820157,342.0,0.0,7,0.35,6.58425,83.51115384615385
2025,Monza,16,Permanent,Haas,BEA,1,MEDIUM,2,18,17,True,84.95858823529413,84.296,3.7620000000000005,0.038132352941175784,73.76729456926057,243.47756291078267,363.0,60.0,16,0.9411764705882353,0.5313125,84.559
2025,Monza,16,Permanent,Haas,BEA,2,HARD,19,53,35,False,83.92580000000002,81.82,-22.949000000000012,-0.14717927170868406,77.96050504873506,247.1541746796315,354.0,0.0,21,0.6,2.9350285714285715,83.2062142857143
2025,Monza,16,Permanent,Haas,OCO,1,HARD,2,51,50,True,84.05102,82.892,1.789999999999992,-0.0331243697479,76.77093520928251,245.9996932060298,350.0,53.0,35,0.7,2.4991600000000003,83.618
2025,Monza,16,Permanent,Haas,OCO,2,SOFT,52,52,1,False,110.725,110.725,0.0,0.0,63.615837194199955,187.2121000106011,330.0,0.0,0,0.0,3.029,110.725
2025,Monza,16,Permanent,McLaren,NOR,1,MEDIUM,2,46,45,True,83.20724444444444,82.388,3.3980000000000103,-0.01663847167325441,76.25319068094817,249.13808968127228,340.0,51.0,18,0.4,3.4836888888888886,82.97592592592592
2025,Monza,16,Permanent,McLaren,NOR,2,SOFT,47,53,7,False,84.53942857142856,80.901,-24.085000000000008,-2.5589999999999993,77.15814445595751,245.55482483797243,336.0,0.0,2,0.2857142857142857,14.24042857142857,81.1504
2025,Monza,16,Permanent,McLaren,PIA,1,MEDIUM,2,45,44,True,83.27336363636363,82.232,0.8499999999999943,-0.038831148696264896,75.81307297750809,248.55048134273048,354.0,58.0,4,0.09090909090909091,5.028340909090909,83.10567499999999
2025,Monza,16,Permanent,McLaren,PIA,2,SOFT,46,53,8,False,84.207,81.245,-20.031000000000006,-1.6953095238095137,75.62263139284305,245.79398629182737,345.0,0.0,5,0.625,7.554,88.14333333333333
2025,Monza,16,Permanent,Mercedes,ANT,1,MEDIUM,2,28,27,True,84.4454074074074,83.295,2.296999999999997,-0.028600732600732204,74.6170063542241,244.40491578403913,358.0,56.0,19,0.7037037037037037,3.2327037037037036,84.22087499999999
2025,Monza,16,Permanent,Mercedes,ANT,2,HARD,29,53,25,False,83.495,81.968,-21.97699999999999,-0.229936153846154,76.75852287489674,248.12313722946146,351.0,0.0,10,0.4,4.20868,83.94873333333334
2025,Monza,16,Permanent,Mercedes,RUS,1,MEDIUM,2,27,26,True,84.15657692307693,83.432,2.668999999999997,-0.011519658119658311,76.40129602819134,245.61612052359575,349.0,50.0,23,0.8846153846153846,1.4209615384615384,85.241
2025,Monza,16,Permanent,Mercedes,RUS,2,HARD,28,53,26,False,83.08569230769231,81.8,-22.27499999999999,-0.21423863247863434,78.9165237896372,249.4313975295499,350.0,0.0,4,0.15384615384615385,4.6545,83.16895454545453
2025,Monza,16,Permanent,RB,HAD,1,HARD,2,32,31,True,84.49567741935485,83.389,1.6099999999999994,-0.03852177419354995,74.6101226877065,244.3759317475831,361.0,52.0,30,0.967741935483871,1.3020666666666665,85.728
2025,Monza,16,Permanent,RB,HAD,2,MEDIUM,33,53,21,False,83.52247619047618,82.133,-20.456000000000003,-0.29904285714285683,78.31999296107752,247.10788539723012,341.0,0.0,3,0.14285714285714285,4.768952380952382,83.73638888888888
2025,Monza,16,Permanent,RB,LAW,1,SOFT,2,9,8,True,85.55999999999999,84.656,2.5729999999999933,0.1796666666666679,71.07967352005996,241.1109604115006,352.0,47.0,8,1.0,0.719125,
2025,Monza,16,Permanent,RB,LAW,2,HARD,10,53,44,False,84.2873181818182,82.777,-21.52499999999999,-0.09624016913319337,74.92503733327295,245.21903754725494,351.0,0.0,32,0.7272727272727273,4.674522727272727,85.97466666666666
2025,Monza,16,Permanent,Red Bull,TSU,1,MEDIUM,2,19,18,True,84.929,84.35,3.593999999999994,0.04584313725490246,74.20484324600336,243.41010895894257,353.0,59.0,18,1.0,1.1496666666666666,
2025,Monza,16,Permanent,Red Bull,TSU,2,HARD,20,53,34,False,84.26547058823529,82.712,-22.001999999999995,-0.1583987776928958,75.71280290819264,245.24904657783048,356.0,0.0,10,0.29411764705882354,4.601735294117647,83.37425
2025,Monza,16,Permanent,Red Bull,VER,1,MEDIUM,2,37,36,True,83.18252777777776,82.651,2.5730000000000075,-0.003879665379664001,77.79621059001221,248.90797470204865,352.0,58.0,36,1.0,0.04647222222222222,
2025,Monza,16,Permanent,Red Bull,VER,2,HARD,38,53,16,False,82.6621875,81.003,-21.24900000000001,-0.4762249999999995,77.966922717611,250.69399803041358,341.0,0.0,7,0.4375,5.7005,83.71844444444446
2025,Monza,16,Permanent,Sauber,BOR,1,MEDIUM,2,20,19,True,84.76626315789474,84.127,3.936000000000007,0.028747368421055117,74.66797389142118,244.44025025490103,353.0,52.0,11,0.5789473684210527,2.7039999999999997,84.85024999999999
2025,Monza,16,Permanent,Sauber,BOR,2,HARD,21,53,33,False,83.7000303030303,82.139,-24.387,-0.1730698529411751,76.79006855627895,247.5323922883308,359.0,0.0,24,0.7272727272727273,3.213424242424242,83.03799999999998
2025,Monza,16,Permanent,Williams,ALB,1,HARD,2,41,40,True,83.954025,82.497,0.5660000000000025,-0.05928677298311598,57.97035208142389,188.34562209667212,363.0,0.0,24,0.6,4.921925,83.1985
2025,Monza,16,Permanent,Williams,ALB,2,MEDIUM,42,53,12,False,83.65416666666665,81.368,-21.399,-0.8206993006993003,77.18594052270572,247.5517230717555,351.0,0.0,7,0.5833333333333334,4.37625,81.8242
2025,Monza,16,Permanent,Williams,SAI,1,MEDIUM,2,30,29,True,84.53731034482759,83.552,2.1970000000000027,-0.021180295566503447,74.62434683233576,244.23598062820955,357.0,58.0,26,0.896551724137931,1.250379310344828,83.78866666666666
2025,Monza,16,Permanent,Williams,SAI,2,HARD,31,53,23,False,83.6864347826087,81.74,-21.44999999999999,-0.27114328063241355,77.06266504322276,246.7466167386635,358.0,0.0,23,1.0,1.0675652173913044,
2025,Sakhir,4,Permanent,Alpine,DOO,1,SOFT,2,9,8,True,99.74875,98.714,4.359000000000009,0.45480952380952705,62.04241565140093,193.3667920230039,327.0,54.0,8,1.0,0.717625,
2025,Sakhir,4,Permanent,Alpine,DOO,2,MEDIUM,10,28,19,True,100.00899999999997,97.745,-16.173999999999992,-0.17740350877192798,63.37430889808556,192.38449275769568,328.0,0.0,16,0.8421052631578947,2.1803157894736844,106.50366666666667
2025,Sakhir,4,Permanent,Alpine,DOO,3,HARD,29,57,29,False,103.06579310344827,96.682,-18.64699999999999,-0.6475251231527102,59.89649152827303,187.18620543059595,327.0,0.0,23,0.7931034482758621,2.3623793103448274,111.61583333333333
2025,Sakhir,4,Permanent,Alpine,GAS,1,SOFT,2,10,9,True,99.44688888888889,98.064,6.1510000000000105,0.5377166666666608,64.26526859203527,194.03812616002753,320.0,57.0,9,1.0,0.9938888888888889,
2025,Sakhir,4,Permanent,Alpine,GAS,2,MEDIUM,11,28,18,True,99.65777777777777,97.388,-16.694000000000003,-0.26160784313725327,65.12916372965346,194.05846895988512,332.0,0.0,8,0.4444444444444444,4.063555555555555,98.84549999999999
2025,Sakhir,4,Permanent,Alpine,GAS,3,HARD,29,57,29,False,102.9146551724138,96.531,-18.23700000000001,-0.7007458128078826,62.071471700666635,187.92304909822897,330.0,0.0,15,0.5172413793103449,3.271793103448276,101.93535714285714
2025,Sakhir,4,Permanent,Aston Martin,ALO,1,MEDIUM,2,16,15,True,100.34033333333333,99.318,3.0529999999999973,0.10320357142857293,61.04226153101511,192.9520702464132,323.0,56.0,15,1.0,1.5930666666666664,
2025,Sakhir,4,Permanent,Aston Martin,ALO,2,MEDIUM,17,32,16,True,101.6550625,97.955,8.072000000000003,0.22822205882353466,58.40108618459802,189.89049579013198,329.0,0.0,11,0.6875,2.1908000000000003,98.5608
2025,Sakhir,4,Permanent,Aston Martin,ALO,3,HARD,33,57,25,False,102.49612,97.906,-52.956999999999994,-0.8537053846153844,58.1279706723531,188.09630404960333,335.0,0.0,19,0.76,2.0247200000000003,109.748
2025,Sakhir,4,Permanent,Aston Martin,STR,1,SOFT,2,12,11,True,100.346,99.708,2.584000000000003,0.17213636363636195,59.166381710206814,192.53481422767766,333.0,56.0,11,1.0,1.1421818181818184,
2025,Sakhir,4,Permanent,Aston Martin,STR,2,MEDIUM,13,32,20,True,101.857,98.667,12.98599999999999,0.2110751879699251,58.52729319312789,189.3453138039197,323.0,0.0,14,0.7,2.88115,102.42383333333333
2025,Sakhir,4,Permanent,Aston Martin,STR,3,HARD,33,57,25,False,102.20559999999999,98.064,-53.64,-0.7538792307692312,57.92345823003725,188.9133650503776,335.0,0.0,16,0.64,2.27236,98.82144444444445
2025,Sakhir,4,Permanent,Ferrari,HAM,1,MEDIUM,2,17,16,True,99.3736875,98.419,3.117999999999995,0.08474264705882283,65.11037765972826,194.61151814264795,329.0,50.0,8,0.5,4.0958749999999995,99.4755
2025,Sakhir,4,Permanent,Ferrari,HAM,2,MEDIUM,18,32,15,True,100.2256,96.798,-2.2240000000000038,-0.06067142857142842,63.684695603781044,192.40096731383687,337.0,0.0,8,0.5333333333333333,3.297,99.99199999999999
2025,Sakhir,4,Permanent,Ferrari,HAM,3,HARD,33,57,25,False,102.77988,96.235,-53.755999999999986,-1.1044515384615388,63.18609929521236,188.46538560935676,323.0,0.0,9,0.36,4.38824,100.9808125
2025,Sakhir,4,Permanent,Ferrari,LEC,1,MEDIUM,2,17,16,True,98.9424375,98.048,3.5120000000000005,0.10551617647059224,65.64542789370607,195.39530996175995,313.0,52.0,14,0.875,1.6692666666666667,98.6665
2025,Sakhir,4,Permanent,Ferrari,LEC,2,MEDIUM,18,32,15,True,99.85853333333333,96.876,-6.700999999999993,-0.12145357142856862,63.84955529774824,193.61724908181208,328.0,0.0,14,0.9333333333333333,1.5131333333333334,96.876
2025,Sakhir,4,Permanent,Ferrari,LEC,3,HARD,33,57,25,False,103.073,96.132,-59.797,-1.2320176923076944,61.79617402401668,187.8235359945684,312.0,0.0,7,0.28,2.382142857142857,96.9796111111111
2025,Sakhir,4,Permanent,Haas,BEA,1,SOFT,2,14,13,True,99.9483846153846,99.246,2.331000000000003,0.12306043956043979,63.20690698159345,193.72120590238842,329.0,52.0,13,1.0,1.4007692307692305,
2025,Sakhir,4,Permanent,Haas,BEA,2,HARD,15,32,18,True,101.35700000000001,97.48,9.668999999999997,0.2433436532507744,62.46148708165335,190.71239968938,331.0,4.0,16,0.8888888888888888,1.9361111111111111,98.663
2025,Sakhir,4,Permanent,Haas,BEA,3,SOFT,33,57,25,False,102.256,97.303,-50.03100000000002,-0.8542861538461548,59.825633410615175,188.86448821593973,337.0,0.0,24,0.96,0.918,97.479
2025,Sakhir,4,Permanent,Haas,OCO,1,SOFT,2,8,7,True,99.56857142857143,98.726,3.6270000000000095,0.4616428571428526,61.262093708882695,193.9535341953474,328.0,52.0,7,1.0,0.7362857142857143,
2025,Sakhir,4,Permanent,Haas,OCO,2,MEDIUM,9,27,19,True,99.75705263157894,97.553,-15.754999999999995,-0.18057894736841662,63.09350767883393,193.7267844434445,321.0,0.0,14,0.7368421052631579,3.0978421052631577,102.4864
2025,Sakhir,4,Permanent,Haas,OCO,3,HARD,28,57,30,False,102.83863333333332,97.098,-19.37299999999999,-0.596959955506117,58.66282694114468,187.86675451725975,328.0,0.0,10,0.3333333333333333,4.777724137931034,102.97485000000002
2025,Sakhir,4,Permanent,McLaren,NOR,1,SOFT,2,10,9,True,98.868,97.91,3.6240000000000094,0.2981833333333288,60.975336032386394,195.2759294251123,320.0,56.0,9,1.0,0.6734444444444444,
2025,Sakhir,4,Permanent,McLaren,NOR,2,MEDIUM,11,32,22,True,99.75959090909092,97.453,-11.147000000000006,-0.12455053642010297,61.62394043477968,194.84096872391623,327.0,0.0,20,0.9090909090909091,1.7850909090909093,110.299
2025,Sakhir,4,Permanent,McLaren,NOR,3,MEDIUM,33,57,25,False,102.83044,95.728,-58.47500000000001,-1.242950000000002,56.90635398343754,187.89865595805446,331.0,0.0,18,0.72,1.0209444444444444,97.092
2025,Sakhir,4,Permanent,McLaren,PIA,1,SOFT,2,14,13,True,98.63823076923076,97.492,3.8049999999999926,0.17801098901099194,61.36144557119066,195.67729337237313,299.0,58.0,13,1.0,0.0,
2025,Sakhir,4,Permanent,McLaren,PIA,2,MEDIUM,15,32,18,True,99.46527777777777,97.142,-10.153999999999996,-0.18626315789473588,59.85984181231205,194.44614384110668,300.0,0.0,15,0.8333333333333334,0.9747222222222223,104.884
2025,Sakhir,4,Permanent,McLaren,PIA,3,MEDIUM,33,57,25,False,102.7228,95.14,-69.482,-1.3868438461538437,57.394075689505904,187.8452445403468,303.0,0.0,25,1.0,0.0,
2025,Sakhir,4,Permanent,Mercedes,ANT,1,SOFT,2,12,11,True,99.19090909090909,98.187,3.698999999999998,0.2634454545454559,61.87061176044299,194.55146721212262,330.0,53.0,8,0.7272727272727273,1.8798181818181818,100.33999999999999
2025,Sakhir,4,Permanent,Mercedes,ANT,2,MEDIUM,13,27,15,True,100.33980000000001,97.732,-17.944999999999993,-0.3967071428571398,60.84990804965392,191.90509537219268,339.0,0.0,14,0.9333333333333333,1.0894285714285714,97.732
2025,Sakhir,4,Permanent,Mercedes,ANT,3,SOFT,28,32,5,True,106.96,96.69,6.015000000000001,1.287099999999997,55.65730251697592,180.48263540308056,330.0,0.0,4,0.8,1.6826,124.952
2025,Sakhir,4,Permanent,Mercedes,ANT,4,SOFT,33,57,25,False,102.12364,96.985,-51.64799999999998,-0.8336576923076923,56.762192382064455,188.2573277762804,341.0,0.0,24,0.96,0.7622399999999999,151.194
2025,Sakhir,4,Permanent,Mercedes,RUS,1,SOFT,2,13,12,True,98.92925000000001,97.817,4.050000000000011,0.21091258741258698,63.35370228980332,195.6591652283742,304.0,57.0,7,0.5833333333333334,2.645,99.5812
2025,Sakhir,4,Permanent,Mercedes,RUS,2,MEDIUM,14,32,19,True,99.69057894736842,97.653,-6.298999999999992,-0.11011403508771693,62.141534956327845,194.073074619791,321.0,0.0,5,0.2631578947368421,4.673526315789474,98.88107142857143
2025,Sakhir,4,Permanent,Mercedes,RUS,3,SOFT,33,57,25,False,102.9632,95.518,-59.848,-1.2455076923076913,77.44387297302573,164.9698368965285,307.0,0.0,11,0.44,5.145320000000001,97.17535714285712
2025,Sakhir,4,Permanent,RB,HAD,1,SOFT,2,6,5,True,100.20719999999999,99.603,2.7630000000000052,0.5428000000000102,61.1412414843445,192.68391846747272,335.0,53.0,5,1.0,0.772,
2025,Sakhir,4,Permanent,RB,HAD,2,MEDIUM,7,28,22,True,100.27131818181819,97.392,-16.716000000000008,-0.1397814793901756,63.510309704426376,192.76021827698554,327.0,0.0,15,0.6818181818181818,3.265136363636364,99.40928571428572
2025,Sakhir,4,Permanent,RB,HAD,3,HARD,29,57,29,False,102.78037931034486,96.952,-19.690000000000012,-0.6506596059113288,59.798265757014896,187.63980536489578,333.0,0.0,19,0.6551724137931034,2.708285714285714,106.9863
2025,Sakhir,4,Permanent,RB,LAW,1,MEDIUM,2,14,13,True,100.26546153846154,99.609,3.853999999999999,0.159945054945055,61.027495464525096,192.77932990004604,336.0,54.0,12,0.9230769230769231,1.2713333333333332,99.689
2025,Sakhir,4,Permanent,RB,LAW,2,HARD,15,32,18,True,102.06,97.86,8.493999999999986,0.20898245614035071,60.19222813810777,188.82893804903205,335.0,0.0,15,0.8333333333333334,1.749388888888889,115.99000000000001
2025,Sakhir,4,Permanent,RB,LAW,3,SOFT,33,57,25,False,101.59487999999999,97.38,-52.44200000000001,-0.7632769230769272,60.114137376256075,189.82481556424358,339.0,0.0,19,0.76,1.7550434782608695,97.64533333333333
2025,Sakhir,4,Permanent,Red Bull,TSU,1,SOFT,2,11,10,True,99.624,98.565,3.063999999999993,0.28529696969697593,59.67629545685674,193.1331817360993,327.0,56.0,10,1.0,0.6824000000000001,
2025,Sakhir,4,Permanent,Red Bull,TSU,2,MEDIUM,12,32,21,True,101.17090476190477,98.009,2.8170000000000073,0.11630649350649548,59.68344203549217,190.7858203107186,328.0,0.0,14,0.6666666666666666,2.7223333333333333,98.49685714285715
2025,Sakhir,4,Permanent,Red Bull,TSU,3,SOFT,33,57,25,False,102.34928,97.225,-52.64899999999999,-0.9053246153846156,59.187910061949545,187.95236744976646,330.0,0.0,24,0.96,0.9495833333333333,97.225
2025,Sakhir,4,Permanent,Red Bull,VER,1,SOFT,2,10,9,True,99.33966666666667,98.403,4.890000000000001,0.4164333333333265,60.18503146844436,193.80116710605685,327.0,56.0,8,0.8888888888888888,0.7417499999999999,98.76
2025,Sakhir,4,Permanent,Red Bull,VER,2,HARD,11,26,16,True,100.3335625,97.204,-17.430000000000007,-0.30270735294117507,60.99227400145767,191.6514796768703,332.0,0.0,16,1.0,1.1123124999999998,
2025,Sakhir,4,Permanent,Red Bull,VER,3,MEDIUM,27,57,31,False,102.27609677419353,96.167,-22.382999999999996,-0.5275137096774214,58.05259389236862,188.63428125670822,335.0,0.0,30,0.967741935483871,1.1788,97.662
2025,Sakhir,4,Permanent,Sauber,BOR,1,MEDIUM,2,13,12,True,100.48266666666666,99.772,2.542999999999992,0.13142657342658026,60.83855142385739,192.39308753002408,339.0,53.0,12,1.0,1.3745,
2025,Sakhir,4,Permanent,Sauber,BOR,2,HARD,14,32,19,True,102.22031578947367,98.456,13.583000000000013,0.2690192982456169,59.26103747516702,188.76341322573944,331.0,0.0,11,0.5789473684210527,2.7064210526315793,106.35650000000001
2025,Sakhir,4,Permanent,Sauber,BOR,3,MEDIUM,33,57,25,False,101.96088,98.006,-52.836,-0.6910307692307707,58.339939846258346,189.75477026308403,337.0,0.0,23,0.92,1.14944,129.1875
2025,Sakhir,4,Permanent,Sauber,HUL,1,SOFT,2,5,4,True,100.61000000000001,99.829,1.323999999999998,0.378199999999985,60.0541695511065,190.93690274488617,342.0,51.0,3,0.75,0.39833333333333326,100.634
2025,Sakhir,4,Permanent,Sauber,HUL,2,MEDIUM,6,27,22,True,100.38859090909091,97.95,-15.162999999999997,-0.1413783173348376,62.68238058369661,193.06441919939053,309.0,0.0,13,0.5909090909090909,4.022181818181818,101.29
2025,Sakhir,4,Permanent,Sauber,HUL,3,MEDIUM,28,57,30,False,102.41453333333335,97.338,-19.989000000000004,-0.5569539488320366,59.14947418144579,188.59508906390892,337.0,0.0,20,0.6666666666666666,2.7788620689655175,108.24750000000002
2025,Sakhir,4,Permanent,Williams,ALB,1,SOFT,2,16,15,True,99.92393333333332,98.699,2.561000000000007,0.1546964285714277,59.10380164633853,193.27744083022452,324.0,52.0,15,1.0,1.5724666666666667,
2025,Sakhir,4,Permanent,Williams,ALB,2,HARD,17,32,16,True,101.539,97.209,8.001999999999995,0.2616205882352987,57.74014067947886,189.69567605727096,331.0,0.0,14,0.875,1.8472499999999998,108.6325
2025,Sakhir,4,Permanent,Williams,ALB,3,MEDIUM,33,57,25,False,102.32648,97.141,-51.462,-0.8706753846153859,56.19437441290296,188.2334373360731,338.0,0.0,23,0.92,0.9562499999999998,105.8185
2025,Sakhir,4,Permanent,Williams,SAI,1,SOFT,2,14,13,True,100.07561538461538,98.185,4.722999999999999,0.2589395604395635,62.2142636605666,192.1867550108179,327.0,46.0,9,0.6923076923076923,2.2834615384615384,101.5825
2025,Sakhir,4,Permanent,Williams,SAI,2,MEDIUM,15,32,18,True,101.15316666666666,96.954,4.768000000000001,0.18818059855521055,61.5726020371716,189.848608327727,328.0,0.0,15,0.8333333333333334,4.609555555555556,107.61200000000001
2025,Sakhir,4,Permanent,Williams,SAI,3,HARD,33,44,12,True,108.30691666666668,97.832,-47.82200000000002,-3.2866818181818163,54.77354845076014,177.80861499805368,313.0,0.0,11,0.9166666666666666,1.6619166666666667,99.736
2025,Sakhir,4,Permanent,Williams,SAI,4,SOFT,45,45,1,False,132.35,132.35,0.0,0.0,51.19467590427065,144.1976875715156,297.0,0.0,0,0.0,34.903,132.35
2025,Shanghai,2,Permanent,Alpine,DOO,1,MEDIUM,2,11,10,True,99.90790000000001,99.179,3.571000000000012,0.1926242424242446,61.314752839959255,193.8464720883972,346.0,57.0,10,1.0,0.5596,
2025,Shanghai,2,Permanent,Alpine,DOO,2,HARD,12,56,45,False,98.36542222222221,96.424,-18.096999999999994,-0.09343069828722077,63.96535408272855,197.19497993953905,334.0,0.0,33,0.7333333333333333,2.1951555555555555,99.01066666666667
2025,Shanghai,2,Permanent,Alpine,GAS,1,MEDIUM,2,10,9,True,99.70244444444444,98.528,4.35199999999999,0.334683333333329,62.089135198179335,193.91552997588866,337.0,54.0,9,1.0,0.6644444444444445,
2025,Shanghai,2,Permanent,Alpine,GAS,2,HARD,11,56,46,False,98.23606521739131,96.425,-18.560000000000002,-0.10472371261177857,64.55756888566393,197.81324293593175,337.0,0.0,30,0.6521739130434783,2.8437173913043474,98.06356249999999
2025,Shanghai,2,Permanent,Aston Martin,ALO,1,MEDIUM,2,4,3,False,113.271,99.256,41.375000000000014,20.6875,43.58108100792852,170.47514847030607,336.0,57.0,2,0.6666666666666666,2.1616666666666666,140.966
2025,Shanghai,2,Permanent,Aston Martin,STR,1,HARD,2,36,35,True,99.01022857142857,97.867,2.945999999999998,-0.01841428571428531,60.50102913528882,195.92037496027285,339.0,54.0,18,0.5142857142857142,5.2205142857142866,98.80129411764705
2025,Shanghai,2,Permanent,Aston Martin,STR,2,MEDIUM,37,56,20,False,97.6613,96.044,-17.381,-0.22449774436090425,62.751150658165116,198.74348075160657,336.0,0.0,14,0.7,2.1918499999999996,99.88933333333334
2025,Shanghai,2,Permanent,Ferrari,HAM,1,MEDIUM,2,13,12,True,98.78274999999998,97.802,5.207000000000008,0.25426223776224144,64.54180935723278,196.39195837261053,320.0,58.0,12,1.0,1.6565000000000003,
2025,Shanghai,2,Permanent,Ferrari,HAM,2,HARD,14,37,24,True,98.451125,96.957,-13.286000000000001,-0.1562126086956495,63.315544225983835,196.41152034578153,351.0,0.0,20,0.8333333333333334,2.190375,98.511
2025,Shanghai,2,Permanent,Ferrari,HAM,3,HARD,38,56,19,False,96.3892105263158,95.069,-17.820999999999998,-0.2968456140350826,64.64929825281406,201.10959058048041,324.0,0.0,1,0.05263157894736842,13.26542105263158,96.42855555555555
2025,Shanghai,2,Permanent,Ferrari,LEC,1,MEDIUM,2,15,14,True,98.65285714285714,97.648,4.679000000000002,0.16044395604395595,63.39359111401024,196.23888573711483,336.0,58.0,12,0.8571428571428571,1.510142857142857,100.4875
2025,Shanghai,2,Permanent,Ferrari,LEC,2,HARD,16,56,41,False,97.44717073170732,96.157,-17.819000000000003,-0.0788106271776989,63.724158388557,198.18913735730993,349.0,0.0,22,0.5365853658536586,2.9808048780487804,96.6591052631579
2025,Shanghai,2,Permanent,Haas,BEA,1,HARD,2,26,25,True,99.35528000000002,98.371,3.8229999999999933,0.010056923076923633,60.46369909279463,195.33813296588087,345.0,49.0,25,1.0,1.4919199999999997,
2025,Shanghai,2,Permanent,Haas,BEA,2,MEDIUM,27,56,30,False,97.49199999999999,96.363,-18.031000000000006,-0.14190700778642973,61.69528726935485,199.12590372174435,338.0,0.0,14,0.4666666666666667,2.9127999999999994,97.775
2025,Shanghai,2,Permanent,Haas,OCO,1,MEDIUM,2,11,10,True,99.6154,98.906,5.01700000000001,0.3029696969697008,60.109294649495915,193.57408765773832,335.0,53.0,10,1.0,0.6652,
2025,Shanghai,2,Permanent,Haas,OCO,2,HARD,12,56,45,False,97.8668888888889,95.74,-19.317000000000007,-0.10901646903820802,62.38221009432931,198.61350597867147,346.0,0.0,25,0.5555555555555556,7.815444444444446,96.7074
2025,Shanghai,2,Permanent,McLaren,NOR,1,MEDIUM,2,15,14,True,98.45821428571426,97.597,5.556000000000012,0.19897362637362567,61.089890867013295,196.68651342075077,317.0,58.0,14,1.0,1.5120714285714285,
2025,Shanghai,2,Permanent,McLaren,NOR,2,HARD,16,56,41,False,97.24612195121951,95.454,-16.23899999999999,-0.08685017421602675,59.104563550867695,198.79169774445333,341.0,0.0,14,0.34146341463414637,3.3809268292682924,96.89344444444444
2025,Shanghai,2,Permanent,McLaren,PIA,1,MEDIUM,2,14,13,True,98.28976923076922,97.539,5.075000000000003,0.18875274725275143,60.228150502914666,197.50697968137806,316.0,61.0,13,1.0,0.0,
2025,Shanghai,2,Permanent,McLaren,PIA,2,HARD,15,56,42,False,97.11702380952381,95.52,-20.596000000000004,-0.10718912567863265,59.971255130457706,199.37997220760445,339.0,0.0,41,0.9761904761904762,0.1626190476190476,117.53
2025,Shanghai,2,Permanent,Mercedes,ANT,1,MEDIUM,2,12,11,True,99.40272727272728,98.347,5.923000000000002,0.3159818181818198,60.08648107276187,194.39890653364517,339.0,59.0,11,1.0,1.2048181818181818,
2025,Shanghai,2,Permanent,Mercedes,ANT,2,HARD,13,56,44,False,98.00763636363637,96.046,-20.96199999999999,-0.1236256518675141,60.966118619928714,197.90593953528943,344.0,0.0,41,0.9318181818181818,2.283727272727273,96.34566666666666
2025,Shanghai,2,Permanent,Mercedes,RUS,1,MEDIUM,2,14,13,True,98.56623076923077,97.463,5.583000000000013,0.2218681318681347,62.742635553895795,197.05979134181962,338.0,57.0,13,1.0,1.709846153846154,
2025,Shanghai,2,Permanent,Mercedes,RUS,2,HARD,15,56,42,False,97.24952380952381,95.816,-18.328000000000003,-0.10334008589255408,63.20367668805662,198.65511401264862,346.0,0.0,15,0.35714285714285715,4.339166666666666,96.4895925925926
2025,Shanghai,2,Permanent,RB,HAD,1,MEDIUM,2,12,11,True,99.4951818181818,98.746,4.38600000000001,0.221354545454551,61.18947059810195,193.61163133879558,339.0,56.0,11,1.0,1.104090909090909,
2025,Shanghai,2,Permanent,RB,HAD,2,HARD,13,33,21,True,99.41771428571428,97.675,-14.198999999999998,-0.23233766233765918,61.30155824267825,194.76128505024548,344.0,0.0,21,1.0,0.9124761904761904,
2025,Shanghai,2,Permanent,RB,HAD,3,HARD,34,56,23,False,97.71678260869565,95.868,-16.090000000000003,-0.17111462450592918,62.56385606580866,198.07460960910998,343.0,0.0,21,0.9130434782608695,1.9990434782608697,104.8265
2025,Shanghai,2,Permanent,RB,TSU,1,MEDIUM,2,11,10,True,99.49,98.748,5.096999999999994,0.3099757575757676,59.98363309987982,193.66867523648352,336.0,59.0,10,1.0,1.6487000000000003,
2025,Shanghai,2,Permanent,RB,TSU,2,HARD,12,35,24,True,99.07995833333332,97.646,-13.823999999999998,-0.16604043478260577,62.03864227154361,195.69208505306125,339.0,0.0,8,0.3333333333333333,4.717272727272728,99.098
2025,Shanghai,2,Permanent,RB,TSU,3,HARD,36,46,11,True,99.39427272727272,96.499,-8.251999999999995,-0.3702818181818154,62.285639703666014,195.62528376632378,336.0,0.0,10,0.9090909090909091,2.054818181818182,115.006
2025,Shanghai,2,Permanent,RB,TSU,4,MEDIUM,47,55,9,False,100.96944444444443,95.871,-38.56699999999999,-2.4602166666666747,59.956990836853734,191.6034089046182,337.0,0.0,0,0.0,11.921666666666665,100.96944444444443
2025,Shanghai,2,Permanent,Red Bull,LAW,1,HARD,2,18,17,True,99.74752941176472,98.801,4.1299999999999955,0.09632107843137297,57.87850347980197,193.89449739104865,337.0,54.0,17,1.0,1.1367058823529412,
2025,Shanghai,2,Permanent,Red Bull,LAW,2,MEDIUM,19,30,12,True,99.83933333333333,97.626,-13.206000000000003,-0.501160839160838,60.31294636710883,194.64047280765197,317.0,0.0,4,0.3333333333333333,3.4593333333333334,100.212875
2025,Shanghai,2,Permanent,Red Bull,LAW,3,HARD,31,56,26,False,97.44096153846155,95.985,-18.141999999999996,-0.1295846153846159,61.70336405457378,198.65061603626467,319.0,0.0,12,0.46153846153846156,5.083846153846154,96.54164285714286
2025,Shanghai,2,Permanent,Red Bull,VER,1,MEDIUM,2,13,12,True,99.11283333333331,98.302,4.305999999999997,0.19810489510489562,58.43713883299587,195.0385063829958,337.0,60.0,5,0.4166666666666667,3.3465000000000003,99.49428571428571
2025,Shanghai,2,Permanent,Red Bull,VER,2,HARD,14,56,43,False,97.21113953488374,95.488,-19.763999999999996,-0.10835487768045969,61.131115853022585,199.60251970632143,342.0,0.0,15,0.3488372093023256,3.3154186046511627,96.83239285714286
2025,Shanghai,2,Permanent,Sauber,BOR,2,HARD,2,26,25,True,100.10452000000001,97.965,-13.140999999999991,-0.0704384615384625,60.88740644976383,193.66215008187325,316.0,0.0,1,0.04,14.5162,100.09770833333334
2025,Shanghai,2,Permanent,Sauber,BOR,3,HARD,27,55,29,False,97.91420689655173,95.874,-17.650999999999996,-0.07895369458127983,60.647677436731115,198.34220913531072,337.0,0.0,4,0.13793103448275862,12.559896551724137,97.9918
2025,Shanghai,2,Permanent,Sauber,HUL,1,MEDIUM,2,20,19,True,100.50421052631579,99.459,5.340000000000003,0.14545964912280906,59.74239396448517,193.6051818814164,323.0,44.0,8,0.42105263157894735,3.8212105263157894,99.93727272727273
2025,Shanghai,2,Permanent,Sauber,HUL,2,HARD,21,55,35,False,98.73648571428572,97.275,-18.052000000000007,-0.06723921568627399,60.63654771249387,197.19178345858487,333.0,0.0,4,0.11428571428571428,9.994571428571428,98.75512903225808
2025,Shanghai,2,Permanent,Williams,ALB,1,MEDIUM,2,20,19,True,99.2622105263158,98.311,5.265000000000001,0.06951403508772289,58.93106890258033,194.6465095259167,339.0,53.0,15,0.7894736842105263,2.566736842105263,98.60925
2025,Shanghai,2,Permanent,Williams,ALB,2,HARD,21,56,36,False,97.78033333333333,96.254,-21.796999999999997,-0.14578043758043577,60.25807483085865,197.4820158354389,336.0,0.0,24,0.6666666666666666,2.6379166666666674,97.43625000000002
2025,Shanghai,2,Permanent,Williams,SAI,1,MEDIUM,2,17,16,True,99.5933125,98.787,5.402999999999992,0.13264264705882337,59.271419767822835,193.64132424317287,339.0,45.0,16,1.0,1.0488125,
2025,Shanghai,2,Permanent,Williams,SAI,2,HARD,18,56,39,False,98.22071794871796,96.779,-18.964,-0.1033653846153854,59.83916861656167,196.94005283364734,336.0,0.0,23,0.5897435897435898,2.824923076923077,98.42281249999999
2025,Silverstone,12,Permanent,Alpine,GAS,1,INTERMEDIATE,2,11,10,True,118.16159999999999,105.466,-28.98100000000001,-2.8456121212121173,50.06973235552745,177.19795773189423,315.0,46.0,8,0.8,1.7436,137.8195
2025,Silverstone,12,Permanent,Alpine,GAS,2,INTERMEDIATE,12,41,30,True,118.32283333333334,101.825,-24.876999999999995,-1.8354035595105693,50.5302098590321,177.30730680903966,313.0,0.0,18,0.6,2.889033333333333,103.36108333333333
2025,Silverstone,12,Permanent,Alpine,GAS,3,MEDIUM,42,52,11,False,95.93027272727272,90.751,-34.745999999999995,-2.044990909090909,67.24220199168816,218.45221380984376,335.0,0.0,10,0.9090909090909091,1.2089999999999999,126.63
2025,Silverstone,12,Permanent,Aston Martin,ALO,1,INTERMEDIATE,2,11,10,True,118.12410000000003,105.678,-28.197999999999993,-2.8253757575757477,47.91997779199161,177.4783732249638,317.0,51.0,10,1.0,1.0989,
2025,Silverstone,12,Permanent,Aston Martin,ALO,2,INTERMEDIATE,12,37,26,True,120.75738461538464,100.138,-27.378,-2.2030441025641028,46.37549046568558,174.58256291123217,331.0,0.0,26,1.0,1.311076923076923,
2025,Silverstone,12,Permanent,Aston Martin,ALO,3,MEDIUM,38,52,15,False,98.0128,90.353,-44.05599999999998,-1.9634821428571427,62.48698059908929,213.36490672465075,336.0,0.0,4,0.26666666666666666,5.268466666666667,98.11990909090909
2025,Silverstone,12,Permanent,Aston Martin,STR,1,INTERMEDIATE,2,6,5,True,125.201,106.197,-8.012,-4.005599999999985,43.68398981413541,167.44491524483942,307.0,43.0,5,1.0,0.8144,
2025,Silverstone,12,Permanent,Aston Martin,STR,2,SOFT,7,10,4,True,110.19899999999998,100.708,-31.11500000000001,-9.178600000000028,56.437725777353734,189.94538430245353,321.0,0.0,3,0.75,3.0342499999999997,131.823
2025,Silverstone,12,Permanent,Aston Martin,STR,3,INTERMEDIATE,11,41,31,True,117.85006451612901,100.951,-25.313000000000002,-1.5996911290322575,49.43305140114135,178.12065970809772,311.0,0.0,9,0.2903225806451613,8.538193548387095,108.62399999999998
2025,Silverstone,12,Permanent,Aston Martin,STR,4,SOFT,42,52,11,False,96.54290909090909,92.088,-31.177999999999997,-1.690472727272727,64.89969488914899,216.9921163240313,316.0,0.0,2,0.18181818181818182,8.442727272727272,97.23022222222222
2025,Silverstone,12,Permanent,Ferrari,HAM,1,INTERMEDIATE,2,11,10,True,118.06139999999998,106.102,-28.126999999999995,-2.780993939393935,52.944143140409686,177.36962654479734,310.0,41.0,6,0.6,3.6886,115.84649999999999
2025,Silverstone,12,Permanent,Ferrari,HAM,2,INTERMEDIATE,12,41,30,True,117.7418333333333,99.553,-27.491,-1.9288438264738599,54.30431559027407,178.4869604359601,325.0,0.0,27,0.9,1.4573666666666667,103.39633333333332
2025,Silverstone,12,Permanent,Ferrari,HAM,3,SOFT,42,52,11,False,95.80463636363635,90.016,-38.109999999999985,-2.1481272727272724,70.41423360985102,218.94893918306855,314.0,0.0,1,0.09090909090909091,6.020727272727272,92.4079
2025,Silverstone,12,Permanent,Ferrari,LEC,1,MEDIUM,2,10,9,True,117.93388888888889,100.092,-37.775999999999996,-4.6389833333333526,51.16716064438262,178.09797446709402,332.0,51.0,6,0.6666666666666666,2.602222222222222,110.51433333333334
2025,Silverstone,12,Permanent,Ferrari,LEC,2,INTERMEDIATE,11,42,32,True,117.2913125,99.616,-25.65599999999999,-1.563741935483871,51.865552689100525,178.93021344286348,326.0,0.0,27,0.84375,2.5498125,106.35919999999999
2025,Silverstone,12,Permanent,Ferrari,LEC,3,SOFT,43,52,10,False,97.3507,90.819,-49.42100000000001,-3.1324666666666623,67.46584829918842,215.48294785767692,312.0,0.0,0,0.0,5.9092,97.3507
2025,Silverstone,12,Permanent,Haas,BEA,1,HARD,2,10,9,True,118.32288888888891,102.431,-33.912000000000006,-4.415850000000017,48.67932339887748,177.30037159814322,321.0,36.0,8,0.8888888888888888,1.353888888888889,137.467
2025,Silverstone,12,Permanent,Haas,BEA,2,INTERMEDIATE,11,41,31,True,117.72145161290321,99.875,-28.941000000000003,-1.5855056451612914,50.38796563359072,178.22042255887877,327.0,0.0,28,0.9032258064516129,1.496225806451613,103.80866666666667
2025,Silverstone,12,Permanent,Haas,BEA,3,MEDIUM,42,52,11,False,96.11063636363635,90.921,-32.37100000000001,-2.0478090909090905,66.88242795265104,217.2228706153317,346.0,0.0,11,1.0,1.1804545454545456,
2025,Silverstone,12,Permanent,Haas,OCO,1,INTERMEDIATE,2,18,17,True,127.47517647058824,106.266,-17.480999999999995,1.6223088235294119,44.318389083208295,164.38566837775676,308.0,39.0,16,0.9411764705882353,2.0647647058823533,110.786
2025,Silverstone,12,Permanent,Haas,OCO,2,INTERMEDIATE,19,42,24,True,111.31400000000001,99.944,-67.01100000000001,-1.7840730434782615,54.509155581981375,188.61358991391876,319.0,0.0,23,0.9583333333333334,1.6309166666666666,166.955
2025,Silverstone,12,Permanent,Haas,OCO,3,MEDIUM,43,52,10,False,95.9776,90.818,-41.468,-2.5499151515151484,67.15317918585235,217.41539308949208,335.0,0.0,8,0.8,1.6225,94.337
2025,Silverstone,12,Permanent,McLaren,NOR,1,INTERMEDIATE,2,11,10,True,117.09849999999999,104.869,-28.510000000000005,-2.9998363636363643,48.70688239218901,179.18097959566376,313.0,46.0,7,0.7,2.1325555555555553,105.16566666666665
2025,Silverstone,12,Permanent,McLaren,NOR,2,INTERMEDIATE,12,44,33,True,115.33166666666666,98.778,-31.547999999999988,-1.7621373663101574,51.389352727691474,182.47091722115272,319.0,0.0,22,0.6666666666666666,2.335878787878788,110.85981818181817
2025,Silverstone,12,Permanent,McLaren,NOR,3,MEDIUM,45,52,8,False,93.826125,89.734,-27.257999999999996,-2.3593690476190368,65.97529333613188,222.85760409912493,315.0,0.0,8,1.0,0.0,
2025,Silverstone,12,Permanent,McLaren,PIA,1,INTERMEDIATE,2,11,10,True,116.49960000000002,104.171,-29.194000000000003,-3.1391757575757535,49.94931783585334,179.55605917586632,319.0,47.0,10,1.0,0.3472,
2025,Silverstone,12,Permanent,McLaren,PIA,2,INTERMEDIATE,12,43,32,True,115.994375,97.478,-28.67200000000001,-1.8481246334310877,51.10762206246911,181.91625979660822,313.0,0.0,32,1.0,0.02028125,
2025,Silverstone,12,Permanent,McLaren,PIA,3,MEDIUM,44,52,9,False,95.46411111111111,89.337,-37.29599999999999,-2.8359500000000097,65.21972396177637,219.55132845740428,317.0,0.0,0,0.0,8.58,95.46411111111111
2025,Silverstone,12,Permanent,Mercedes,ANT,1,INTERMEDIATE,2,2,1,True,133.229,133.229,0.0,0.0,38.85711250202236,154.60250200786513,294.0,64.0,1,1.0,1.638,
2025,Silverstone,12,Permanent,Mercedes,ANT,2,HARD,3,9,7,True,120.94285714285716,99.336,-54.21400000000001,-6.708178571428591,49.15538645638644,174.0550337425149,312.0,0.0,3,0.42857142857142855,5.140857142857143,118.37425000000002
2025,Silverstone,12,Permanent,Mercedes,ANT,3,INTERMEDIATE,10,20,11,True,137.3360909090909,107.009,28.35000000000001,4.745509090909095,41.130675604031914,153.31077041451488,312.0,0.0,8,0.7272727272727273,2.7800909090909087,113.80900000000001
2025,Silverstone,12,Permanent,Mercedes,ANT,4,INTERMEDIATE,21,23,3,False,132.32833333333332,115.501,-48.08399999999999,-24.041999999999955,43.19415717389519,158.64146094084023,304.0,0.0,2,0.6666666666666666,3.0583333333333336,116.7
2025,Silverstone,12,Permanent,Mercedes,RUS,1,HARD,2,10,9,True,117.39755555555556,101.287,-34.52099999999999,-4.414466666666676,49.66006393873003,178.75799404735105,318.0,54.0,1,0.1111111111111111,8.470777777777778,119.27012500000001
2025,Silverstone,12,Permanent,Mercedes,RUS,2,INTERMEDIATE,11,38,28,True,119.49425,101.178,-23.703000000000003,-1.7800774493705487,49.522858293260406,175.8766991236957,326.0,0.0,27,0.9642857142857143,1.053607142857143,124.881
2025,Silverstone,12,Permanent,Mercedes,RUS,3,HARD,39,52,14,False,98.10178571428571,90.869,-45.621999999999986,-2.116248351648355,63.88851429155327,213.05033749131405,332.0,0.0,7,0.5,3.564571428571429,102.67571428571429
2025,Silverstone,12,Permanent,RB,HAD,1,MEDIUM,2,10,9,True,118.41699999999999,101.705,-36.024,-4.576450000000016,50.81775856782617,177.21459399372708,316.0,54.0,6,0.6666666666666666,2.637888888888889,114.73700000000001
2025,Silverstone,12,Permanent,RB,HAD,2,INTERMEDIATE,11,17,7,False,137.78042857142856,108.339,38.573999999999984,8.93546428571427,42.10479971473928,152.81380851083222,308.0,0.0,5,0.7142857142857143,2.2392857142857143,112.7775
2025,Silverstone,12,Permanent,Red Bull,TSU,1,INTERMEDIATE,2,11,10,True,118.77849999999998,106.058,-27.656999999999982,-2.7003696969696924,45.71363225011494,176.53262498437383,316.0,47.0,9,0.9,1.6414000000000002,111.245
2025,Silverstone,12,Permanent,Red Bull,TSU,2,INTERMEDIATE,12,41,30,True,119.13816666666665,103.258,-25.102999999999994,-1.7500269187986655,45.98742304317183,176.31686914566745,316.0,0.0,13,0.43333333333333335,5.219766666666667,106.13952941176471
2025,Silverstone,12,Permanent,Red Bull,TSU,3,MEDIUM,42,51,10,False,99.3158,90.873,-52.501000000000005,-3.603006060606055,60.15382606085206,211.15184621819216,323.0,0.0,0,0.0,36.2539,99.3158
2025,Silverstone,12,Permanent,Red Bull,VER,1,INTERMEDIATE,2,11,10,True,117.4757,104.809,-25.101000000000013,-2.744006060606058,49.28473826839683,178.45363807955832,312.0,47.0,8,0.8,1.1527999999999998,108.4645
2025,Silverstone,12,Permanent,Red Bull,VER,2,INTERMEDIATE,12,41,30,True,118.57960000000001,99.465,-27.448999999999998,-1.9222068965517218,48.80421046038821,177.36019477202552,332.0,0.0,26,0.8666666666666667,2.173233333333334,112.5315
2025,Silverstone,12,Permanent,Red Bull,VER,3,MEDIUM,42,52,11,False,95.86827272727272,90.179,-36.39500000000001,-2.1830727272727244,64.1862086252091,218.3961709236166,320.0,0.0,1,0.09090909090909091,8.157181818181817,96.42609999999999
2025,Silverstone,12,Permanent,Sauber,BOR,1,MEDIUM,2,3,2,False,136.9505,136.121,-1.6589999999999918,-1.6590000000000154,38.12763735310539,153.5673591049683,267.0,63.0,2,1.0,1.4735,
2025,Silverstone,12,Permanent,Sauber,HUL,1,INTERMEDIATE,2,9,8,True,120.488,105.879,-33.75099999999999,-3.724999999999993,48.54584344038128,174.64908695917583,317.0,48.0,8,1.0,1.3976250000000001,
2025,Silverstone,12,Permanent,Sauber,HUL,2,INTERMEDIATE,10,42,33,True,116.42266666666666,98.912,-25.75999999999999,-1.4195397727272716,51.72349149165168,180.99078090334268,325.0,0.0,24,0.7272727272727273,8.08839393939394,103.27900000000001
2025,Silverstone,12,Permanent,Sauber,HUL,3,MEDIUM,43,52,10,False,95.1192,90.933,-29.554000000000002,-1.9203878787878743,69.93704428202993,221.35741068802736,310.0,0.0,0,0.0,28.014400000000002,95.1192
2025,Silverstone,12,Permanent,Williams,ALB,1,INTERMEDIATE,2,12,11,True,117.83009090909091,105.774,-29.08499999999998,-2.4310090909090842,46.60748205442409,177.80703395605286,317.0,53.0,11,1.0,1.2860909090909092,
2025,Silverstone,12,Permanent,Williams,ALB,2,INTERMEDIATE,13,42,30,True,118.07913333333333,99.22,-39.53999999999999,-1.9892106785317005,48.211430003897576,177.68572078499986,327.0,0.0,29,0.9666666666666667,1.3462999999999998,138.76
2025,Silverstone,12,Permanent,Williams,ALB,3,MEDIUM,43,52,10,False,94.91850000000001,90.047,-33.71300000000001,-2.249387878787874,65.5100195410871,220.19691794212412,334.0,0.0,9,0.9,1.9869000000000003,95.273
2025,Silverstone,12,Permanent,Williams,SAI,1,INTERMEDIATE,2,11,10,True,118.20240000000001,106.016,-28.388999999999996,-2.873163636363624,46.45664431612175,177.16371217507458,312.0,50.0,10,1.0,1.6280999999999999,
2025,Silverstone,12,Permanent,Williams,SAI,2,INTERMEDIATE,12,41,30,True,118.5345,100.264,-27.86999999999999,-1.8375325917686332,48.29254437856898,177.11659702408045,315.0,0.0,23,0.7666666666666667,2.1677333333333335,103.26042857142859
2025,Silverstone,12,Permanent,Williams,SAI,3,MEDIUM,42,52,11,False,96.63763636363636,90.645,-33.426,-2.3118454545454528,63.07492890027357,216.12067385963658,325.0,0.0,1,0.09090909090909091,5.101272727272728,95.5643
2025,Singapore,18,Street,Alpine,COL,1,SOFT,2,14,13,True,99.63192307692307,98.649,2.530000000000001,0.035939560439565886,57.604396751028176,176.06241338532743,307.0,58.0,12,0.9230769230769231,0.99125,98.907
2025,Singapore,18,Street,Alpine,COL,2,MEDIUM,15,61,47,False,99.09819148936168,97.182,-15.525999999999996,-0.010939523589269688,57.81663781021514,177.41560293781527,314.0,0.0,20,0.425531914893617,5.524446808510638,99.16788888888888
2025,Singapore,18,Street,Alpine,GAS,1,MEDIUM,2,24,23,True,99.47004347826088,98.472,1.6420000000000101,-0.03258992094861563,60.11652313150205,175.46804606996312,308.0,55.0,13,0.5652173913043478,2.533818181818182,99.2515
2025,Singapore,18,Street,Alpine,GAS,2,HARD,25,51,27,True,99.41274074074073,96.211,-7.695000000000007,0.057825396825395364,59.03429336494219,176.42672953036546,317.0,0.0,20,0.7407407407407407,2.73237037037037,99.53214285714286
2025,Singapore,18,Street,Alpine,GAS,3,SOFT,52,61,10,False,98.1532,94.573,-14.903000000000006,-0.46261818181817704,60.18804313219382,178.85798554101095,321.0,0.0,8,0.8,1.9146,103.811
2025,Singapore,18,Street,Aston Martin,ALO,1,SOFT,2,27,26,True,98.68200000000002,97.727,4.1440000000000055,0.010222222222219758,56.4716619721961,177.3594894691206,308.0,50.0,6,0.23076923076923078,5.825961538461538,98.52525
2025,Singapore,18,Street,Aston Martin,ALO,2,MEDIUM,28,62,35,False,97.91808571428572,95.862,-26.144999999999996,-0.19417170868347267,54.223571244089364,178.916130223283,320.0,0.0,14,0.4,20.149882352941177,96.6607619047619
2025,Singapore,18,Street,Aston Martin,STR,1,SOFT,2,38,37,True,99.08818918918918,98.242,4.475999999999999,0.01332788051209129,56.39150400159037,177.00587625938684,308.0,53.0,31,0.8378378378378378,2.2857567567567565,100.26999999999998
2025,Singapore,18,Street,Aston Martin,STR,2,MEDIUM,39,61,23,False,98.55530434782608,95.851,-18.524,-0.30166007905138376,56.408741036786104,178.29266650906064,317.0,0.0,12,0.5217391304347826,3.6736521739130437,98.79872727272728
2025,Singapore,18,Street,Ferrari,HAM,1,MEDIUM,2,24,23,True,98.30747826086957,97.309,2.209000000000003,0.006211462450592457,58.67544066329939,178.73469248350247,309.0,57.0,21,0.9130434782608695,1.6200000000000003,100.72149999999999
2025,Singapore,18,Street,Ferrari,HAM,2,HARD,25,46,22,True,97.3255,95.887,-12.837000000000003,-0.16504517221908563,62.35091502821222,181.01119945730605,300.0,0.0,5,0.22727272727272727,3.8801818181818177,96.26129411764705
2025,Singapore,18,Street,Ferrari,HAM,3,SOFT,47,62,16,False,99.486375,93.808,-2.7900000000000063,0.7867294117647066,58.89181641781498,176.314741268394,317.0,0.0,5,0.3125,10.282,100.86372727272727
2025,Singapore,18,Street,Ferrari,LEC,1,MEDIUM,2,21,20,True,98.2354,97.184,2.2950000000000017,0.007503759398493626,59.775219443017114,178.89196202717127,303.0,59.0,15,0.75,2.6942,98.9336
2025,Singapore,18,Street,Ferrari,LEC,2,HARD,22,62,41,False,97.46563414634146,95.983,-14.625,-0.005430662020904277,59.01831871578315,180.60373336832296,319.0,0.0,6,0.14634146341463414,8.132975609756098,97.45668571428571
2025,Singapore,18,Street,Haas,BEA,1,MEDIUM,2,23,22,True,98.93559090909092,97.586,1.9170000000000016,-0.01293337097685008,57.02208465464713,177.67152006005128,307.0,58.0,19,0.8636363636363636,2.010363636363637,99.66333333333334
2025,Singapore,18,Street,Haas,BEA,2,HARD,24,62,39,False,98.17094871794873,96.201,-17.848,-0.10322813765182319,56.458505373777996,178.9796605428997,314.0,0.0,25,0.6410256410256411,4.1087105263157895,96.40899999999999
2025,Singapore,18,Street,Haas,OCO,1,MEDIUM,2,30,29,True,99.0566551724138,98.274,3.1670000000000016,-0.014182758620690098,58.05290616390236,177.59002790119294,316.0,56.0,28,0.9655172413793104,1.6756071428571429,104.299
2025,Singapore,18,Street,Haas,OCO,2,HARD,31,61,31,False,99.39980645161289,96.646,-16.38300000000001,-0.06557298387096723,55.6011366577783,176.63350160716826,319.0,0.0,28,0.9032258064516129,1.1664516129032259,100.42733333333332
2025,Singapore,18,Street,McLaren,NOR,1,MEDIUM,2,26,25,True,97.60868,96.638,3.0660000000000025,-0.009518461538461406,57.82074867228594,179.87693084964988,304.0,60.0,19,0.76,3.25804,96.87733333333334
2025,Singapore,18,Street,McLaren,NOR,2,HARD,27,62,36,False,96.74027777777776,95.555,-15.695999999999998,-0.05025971685971567,56.82424986239963,181.9901788029727,314.0,0.0,26,0.7222222222222222,2.0585,97.34859999999999
2025,Singapore,18,Street,McLaren,PIA,1,MEDIUM,2,27,26,True,97.70092307692309,96.609,2.5459999999999923,-0.02577094017094405,58.131324120288305,179.69343034572242,288.0,60.0,9,0.34615384615384615,3.6096799999999996,97.18694117647058
2025,Singapore,18,Street,McLaren,PIA,2,HARD,28,62,35,False,96.66591428571428,95.408,-19.65700000000001,-0.07624369747899248,58.39741904198039,182.1751607123543,312.0,0.0,6,0.17142857142857143,6.080400000000001,96.81455172413794
2025,Singapore,18,Street,Mercedes,ANT,1,MEDIUM,2,25,24,True,98.05825,96.842,0.9549999999999983,-0.031479130434779755,57.50535189640244,178.71948657481727,310.0,58.0,20,0.8333333333333334,2.3729583333333335,98.334
2025,Singapore,18,Street,Mercedes,ANT,2,HARD,26,62,37,False,97.15643243243241,95.303,-15.187000000000012,-0.048033902323375816,56.71882690741475,180.3394865919394,316.0,0.0,27,0.7297297297297297,6.0339189189189195,98.76509999999999
2025,Singapore,18,Street,Mercedes,RUS,1,MEDIUM,2,25,24,True,97.34862500000001,96.485,4.028999999999996,0.03878130434782786,59.68810023045642,180.39621544781645,294.0,57.0,24,1.0,0.0,
2025,Singapore,18,Street,Mercedes,RUS,2,HARD,26,62,37,False,96.81337837837839,95.676,-16.643,-0.05543622569938328,58.14313840631412,181.2145077450915,311.0,0.0,35,0.9459459459459459,0.48908108108108106,104.387
2025,Singapore,18,Street,RB,HAD,1,SOFT,2,20,19,True,99.12510526315788,98.093,3.2830000000000013,0.023924561403511433,59.7333985089609,176.94220444839019,303.0,48.0,16,0.8421052631578947,1.519684210526316,100.765
2025,Singapore,18,Street,RB,HAD,2,HARD,21,61,41,False,98.70507317073171,96.938,-18.36399999999999,-0.06710871080139105,62.12599811938036,177.9340261474139,300.0,0.0,16,0.3902439024390244,4.3224634146341465,98.69308
2025,Singapore,18,Street,RB,LAW,1,MEDIUM,2,48,47,True,99.05361702127658,98.103,5.197999999999993,0.01789882053653967,59.50879517364314,177.4721716512754,308.0,55.0,19,0.40425531914893614,13.290255319148935,98.76735714285714
2025,Singapore,18,Street,RB,LAW,2,SOFT,49,61,13,False,98.61930769230769,95.641,-20.015,-0.8410769230769218,58.8840365091573,178.1165845654626,314.0,0.0,13,1.0,1.1990769230769232,
2025,Singapore,18,Street,Red Bull,TSU,1,SOFT,2,13,12,True,99.986,98.949,2.932000000000002,0.05504195804196133,55.007532789547476,175.61884247088526,312.0,59.0,12,1.0,0.7420833333333333,
2025,Singapore,18,Street,Red Bull,TSU,2,HARD,14,61,48,False,98.47160416666667,96.831,-19.75200000000001,-0.04105129179331222,56.89267590069926,178.18970036172237,316.0,0.0,32,0.6666666666666666,3.0635624999999997,98.6755
2025,Singapore,18,Street,Red Bull,VER,1,SOFT,2,19,18,True,97.86477777777777,97.136,3.589000000000013,0.036608875128998575,59.82636329349231,179.3703943518118,287.0,59.0,4,0.2222222222222222,5.3995,97.70042857142857
2025,Singapore,18,Street,Red Bull,VER,2,HARD,20,62,43,False,96.77544186046512,95.649,-16.557000000000002,-0.04122999093929378,59.81890327049448,181.87750267982761,308.0,0.0,4,0.09302325581395349,4.728813953488372,96.80764102564102
2025,Singapore,18,Street,Sauber,BOR,1,MEDIUM,2,13,12,True,99.83833333333335,98.776,3.1670000000000016,0.047153846153850404,58.291179103924215,176.3508160737737,310.0,60.0,12,1.0,1.31075,
2025,Singapore,18,Street,Sauber,BOR,2,HARD,14,61,48,False,99.10422916666668,97.126,-25.01599999999999,-0.018585269214067526,58.35711153895503,177.72203722348561,313.0,0.0,27,0.5625,2.955829787234043,99.40452380952382
2025,Singapore,18,Street,Sauber,HUL,1,MEDIUM,2,25,24,True,99.05554166666666,97.935,2.448999999999998,0.005141304347827859,59.39327132599191,178.0229920045319,307.0,58.0,20,0.8333333333333334,1.8650434782608696,99.70124999999999
2025,Singapore,18,Street,Sauber,HUL,2,HARD,26,44,19,True,100.81836842105263,97.859,7.951000000000008,0.163629824561407,55.78059662727962,174.47542514828777,317.0,0.0,18,0.9473684210526315,1.2202631578947367,122.923
2025,Singapore,18,Street,Sauber,HUL,3,SOFT,45,61,17,False,98.06188235294117,95.404,-21.296000000000006,-0.3188382352941148,59.9712925896762,179.61391687955665,320.0,0.0,5,0.29411764705882354,16.038470588235292,97.91191666666667
2025,Singapore,18,Street,Williams,ALB,1,MEDIUM,2,42,41,True,99.11219512195122,97.694,5.646000000000001,-0.011624041811844482,55.99660618731809,176.16964021451088,312.0,54.0,33,0.8048780487804879,1.9569268292682929,98.18462500000001
2025,Singapore,18,Street,Williams,ALB,2,SOFT,43,61,19,False,98.28036842105263,95.648,-21.104,-0.3884631578947319,56.96375923156422,178.7936461540297,323.0,0.0,16,0.8421052631578947,1.971631578947368,103.18799999999999
2025,Singapore,18,Street,Williams,SAI,1,MEDIUM,2,50,49,True,98.94702040816325,97.797,1.7749999999999915,-0.0015526530612244278,57.12341283823305,177.4843091327848,309.0,52.0,42,0.8571428571428571,2.0736326530612246,98.94257142857143
2025,Singapore,18,Street,Williams,SAI,2,SOFT,51,61,11,False,97.14954545454545,94.963,-18.335000000000008,-0.8430818181818163,60.010743204378656,180.51251401403644,319.0,0.0,7,0.6363636363636364,5.545090909090909,95.27224999999999
2025,Spa-Francorchamps,13,Permanent,Alpine,COL,2,MEDIUM,2,12,11,True,137.31145454545455,122.275,-45.19500000000001,-4.934454545454548,53.10115013803484,181.75362143196017,324.0,38.0,10,0.9090909090909091,1.4854545454545454,127.109
2025,Spa-Francorchamps,13,Permanent,Alpine,COL,3,MEDIUM,13,44,32,False,109.37453124999999,106.104,-23.688999999999993,-0.23829673753665645,69.87981348658661,227.73595958437704,348.0,0.0,23,0.71875,2.26565625,110.72122222222222
2025,Spa-Francorchamps,13,Permanent,Alpine,GAS,2,MEDIUM,2,11,10,True,138.9876,122.097,-41.58100000000002,-5.625818181818181,52.99616093883335,179.46062063109474,327.0,39.0,9,0.9,1.5635000000000001,130.058
2025,Spa-Francorchamps,13,Permanent,Alpine,GAS,3,MEDIUM,12,44,33,False,109.1209696969697,107.177,-28.132000000000005,-0.24226905080213862,71.98449291587752,228.53982211733648,347.0,0.0,3,0.09090909090909091,8.155636363636363,108.89816666666668
2025,Spa-Francorchamps,13,Permanent,Aston Martin,ALO,2,MEDIUM,2,11,10,True,137.9607,122.757,-41.008999999999986,-5.328175757575752,50.283787648415455,180.65265688248564,331.0,36.0,9,0.9,0.9731,163.707
2025,Spa-Francorchamps,13,Permanent,Aston Martin,ALO,3,MEDIUM,12,44,33,False,109.46178787878787,105.849,-25.88000000000001,-0.24027239304812728,69.8740932301699,227.4261645319208,343.0,0.0,32,0.9696969696969697,1.1006363636363636,121.996
2025,Spa-Francorchamps,13,Permanent,Aston Martin,STR,2,MEDIUM,2,12,11,True,137.51936363636364,123.162,-45.43300000000001,-4.86639999999999,52.61920471199565,181.0855180638434,321.0,35.0,11,1.0,1.1702727272727271,
2025,Spa-Francorchamps,13,Permanent,Aston Martin,STR,3,MEDIUM,13,44,32,False,108.76884375,107.212,-23.435999999999993,-0.19490707478005884,70.80780319624708,229.04577528930602,349.0,0.0,11,0.34375,3.69059375,107.69857142857143
2025,Spa-Francorchamps,13,Permanent,Ferrari,HAM,2,MEDIUM,2,11,10,True,137.7583,121.599,-40.996999999999986,-5.5869393939393825,56.424945330111264,181.21151967443495,326.0,27.0,10,1.0,1.0646,
2025,Spa-Francorchamps,13,Permanent,Ferrari,HAM,3,MEDIUM,12,44,33,False,108.24196969696972,106.534,-25.254000000000005,-0.19469618983956974,71.70500494845794,230.45217244177624,345.0,0.0,31,0.9393939393939394,1.7488484848484849,121.632
2025,Spa-Francorchamps,13,Permanent,Ferrari,LEC,2,MEDIUM,2,12,11,True,136.81709090909092,120.142,-47.79799999999999,-5.416527272727278,55.860497306933006,183.9317631179255,321.0,46.0,6,0.5454545454545454,3.6679999999999997,123.61419999999998
2025,Spa-Francorchamps,13,Permanent,Ferrari,LEC,3,MEDIUM,13,44,32,False,107.7919375,106.174,-29.459000000000017,-0.21295161290322695,74.262708606783,231.7072316259352,333.0,0.0,1,0.03125,9.76859375,106.86061290322581
2025,Spa-Francorchamps,13,Permanent,Haas,BEA,2,MEDIUM,2,12,11,True,137.0489090909091,121.707,-45.287000000000006,-5.1384909090909066,55.31311802876511,182.38652129578722,324.0,41.0,10,0.9090909090909091,1.2461818181818183,122.741
2025,Spa-Francorchamps,13,Permanent,Haas,BEA,3,MEDIUM,13,44,32,False,108.944875,106.709,-26.718999999999994,-0.2403302785923726,72.03207106303466,229.05585528474714,346.0,0.0,32,1.0,0.60640625,
2025,Spa-Francorchamps,13,Permanent,Haas,OCO,2,MEDIUM,2,13,12,True,136.4075,121.578,-42.542,-4.260188811188805,52.059605283933884,182.86838462775253,328.0,40.0,10,0.8333333333333334,2.3792500000000003,126.724
2025,Spa-Francorchamps,13,Permanent,Haas,OCO,3,MEDIUM,14,44,31,False,108.71796774193548,106.744,-25.73400000000001,-0.23038306451612947,71.38279331881118,229.4756024783672,343.0,0.0,1,0.03225806451612903,7.155548387096774,108.72636666666669
2025,Spa-Francorchamps,13,Permanent,McLaren,NOR,2,HARD,2,13,12,True,134.8381666666667,119.136,-50.618999999999986,-5.015167832167831,53.94570410744215,186.62084730951213,316.0,45.0,12,1.0,0.8725,
2025,Spa-Francorchamps,13,Permanent,McLaren,NOR,3,HARD,14,44,31,False,107.20448387096774,105.257,-24.825999999999993,-0.19321774193548372,71.3472477670138,232.94607402994265,326.0,0.0,0,0.0,7.4547741935483876,107.20448387096774
2025,Spa-Francorchamps,13,Permanent,McLaren,PIA,2,MEDIUM,2,12,11,True,136.15645454545455,119.092,-48.43000000000001,-5.602145454545448,54.05639569442512,184.85818299306555,319.0,48.0,11,1.0,0.28245454545454546,
2025,Spa-Francorchamps,13,Permanent,McLaren,PIA,3,MEDIUM,13,44,32,False,107.4788125,105.706,-22.503000000000014,-0.186001832844575,71.15850951104211,232.21768361668663,326.0,0.0,31,0.96875,0.59978125,130.324
2025,Spa-Francorchamps,13,Permanent,Mercedes,ANT,2,MEDIUM,2,12,11,True,136.78109090909092,122.188,-42.02699999999999,-4.630463636363631,54.15140548331633,182.2567711395536,321.0,26.0,11,1.0,0.9268181818181819,
2025,Spa-Francorchamps,13,Permanent,Mercedes,ANT,3,MEDIUM,13,44,32,False,109.01034375,104.861,-23.726,-0.18462921554252076,71.09122123518908,229.6097194830422,356.0,0.0,29,0.90625,1.0644375,120.56533333333334
2025,Spa-Francorchamps,13,Permanent,Mercedes,RUS,2,MEDIUM,2,12,11,True,136.76145454545454,119.891,-45.84700000000001,-5.231290909090911,53.06993503173814,183.1200873890159,331.0,48.0,10,0.9090909090909091,2.019818181818182,126.737
2025,Spa-Francorchamps,13,Permanent,Mercedes,RUS,3,MEDIUM,13,44,32,False,108.10565625000001,106.566,-26.447000000000003,-0.19909145894428026,71.81452873518337,230.5246499004066,339.0,0.0,10,0.3125,6.5528125,107.00677272727272
2025,Spa-Francorchamps,13,Permanent,RB,HAD,2,MEDIUM,2,13,12,True,135.91608333333338,121.255,-47.775000000000006,-4.4948496503496465,56.62266979030196,184.3519434021388,324.0,46.0,11,0.9166666666666666,1.8343636363636362,174.982
2025,Spa-Francorchamps,13,Permanent,RB,HAD,3,HARD,14,43,30,False,110.25603333333332,107.667,-24.712999999999994,-0.27324204671857666,73.6975231473179,226.62471128415118,334.0,0.0,9,0.3,10.704793103448274,109.32466666666667
2025,Spa-Francorchamps,13,Permanent,RB,LAW,2,MEDIUM,2,12,11,True,137.09236363636364,121.212,-45.256,-5.096227272727267,54.85042897484852,182.96944999488395,326.0,52.0,11,1.0,1.1033636363636363,
2025,Spa-Francorchamps,13,Permanent,RB,LAW,3,MEDIUM,13,44,32,False,108.38278125,106.649,-26.670999999999992,-0.21199285190615919,72.74317017457375,230.07226849964815,326.0,0.0,1,0.03125,9.7773125,107.56245161290322
2025,Spa-Francorchamps,13,Permanent,Red Bull,TSU,2,MEDIUM,2,13,12,True,135.87300000000002,120.831,-45.87999999999998,-4.469811188811187,51.901132125515524,184.8230604077011,327.0,38.0,9,0.75,1.938666666666667,141.18633333333335
2025,Spa-Francorchamps,13,Permanent,Red Bull,TSU,3,MEDIUM,14,44,31,False,108.76916129032259,107.241,-22.982,-0.18580120967742053,70.28942216479348,229.29492379322716,341.0,0.0,28,0.9032258064516129,1.1440645161290324,109.491
2025,Spa-Francorchamps,13,Permanent,Red Bull,VER,2,MEDIUM,2,12,11,True,136.7198181818182,120.19,-47.733000000000004,-5.38548181818182,54.18463442227247,183.5456425943878,319.0,44.0,11,1.0,0.7382727272727273,
2025,Spa-Francorchamps,13,Permanent,Red Bull,VER,3,MEDIUM,13,44,32,False,107.82353125,106.096,-29.798000000000002,-0.22212811583577668,73.090174558422,231.4479055335914,325.0,0.0,32,1.0,1.94121875,
2025,Spa-Francorchamps,13,Permanent,Sauber,BOR,2,MEDIUM,2,12,11,True,137.18318181818182,121.165,-44.524,-5.080636363636357,53.81946152974595,182.9376665518384,319.0,36.0,11,1.0,1.3451818181818185,
2025,Spa-Francorchamps,13,Permanent,Sauber,BOR,3,MEDIUM,13,44,32,False,108.453375,106.966,-25.405,-0.20482807917888424,72.9878055863454,230.5156054442126,336.0,0.0,22,0.6875,2.3960937499999995,107.12420000000002
2025,Spa-Francorchamps,13,Permanent,Sauber,HUL,2,MEDIUM,2,11,10,True,138.84430000000003,122.049,-41.03400000000002,-5.581896969696964,52.32988204719126,180.60288087766918,322.0,43.0,10,1.0,0.825,
2025,Spa-Francorchamps,13,Permanent,Sauber,HUL,3,MEDIUM,12,44,33,False,109.13024242424243,105.068,-25.61699999999999,-0.2277790775401057,73.1006499315517,229.20652818286308,344.0,0.0,20,0.6060606060606061,2.732545454545454,107.53999999999998
2025,Spa-Francorchamps,13,Permanent,Williams,ALB,2,MEDIUM,2,12,11,True,137.1308181818182,121.326,-46.84800000000001,-5.311763636363631,53.00640654256806,182.7169572384133,321.0,47.0,11,1.0,1.393727272727273,
2025,Spa-Francorchamps,13,Permanent,Williams,ALB,3,MEDIUM,13,44,32,False,108.21225,106.813,-25.991,-0.19297067448680416,71.66109533129593,230.08512510002248,328.0,0.0,17,0.53125,2.8138125,107.05626666666667
2025,Spa-Francorchamps,13,Permanent,Williams,SAI,2,MEDIUM,2,12,11,True,137.056,122.267,-45.465999999999994,-4.842399999999997,53.901276575744,181.71407560748602,317.0,34.0,11,1.0,0.7611818181818183,
2025,Spa-Francorchamps,13,Permanent,Williams,SAI,3,HARD,13,44,32,False,109.24034375000001,106.073,-28.520999999999987,-0.26497452346040906,73.02779051780031,228.27600619631627,343.0,0.0,14,0.4375,4.728125,107.72794444444445
2025,Spielberg,11,Permanent,Alpine,COL,1,SOFT,2,13,12,True,77.82783333333334,70.842,-30.997,-2.269510489510487,60.49901582171537,198.6658701861608,321.0,42.0,12,1.0,0.9390000000000001,
2025,Spielberg,11,Permanent,Alpine,COL,2,MEDIUM,14,39,26,True,72.61707692307692,70.707,-14.114000000000004,-0.055607521367524185,67.54268970648548,212.96379478439732,311.0,0.0,21,0.8076923076923077,2.2201599999999995,72.0024
2025,Spielberg,11,Permanent,Alpine,COL,3,HARD,40,69,30,False,71.18746666666668,69.621,-17.290000000000006,-0.07437063403781954,68.97461937691128,217.30015983466959,315.0,0.0,10,0.3333333333333333,4.903566666666666,71.30465000000001
2025,Spielberg,11,Permanent,Alpine,GAS,1,SOFT,2,12,11,True,78.64690909090909,70.776,-34.28,-2.872972727272725,61.341918023100874,196.8942783207617,315.0,34.0,11,1.0,0.7338181818181817,
2025,Spielberg,11,Permanent,Alpine,GAS,2,HARD,13,38,26,True,72.40738461538461,70.3,-14.040999999999997,-0.07511931623931616,68.79947283059673,213.16886452433386,323.0,0.0,20,0.7692307692307693,3.0942000000000003,74.11366666666667
2025,Spielberg,11,Permanent,Alpine,GAS,3,MEDIUM,39,69,31,False,71.378,70.151,-17.570999999999998,-0.07596693548387148,68.9883088981083,216.7899576070222,323.0,0.0,4,0.12903225806451613,4.607483870967743,71.45948148148149
2025,Spielberg,11,Permanent,Aston Martin,ALO,1,MEDIUM,2,33,32,True,74.05275,70.81,-32.641999999999996,-0.3447708944281521,62.09450978575224,208.36616562912164,323.0,38.0,30,0.9375,1.0251612903225806,73.5955
2025,Spielberg,11,Permanent,Aston Martin,ALO,2,HARD,34,69,36,False,70.93097222222222,69.935,-16.539,-0.06558803088802895,65.62225293900966,217.78504191484654,319.0,0.0,35,0.9722222222222222,0.995388888888889,71.465
2025,Spielberg,11,Permanent,Aston Martin,STR,1,MEDIUM,2,26,25,True,75.03984,70.931,-29.217,-0.4937161538461544,61.315247418954336,205.86844764973165,320.0,41.0,20,0.8,2.62216,72.2248
2025,Spielberg,11,Permanent,Aston Martin,STR,2,HARD,27,53,27,True,71.90155555555556,70.51,-13.596000000000004,-0.08239499389499576,65.58735692727551,214.885383322018,319.0,0.0,9,0.3333333333333333,4.542,71.94766666666666
2025,Spielberg,11,Permanent,Aston Martin,STR,3,SOFT,54,69,16,False,70.87875,69.214,-16.736000000000004,-0.36657352941176613,66.4121498081834,217.95093385141882,321.0,0.0,3,0.1875,5.71125,71.08384615384615
2025,Spielberg,11,Permanent,Ferrari,HAM,1,MEDIUM,2,26,25,True,74.26223999999999,70.17,-35.92700000000001,-0.6446338461538487,64.82607432351932,208.83017214588014,311.0,40.0,12,0.48,2.6362916666666667,71.02269230769231
2025,Spielberg,11,Permanent,Ferrari,HAM,2,HARD,27,50,24,True,70.97425,69.319,-13.076999999999998,-0.10839652173912834,68.7314624219192,218.09106619518906,320.0,0.0,5,0.20833333333333334,4.91875,71.17957894736844
2025,Spielberg,11,Permanent,Ferrari,HAM,3,MEDIUM,51,70,20,False,70.00175000000002,68.628,-16.174000000000007,-0.20207744360902288,71.56490471115671,221.1722668138721,310.0,0.0,0,0.0,7.937250000000001,70.00175000000002
2025,Spielberg,11,Permanent,Ferrari,LEC,1,MEDIUM,2,25,24,True,74.36616666666667,69.912,-36.47999999999999,-0.6956634782608657,66.38735485603132,208.32498689692508,315.0,42.0,6,0.25,4.257565217391305,70.88783333333335
2025,Spielberg,11,Permanent,Ferrari,LEC,2,HARD,26,49,24,True,70.76275,69.339,-13.471999999999994,-0.1572556521739117,70.11819996190044,218.409110657078,324.0,0.0,2,0.08333333333333333,12.060375,70.003
2025,Spielberg,11,Permanent,Ferrari,LEC,3,MEDIUM,50,70,21,False,70.01033333333335,68.765,-18.323000000000008,-0.23032857142857055,71.58251183364632,220.76866204984344,312.0,0.0,0,0.0,17.273857142857143,70.01033333333335
2025,Spielberg,11,Permanent,Haas,BEA,1,SOFT,2,11,10,True,78.5607,70.807,-32.60300000000001,-3.226333333333331,58.43184900999409,196.4962003365857,323.0,39.0,10,1.0,0.6171,
2025,Spielberg,11,Permanent,Haas,BEA,2,HARD,12,39,28,True,72.17975,70.884,-14.076999999999998,-0.10312178434592048,69.63333580156458,214.0741382227487,324.0,0.0,20,0.7142857142857143,3.038607142857143,73.60312499999999
2025,Spielberg,11,Permanent,Haas,BEA,3,MEDIUM,40,69,30,False,71.21576666666667,69.96,-18.081000000000003,-0.08666140155728551,70.33003537755776,217.48114174580226,325.0,0.0,10,0.3333333333333333,4.918366666666667,71.48549999999999
2025,Spielberg,11,Permanent,Haas,OCO,1,MEDIUM,2,19,18,True,75.58361111111111,70.909,-32.077,-1.0360010319917445,63.105496844364495,204.220616374032,324.0,39.0,13,0.7222222222222222,1.643111111111111,72.5094
2025,Spielberg,11,Permanent,Haas,OCO,2,HARD,20,50,31,True,71.53270967741935,70.244,-14.629999999999995,-0.09052419354838769,70.17126585438922,216.2721615090415,323.0,0.0,17,0.5483870967741935,3.515096774193549,70.9597857142857
2025,Spielberg,11,Permanent,Haas,OCO,3,HARD,51,69,19,False,70.94094736842106,69.55,-17.58699999999999,-0.24709473684210376,70.2504386733545,218.03756374398688,322.0,0.0,16,0.8421052631578947,2.660473684210526,69.82833333333333
2025,Spielberg,11,Permanent,McLaren,NOR,1,MEDIUM,2,20,19,True,75.08036842105264,69.313,-40.444,-1.1716421052631532,63.678308891612204,206.43790517976717,303.0,41.0,19,1.0,0.0,
2025,Spielberg,11,Permanent,McLaren,NOR,2,HARD,21,52,32,True,70.48106250000001,69.309,-13.863,-0.06581781524926646,67.76778149240391,219.51843278901939,318.0,0.0,26,0.8125,1.3705625,72.807
2025,Spielberg,11,Permanent,McLaren,NOR,3,MEDIUM,53,70,18,False,69.8283888888889,68.272,-16.694000000000003,-0.2625005159958691,68.07003658758696,221.11109155612465,324.0,0.0,17,0.9444444444444444,0.9391111111111111,86.125
2025,Spielberg,11,Permanent,McLaren,PIA,1,MEDIUM,2,24,23,True,74.34152173913046,69.271,-38.78,-0.78378853754941,62.42557779235647,208.36845775630397,323.0,40.0,23,1.0,0.4514782608695652,
2025,Spielberg,11,Permanent,McLaren,PIA,2,HARD,25,53,29,True,70.4568275862069,69.196,-15.290999999999997,-0.08031674876847321,67.27834723731449,219.33300845575468,323.0,0.0,1,0.034482758620689655,4.782379310344829,70.36464285714285
2025,Spielberg,11,Permanent,McLaren,PIA,3,MEDIUM,54,70,17,False,69.79876470588235,67.924,-15.525000000000006,-0.25112009803921626,67.34594533965097,221.37467401229316,330.0,0.0,12,0.7058823529411765,2.440588235294118,72.00880000000001
2025,Spielberg,11,Permanent,Mercedes,RUS,1,MEDIUM,2,18,17,True,76.08641176470587,70.574,-36.084,-1.3178039215686252,61.53340300873721,203.05855223820168,316.0,32.0,11,0.6470588235294118,2.7791875,72.27716666666667
2025,Spielberg,11,Permanent,Mercedes,RUS,2,MEDIUM,19,45,27,True,71.60333333333334,70.237,-13.653999999999996,-0.13844200244200341,67.08123728899922,215.73746308088283,324.0,0.0,4,0.14814814814814814,10.774615384615384,71.63721739130435
2025,Spielberg,11,Permanent,Mercedes,RUS,3,HARD,46,70,25,False,70.62572,69.372,-17.019000000000005,-0.13276846153846258,67.502236373302,218.7932872268317,328.0,0.0,8,0.32,17.690541666666668,69.99652941176471
2025,Spielberg,11,Permanent,RB,HAD,1,SOFT,2,2,1,True,102.317,102.317,0.0,0.0,39.79803102139362,149.07749272955482,250.0,46.0,0,0.0,3.078,102.317
2025,Spielberg,11,Permanent,RB,HAD,2,MEDIUM,3,28,26,True,73.31519230769231,70.974,-29.155,-0.2324618803418815,65.23196564157712,210.5376712211291,327.0,0.0,25,0.9615384615384616,0.7118846153846154,103.989
2025,Spielberg,11,Permanent,RB,HAD,3,HARD,29,69,41,False,71.46465853658536,70.204,-17.165000000000006,-0.01940069686411057,68.81776712568121,216.24002238707112,316.0,0.0,13,0.3170731707317073,4.54029268292683,71.467
2025,Spielberg,11,Permanent,RB,LAW,1,MEDIUM,2,32,31,True,74.08767741935483,70.941,-33.262,-0.37613588709677487,65.36965138204407,208.49283338867522,321.0,36.0,23,0.7419354838709677,2.1781000000000006,72.046875
2025,Spielberg,11,Permanent,RB,LAW,2,HARD,33,70,38,False,70.89060526315791,69.977,-18.130999999999986,-0.08012244228033877,70.15612708065136,217.67995162532355,311.0,0.0,11,0.2894736842105263,5.1420540540540545,71.01796296296295
2025,Spielberg,11,Permanent,Red Bull,TSU,1,MEDIUM,2,18,17,True,75.82017647058824,70.949,-31.817999999999998,-1.1083799019607834,59.64477571734403,203.7297761421503,327.0,41.0,17,1.0,1.2559999999999998,
2025,Spielberg,11,Permanent,Red Bull,TSU,2,HARD,19,30,12,True,73.10525,70.539,-8.632000000000005,-0.31299650349650143,65.21655833240385,211.02903997105614,326.0,0.0,11,0.9166666666666666,1.6689166666666664,87.671
2025,Spielberg,11,Permanent,Red Bull,TSU,3,MEDIUM,31,60,30,True,71.76906666666667,70.015,-23.474999999999994,-0.10788431590656153,66.24830794411233,215.40528908197723,323.0,0.0,11,0.36666666666666664,7.276866666666666,72.08715789473683
2025,Spielberg,11,Permanent,Red Bull,TSU,4,SOFT,61,68,8,False,74.64075,69.802,-30.832000000000008,-2.3318095238095213,60.974705146742956,207.0058318983253,323.0,0.0,0,0.0,32.83175,74.64075
2025,Spielberg,11,Permanent,Sauber,BOR,1,MEDIUM,2,21,20,True,75.3102,70.933,-34.787000000000006,-0.9354917293233065,64.76327661260844,205.50287057746067,318.0,32.0,13,0.65,2.57075,71.54628571428572
2025,Spielberg,11,Permanent,Sauber,BOR,2,MEDIUM,22,49,28,True,71.58167857142857,70.456,-14.569999999999993,-0.1044934318554991,69.59459052295912,216.13470477520448,320.0,0.0,13,0.4642857142857143,6.1779642857142845,71.0432
2025,Spielberg,11,Permanent,Sauber,BOR,3,HARD,50,69,20,False,70.82315000000001,69.247,-17.964,-0.2273902255639092,69.61141528532208,218.0637747707739,325.0,0.0,7,0.35,5.113052631578948,71.0186923076923
2025,Spielberg,11,Permanent,Sauber,HUL,1,SOFT,2,12,11,True,77.4440909090909,70.949,-29.832000000000008,-2.4238909090909084,58.028908444596986,199.63166862522314,325.0,39.0,10,0.9090909090909091,0.9366363636363637,104.918
2025,Spielberg,11,Permanent,Sauber,HUL,2,MEDIUM,13,42,30,True,71.69513333333333,70.708,-13.021,-0.08501668520578329,69.78160997737255,216.13467235516057,329.0,0.0,17,0.5666666666666667,2.438172413793103,72.4523076923077
2025,Spielberg,11,Permanent,Sauber,HUL,3,MEDIUM,43,69,27,False,70.89070370370371,69.459,-16.585000000000008,-0.14888095238095408,69.69800836043235,218.4576819186042,320.0,0.0,10,0.37037037037037035,5.370400000000001,71.47164705882354
2025,Spielberg,11,Permanent,Williams,ALB,1,MEDIUM,2,13,12,True,77.63258333333333,70.641,-35.572,-2.5063391608391616,58.642400701084576,199.16669917858007,321.0,35.0,12,1.0,1.1950833333333333,
2025,Spielberg,11,Permanent,Williams,ALB,2,MEDIUM,14,15,2,False,83.22999999999999,78.845,-8.769999999999996,-8.770000000000014,54.74197244770009,185.27569016938403,301.0,0.0,0,0.0,9.0125,83.22999999999999
2025,Suzuka,3,Permanent,Alpine,DOO,1,SOFT,2,15,14,True,95.4352142857143,94.892,0.4060000000000059,-0.020397802197804495,68.24827624127612,217.572141090111,333.0,65.0,14,1.0,1.1640714285714286,
2025,Suzuka,3,Permanent,Alpine,DOO,2,HARD,16,53,38,False,93.86584210526317,92.685,-21.61,-0.10730648867491306,71.051626417194,221.39979885562684,312.0,0.0,11,0.2894736842105263,8.758342105263159,93.98385185185187
2025,Suzuka,3,Permanent,Alpine,GAS,1,MEDIUM,2,24,23,True,94.79782608695652,94.289,1.0429999999999922,0.012952569169958064,70.89147822795819,218.85752312598046,325.0,64.0,23,1.0,1.604782608695652,
2025,Suzuka,3,Permanent,Alpine,GAS,2,HARD,25,53,29,False,93.32165517241381,91.82,-26.936999999999998,-0.21823399014778289,73.56484179799442,222.7727074156847,310.0,0.0,15,0.5172413793103449,3.0297931034482755,94.44835714285713
2025,Suzuka,3,Permanent,Aston Martin,ALO,1,MEDIUM,2,24,23,True,94.67691304347824,94.111,1.8619999999999948,0.013373517786558839,67.97879479881605,219.40082857887933,322.0,63.0,23,1.0,1.999869565217391,
2025,Suzuka,3,Permanent,Aston Martin,ALO,2,HARD,25,53,29,False,93.26548275862069,91.77,-24.254999999999995,-0.2022527093596069,69.03649092171122,223.27945998989918,311.0,0.0,1,0.034482758620689655,4.3292758620689655,93.30067857142856
2025,Suzuka,3,Permanent,Aston Martin,STR,1,SOFT,2,9,8,True,95.845625,95.104,0.9299999999999926,0.06684523809523935,63.33135557417701,216.43084907862593,334.0,63.0,8,1.0,0.894,
2025,Suzuka,3,Permanent,Aston Martin,STR,2,HARD,10,30,21,True,95.43133333333333,93.625,-19.235,-0.28891428571428385,66.08639986733446,217.97111865990775,313.0,0.0,8,0.38095238095238093,8.472095238095239,96.06007692307692
2025,Suzuka,3,Permanent,Aston Martin,STR,3,MEDIUM,31,52,22,False,93.77209090909092,92.052,-21.317999999999998,-0.24586900056465186,68.44604883078037,221.86677737156492,311.0,0.0,0,0.0,18.55272727272727,93.77209090909092
2025,Suzuka,3,Permanent,Ferrari,HAM,1,HARD,2,30,29,True,93.88386206896554,93.04,0.9110000000000014,-0.021517241379311144,72.4815397178508,222.02624131774215,333.0,67.0,20,0.6896551724137931,2.406551724137931,93.623
2025,Suzuka,3,Permanent,Ferrari,HAM,2,MEDIUM,31,53,23,False,92.75017391304347,91.406,-20.938999999999993,-0.2323379446640325,74.25724799861322,224.4823079033183,330.0,0.0,9,0.391304347826087,5.349391304347826,93.30564285714284
2025,Suzuka,3,Permanent,Ferrari,LEC,1,MEDIUM,2,21,20,True,93.86364999999999,93.413,1.3020000000000067,-0.0006428571428563076,73.2105623917895,221.26992171650042,314.0,61.0,18,0.9,2.1525000000000003,94.5255
2025,Suzuka,3,Permanent,Ferrari,LEC,2,HARD,22,53,32,False,92.763625,91.469,-21.866,-0.1576191348973607,74.24963443652781,224.29773961351503,319.0,0.0,2,0.0625,7.952406249999999,92.02916666666668
2025,Suzuka,3,Permanent,Haas,BEA,1,MEDIUM,2,23,22,True,94.58618181818183,93.986,0.6920000000000073,0.020058723884811367,71.61049333373107,220.04926180342505,329.0,60.0,18,0.8181818181818182,1.7439090909090906,94.16900000000001
2025,Suzuka,3,Permanent,Haas,BEA,2,HARD,24,53,30,False,93.31136666666667,92.006,-22.052999999999997,-0.18290077864293378,72.08267159660389,223.16152215776796,333.0,0.0,6,0.2,5.597499999999999,93.32466666666666
2025,Suzuka,3,Permanent,Haas,OCO,1,HARD,2,32,31,True,94.82283870967744,93.889,-0.7639999999999958,-0.03574314516129129,69.85342115808545,219.68817653944848,334.0,63.0,30,0.967741935483871,1.2590666666666666,94.569
2025,Suzuka,3,Permanent,Haas,OCO,2,MEDIUM,33,53,21,False,93.62619047619047,91.967,-21.72800000000001,-0.29600259740259804,71.9770827024862,222.38581446953702,338.0,0.0,13,0.6190476190476191,2.791904761904762,95.22399999999999
2025,Suzuka,3,Permanent,McLaren,NOR,1,MEDIUM,2,21,20,True,93.63419999999999,92.988,1.0870000000000033,-0.018090225563910847,68.10934849291779,222.0764426007969,324.0,64.0,20,1.0,1.69895,
2025,Suzuka,3,Permanent,McLaren,NOR,2,HARD,22,53,32,False,92.49878125000001,91.116,-23.373999999999995,-0.17011308651026336,68.24761258884917,224.8921249959372,321.0,0.0,32,1.0,1.5326250000000001,
2025,Suzuka,3,Permanent,McLaren,PIA,1,MEDIUM,2,20,19,True,93.7731052631579,93.253,1.2749999999999915,-0.0014947368421025392,67.40695424132115,221.9276378772674,332.0,64.0,18,0.9473684210526315,1.2952222222222223,93.56
2025,Suzuka,3,Permanent,McLaren,PIA,2,HARD,21,53,33,False,92.45275757575759,91.039,-21.995999999999995,-0.16130113636363427,67.648716983601,225.04332770281425,335.0,0.0,32,0.9696969696969697,1.3386969696969697,113.035
2025,Suzuka,3,Permanent,Mercedes,ANT,1,MEDIUM,2,31,30,True,93.72883333333336,92.961,0.9249999999999972,-0.03002469410456147,71.08333798024286,221.4705891660403,313.0,65.0,28,0.9333333333333333,1.4847,93.3515
2025,Suzuka,3,Permanent,Mercedes,ANT,2,HARD,32,53,22,False,92.492,90.965,-23.831000000000003,-0.30846866177300936,72.64212384993337,224.8176381151172,318.0,0.0,5,0.22727272727272727,5.293318181818182,92.87635294117648
2025,Suzuka,3,Permanent,Mercedes,RUS,1,MEDIUM,2,19,18,True,93.995,93.603,1.5649999999999977,0.01626831785345735,69.65001791866446,220.77465989378913,329.0,66.0,17,0.9444444444444444,1.0439411764705882,93.966
2025,Suzuka,3,Permanent,Mercedes,RUS,2,HARD,20,53,34,False,92.77794117647058,91.357,-21.48100000000001,-0.162063559969442,70.8355462725714,224.10252068178735,330.0,0.0,17,0.5,2.68375,91.97294117647058
2025,Suzuka,3,Permanent,RB,HAD,1,MEDIUM,2,25,24,True,94.182375,93.637,1.4680000000000035,-0.015731739130432056,70.00180517516709,220.8946035160074,311.0,67.0,21,0.875,2.328,94.51533333333333
2025,Suzuka,3,Permanent,RB,HAD,2,HARD,26,53,28,False,92.99342857142857,91.317,-24.086,-0.24023590585659144,71.35492323334844,223.3831212639442,334.0,0.0,5,0.17857142857142858,7.42367857142857,92.9145652173913
2025,Suzuka,3,Permanent,RB,LAW,1,MEDIUM,2,33,32,True,94.751875,93.959,0.1290000000000049,-0.018115102639297127,69.07443933690897,219.59915356387944,329.0,61.0,13,0.40625,4.350093749999999,94.47042105263158
2025,Suzuka,3,Permanent,RB,LAW,2,SOFT,34,53,20,False,93.7097,92.043,-20.99300000000001,-0.2829037593984965,70.31590275446389,222.1730522965223,338.0,0.0,18,0.9,2.41065,103.218
2025,Suzuka,3,Permanent,Red Bull,TSU,1,MEDIUM,2,23,22,True,94.80195454545456,94.02,0.3200000000000074,0.005246188594014926,65.81425289506288,218.73863473714417,333.0,61.0,21,0.9545454545454546,0.821904761904762,95.057
2025,Suzuka,3,Permanent,Red Bull,TSU,2,HARD,24,53,30,False,93.22930000000002,91.871,-22.491,-0.18830456062291476,69.39751775191577,223.29960877497572,333.0,0.0,29,0.9666666666666667,1.5471333333333335,114.579
2025,Suzuka,3,Permanent,Red Bull,VER,1,MEDIUM,2,21,20,True,93.61955000000002,93.064,1.277000000000001,-0.00024135338345927988,68.34046667104306,222.2675734394549,308.0,68.0,20,1.0,0.0,
2025,Suzuka,3,Permanent,Red Bull,VER,2,HARD,22,53,32,False,92.49584375,91.041,-22.53,-0.16773112170087945,69.6159362540222,225.07906156295786,333.0,0.0,28,0.875,0.911375,92.24774999999998
2025,Suzuka,3,Permanent,Sauber,BOR,1,HARD,2,31,30,True,94.86953333333334,93.638,0.4959999999999951,-0.03317196885428613,67.49353891503655,219.07819104529392,343.0,64.0,30,1.0,1.546066666666667,
2025,Suzuka,3,Permanent,Sauber,BOR,2,MEDIUM,32,53,22,False,93.54109090909091,92.034,-21.735,-0.2736318464144545,69.58672467057981,221.85792160865196,343.0,0.0,21,0.9545454545454546,1.5956363636363635,114.684
2025,Suzuka,3,Permanent,Sauber,HUL,1,MEDIUM,2,22,21,True,95.02142857142857,94.312,-0.3859999999999957,-0.04358181818181956,68.1271059327294,219.2840103472268,335.0,62.0,21,1.0,1.1629999999999998,
2025,Suzuka,3,Permanent,Sauber,HUL,2,HARD,23,53,31,False,93.85909677419356,92.572,-21.664,-0.15132137096774353,69.58662759512019,221.74854136459842,337.0,0.0,31,1.0,0.9527419354838709,
2025,Suzuka,3,Permanent,Williams,ALB,1,MEDIUM,2,24,23,True,94.33547826086958,93.805,1.4820000000000135,-0.0016709486166003645,67.12744986271007,219.9506335250136,328.0,62.0,21,0.9130434782608695,1.6303809523809527,93.97149999999999
2025,Suzuka,3,Permanent,Williams,ALB,2,HARD,25,53,29,False,92.99475862068967,91.125,-24.602000000000004,-0.23931330049261032,67.76927087817856,222.99262653623987,336.0,0.0,7,0.2413793103448276,3.8242758620689665,92.93922727272728
2025,Suzuka,3,Permanent,Williams,SAI,1,MEDIUM,2,33,32,True,94.796875,93.932,0.007999999999995566,-0.01422397360703863,67.72168426546463,219.0832001582301,335.0,60.0,31,0.96875,0.9629354838709677,94.387
2025,Suzuka,3,Permanent,Williams,SAI,2,SOFT,34,53,20,False,93.1703,91.106,-21.72,-0.3066872180451135,70.21111902617831,223.0437497260338,341.0,0.0,12,0.6,4.669,91.558625
2025,Zandvoort,15,Permanent,Alpine,COL,1,SOFT,2,19,18,True,77.22394444444443,76.606,1.8700000000000045,0.0718544891640859,60.98934562937416,197.22601426824224,332.0,79.0,17,0.9444444444444444,0.9176470588235294,76.743
2025,Zandvoort,15,Permanent,Alpine,COL,2,HARD,20,53,34,True,81.41505882352942,75.34,19.022999999999996,-0.28399755538578986,55.422734024048616,187.09149491317535,334.0,0.0,30,0.8823529411764706,1.2494999999999998,91.75525
2025,Zandvoort,15,Permanent,Alpine,COL,3,MEDIUM,54,65,12,True,87.16433333333333,74.76,-19.659999999999997,-2.4855314685314696,50.36805444543666,174.4216416337425,338.0,0.0,11,0.9166666666666666,1.1159999999999999,87.664
2025,Zandvoort,15,Permanent,Alpine,COL,4,SOFT,66,72,7,False,90.49642857142858,73.049,-40.486999999999995,-7.926535714285727,49.01426359802728,167.5208171085798,327.0,0.0,6,0.8571428571428571,2.747,113.536
2025,Zandvoort,15,Permanent,Alpine,GAS,1,MEDIUM,2,23,22,True,78.2015,76.69,23.968999999999994,0.2936075663466963,60.870372054546095,194.617650625028,330.0,54.0,18,0.8181818181818182,1.6886818181818184,83.30125
2025,Zandvoort,15,Permanent,Alpine,GAS,2,HARD,24,72,49,False,84.21761224489796,75.248,-42.809,0.11284428571428612,54.939417026122356,180.73498909310132,335.0,0.0,44,0.8979591836734694,1.410591836734694,84.8788
2025,Zandvoort,15,Permanent,Aston Martin,ALO,1,MEDIUM,2,18,17,True,77.09352941176472,76.726,2.330999999999989,0.05370098039215679,59.9773146144031,197.69473502225304,335.0,72.0,17,1.0,0.5274117647058824,
2025,Zandvoort,15,Permanent,Aston Martin,ALO,2,HARD,19,40,22,True,82.68668181818182,75.053,-11.334999999999994,-0.65460587238848,54.36841667515495,184.44152520767432,337.0,0.0,20,0.9090909090909091,1.2806818181818185,82.745
2025,Zandvoort,15,Permanent,Aston Martin,ALO,3,HARD,41,72,32,False,84.56025,73.719,-14.539000000000001,0.3432741935483874,52.28097222425004,180.26615123806246,338.0,0.0,25,0.78125,2.3240625,83.272
2025,Zandvoort,15,Permanent,Aston Martin,STR,1,MEDIUM,2,8,7,True,77.5462857142857,76.491,1.943000000000012,0.20571428571427955,56.66729359247066,195.72620633093797,336.0,74.0,7,1.0,0.5095714285714286,
2025,Zandvoort,15,Permanent,Aston Martin,STR,2,HARD,9,52,44,True,79.53806818181819,75.242,-11.840000000000003,-0.10505912614517317,58.784708603320645,192.18411310883977,339.0,0.0,10,0.22727272727272727,7.270090909090908,78.11870588235294
2025,Zandvoort,15,Permanent,Aston Martin,STR,3,HARD,53,72,20,False,89.4286,73.822,-42.46199999999999,-0.9629999999999987,48.14918481275685,170.2004043018814,339.0,0.0,18,0.9,2.02475,102.24
2025,Zandvoort,15,Permanent,Ferrari,HAM,1,MEDIUM,2,22,21,False,76.30671428571428,75.684,0.21000000000000796,0.008064935064935682,62.31247946708822,199.44331248851557,329.0,87.0,21,1.0,0.9355714285714287,
2025,Zandvoort,15,Permanent,Ferrari,LEC,1,MEDIUM,2,22,21,True,76.34876190476191,75.362,2.254000000000005,0.05606883116883265,63.648407193075066,199.79458890473464,329.0,75.0,21,1.0,0.8681904761904762,
2025,Zandvoort,15,Permanent,Ferrari,LEC,2,HARD,23,52,30,False,80.39983333333333,74.557,-35.11699999999999,-0.8112362625139052,60.05186302890247,189.8313399136173,331.0,0.0,27,0.9,1.8584999999999998,105.46233333333333
2025,Zandvoort,15,Permanent,Haas,BEA,1,HARD,2,53,52,True,79.67005769230771,75.744,26.575999999999993,0.023186672927516853,58.39356515751838,191.6447865988927,336.0,43.0,51,0.9807692307692307,1.3703076923076922,103.502
2025,Zandvoort,15,Permanent,Haas,BEA,2,MEDIUM,54,72,19,False,88.66463157894738,73.95,-42.833,-0.8235456140350828,50.3309987618102,171.82757119035043,333.0,0.0,13,0.6842105263157895,3.218684210526316,91.05516666666666
2025,Zandvoort,15,Permanent,Haas,OCO,1,HARD,2,52,51,True,79.32750980392157,75.634,2.0259999999999962,-0.028290316742081347,60.23981776154081,192.068047183824,329.0,37.0,43,0.8431372549019608,2.030901960784314,83.15312499999999
2025,Zandvoort,15,Permanent,Haas,OCO,2,MEDIUM,53,72,20,False,89.5505,73.986,-43.462999999999994,-0.9649398496240599,49.86093147663705,169.2204458605626,340.0,0.0,20,1.0,0.69765,
2025,Zandvoort,15,Permanent,McLaren,NOR,1,MEDIUM,2,23,22,True,75.89568181818183,74.708,9.35199999999999,0.10523376623376714,60.974281301559024,201.0426431863827,325.0,70.0,8,0.36363636363636365,2.7659545454545458,75.982
2025,Zandvoort,15,Permanent,McLaren,NOR,2,HARD,24,53,30,True,80.42813333333334,73.908,-37.994,-0.8695243604004452,54.663471170161195,189.26208559716235,306.0,0.0,29,0.9666666666666667,1.4911666666666668,123.901
2025,Zandvoort,15,Permanent,McLaren,NOR,3,HARD,54,64,11,False,91.38272727272728,72.379,-56.084999999999994,-6.689109090909087,47.710975553432775,167.31402218773871,324.0,0.0,10,0.9090909090909091,1.6795454545454545,128.85
2025,Zandvoort,15,Permanent,McLaren,PIA,1,MEDIUM,2,23,22,True,75.74895454545457,74.901,8.435000000000002,0.1054517221908527,61.54442016473638,201.72539715341597,304.0,79.0,22,1.0,0.0,
2025,Zandvoort,15,Permanent,McLaren,PIA,2,HARD,24,53,30,True,80.45770000000002,73.965,-41.894999999999996,-0.911481868743046,55.684143810801004,189.57805508669216,303.0,0.0,30,1.0,0.0,
2025,Zandvoort,15,Permanent,McLaren,PIA,3,HARD,54,72,19,False,92.1588947368421,72.271,-57.349000000000004,-1.6692368421052566,46.33289855978208,166.00026715705613,301.0,0.0,19,1.0,0.0,
2025,Zandvoort,15,Permanent,Mercedes,ANT,1,MEDIUM,2,23,22,True,77.95068181818182,76.236,22.753,0.2710959909655567,59.4874743984898,194.972218620288,332.0,67.0,19,0.8636363636363636,1.2172727272727273,76.52
2025,Zandvoort,15,Permanent,Mercedes,ANT,2,HARD,24,51,28,True,79.40121428571429,74.692,-39.870000000000005,-0.7232014230979719,57.97980097641679,191.87070562153897,336.0,0.0,22,0.7857142857142857,1.8298571428571428,77.6215
2025,Zandvoort,15,Permanent,Mercedes,ANT,3,SOFT,52,53,2,True,97.113,89.067,16.092000000000013,16.091999999999995,46.24585053044514,160.21605632679345,305.0,0.0,0,0.0,8.566,97.113
2025,Zandvoort,15,Permanent,Mercedes,ANT,4,SOFT,54,72,19,False,89.4232105263158,73.48,-44.006,-0.9348491228070162,46.75689382794054,170.48096915559378,333.0,0.0,17,0.8947368421052632,2.1668947368421048,104.088
2025,Zandvoort,15,Permanent,Mercedes,RUS,1,MEDIUM,2,23,22,True,77.00268181818181,75.957,15.39,0.1932924901185774,61.709625260031174,197.81145614766442,335.0,68.0,21,0.9545454545454546,1.8218181818181818,92.078
2025,Zandvoort,15,Permanent,Mercedes,RUS,2,HARD,24,53,30,True,80.76086666666667,75.056,-24.875,-0.6297050055617343,57.81489972220862,188.99552143749077,332.0,0.0,18,0.6,3.7812333333333337,80.69641666666666
2025,Zandvoort,15,Permanent,Mercedes,RUS,3,SOFT,54,72,19,False,90.32805263157896,73.728,-42.980999999999995,-1.1659263157894713,49.330612146660705,168.7019950030406,310.0,0.0,17,0.8947368421052632,2.744105263157895,111.715
2025,Zandvoort,15,Permanent,RB,HAD,1,MEDIUM,2,23,22,True,76.89222727272725,75.539,15.460000000000008,0.20913664596273127,62.05577551439775,198.2863938091519,319.0,72.0,21,0.9545454545454546,2.0224545454545453,92.01
2025,Zandvoort,15,Permanent,RB,HAD,2,HARD,24,53,30,True,80.2341,74.533,-28.818000000000012,-0.7000972191323688,57.92229746552813,189.86041001065584,326.0,0.0,30,1.0,1.5497333333333332,
2025,Zandvoort,15,Permanent,RB,HAD,3,SOFT,54,72,19,False,91.20726315789474,73.327,-45.82000000000001,-1.4342842105263092,50.012781944999546,167.1389477634491,309.0,0.0,17,0.8947368421052632,1.5735263157894737,117.227
2025,Zandvoort,15,Permanent,RB,LAW,1,MEDIUM,2,23,22,True,77.50827272727271,76.153,19.902,0.26233879164314144,61.89846185834921,196.3040101503818,329.0,73.0,14,0.6363636363636364,3.2097272727272737,79.36500000000001
2025,Zandvoort,15,Permanent,RB,LAW,2,HARD,24,27,4,True,113.25874999999999,96.652,6.317000000000007,3.591299999999994,39.54338064730095,134.63163500167656,311.0,0.0,3,0.75,4.93225,124.543
2025,Zandvoort,15,Permanent,RB,LAW,3,SOFT,28,52,25,True,79.07628,75.37,-3.016999999999996,-0.17652307692307664,59.62067105292516,192.41641475807782,316.0,0.0,21,0.84,7.43384,90.48525000000001
2025,Zandvoort,15,Permanent,RB,LAW,4,SOFT,53,72,20,False,85.41290000000001,73.879,-42.876000000000005,-0.44528872180451295,54.265444885651824,177.571719908276,334.0,0.0,6,0.3,26.4264,84.95664285714285
2025,Zandvoort,15,Permanent,Red Bull,TSU,1,SOFT,2,19,18,True,77.10972222222222,76.636,2.7210000000000036,0.06080598555211745,59.06831795958586,197.5633342143948,331.0,75.0,15,0.8333333333333334,1.6088333333333333,78.02866666666667
2025,Zandvoort,15,Permanent,Red Bull,TSU,2,HARD,20,53,34,True,81.24797058823529,75.319,10.269999999999996,-0.3313993888464471,53.67065969406633,187.49660504726933,336.0,0.0,29,0.8529411764705882,1.430470588235294,90.4776
2025,Zandvoort,15,Permanent,Red Bull,TSU,3,SOFT,54,72,19,False,88.85089473684211,74.354,-49.882000000000005,-0.858373684210522,53.44020966684268,170.87143184275877,335.0,0.0,18,0.9473684210526315,1.482684210526316,124.97
2025,Zandvoort,15,Permanent,Red Bull,VER,1,SOFT,2,23,22,True,76.81681818181818,75.648,14.625,0.20305477131563884,60.31064086563906,198.83539322731434,303.0,65.0,7,0.3181818181818182,6.451090909090908,77.1688
2025,Zandvoort,15,Permanent,Red Bull,VER,2,MEDIUM,24,53,30,True,80.21233333333332,74.741,-31.132000000000005,-0.7287114571746379,56.55101291158005,189.81226436222275,310.0,0.0,14,0.4666666666666667,5.5702,78.4101875
2025,Zandvoort,15,Permanent,Red Bull,VER,3,SOFT,54,72,19,False,91.32105263157895,72.921,-45.22200000000001,-1.4823368421052578,48.5900672712079,167.09751300670766,311.0,0.0,14,0.7368421052631579,2.2013157894736843,84.7184
2025,Zandvoort,15,Permanent,Sauber,BOR,1,MEDIUM,2,22,21,True,77.43838095238095,76.593,1.8269999999999982,0.03339740259740259,61.04169818736507,196.63506729183865,330.0,77.0,21,1.0,0.9395238095238095,
2025,Zandvoort,15,Permanent,Sauber,BOR,2,HARD,23,60,38,True,83.77492105263157,75.653,-37.123000000000005,0.01542017726228072,53.245121919437125,181.9907585265207,337.0,0.0,36,0.9473684210526315,1.326815789473684,110.875
2025,Zandvoort,15,Permanent,Sauber,BOR,3,SOFT,61,72,12,False,86.17041666666667,74.307,-15.447999999999993,-0.28654895104894895,51.3678750613847,176.16614983756838,334.0,0.0,11,0.9166666666666666,1.7312500000000002,104.015
2025,Zandvoort,15,Permanent,Sauber,HUL,1,SOFT,2,19,18,True,77.24022222222223,76.598,1.7109999999999985,0.04816099071207725,60.96508718838347,197.0312303823036,342.0,74.0,18,1.0,1.0840555555555556,
2025,Zandvoort,15,Permanent,Sauber,HUL,2,HARD,20,53,34,True,81.40117647058823,75.335,17.384,-0.3078404889228425,55.42559724804857,187.5555397658036,341.0,0.0,25,0.7352941176470589,2.030636363636364,80.37811111111111
2025,Zandvoort,15,Permanent,Sauber,HUL,3,MEDIUM,54,72,19,False,88.63994736842105,74.912,-43.325,-0.6803456140350844,48.984409944096264,171.83831207933807,342.0,0.0,19,1.0,0.7638947368421053,
2025,Zandvoort,15,Permanent,Williams,ALB,1,MEDIUM,2,23,22,True,77.83581818181818,76.511,24.555999999999997,0.28356521739130497,56.92299858724236,195.82545494269436,332.0,77.0,21,0.9545454545454546,2.0613636363636365,101.701
2025,Zandvoort,15,Permanent,Williams,ALB,2,HARD,24,53,30,True,80.1971,75.244,-22.539,-0.5236892102335927,54.9337521424443,190.236733379498,330.0,0.0,16,0.5333333333333333,2.7101666666666664,75.62842857142857
2025,Zandvoort,15,Permanent,Williams,ALB,3,SOFT,54,72,19,False,90.17615789473685,73.687,-42.435,-1.1253105263157872,47.296179598631824,168.77722013158441,331.0,0.0,19,1.0,0.7529473684210526,
2025,Zandvoort,15,Permanent,Williams,SAI,1,MEDIUM,2,23,22,True,77.54136363636364,76.185,19.959000000000003,0.24486956521739153,57.741541152941515,196.31434366667526,330.0,80.0,22,1.0,1.7564090909090908,
2025,Zandvoort,15,Permanent,Williams,SAI,2,HARD,24,27,4,True,112.67575,97.211,6.009,3.3568999999999845,36.34907155001328,135.76919228785144,321.0,0.0,4,1.0,1.1755,
2025,Zandvoort,15,Permanent,Williams,SAI,3,SOFT,28,51,24,True,78.17212500000001,74.913,-26.557000000000002,-0.417752608695651,57.65414604391819,194.81026566118774,331.0,0.0,0,0.0,56.82862500000001,78.17212500000001
2025,Zandvoort,15,Permanent,Williams,SAI,4,SOFT,52,65,14,True,85.23321428571428,73.808,-30.323999999999998,-2.2560769230769258,49.89356725459062,178.00186582676298,328.0,0.0,9,0.6428571428571429,7.140357142857142,104.40599999999999
2025,Zandvoort,15,Permanent,Williams,SAI,5,SOFT,66,72,7,False,88.15728571428572,73.841,-43.93300000000001,-6.759285714285725,47.690430582743346,171.9028997964699,342.0,0.0,5,0.7142857142857143,3.4092857142857147,102.99600000000001
